gender,SeniorCitizen,Partner,Dependents,tenure,PhoneService,MultipleLines,OnlineSecurity,OnlineBackup,DeviceProtection,TechSupport,StreamingTV,StreamingMovies,PaperlessBilling,MonthlyCharges,AvgMonthlyCharge,ChargeIncrease,NumAddonServices,NumServices,IsAutoPayment,IsNewCustomer,LivesAlone,FiberNoSupport,LogTotalCharges,InternetService_DSL,InternetService_Fiber_optic,InternetService_No,Contract_Month_to_month,Contract_One_year,Contract_Two_year,PaymentMethod_Bank_transfer_automatic,PaymentMethod_Credit_card_automatic,PaymentMethod_Electronic_check,PaymentMethod_Mailed_check
1,0,1,0,1.1956123045621125,1,0,0,1,1,1,0,0,1,-0.15123265772140967,-0.13862577319653205,-0.14395788664368706,0.5111818699396011,0.3605402966373459,1,0,0,0,0.8230952069128473,1,0,0,0,0,1,0,1,0,0
0,0,1,1,1.114680468382309,0,0,0,1,0,0,1,1,1,-0.49488312203847096,-0.44760186476542413,-0.5423989480036319,0.5111818699396011,-0.06819387034105659,0,0,0,0,0.6965042904608271,1,0,0,1,0,0,0,0,1,0
1,0,0,0,0.8314190417529973,1,0,0,0,1,0,0,1,1,-0.11984150953860111,-0.04567843895592433,-0.8734287616644553,-0.026393431304754394,-0.06819387034105659,0,0,1,0,0.7530397907738797,1,0,0,0,1,0,0,0,1,0
0,1,1,0,0.42675986085398043,0,0,0,1,1,0,1,1,0,-0.3032319015539561,-0.3384727105145617,0.427463241728522,1.0487571711839567,0.3605402966373459,1,0,0,0,0.5263069378015183,1,0,0,1,0,0,0,1,0,0
0,0,0,0,1.6002714854611295,1,0,1,1,1,1,0,1,1,0.27337392559342094,0.276252073550228,-0.04348913045413452,1.5863324724283123,1.2180086305941509,1,0,1,0,1.0361885547093828,1,0,0,0,0,1,0,1,0,0
0,0,1,1,-0.1802289104945449,1,0,0,0,0,0,0,0,0,-1.4812260412561902,-1.4941503910926441,0.20403969465027164,-1.1015440337934654,-1.3543963712762639,0,0,0,0,-0.39317926421781735,0,0,1,0,1,0,0,0,0,1
0,0,0,0,-1.1514109446521854,1,1,0,0,0,1,1,0,1,-0.01079857374568728,-0.04919070958487359,0.454662630068485,-0.026393431304754394,0.3605402966373459,0,1,1,0,-0.8727267356363825,1,0,0,1,0,0,0,0,0,1
0,0,0,0,0.9528167960227024,1,1,0,1,0,1,1,1,1,1.3456294608904056,1.348084125755875,-0.07547449582308884,1.0487571711839567,1.2180086305941509,1,0,1,0,1.1096562664894967,0,1,0,1,0,0,1,0,0,0
0,0,0,0,-1.2728086989218905,1,1,0,0,0,0,1,1,1,0.9871095053288558,0.9836965936948664,0.006326045598127978,-0.026393431304754394,0.3605402966373459,0,1,1,1,-1.4879920776573325,0,1,0,1,0,0,0,0,1,0
0,0,0,0,-1.2728086989218905,1,0,0,0,0,0,0,0,0,-1.4927912011130144,-1.4889730111263297,0.006326045598127978,-1.1015440337934654,-1.3543963712762639,0,1,1,0,-2.4559536381938125,0,0,1,1,0,0,0,0,0,1
1,0,1,1,0.1839643523145703,1,1,1,0,1,1,0,0,1,-0.06366787594831237,-0.10395390554306488,0.4788970400398519,0.5111818699396011,0.7892744636157483,1,0,0,0,0.5090220793985974,1,0,0,0,0,1,0,1,0,0
1,1,1,0,-1.2728086989218905,1,1,0,0,0,0,0,0,1,0.3196345650207178,0.3181679325704409,0.006326045598127978,-1.1015440337934654,-0.49692803731945906,0,1,0,1,-1.6374482332489342,0,1,0,1,0,0,0,0,1,0
1,0,0,0,-0.8681495180228737,1,0,0,0,1,0,0,1,0,0.6632850293377789,0.5288787395466035,1.5675297251174247,-0.026393431304754394,-0.06819387034105659,0,0,1,1,-0.08339915307562307,0,1,0,1,0,0,0,0,1,0
1,0,1,1,-1.1514109446521854,1,0,0,0,0,0,0,0,1,0.15937449271901108,0.21356132370558645,-0.646685936130431,-1.1015440337934654,-0.9256622042978615,0,1,0,1,-0.7982347372709429,0,1,0,1,0,0,0,0,0,1
1,0,1,1,0.993282714112604,1,0,0,0,0,0,0,0,0,-1.4977476981945104,-1.5194634027142344,0.3086369080480084,-1.1015440337934654,-1.3543963712762639,0,0,0,0,0.028384015974829306,0,0,1,0,1,0,0,0,0,1
1,0,0,0,-0.22069482858444658,1,1,0,0,1,0,0,0,1,0.5476334307695371,0.6403160193633426,-1.1155983541875971,-0.56396873254911,-0.06819387034105659,0,0,1,1,0.5073765970539461,0,1,0,1,0,0,0,0,1,0
0,0,0,0,0.9123508779328007,1,0,1,0,0,0,0,0,1,-0.46844847093715863,-0.4361677708687431,-0.3658110403258842,-0.56396873254911,-0.49692803731945906,1,0,1,0,0.6459921058547942,1,0,0,1,0,0,0,1,0,0
0,0,1,1,0.7909531236630957,1,0,0,0,1,0,0,0,1,-0.4552311453865022,-0.4789901833793844,0.2968451534279979,-0.56396873254911,-0.49692803731945906,1,0,0,0,0.5946012449112903,1,0,0,0,1,0,1,0,0,0
1,0,0,0,-0.22069482858444658,1,1,0,0,1,1,0,0,0,-0.1743629774350579,-0.16645749420910771,-0.08752863392062574,-0.026393431304754394,0.3605402966373459,0,0,1,0,0.2910469810796264,1,0,0,1,0,0,0,0,1,0
0,0,1,1,1.519339649281326,1,1,1,1,1,1,1,1,1,0.8020669476196691,0.8289399997926663,-0.3456599437003373,2.1239077736726677,2.0754769645509556,1,0,0,0,1.1484666534602606,1,0,0,0,0,1,1,0,0,0
1,0,0,0,-0.6253540094834634,1,0,0,0,0,0,0,0,0,-1.4415740646042214,-1.3858683961821845,-0.6094201074979854,-1.1015440337934654,-1.3543963712762639,1,0,1,0,-0.6083216010484875,0,0,1,1,0,0,0,1,0,0
0,0,1,1,1.519339649281326,1,1,1,1,0,0,1,0,1,0.1478093328621871,0.1601872429619447,-0.15156640371534524,0.5111818699396011,0.7892744636157483,1,0,0,0,0.9873737393200911,1,0,0,0,0,1,0,1,0,0
1,0,1,1,-0.09929707431474152,1,1,0,0,0,0,1,0,0,0.6847631833575953,0.6234215486752823,0.7022223962760307,-0.56396873254911,-0.06819387034105659,0,0,0,1,0.5698429289629507,0,1,0,1,0,0,0,0,1,0
0,1,0,0,-1.191876862742087,1,0,0,0,0,0,0,0,0,-0.6518388629525134,-0.737233129047667,1.0329518477186503,-1.1015440337934654,-0.9256622042978615,0,1,1,0,-1.303733622760947,1,0,0,1,0,0,0,0,1,0
0,0,0,0,0.2648961884943737,1,0,0,0,0,0,0,0,0,-1.4547913901548777,-1.4889730111263297,0.45466263006848223,-1.1015440337934654,-1.3543963712762639,1,0,1,0,-0.17979340754868642,0,0,1,0,0,1,0,1,0,0
1,0,1,0,-0.9086154361127753,1,0,0,0,0,0,1,0,1,0.5030249570360725,0.6911275585074952,-2.243154034744433,-0.56396873254911,-0.49692803731945906,0,0,0,1,-0.10613146735453503,0,1,0,1,0,0,0,0,1,0
0,0,0,1,-1.2728086989218905,1,0,1,0,0,0,0,0,1,0.29319991391940503,0.2918103618328395,0.006326045598127978,-0.56396873254911,-0.49692803731945906,0,1,0,0,-1.6441645159693747,0,1,0,1,0,0,0,0,0,1
1,0,0,0,-0.1802289104945449,1,1,1,1,0,0,0,1,1,0.9838051739411919,0.9961693727046242,-0.18024880632431747,0.5111818699396011,0.7892744636157483,1,0,1,0,0.6062460869506511,0,1,0,1,0,0,0,1,0,0
0,0,0,0,-1.2728086989218905,1,0,0,0,0,0,0,0,0,-0.6402737030956891,-0.6389413548386965,0.006326045598127978,-1.1015440337934654,-0.9256622042978615,0,1,1,0,-1.943824924823676,1,0,0,1,0,0,0,0,0,1
0,0,1,1,0.42675986085398043,1,0,0,1,0,0,0,0,0,-0.4800136307939826,-0.4708735309639061,-0.09159175242573211,-0.56396873254911,-0.49692803731945906,0,0,0,0,0.4780722904356066,1,0,0,1,0,0,0,0,0,1
1,0,1,0,1.6002714854611295,1,1,0,0,0,0,0,0,0,-1.3193138032606517,-1.2754126246117738,-0.473957227862264,-1.1015440337934654,-0.9256622042978615,1,0,0,0,0.38605410644523436,0,0,1,0,0,1,0,1,0,0
1,0,0,0,-1.2728086989218905,1,0,0,0,0,0,0,0,0,-1.4960955325006784,-1.4922677074685295,0.006326045598127978,-1.1015440337934654,-1.3543963712762639,0,1,1,0,-2.459025085918324,0,0,1,1,0,0,0,0,1,0
1,0,0,0,-1.2728086989218905,1,0,0,0,0,0,0,0,1,-1.4630522186240378,-1.4593207440465283,0.006326045598127978,-1.1015440337934654,-1.3543963712762639,0,1,1,0,-2.428964698086198,0,0,1,1,0,0,0,0,0,1
1,1,0,0,-0.05883115622483983,1,1,0,0,1,1,1,0,1,1.0531961330821369,0.9256142855976931,1.4733235933812112,0.5111818699396011,0.7892744636157483,1,0,1,0,0.6559560710882677,0,1,0,1,0,0,1,0,0,0
0,1,0,0,1.2765441407419158,1,0,1,1,0,1,1,0,1,0.1808526467388276,0.17371608981710382,0.07820609582571313,1.0487571711839567,0.7892744636157483,1,0,1,0,0.9346647199192664,1,0,0,0,0,1,0,1,0,0
1,0,0,0,-0.9895472722925787,1,0,0,0,0,0,0,0,1,-1.4630522186240378,-1.4646746256026035,0.06967795427328596,-1.1015440337934654,-1.3543963712762639,1,0,1,0,-1.1508696706222339,0,0,1,1,0,0,0,1,0,0
1,1,0,0,-1.2728086989218905,1,0,0,0,0,1,0,0,0,0.32954755918370987,0.32805202159704117,0.006326045598127978,-0.56396873254911,-0.49692803731945906,0,1,1,0,-1.6349479829683886,0,1,0,1,0,0,0,0,1,0
1,0,1,1,-0.1397629924046432,1,0,1,0,0,0,1,1,0,0.9887616710226882,0.8766189625733627,1.2928571140782754,0.5111818699396011,0.3605402966373459,1,0,0,0,0.6038155007598559,0,1,0,1,0,0,0,1,0,0
1,0,0,0,1.3574759769217193,1,1,0,1,0,1,1,1,1,1.3059774842384368,1.2917007820490303,0.12387410924713897,1.0487571711839567,1.2180086305941509,0,0,1,0,1.2028126668922499,0,1,0,0,1,0,0,0,1,0
0,0,0,0,-1.0704791084723821,1,0,0,0,0,0,0,0,0,-1.4927912011130144,-1.4497112130484446,-0.45825461801970324,-1.1015440337934654,-1.3543963712762639,0,1,1,0,-1.3168956927834121,0,0,1,0,0,1,0,0,0,1
1,0,0,1,-1.2728086989218905,1,0,0,0,0,0,0,0,1,-1.5043563609698385,-1.50050444832403,0.006326045598127978,-1.1015440337934654,-1.3543963712762639,0,1,0,0,-2.466769901091288,0,0,1,1,0,0,0,0,0,1
1,0,0,0,1.6002714854611295,1,0,1,1,1,1,1,0,1,0.3427648847343658,0.30881007976516406,0.38995704813103066,1.5863324724283123,1.2180086305941509,1,0,1,0,1.0446385459261993,1,0,0,0,0,1,1,0,0,0
1,0,0,0,-0.05883115622483983,1,0,0,0,0,0,0,0,0,-1.46470438431787,-1.4857314550477134,0.2993482733164799,-1.1015440337934654,-1.3543963712762639,1,0,1,0,-0.3209755242901521,0,0,1,0,0,1,1,0,0,0
0,0,0,0,-0.5039562552137584,1,0,0,0,0,0,0,0,1,-0.6733170169723296,-0.6057472891910302,-0.7763136877272957,-1.1015440337934654,-0.9256622042978615,0,0,1,0,-0.056794845270656716,1,0,0,1,0,0,0,0,1,0
0,0,0,1,-0.2611607466743483,1,0,0,1,1,1,1,1,1,1.3456294608904056,1.3077173070412411,0.40218175897663105,1.5863324724283123,1.2180086305941509,0,0,0,0,0.6193390449585155,0,1,0,0,0,1,0,0,1,0
1,0,0,0,-0.5848880913935618,1,1,0,0,1,1,1,1,1,0.5707637504831855,0.47603879896753004,1.1011769801380538,1.0487571711839567,1.2180086305941509,1,0,1,0,0.21379580289445294,1,0,0,0,1,0,0,1,0,0
0,0,1,0,-1.1514109446521854,1,0,0,0,0,0,0,0,0,-1.4614000529302058,-1.4819717813991542,0.29384624650846447,-1.1015440337934654,-1.3543963712762639,1,1,0,0,-1.5997676223225037,0,0,1,0,1,0,1,0,0,0
0,0,1,0,0.9123508779328007,1,1,0,1,1,0,1,1,1,1.2861514959124527,1.2674298523281555,0.17715468885086924,1.0487571711839567,1.2180086305941509,1,0,0,1,1.0835557650578138,0,1,0,1,0,0,0,1,0,0
1,0,1,0,1.5598055673712277,1,1,1,1,1,1,0,1,0,0.5178944482805609,0.5245504956962865,-0.09662938561826846,1.5863324724283123,1.6467427975725533,1,0,0,0,1.089131403293674,1,0,0,0,0,1,0,1,0,0
1,0,1,1,-0.9895472722925787,1,1,1,1,0,1,0,1,1,0.3774603643048387,0.5265574762145986,-1.7772738447948007,1.0487571711839567,1.2180086305941509,1,0,0,0,-0.2841952528856067,1,0,0,0,0,1,0,1,0,0
0,1,0,0,-1.191876862742087,1,0,0,0,0,0,0,0,1,0.1874613095141558,0.1149949914680995,0.8510181612669142,-1.1015440337934654,-0.9256622042978615,0,1,1,1,-1.0055287198037741,0,1,0,1,0,0,0,0,1,0
1,0,0,1,1.3574759769217193,1,1,0,0,0,0,0,0,1,-1.3027921463223315,-1.2975311857878828,-0.01730170588911003,-1.1015440337934654,-0.9256622042978615,1,0,0,0,0.3148570059200137,0,0,1,0,0,1,0,1,0,0
1,0,1,0,1.4788737311914244,1,0,1,1,1,1,1,1,1,0.6599806979501149,0.6740428867504049,-0.1891679156201938,2.1239077736726677,1.6467427975725533,0,0,0,0,1.1055948323004046,1,0,0,0,0,1,0,0,0,1
0,0,0,0,-0.949081354202677,1,0,0,0,0,0,1,1,1,0.782240959293685,0.7538000044835687,0.30954885635102797,-0.026393431304754394,-0.06819387034105659,0,0,1,1,-0.15858766782605813,0,1,0,1,0,0,0,0,0,1
0,0,0,1,-1.191876862742087,1,0,1,0,0,1,0,0,1,-0.3181013927984442,-0.43467018162228843,1.390321588963135,-0.026393431304754394,-0.06819387034105659,0,1,0,0,-1.1810794986538171,1,0,0,1,0,0,0,0,0,1
1,0,0,0,1.6002714854611295,1,1,1,1,1,1,1,1,0,0.9011968892495906,0.9020384600468646,-0.04105251858200971,2.1239077736726677,2.0754769645509556,1,0,1,0,1.1815492881301313,1,0,0,0,0,1,1,0,0,0
1,1,0,0,-0.7872176818430703,1,0,0,0,0,0,1,1,1,0.8516319184346298,0.9110865550763794,-0.7329045100670407,-0.026393431304754394,-0.06819387034105659,0,0,1,1,0.10607779525428107,0,1,0,1,0,0,0,0,1,0
0,0,1,1,0.9528167960227024,1,1,1,1,1,1,1,0,0,0.5459812650757051,0.5852736717416652,-0.48378102810859347,1.5863324724283123,1.6467427975725533,1,0,0,0,0.9539497011444179,1,0,0,0,0,1,0,1,0,0
0,0,0,0,-1.2728086989218905,1,0,0,1,1,0,0,0,1,0.5806767446461776,0.5784489436042507,0.006326045598127978,-0.026393431304754394,-0.06819387034105659,0,1,1,1,-1.5747095498763735,0,1,0,1,0,0,0,0,1,0
1,0,0,1,-1.2728086989218905,1,0,0,0,0,0,0,0,1,-1.4960955325006784,-1.4922677074685295,0.006326045598127978,-1.1015440337934654,-1.3543963712762639,0,1,0,0,-2.459025085918324,0,0,1,1,0,0,0,0,0,1
1,0,0,0,-1.191876862742087,1,0,0,0,0,0,0,0,0,-1.4828782069500221,-1.4241773163963938,-0.6434371203009359,-1.1015440337934654,-1.3543963712762639,0,1,1,0,-1.7255948710747735,0,0,1,1,0,0,0,0,0,1
0,0,0,0,-1.2728086989218905,0,0,0,0,0,0,0,0,0,-1.2846183236901791,-1.2814071415677215,0.006326045598127978,-1.1015440337934654,-1.3543963712762639,0,1,1,0,-2.2875833494654874,1,0,0,0,1,0,0,0,0,1
1,0,0,0,0.7909531236630957,1,0,0,0,0,0,0,0,0,-1.4448783959918856,-1.4315692633179966,-0.10763241734417053,-1.1015440337934654,-1.3543963712762639,1,0,1,0,0.05484067766403225,0,0,1,0,0,1,1,0,0,0
0,0,1,0,0.7909531236630957,1,1,0,1,1,0,1,1,1,1.3324121353397491,1.4307932232859286,-1.210105573637915,1.0487571711839567,1.2180086305941509,0,0,0,1,1.0777848326862163,0,1,0,1,0,0,0,0,1,0
0,0,0,0,-0.1397629924046432,0,0,0,0,0,0,0,0,1,-1.3094008090976594,-1.3232157020480542,0.20864885208325087,-1.1015440337934654,-1.3543963712762639,1,0,1,0,-0.2220897068270459,1,0,0,1,0,0,0,1,0,0
1,0,0,0,-1.232342780831989,1,0,0,1,0,0,0,0,0,0.33780838765287,0.3667647036178926,-0.3542925114758519,-0.56396873254911,-0.49692803731945906,0,1,1,1,-1.1929214303906384,0,1,0,1,0,0,0,0,1,0
1,0,1,1,-0.30162666476425,1,1,0,0,0,0,0,0,0,-1.2961834835470034,-1.3020319406698941,0.11392682587101303,-1.1015440337934654,-0.9256622042978615,1,0,0,0,-0.29916875596000664,0,0,1,0,0,1,0,1,0,0
0,0,0,0,-1.191876862742087,1,0,0,0,0,0,0,0,1,-1.4779217098685262,-1.455476931647295,-0.214593430807554,-1.1015440337934654,-1.3543963712762639,0,1,1,0,-1.7535837248989097,0,0,1,1,0,0,0,0,0,1
1,0,0,0,-1.2728086989218905,1,0,0,0,0,0,0,0,1,-0.7212298220934585,-0.7196614152225997,0.006326045598127978,-1.1015440337934654,-0.9256622042978615,0,1,1,0,-1.9780190672174411,1,0,0,1,0,0,0,0,1,0
0,0,0,1,0.42675986085398043,1,0,1,1,0,0,0,1,1,-0.025668064990175602,-0.035935303370905516,0.12237676918196061,0.5111818699396011,0.3605402966373459,0,0,0,0,0.6243606746575736,1,0,0,1,0,0,0,0,1,0
0,0,0,0,-0.6658199275733652,1,0,0,1,0,0,0,1,1,0.7111978344589077,0.62642795908754,0.978534182574606,-0.026393431304754394,-0.06819387034105659,0,0,1,1,0.17494751239050418,0,1,0,1,0,0,0,0,1,0
0,1,0,0,-0.22069482858444658,1,1,1,1,1,0,1,1,1,1.51249819596744,1.3539228419257994,1.8242189919690677,1.5863324724283123,1.6467427975725533,1,0,1,0,0.6514895861367561,0,1,0,0,1,0,1,0,0,0
0,0,1,1,-1.0300131903824803,1,0,0,0,0,0,0,0,0,-1.4564435558487099,-1.5021517964951299,0.591112894907285,-1.1015440337934654,-1.3543963712762639,0,0,0,0,-1.270467011579257,0,0,1,0,1,0,0,0,0,1
1,0,1,0,1.6002714854611295,1,1,1,1,1,1,1,1,1,1.7537143872669156,1.8410497974096105,-1.0939395819909499,2.1239077736726677,2.0754769645509556,1,0,0,0,1.351250882450559,0,1,0,0,1,0,1,0,0,0
0,0,0,0,0.5481576151236855,1,1,1,1,0,0,0,0,0,0.6451112067056267,0.622712472723374,0.24278333684052997,-0.026393431304754394,0.3605402966373459,0,0,1,0,0.8387319705548575,0,1,0,1,0,0,0,0,0,1
1,0,1,0,-0.6658199275733652,1,1,0,0,0,0,0,0,1,0.35267787889735835,0.3161087473565658,0.42055006385878185,-1.1015440337934654,-0.49692803731945906,0,0,0,1,0.09989326868965187,0,1,0,1,0,0,0,0,1,0
1,0,1,0,-0.09929707431474152,1,0,0,0,0,0,0,0,0,-1.4845303726438543,-1.4997905974498869,0.2317938641651034,-1.1015440337934654,-1.3543963712762639,1,0,0,0,-0.35538863051388087,0,0,1,0,1,0,0,1,0,0
0,0,1,0,-0.7062858456632669,1,0,0,0,0,0,1,1,0,0.7739801308245249,0.9213170096158774,-1.770126449969912,-0.026393431304754394,-0.06819387034105659,0,0,0,1,0.19822172463137644,0,1,0,1,0,0,0,0,1,0
0,0,1,0,1.6002714854611295,1,1,0,0,0,0,0,0,1,-1.3044443120161635,-1.2905590758516108,-0.11929483314235814,-1.1015440337934654,-0.9256622042978615,1,0,0,0,0.3748412924645261,0,0,1,0,0,1,1,0,0,0
1,0,1,0,0.022100679954963547,1,1,1,1,1,0,1,0,1,0.2651130971242608,0.310430388130425,-0.545381951628893,1.0487571711839567,1.2180086305941509,1,0,0,0,0.5539720859346902,1,0,0,1,0,0,1,0,0,0
1,0,0,0,-0.9895472722925787,1,1,0,1,0,0,1,1,0,1.193630217057859,1.242124338036189,-0.6150099817928527,0.5111818699396011,0.7892744636157483,0,0,1,1,-0.1343788302508942,0,1,0,1,0,0,0,0,1,0
0,1,0,0,-1.232342780831989,1,1,0,0,0,0,0,0,1,0.3543300445911903,0.47631335699604693,-1.455641077674768,-1.1015440337934654,-0.49692803731945906,0,1,1,1,-1.1660896095914366,0,1,0,1,0,0,0,0,0,1
0,0,1,1,1.0337486322025058,1,1,1,1,0,0,0,1,1,0.9474575286768875,0.9546123777085485,-0.11735301218679789,0.5111818699396011,0.7892744636157483,1,0,0,0,1.0562395069790773,0,1,0,1,0,0,1,0,0,0
1,0,0,0,-1.1109450265622838,1,0,0,0,0,0,0,0,1,-1.5027041952760065,-1.5660689055338126,0.8016361606585831,-1.1015440337934654,-1.3543963712762639,0,1,1,0,-1.5469836646950437,0,0,1,1,0,0,0,0,0,1
0,0,1,1,0.7909531236630957,1,0,1,0,1,1,0,0,1,0.6385025439302985,0.6083546488642214,0.334706353287114,0.5111818699396011,0.3605402966373459,1,0,0,0,0.9126208010136354,0,1,0,1,0,0,1,0,0,0
0,1,1,0,1.5598055673712277,1,1,1,1,1,1,0,1,1,0.5938940701968339,0.5728340385703602,0.2287097770255587,1.5863324724283123,1.6467427975725533,1,0,0,0,1.1004660751897544,1,0,0,0,0,1,1,0,0,0
0,0,1,0,1.0337486322025058,1,1,1,0,0,1,0,1,1,0.12137468176087476,0.12335481006052096,-0.02761847841349222,0.5111818699396011,0.7892744636157483,0,0,0,0,0.8588018928863053,1,0,0,0,1,0,0,0,1,0
1,0,0,0,-1.2728086989218905,1,0,0,0,0,0,0,0,0,-0.6650561885031695,-0.6636515774051974,0.006326045598127978,-1.1015440337934654,-0.9256622042978615,0,1,1,0,-1.9540966947912601,1,0,0,1,0,0,0,0,0,1
1,0,0,0,1.2765441407419158,1,1,1,1,1,1,1,0,0,0.5459812650757051,0.733068013351096,-2.2326156883975106,1.5863324724283123,1.6467427975725533,0,0,1,0,1.071338930404654,1,0,0,0,1,0,0,0,1,0
0,0,1,1,1.4788737311914244,1,0,0,0,0,0,0,0,0,-1.4845303726438543,-1.4469536954576905,-0.3934195542919483,-1.1015440337934654,-1.3543963712762639,1,0,0,0,0.21885163487120662,0,0,1,0,0,1,0,1,0,0
0,0,1,1,-0.54442217330366,0,0,0,0,0,0,0,0,1,-1.3176616375668195,-1.3791208988745516,0.7727046007453936,-1.1015440337934654,-1.3543963712762639,0,0,0,0,-0.5328131253251773,1,0,0,1,0,0,0,0,0,1
0,0,1,0,-0.8681495180228737,1,1,1,0,0,1,1,0,1,1.0399788075314809,1.5271717312332422,-5.800784576177967,0.5111818699396011,0.7892744636157483,1,0,0,0,0.1169304403730103,0,1,0,1,0,0,0,1,0,0
0,0,0,0,1.519339649281326,1,1,1,1,1,0,1,1,1,1.5339763499872565,1.50875352291506,0.24553171395839968,1.5863324724283123,1.6467427975725533,0,0,1,0,1.2785424530174088,0,1,0,0,0,1,0,0,0,1
1,0,1,0,0.5076916970337838,1,0,1,0,1,0,0,0,0,-0.37757935777639723,-0.45187581807600036,0.8921698284405184,-0.026393431304754394,-0.06819387034105659,1,0,0,0,0.5138369583833343,1,0,0,0,0,1,0,1,0,0
1,0,1,0,1.0742145502924074,1,1,1,0,0,1,0,1,1,0.14450500147452275,0.15471748861078338,-0.12582917458473372,0.5111818699396011,0.7892744636157483,0,0,0,0,0.8782517994729842,1,0,0,0,1,0,0,0,0,1
1,0,1,0,-1.191876862742087,1,1,0,0,0,0,0,0,1,-1.3589657799126202,-1.1551104484500498,-2.3653095099334585,-1.1015440337934654,-0.9256622042978615,0,1,0,0,-1.5256497594161031,0,0,1,1,0,0,0,0,0,1
1,1,0,0,0.7909531236630957,1,1,0,1,1,1,1,1,1,1.5207590244366003,1.562042520841074,-0.540974467216856,1.5863324724283123,1.6467427975725533,0,0,1,0,1.1005524374345093,0,1,0,1,0,0,0,0,1,0
1,1,1,0,1.155146386472211,1,1,0,0,0,0,0,0,0,-1.3127051404853236,-1.3219697145675953,0.1549194253406184,-1.1015440337934654,-0.9256622042978615,1,0,0,0,0.24660532376124417,0,0,1,0,0,1,1,0,0,0
0,1,0,0,-0.7467517637531685,0,0,1,0,1,1,0,0,0,-0.8269684264987079,-0.5037411370819841,-3.7961808245526125,0.5111818699396011,-0.06819387034105659,0,0,1,0,-0.2404362768905694,1,0,0,0,0,1,0,0,0,1
1,1,0,0,-0.9895472722925787,1,1,0,0,1,0,0,0,1,0.5459812650757051,0.2800730061137519,3.1276258537857586,-0.56396873254911,-0.06819387034105659,0,0,1,1,-0.3453322541588753,0,1,0,1,0,0,0,0,1,0
0,0,1,0,1.1956123045621125,1,0,1,1,1,0,1,0,1,0.2403306117167804,0.14354902643383372,1.136913954262503,1.0487571711839567,0.7892744636157483,1,0,0,0,0.906392281678684,1,0,0,0,0,1,0,1,0,0
0,1,0,0,-1.232342780831989,1,0,0,0,0,0,0,0,1,0.18580914382032337,0.15755148588818463,0.32795881271816063,-1.1015440337934654,-0.9256622042978615,0,1,1,1,-1.2475766124259433,0,1,0,1,0,0,0,0,1,0
1,0,0,1,-0.46349033712385673,1,1,1,0,0,0,0,0,0,0.5162422825867284,0.6081012106840521,-1.1047689680892763,-0.56396873254911,-0.06819387034105659,0,0,0,0,0.341864349036336,0,1,0,1,0,0,0,0,1,0
0,0,1,1,1.519339649281326,1,0,0,0,0,0,0,0,1,-1.47296521278703,-1.468875363438909,0.00242746660273298,-1.1015440337934654,-1.3543963712762639,1,0,0,0,0.20747411882354494,0,0,1,0,0,1,0,1,0,0
0,1,0,0,0.6695553693933906,1,1,1,1,1,1,0,1,0,1.2646733418926361,1.34059961786626,-0.9420629671590359,1.5863324724283123,1.6467427975725533,1,0,1,0,1.0242390887886388,0,1,0,0,1,0,1,0,0,0
0,0,0,0,0.42675986085398043,1,1,0,1,1,0,1,1,1,1.317542644095261,1.5139511526761689,-2.3695405258974565,1.0487571711839567,1.2180086305941509,0,0,1,1,0.9726681399882674,0,1,0,0,0,1,0,0,1,0
1,1,1,0,-0.46349033712385673,1,0,0,0,1,0,1,0,0,0.7211108286218998,0.7807589880455397,-0.7306910311502407,-0.026393431304754394,-0.06819387034105659,1,0,0,1,0.3803032628778458,0,1,0,1,0,0,1,0,0,0
1,0,0,0,-0.7062858456632669,0,0,0,0,1,0,1,1,0,-0.46183980816183046,-0.6214794642250357,1.9049340163551944,0.5111818699396011,-0.06819387034105659,0,0,1,0,-0.24421630194301272,1,0,0,0,1,0,0,0,1,0
0,0,0,0,-1.232342780831989,1,0,0,0,0,0,0,0,1,-0.6386215374018572,-0.7995578015209528,1.9263762008298635,-1.1015440337934654,-0.9256622042978615,0,1,1,0,-1.584997481894979,1,0,0,1,0,0,0,0,1,0
0,0,1,1,0.8314190417529973,1,0,0,0,0,0,0,0,1,-1.4828782069500221,-1.4869215964226956,0.09900924435656121,-1.1015440337934654,-1.3543963712762639,1,0,0,0,0.015120266341171501,0,0,1,0,1,0,1,0,0,0
1,0,1,1,1.1956123045621125,1,1,1,1,0,0,1,1,1,1.3472816265842376,1.3142290331865567,0.3446220939081598,1.0487571711839567,1.2180086305941509,0,0,0,0,1.1675805309875467,0,1,0,1,0,0,0,0,1,0
0,1,1,1,0.6290894513034889,0,0,0,1,0,0,0,0,0,-1.1507929024897852,-1.1798549907701152,0.3835947837982715,-0.56396873254911,-0.9256622042978615,1,0,0,0,0.19738411382261695,1,0,0,0,1,0,1,0,0,0
1,0,0,0,-0.949081354202677,1,0,0,0,0,0,0,0,1,0.19076564090181963,0.05569045730849728,1.5917481703918446,-1.1015440337934654,-0.9256622042978615,0,0,1,1,-0.33264174717639855,0,1,0,1,0,0,0,0,1,0
1,0,1,1,-0.54442217330366,0,0,1,1,0,0,0,0,1,-0.9839241674127504,-1.0749684049682873,1.111265408240171,-0.026393431304754394,-0.49692803731945906,0,0,0,0,-0.31984130620163825,1,0,0,1,0,0,0,0,0,1
1,0,0,0,-1.191876862742087,1,0,0,0,0,0,0,0,1,-1.4531392244610457,-1.396172397487693,-0.6239442253239637,-1.1015440337934654,-1.3543963712762639,1,1,1,0,-1.7015650770235113,0,0,1,1,0,0,0,1,0,0
1,0,1,1,0.9123508779328007,1,0,0,0,1,1,0,0,1,-0.31314489571694815,-0.2641546700209674,-0.568891564358699,-0.026393431304754394,-0.06819387034105659,1,0,0,0,0.7067658070345818,1,0,0,0,0,1,0,1,0,0
1,0,0,0,-0.09929707431474152,1,0,0,0,0,0,0,0,0,-1.487834704031518,-1.446636163129058,-0.43616267037913437,-1.1015440337934654,-1.3543963712762639,0,0,1,0,-0.30472603406455673,0,0,1,0,1,0,0,0,0,1
0,0,0,0,0.7100212874832923,1,0,0,0,0,0,0,0,0,-1.4861825383376863,-1.4813622625758474,-0.005759549287594162,-1.1015440337934654,-1.3543963712762639,1,0,1,0,-0.016143614047155933,0,0,1,0,1,0,1,0,0,0
0,0,1,0,-1.1514109446521854,1,1,0,1,0,0,1,0,1,0.8896317293927666,0.8766189625733622,0.12328341545996407,-0.026393431304754394,0.3605402966373459,0,1,0,1,-0.6420300481216579,0,1,0,1,0,0,0,0,1,0
0,0,0,0,-0.8276835999329719,1,0,1,0,0,0,1,0,1,0.6748501891946033,0.5549742321660747,1.3951948127073848,-0.026393431304754394,-0.06819387034105659,1,0,1,0,-0.022535684932623992,0,1,0,0,1,0,0,1,0,0
0,0,1,0,0.6695553693933906,1,0,0,1,1,0,1,1,0,1.1457174119367306,1.2456585722502076,-1.222124152134307,1.0487571711839567,0.7892744636157483,0,0,0,1,1.0067938043126898,0,1,0,1,0,0,0,0,1,0
0,0,0,0,-0.38255850094405336,1,0,1,0,0,0,0,0,1,0.33946055334670194,0.41457361249655733,-0.9005173294175217,-0.56396873254911,-0.49692803731945906,1,0,1,0,0.3530378742388759,0,1,0,1,0,0,1,0,0,0
1,0,1,0,-0.9895472722925787,1,0,0,0,0,0,0,0,0,-1.469660881399366,-1.4809421887922167,0.18419871226299725,-1.1015440337934654,-1.3543963712762639,0,0,0,0,-1.1662871454471642,0,0,1,1,0,0,0,0,0,1
1,0,0,1,-0.5039562552137584,1,0,0,0,0,0,0,0,1,-1.4977476981945104,-1.5161542559494807,0.2694801277872481,-1.1015440337934654,-1.3543963712762639,0,0,0,0,-0.6265830559603787,0,0,1,1,0,0,0,0,1,0
0,0,0,0,-1.1109450265622838,1,0,0,0,0,0,0,0,1,-0.6832300111353219,-0.8010404148749428,1.417611641930896,-1.1015440337934654,-0.9256622042978615,1,1,1,0,-1.0133830279070557,1,0,0,1,0,0,0,1,0,0
0,1,0,0,-1.232342780831989,1,0,0,0,0,0,0,0,0,-0.6865343425229858,-0.7311928524203002,0.5521271049533447,-1.1015440337934654,-0.9256622042978615,0,1,1,0,-1.5538929255716485,1,0,0,1,0,0,0,0,1,0
1,1,1,0,-0.6658199275733652,1,1,0,0,0,0,1,0,1,0.671545857806939,0.7315493642558633,-0.7331856575907485,-0.56396873254911,-0.06819387034105659,1,0,0,1,0.1984705293363518,0,1,0,1,0,0,0,1,0,0
1,0,0,0,-1.232342780831989,1,0,0,0,0,0,0,0,1,-1.4894868697253503,-1.49391505563963,0.1037905204829877,-1.1015440337934654,-1.3543963712762639,0,1,1,0,-2.0397541797479604,0,0,1,1,0,0,0,0,0,1
0,0,0,0,1.3574759769217193,1,1,0,0,0,0,0,0,1,-1.3077486434038275,-1.2926390609161311,-0.13366838196376155,-1.1015440337934654,-0.9256622042978615,1,0,1,0,0.31853060462600763,0,0,1,0,0,1,0,1,0,0
1,1,0,0,-1.2728086989218905,1,0,0,0,0,0,0,0,1,0.22876545185995642,0.22756378315993736,0.006326045598127978,-1.1015440337934654,-0.9256622042978615,0,1,1,1,-1.66084201104436,0,1,0,1,0,0,0,0,1,0
1,0,0,0,-1.2728086989218905,1,0,0,0,0,0,0,0,1,0.2188524576969639,0.2176796941333366,0.006326045598127978,-1.1015440337934654,-0.9256622042978615,0,1,1,1,-1.66344744456185,0,1,0,1,0,0,0,0,0,1
1,0,0,0,-1.232342780831989,0,0,0,0,0,0,0,0,1,-1.3160094718729878,-1.3143541049897227,0.025818940575098818,-1.1015440337934654,-1.3543963712762639,1,1,1,0,-1.8873428122655456,1,0,0,1,0,0,0,1,0,0
0,0,1,1,-1.232342780831989,0,0,0,0,0,1,0,0,0,-1.1788797192849296,-1.395897839459176,2.608627525023883,-0.56396873254911,-0.9256622042978615,1,1,0,0,-1.9520288915043356,1,0,0,1,0,0,1,0,0,0
1,0,0,0,-1.232342780831989,1,0,1,0,0,1,0,0,1,-0.33957954681826047,-0.6949511926560987,4.21679136062407,-0.026393431304754394,-0.06819387034105659,0,1,1,0,-1.5380065303801775,1,0,0,1,0,0,0,0,0,1
0,1,0,0,0.10303251613476692,0,0,0,0,1,0,1,0,1,-0.8220119294172119,-0.7826371824492251,-0.4375550200203458,-0.026393431304754394,-0.49692803731945906,0,0,1,0,0.2178217816673013,1,0,0,1,0,0,0,0,1,0
1,0,1,0,0.7504872055731939,1,1,1,0,1,1,1,1,1,1.5471936755379125,1.5623680149744286,-0.23293968490353167,1.5863324724283123,1.6467427975725533,0,0,0,0,1.0883834946267124,0,1,0,0,1,0,0,0,1,0
1,0,1,1,0.8314190417529973,1,0,0,0,0,0,0,0,1,-1.4977476981945104,-1.4428472623355277,-0.5979536986880026,-1.1015440337934654,-1.3543963712762639,0,0,0,0,0.05662787305657215,0,0,1,0,0,1,0,0,0,1
1,0,1,1,-0.6253540094834634,1,1,0,1,1,1,0,0,1,0.0652010481705858,-0.045702207575485355,1.3100567272932544,0.5111818699396011,0.7892744636157483,0,0,0,0,0.03747302392645264,1,0,0,1,0,0,0,0,0,1
1,1,0,0,-1.1514109446521854,1,0,0,0,0,0,0,0,1,0.19572213798331592,0.2872801543623147,-1.0901492968565438,-1.1015440337934654,-0.9256622042978615,0,1,1,1,-0.7788261320681333,0,1,0,1,0,0,0,0,1,0
0,0,1,1,-1.191876862742087,0,0,1,0,0,0,0,0,0,-1.157401565265113,-1.1260072974272823,-0.3315508006693859,-0.56396873254911,-0.9256622042978615,1,1,0,0,-1.5073878975091775,1,0,0,1,0,0,0,1,0,0
0,0,0,0,0.7100212874832923,1,0,0,0,0,0,0,0,0,-1.4977476981945104,-1.4583652821072906,-0.4143306280049268,-1.1015440337934654,-1.3543963712762639,1,0,1,0,0.00566961367008557,0,0,1,0,0,1,0,1,0,0
1,0,1,1,1.519339649281326,1,1,0,0,0,0,0,0,0,-1.3011399806284993,-1.325814941551519,0.3368698504219242,-1.1015440337934654,-0.9256622042978615,0,0,0,0,0.3302138430824121,0,0,1,0,0,1,0,0,0,1
0,0,1,1,0.9123508779328007,1,0,0,0,0,0,0,0,0,-1.4779217098685262,-1.4817845827433476,0.09670219503681561,-1.1015440337934654,-1.3543963712762639,1,0,0,0,0.04340242605767819,0,0,1,1,0,0,0,1,0,0
1,0,1,1,1.1956123045621125,1,1,0,0,0,0,0,0,1,-1.337487625892804,-1.3760499510105995,0.502451662915253,-1.1015440337934654,-0.9256622042978615,1,0,0,0,0.21342049480338318,0,0,1,0,0,1,1,0,0,0
0,0,1,1,-0.9895472722925787,1,1,0,1,0,0,0,0,0,-0.2966232387786279,-0.29299823890768306,-0.032659744355816464,-0.56396873254911,-0.06819387034105659,0,0,0,0,-0.5157098863166019,1,0,0,1,0,0,0,0,1,0
1,0,1,1,-0.54442217330366,1,1,0,0,1,1,1,1,0,1.2745863360556282,1.3570377107873337,-1.0196157952951337,1.0487571711839567,1.2180086305941509,0,0,0,0,0.43088812964445267,0,1,0,1,0,0,0,0,1,0
0,0,1,0,1.6002714854611295,1,1,1,1,1,1,1,1,0,0.7706757994368605,0.8508105078927947,-0.9748163349094595,2.1239077736726677,2.0754769645509556,1,0,0,0,1.1708328195366493,1,0,0,0,0,1,1,0,0,0
0,1,1,0,-1.232342780831989,1,0,0,0,0,0,0,0,1,0.15111366424985093,0.4005353411254441,-2.9565939909016112,-1.1015440337934654,-0.9256622042978615,0,1,0,1,-1.1845273971372308,0,1,0,1,0,0,0,0,1,0
1,0,1,0,0.9123508779328007,1,1,0,0,0,0,0,0,0,-1.289574820771675,-1.2682882597687792,-0.2073869666039472,-1.1015440337934654,-0.9256622042978615,1,0,0,0,0.22177859850202597,0,0,1,0,0,1,1,0,0,0
1,0,0,0,-0.5848880913935618,1,0,0,0,0,0,0,0,0,-1.4762695441746942,-1.4768924578715956,0.058307098870052976,-1.1015440337934654,-1.3543963712762639,0,0,1,0,-0.6540005262778966,0,0,1,1,0,0,0,0,0,1
1,0,1,1,0.5481576151236855,1,0,0,0,0,0,0,0,1,-1.4713130470931979,-1.4759732853413445,0.10590931341526715,-1.1015440337934654,-1.3543963712762639,0,0,0,0,-0.06340983266942368,0,0,1,0,0,1,0,0,0,1
1,0,1,1,1.397941895011621,1,1,1,1,1,0,1,1,1,1.5389328470687524,1.546204525910199,-0.13914331990166665,1.5863324724283123,1.6467427975725533,0,0,0,0,1.2574070236536232,0,1,0,0,1,0,0,0,1,0
0,0,1,0,-0.9086154361127753,1,0,0,0,0,0,0,0,1,-1.4597478872363738,-1.3003516455353723,-1.8357525297257202,-1.1015440337934654,-1.3543963712762639,0,0,0,0,-0.8733467706790689,0,0,1,1,0,0,0,0,0,1
1,1,1,0,1.519339649281326,1,1,1,1,1,1,1,1,0,0.8367624271901415,0.8478609702150154,-0.16019897149085985,2.1239077736726677,2.0754769645509556,1,0,0,0,1.1524753062011128,1,0,0,0,0,1,0,1,0,0
0,1,1,0,0.42675986085398043,1,1,0,0,1,1,1,1,1,1.4150204200313505,1.3408263530203268,0.8291075428819451,1.0487571711839567,1.2180086305941509,0,0,0,0,0.9420527648020837,0,1,0,0,1,0,0,0,1,0
1,0,1,1,1.4788737311914244,1,1,0,1,1,1,1,1,1,0.5691115847893535,0.541538794727139,0.3066296305332226,1.5863324724283123,1.6467427975725533,1,0,0,0,1.0751548219076128,1,0,0,0,0,1,1,0,0,0
0,0,1,1,-0.7062858456632669,1,0,0,1,1,1,1,1,0,0.3890255241616627,0.4051479160045238,-0.20419722015316594,1.5863324724283123,1.2180086305941509,1,0,0,0,0.08175650639162878,1,0,0,1,0,0,1,0,0,0
0,0,0,0,-1.232342780831989,1,0,0,0,0,0,0,0,0,0.13954850439302696,-0.16038671113412792,3.5442864839185373,-1.1015440337934654,-0.9256622042978615,0,1,1,1,-1.3409386951193571,0,1,0,1,0,0,0,0,1,0
1,0,1,1,-1.2728086989218905,1,0,0,0,0,0,0,0,0,-1.4861825383376863,-1.4823836184419295,0.006326045598127978,-1.1015440337934654,-1.3543963712762639,0,1,0,0,-2.4498553286833173,0,0,1,1,0,0,0,0,1,0
1,0,0,0,-1.232342780831989,1,0,0,0,0,0,0,0,0,-0.6551431943401774,-0.30370600201983355,-4.1359141370084105,-1.1015440337934654,-0.9256622042978615,1,1,1,0,-1.3880217573948885,1,0,0,1,0,0,1,0,0,0
1,0,0,0,1.0742145502924074,1,0,0,0,1,0,0,1,1,-0.11158068106944098,-0.09735470272296869,-0.1644845764882189,-0.026393431304754394,-0.06819387034105659,1,0,1,0,0.8047678562927328,1,0,0,0,1,0,1,0,0,0
0,0,0,0,-0.9895472722925787,1,0,0,0,0,0,0,0,0,-1.4779217098685262,-1.549924893457032,0.9029992145388378,-1.1015440337934654,-1.3543963712762639,0,0,1,0,-1.2362152844425545,0,0,1,0,0,1,0,0,0,1
0,0,1,1,-0.7872176818430703,1,0,0,0,0,0,1,1,0,0.7805887935998526,0.9659559210830198,-2.2203623421559775,-0.026393431304754394,-0.06819387034105659,0,0,0,1,0.11731643392881813,0,1,0,1,0,0,0,0,1,0
1,0,0,0,0.42675986085398043,1,1,0,0,0,0,1,1,0,0.9788486768596957,0.8714470555245599,1.2370983679813539,-0.026393431304754394,0.3605402966373459,0,0,1,1,0.8506755722861176,0,1,0,0,1,0,0,0,0,1
1,0,1,1,1.519339649281326,0,0,0,1,1,1,1,1,0,-0.1446239949460815,-0.1851204672459304,0.4841804424621846,1.5863324724283123,0.7892744636157483,0,0,0,0,0.8846418667881895,1,0,0,0,1,0,0,0,1,0
1,0,1,0,-0.7467517637531685,0,0,0,0,0,0,1,1,0,-0.6072303892190486,-0.5617513262500078,-0.5171974194976895,-0.026393431304754394,-0.49692803731945906,0,0,0,0,-0.26322906314964584,1,0,0,1,0,0,0,0,1,0
0,0,1,1,-0.6658199275733652,1,0,0,0,0,0,0,0,0,-1.487834704031518,-1.5121388447824244,0.33892356614271124,-1.1015440337934654,-1.3543963712762639,0,0,0,0,-0.7625939957142682,0,0,1,0,0,1,0,0,0,1
0,0,1,1,1.5598055673712277,1,1,0,0,0,0,0,0,0,-1.3226181346483157,-1.2929153766785053,-0.30583482185000055,-1.1015440337934654,-0.9256622042978615,1,0,0,0,0.36427730295069294,0,0,1,0,0,1,1,0,0,0
0,0,0,0,1.3574759769217193,1,1,0,0,1,0,1,0,1,0.9061533863310869,0.8904966229238416,0.15399949239337418,-0.026393431304754394,0.3605402966373459,1,0,1,1,1.1243730346868288,0,1,0,0,1,0,1,0,0,0
0,0,1,1,0.993282714112604,1,0,1,1,0,0,0,0,0,-0.37262286069490097,-0.36840054379189474,-0.037105492333019616,-0.026393431304754394,-0.06819387034105659,0,0,0,0,0.6931218825847606,1,0,0,0,1,0,0,0,1,0
0,0,1,0,1.0337486322025058,1,1,1,0,0,1,0,0,1,-0.12149367523243328,-0.15697840457323117,0.4240789500184041,-0.026393431304754394,0.3605402966373459,1,0,0,0,0.7752958165324944,1,0,0,0,1,0,1,0,0,0
0,0,0,0,0.993282714112604,0,0,1,0,1,1,0,0,1,-0.7807077870714113,-0.8277794767679564,0.5839313020210328,0.5111818699396011,-0.06819387034105659,1,0,1,0,0.503334561781575,1,0,0,0,1,0,0,1,0,0
0,0,1,0,-0.34209258285415167,1,1,1,1,1,0,0,0,0,0.05198372261992941,0.0077114418252080055,0.522075558530507,0.5111818699396011,0.7892744636157483,0,0,0,0,0.27032877972008346,1,0,0,1,0,0,0,0,0,1
1,0,0,0,0.5481576151236855,1,0,0,0,0,0,0,0,1,-0.6452302001771851,-0.6539465479624124,0.12540220839224075,-1.1015440337934654,-0.9256622042978615,1,0,1,0,0.44707829735529364,1,0,0,1,0,0,0,1,0,0
0,0,0,0,1.4788737311914244,1,1,0,0,0,0,0,0,0,-1.3259224660359796,-1.3318303203700887,0.11565576090375394,-1.1015440337934654,-0.9256622042978615,1,0,1,0,0.3164527808986077,0,0,1,0,0,1,0,1,0,0
0,0,0,0,1.2360782226520142,1,1,1,1,1,0,1,0,0,1.0994567725094337,1.1189621824107494,-0.2687403612991401,1.0487571711839567,1.2180086305941509,1,0,1,0,1.1409442177903302,0,1,0,0,0,1,0,1,0,0
0,0,1,0,0.8314190417529973,1,1,0,0,0,1,0,1,1,0.8731100724544464,0.8896423377373421,-0.22574974176921442,-0.026393431304754394,0.3605402966373459,0,0,0,0,0.9860998138441746,0,1,0,0,1,0,0,0,1,0
0,0,1,1,0.8314190417529973,1,1,1,1,1,1,0,1,1,1.2993688214631087,1.3272153104306759,-0.3743370921597173,1.5863324724283123,1.6467427975725533,1,0,0,0,1.0712088844960816,0,1,0,0,0,1,1,0,0,0
1,0,0,0,-1.191876862742087,0,0,0,0,0,0,0,0,0,-1.3209659689544837,-1.3978197456587929,0.9549802678107628,-1.1015440337934654,-1.3543963712762639,0,1,1,0,-1.7029534911141317,1,0,0,1,0,0,0,0,1,0
0,0,1,1,1.4384078131015228,1,1,0,1,1,1,1,1,0,0.6798066862760991,0.5608126278901208,1.384588384558143,1.5863324724283123,1.6467427975725533,1,0,0,0,1.0704846596536848,1,0,0,0,0,1,1,0,0,0
1,0,1,1,-0.38255850094405336,0,0,0,0,0,1,0,0,1,-1.1359234112452967,-1.1607926059097864,0.33346767434209273,-0.56396873254911,-0.9256622042978615,1,0,0,0,-0.2529094533684392,1,0,0,1,0,0,1,0,0,0
0,0,0,0,-1.2728086989218905,1,0,0,0,0,0,1,0,1,0.4931119628730805,0.49113949053594763,0.006326045598127978,-0.56396873254911,-0.49692803731945906,0,1,1,1,-1.5950658292113797,0,1,0,1,0,0,0,0,1,0
0,1,0,0,0.5481576151236855,1,1,1,1,1,0,1,1,1,1.4959765390291198,1.3584324907033682,1.575927849830825,1.5863324724283123,1.6467427975725533,0,0,1,0,0.9876902041592093,0,1,0,0,1,0,0,0,1,0
0,0,1,1,1.155146386472211,1,0,0,0,1,1,1,1,1,0.2998085766947332,0.3601077966641852,-0.7238586268999234,1.0487571711839567,0.7892744636157483,1,0,0,0,0.953356753565653,1,0,0,0,0,1,1,0,0,0
1,0,1,1,-0.22069482858444658,1,1,0,0,0,0,0,0,1,0.36424303875418235,0.2207913517898591,1.6848808908373794,-1.1015440337934654,-0.49692803731945906,1,0,0,1,0.4041572695594005,0,1,0,1,0,0,1,0,0,0
1,0,0,0,0.9528167960227024,1,0,0,1,0,1,1,1,1,0.36424303875418235,0.3877389758677912,-0.2905925153903862,1.0487571711839567,0.7892744636157483,1,0,1,0,0.9064583989228306,1,0,0,0,1,0,1,0,0,0
1,0,1,0,1.1956123045621125,1,1,0,0,0,0,0,0,1,-1.3540092828311243,-1.3642528124949795,0.16792843298786297,-1.1015440337934654,-0.9256622042978615,1,0,0,0,0.22315002011294563,0,0,1,0,1,0,0,1,0,0
0,0,0,0,-1.0704791084723821,1,1,0,1,0,0,1,0,1,0.8384145928839735,0.7294558592884232,1.260368955783324,-0.026393431304754394,0.3605402966373459,0,1,1,1,-0.4188103151608489,0,1,0,1,0,0,0,0,1,0
1,0,1,0,1.3170100588318177,1,1,0,1,0,0,1,0,1,0.8962403921680944,0.8781902792904118,0.1826617724667326,-0.026393431304754394,0.3605402966373459,1,0,0,1,1.1121940072029708,0,1,0,1,0,0,1,0,0,0
1,0,1,0,1.6002714854611295,1,1,1,1,1,1,1,1,0,1.6430192857801702,1.699309215187876,-0.7227623734711087,2.1239077736726677,2.0754769645509556,1,0,0,0,1.3283865230220249,0,1,0,0,0,1,0,1,0,0
0,1,1,1,0.9528167960227024,1,0,1,0,0,1,1,1,1,0.26015660004276453,0.26989474777088335,-0.12420673326552424,1.0487571711839567,0.7892744636157483,1,0,0,0,0.8763205233518747,1,0,0,0,0,1,0,1,0,0
0,0,0,0,-1.2728086989218905,1,0,0,0,0,1,1,1,1,1.0284136476746564,1.024880297972368,0.006326045598127978,0.5111818699396011,0.3605402966373459,0,1,1,0,-1.4798126233888256,0,1,0,1,0,0,0,0,1,0
0,0,1,1,-0.2611607466743483,1,0,1,1,0,0,0,0,0,0.5691115847893535,0.4900623782702286,0.9157445689468539,-0.026393431304754394,-0.06819387034105659,0,0,0,0,0.44856977205506815,0,1,0,1,0,0,0,0,1,0
1,0,1,1,0.06256659804486524,1,0,0,0,0,0,0,0,0,-1.4911390354191822,-1.4753097115895584,-0.13585742364566689,-1.1015440337934654,-1.3543963712762639,1,0,0,0,-0.2528631405785272,0,0,1,0,1,0,0,1,0,0
0,0,0,0,-0.2611607466743483,1,1,0,0,1,0,0,0,1,0.5278074424435529,0.6458634995292686,-1.4151558342610533,-0.56396873254911,-0.06819387034105659,0,0,1,1,0.4848818310179764,0,1,0,1,0,0,0,0,1,0
0,0,1,1,0.7504872055731939,1,1,1,1,0,0,0,1,1,0.9606748542275434,0.7994197051433793,1.8749684679984342,0.5111818699396011,0.7892744636157483,0,0,0,0,0.9428090125259686,0,1,0,1,0,0,0,0,1,0
0,0,1,0,-1.0704791084723821,1,0,0,0,0,0,0,0,0,-0.6303607089326971,-0.35697025955206896,-3.213250441431738,-1.1015440337934654,-0.9256622042978615,0,1,0,0,-0.718591288024129,1,0,0,1,0,0,0,0,0,1
1,0,1,0,1.6002714854611295,1,0,0,0,0,0,0,0,0,-1.487834704031518,-1.4824293781133486,-0.012625380073929311,-1.1015440337934654,-1.3543963712762639,1,0,0,0,0.21222685362132473,0,0,1,0,0,1,0,1,0,0
1,1,0,0,-1.232342780831989,1,1,0,0,0,0,0,0,1,0.3345040562652057,0.44336639357404567,-1.2996979178589956,-1.1015440337934654,-0.49692803731945906,0,1,1,1,-1.174039785098249,0,1,0,1,0,0,0,0,0,1
1,0,0,0,-0.949081354202677,1,0,0,0,0,0,0,0,1,-1.4812260412561902,-1.5305227927751868,0.6344304393005572,-1.1015440337934654,-1.3543963712762639,0,0,1,0,-1.1420632958118717,0,0,1,0,1,0,0,0,1,0
1,0,0,0,-0.2611607466743483,1,0,0,1,1,1,0,0,1,0.6765023548884352,0.6352190959621604,0.46515880428685685,0.5111818699396011,0.3605402966373459,0,0,1,0,0.48246652871674267,0,1,0,0,1,0,0,0,1,0
1,0,1,0,1.5598055673712277,1,1,1,1,1,0,1,1,1,1.4827592134784635,1.5115672731413112,-0.39204283625520275,1.5863324724283123,1.6467427975725533,0,0,0,0,1.2879588247180582,0,1,0,0,1,0,0,0,1,0
0,0,1,0,1.519339649281326,1,0,0,0,0,0,0,0,0,-1.4845303726438543,-1.475252954215596,-0.05855744768236451,-1.1015440337934654,-1.3543963712762639,1,0,0,0,0.20140352588053212,0,0,1,0,0,1,1,0,0,0
0,0,1,1,-0.8276835999329719,0,0,1,0,0,1,0,0,0,-1.0434021323907035,-0.9119893141985321,-1.5189929863499272,-0.026393431304754394,-0.49692803731945906,1,0,0,0,-0.5185989817479195,1,0,0,0,1,0,0,1,0,0
1,0,0,0,-1.1514109446521854,1,0,0,0,0,0,0,0,1,-0.6220998804635369,-0.48779716014026564,-1.5677252237923573,-1.1015440337934654,-0.9256622042978615,0,1,1,0,-1.0208659052013618,1,0,0,1,0,0,0,0,1,0
1,0,0,0,0.993282714112604,0,0,1,0,1,0,1,1,1,-0.3627098665319089,-0.28574412678582134,-0.8982126774560972,1.0487571711839567,0.3605402966373459,0,0,1,0,0.7219348798969346,1,0,0,1,0,0,0,0,1,0
1,0,0,0,1.2360782226520142,1,0,1,1,1,1,1,1,0,1.4695418879278075,1.5537052092791568,-1.0465996941897342,2.1239077736726677,1.6467427975725533,1,0,1,0,1.219934834176716,0,1,0,0,0,1,0,1,0,0
0,1,0,0,-0.5039562552137584,1,1,0,1,1,0,0,1,1,0.9705878483905355,0.8031472341422997,1.9478183853045297,0.5111818699396011,0.7892744636157483,0,0,1,1,0.35441631234666954,0,1,0,1,0,0,0,0,1,0
1,0,0,0,-0.8681495180228737,1,0,0,1,1,1,0,0,1,-0.1264501723139293,-0.07090575365846526,-0.6528882208958339,0.5111818699396011,0.3605402966373459,0,0,1,0,-0.24394228487842815,1,0,0,1,0,0,0,0,1,0
1,1,0,0,0.224430270404472,1,0,0,1,1,1,1,0,1,0.17920048104499567,0.032179619813937466,1.7334991347419337,1.0487571711839567,0.7892744636157483,1,0,1,0,0.5666754003772995,1,0,0,0,1,0,0,1,0,0
1,0,0,0,1.519339649281326,1,1,1,1,1,1,1,1,1,1.6595409427184904,1.4963748780865083,1.8734669144637965,2.1239077736726677,2.0754769645509556,1,0,1,0,1.276398914357528,0,1,0,0,0,1,1,0,0,0
1,0,1,0,0.8314190417529973,1,1,1,0,1,1,1,0,0,0.41876450665063936,0.450422016872908,-0.3890487110102616,1.0487571711839567,1.2180086305941509,1,0,0,0,0.8872601286478621,1,0,0,0,1,0,1,0,0,0
0,0,1,0,0.06256659804486524,1,1,1,1,0,1,0,0,0,-0.06862437302980841,0.07135641540621337,-1.6540099500874823,0.5111818699396011,0.7892744636157483,0,0,0,0,0.5079578466824184,1,0,0,1,0,0,0,0,1,0
1,0,1,1,-1.191876862742087,1,0,0,1,1,0,0,0,1,-0.2834059132279717,-0.28640884622328266,0.045311835552069656,-0.026393431304754394,-0.06819387034105659,0,1,0,0,-1.1287081026831844,1,0,0,1,0,0,0,0,0,1
1,0,1,0,1.6002714854611295,1,1,0,1,1,0,1,1,0,0.5757202475646818,0.5137905278885735,0.7129434885133611,1.0487571711839567,1.2180086305941509,1,0,0,0,1.095382272992201,1,0,0,0,0,1,1,0,0,0
0,0,0,0,-0.9895472722925787,1,0,0,1,0,0,0,0,0,0.35928654167268603,0.07250713655514346,3.381033488486396,-0.56396873254911,-0.49692803731945906,0,0,1,1,-0.4018617565890763,0,1,0,1,0,0,0,0,1,0
1,1,0,0,1.3170100588318177,1,0,0,1,1,0,1,1,1,1.135804417773738,1.1596587221863701,-0.3214544807069522,1.0487571711839567,0.7892744636157483,1,0,1,1,1.1684484827070318,0,1,0,1,0,0,1,0,0,0
1,0,0,0,-0.9086154361127753,1,1,1,0,0,0,1,1,0,1.117630595141586,1.1897798498994843,-0.8922964128402758,0.5111818699396011,0.7892744636157483,0,0,1,0,-0.003862680688835898,0,1,0,1,0,0,0,0,1,0
1,0,1,1,0.871884959842899,1,0,0,1,0,1,0,0,1,0.5030249570360725,0.528326850176151,-0.31675063966835376,-0.026393431304754394,-0.06819387034105659,1,0,0,0,0.9177285009093183,0,1,0,0,0,1,1,0,0,0
1,0,0,0,-0.8276835999329719,1,0,0,0,0,0,0,0,0,-1.4762695441746942,-1.4042718593289345,-0.8010046880314599,-1.1015440337934654,-1.3543963712762639,1,0,1,0,-0.8425967223319927,0,0,1,1,0,0,0,1,0,0
0,0,1,1,0.5076916970337838,0,0,1,0,0,0,1,1,1,-0.4568833110803344,-0.4243467997500616,-0.3692370642915307,0.5111818699396011,-0.06819387034105659,1,0,0,0,0.5240591867939574,1,0,0,1,0,0,1,0,0,0
0,0,0,0,1.6002714854611295,1,1,0,1,1,1,1,1,0,0.7227629943157317,0.7728817874654778,-0.6179880629698912,1.5863324724283123,1.6467427975725533,1,0,1,0,1.154172772706295,1,0,0,0,0,1,1,0,0,0
0,0,0,0,-0.30162666476425,1,0,1,0,0,1,1,1,1,0.3774603643048387,0.49337988404864364,-1.3846869399585893,1.0487571711839567,0.7892744636157483,1,0,1,0,0.42468219849464645,1,0,0,1,0,0,0,1,0,0
0,0,1,1,1.2765441407419158,1,1,0,1,0,0,0,0,1,-0.3594055351442448,-0.38285593367815696,0.28988675221626786,-0.56396873254911,-0.06819387034105659,1,0,0,0,0.7608548636050989,1,0,0,0,1,0,1,0,0,0
1,0,0,0,1.4788737311914244,1,0,0,0,0,0,0,0,1,-1.5076606923575024,-1.5272201382292616,0.2834641611402952,-1.1015440337934654,-1.3543963712762639,0,0,1,0,0.14057428775927328,0,0,1,0,0,1,0,0,0,1
1,0,1,1,1.4384078131015228,1,0,1,0,1,0,0,0,0,0.5162422825867284,0.471250183940754,0.5145746161006441,-0.026393431304754394,-0.06819387034105659,1,0,0,0,1.0491992130408534,0,1,0,0,0,1,0,1,0,0
1,0,1,1,-0.30162666476425,1,1,0,0,0,0,0,0,1,-1.2994878149346674,-1.4124042681335987,1.3809649993741882,-1.1015440337934654,-0.9256622042978615,1,0,0,0,-0.38873882760733897,0,0,1,1,0,0,1,0,0,0
0,1,1,0,1.519339649281326,1,1,0,1,0,1,1,1,1,1.3489337922780695,1.2535557576663585,1.0820553783987352,1.0487571711839567,1.2180086305941509,1,0,0,0,1.232804763028699,0,1,0,0,1,0,1,0,0,0
0,0,1,1,1.6002714854611295,1,1,0,0,0,0,0,0,1,-1.3688787740756125,-1.3903380393817133,0.3011560821248278,-1.1015440337934654,-0.9256622042978615,1,0,0,0,0.29552112475229053,0,0,1,0,1,0,1,0,0,0
0,0,1,1,-1.1514109446521854,1,1,0,1,0,1,0,0,1,-0.2057541256178665,-0.28105496466720764,0.8981259907945951,-0.026393431304754394,0.3605402966373459,0,1,0,0,-0.9466869181358606,1,0,0,1,0,0,0,0,0,1
0,0,1,1,0.14349843422466863,0,0,1,0,1,1,0,0,0,-0.7955772783158996,-0.7169615946088523,-0.9028009173556474,0.5111818699396011,-0.06819387034105659,1,0,0,0,0.26542737117305054,1,0,0,0,0,1,0,1,0,0
1,1,0,0,-1.1514109446521854,1,0,1,0,0,0,0,0,0,0.35102571320352594,0.11883880386733275,2.7353313423742,-0.56396873254911,-0.49692803731945906,0,1,1,0,-0.8240849628271034,0,1,0,1,0,0,0,0,1,0
0,0,0,0,0.5076916970337838,1,1,1,0,0,1,0,1,0,0.2915477482255731,0.31897330278742303,-0.33458302877691676,0.5111818699396011,0.7892744636157483,0,0,1,0,0.7513880143883161,1,0,0,0,0,1,0,0,0,1
0,0,0,0,-1.2728086989218905,1,0,0,0,0,0,1,1,0,0.8549362498222938,0.8519087400068612,0.006326045598127978,-0.026393431304754394,-0.06819387034105659,0,1,1,1,-1.5149041027506551,0,1,0,1,0,0,0,0,1,0
0,0,1,1,-1.0704791084723821,1,0,0,0,0,0,0,0,0,-1.474617378480862,-1.5820481827934834,1.3220964565437356,-1.1015440337934654,-1.3543963712762639,0,1,0,0,-1.4512163376256364,0,0,1,0,0,1,0,0,0,1
0,0,1,0,-0.7467517637531685,1,0,0,0,0,0,0,1,1,0.44189482636428734,0.5083189786059912,-0.8012367463050002,-0.56396873254911,-0.49692803731945906,0,0,0,1,0.06341816479384048,0,1,0,1,0,0,0,0,1,0
1,0,1,0,1.6002714854611295,1,1,1,1,1,1,1,1,1,1.6793669310444745,1.7223034500761478,-0.5660070096979634,2.1239077736726677,2.0754769645509556,0,0,0,0,1.3321526369835976,0,1,0,0,0,1,0,0,1,0
0,0,1,1,0.34582802467417706,1,1,1,1,0,0,1,0,1,0.9771965111658637,0.995750360800477,-0.2532622631195981,0.5111818699396011,0.7892744636157483,1,0,0,0,0.8462131244300966,0,1,0,1,0,0,1,0,0,0
0,0,1,0,-0.8681495180228737,1,0,0,0,0,0,0,0,1,-0.6832300111353219,-0.6843183090062711,0.03645142874435765,-1.1015440337934654,-0.9256622042978615,0,0,0,0,-0.4658523877042073,1,0,0,1,0,0,0,0,1,0
0,0,1,1,-0.42302441903395505,1,1,0,0,0,0,0,0,1,0.36589520444801427,0.28567024592237555,0.9366687604081542,-1.1015440337934654,-0.49692803731945906,1,0,0,1,0.2923925655456679,0,1,0,1,0,0,1,0,0,0
1,0,0,0,0.5481576151236855,0,0,1,0,1,1,0,0,0,-0.8748812316198368,-0.8758371842262385,0.04149800827396943,0.5111818699396011,-0.06819387034105659,0,0,1,0,0.3447928964166807,1,0,0,0,0,1,0,0,0,1
1,0,1,0,1.6002714854611295,1,1,0,0,0,0,0,0,0,-1.2846183236901791,-1.2763735777115823,-0.05323557794261995,-1.1015440337934654,-0.9256622042978615,1,0,0,0,0.38534862117818813,0,0,1,0,0,1,0,1,0,0
0,0,1,0,1.5598055673712277,0,0,0,1,1,1,1,1,1,-0.10992851537560905,-0.1329038391810569,0.2756574536602297,1.5863324724283123,0.7892744636157483,1,0,0,0,0.9102229536401996,1,0,0,0,0,1,0,1,0,0
1,0,0,0,-0.1397629924046432,0,0,0,1,0,1,0,0,0,-1.005402321432567,-0.9915874736728069,-0.12877988165605714,-0.026393431304754394,-0.49692803731945906,0,0,1,0,-0.006237171701080974,1,0,0,1,0,0,0,0,1,0
1,0,1,0,1.6002714854611295,1,1,1,1,1,1,1,1,1,1.6876277595136346,1.72212041139047,-0.4663766575934383,2.1239077736726677,2.0754769645509556,1,0,0,0,1.3321227467361483,0,1,0,0,0,1,1,0,0,0
0,0,0,0,-1.0704791084723821,0,0,0,0,0,1,1,1,1,-0.5114047789767912,-0.7295455042492001,2.598881077535396,0.5111818699396011,-0.06819387034105659,0,1,1,0,-0.8663143089212233,1,0,0,0,1,0,0,0,0,1
1,0,0,0,-1.2728086989218905,1,0,0,0,0,0,0,1,1,0.5311117738312168,0.5290284984712488,0.006326045598127978,-0.56396873254911,-0.49692803731945906,0,1,1,1,-1.5861510312893263,0,1,0,1,0,0,0,0,1,0
0,0,0,0,0.42675986085398043,1,0,0,1,0,1,0,0,0,-0.3065362329416199,-0.26028113802118413,-0.5367550749230894,-0.026393431304754394,-0.06819387034105659,0,0,1,0,0.5531486329240558,1,0,0,0,1,0,0,0,1,0
0,0,1,0,0.34582802467417706,0,0,0,1,0,1,0,0,0,-0.9674025104744302,-1.0147778131916232,0.5939655136844044,-0.026393431304754394,-0.49692803731945906,0,0,0,0,0.19869663014852265,1,0,0,0,1,0,0,0,0,1
1,1,1,0,-0.30162666476425,1,1,1,0,0,0,0,1,1,0.803719113313501,0.7365284741030129,0.767328665499112,-0.026393431304754394,0.3605402966373459,0,0,0,0,0.48040332155676796,0,1,0,0,1,0,0,0,1,0
1,0,0,0,-1.0704791084723821,1,0,0,0,1,0,1,0,0,-0.1264501723139293,0.1408034461486671,-3.158020572330318,-0.026393431304754394,-0.06819387034105659,0,1,1,0,-0.5634541751448078,1,0,0,1,0,0,0,0,0,1
0,0,0,0,0.10303251613476692,1,1,0,0,1,0,1,1,1,1.1738042287318748,1.1875912301864517,-0.2036402802966847,0.5111818699396011,0.7892744636157483,0,0,1,1,0.7840735409672434,0,1,0,1,0,0,0,0,1,0
1,0,1,0,1.114680468382309,1,1,0,0,0,0,0,0,0,-1.340791957280468,-1.3061722757399257,-0.36338919579844164,-1.1015440337934654,-0.9256622042978615,1,0,0,0,0.2483417586465079,0,0,1,0,1,0,1,0,0,0
0,1,1,0,-1.191876862742087,1,0,0,0,0,1,1,0,1,0.6335460468488027,0.803586526987926,-2.0339302953249305,-0.026393431304754394,-0.06819387034105659,0,1,0,0,-0.8380054753153453,0,1,0,1,0,0,0,0,0,1
1,0,1,0,0.7100212874832923,1,1,0,0,0,1,1,1,0,1.1457174119367306,1.2009818174629647,-0.6934688840751599,0.5111818699396011,0.7892744636157483,0,0,0,0,1.0111322223174213,0,1,0,0,1,0,0,0,1,0
1,0,1,1,1.0337486322025058,1,0,0,1,0,0,1,1,1,0.9292837060447349,0.8804533074543714,0.5457415014263987,0.5111818699396011,0.3605402966373459,0,0,0,1,1.0409352251719888,0,1,0,1,0,0,0,0,1,0
0,0,0,0,-1.0300131903824803,1,1,0,1,0,0,0,0,1,0.45676431760877567,0.3282873570500558,1.5044942595425372,-0.56396873254911,-0.06819387034105659,1,0,1,1,-0.4168243347661068,0,1,0,1,0,0,1,0,0,0
0,0,1,0,1.3170100588318177,1,1,0,1,1,1,1,1,1,1.4183247514190147,1.4570430827969574,-0.507086819026117,1.5863324724283123,1.6467427975725533,1,0,0,0,1.2228838111982971,0,1,0,0,0,1,1,0,0,0
0,0,1,1,1.519339649281326,1,0,0,1,1,1,1,1,1,0.5178944482805609,0.5581394940091176,-0.4940844154535684,1.5863324724283123,1.2180086305941509,1,0,0,0,1.0881083047065232,1,0,0,0,0,1,1,0,0,0
0,0,0,0,0.8314190417529973,1,1,0,1,1,0,1,1,0,1.3489337922780695,1.3992323993446167,-0.6417207647683749,1.0487571711839567,1.2180086305941509,0,0,1,1,1.0841764932186786,0,1,0,0,0,1,0,0,1,0
1,1,1,1,-0.34209258285415167,1,1,1,0,0,0,0,0,1,0.49972062564840825,0.41721474135783204,0.9590412875976296,-0.56396873254911,-0.06819387034105659,0,0,0,0,0.3804726590410864,0,1,0,1,0,0,0,0,1,0
0,0,1,0,-0.46349033712385673,1,1,1,0,1,0,1,1,1,1.3109339813199332,1.318892723938227,-0.13940655018208653,1.0487571711839567,1.2180086305941509,1,0,0,0,0.4869590435855076,0,1,0,1,0,0,1,0,0,0
1,1,1,0,-0.05883115622483983,1,1,1,0,0,0,1,0,0,0.8169364388641575,0.8508990749987682,-0.43006328066053623,-0.026393431304754394,0.3605402966373459,0,0,0,0,0.6403901608749828,0,1,0,1,0,0,0,0,1,0
1,0,1,0,-1.1514109446521854,1,1,0,0,0,0,0,0,1,0.32789539348987795,0.3494675478213417,-0.2665744840794748,-1.1015440337934654,-0.49692803731945906,0,1,0,1,-0.7629062424526118,0,1,0,1,0,0,0,0,1,0
1,0,0,0,-0.9086154361127753,1,0,0,0,0,0,0,0,1,0.17424398396349938,0.30498914720164017,-1.5531055525596276,-1.1015440337934654,-0.9256622042978615,0,0,1,1,-0.1985864437075998,0,1,0,1,0,0,0,0,1,0
0,1,1,0,0.5886235332135872,1,1,1,1,1,0,0,0,1,0.08998353357806618,0.14656332308733605,-0.6726073390253395,0.5111818699396011,0.7892744636157483,1,0,0,0,0.7328685344610462,1,0,0,1,0,0,0,1,0,0
0,0,1,1,-1.1109450265622838,1,0,0,0,0,0,0,0,0,-0.6584475257278416,-0.6804545287504182,0.28312515427112994,-1.1015440337934654,-0.9256622042978615,0,1,0,0,-0.9590747102994454,1,0,0,1,0,0,0,0,0,1
1,0,0,0,-0.5848880913935618,1,0,0,0,0,0,0,0,0,-1.4894868697253503,-1.3803395511765644,-1.240136294318245,-1.1015440337934654,-1.3543963712762639,0,0,1,0,-0.567792114040374,0,0,1,0,1,0,0,0,0,1
0,0,1,0,1.6002714854611295,0,0,1,1,1,1,1,1,0,0.025549071518617093,0.11815240879604122,-1.0966469285155342,2.1239077736726677,1.2180086305941509,1,0,0,0,0.9934619149702203,1,0,0,0,0,1,1,0,0,0
0,0,1,0,0.5886235332135872,1,1,1,1,1,0,1,0,1,1.124239257916914,1.0450340255975281,0.8984370476293376,1.0487571711839567,1.2180086305941509,0,0,0,0,0.942024995306844,0,1,0,1,0,0,0,0,1,0
0,0,1,1,-0.9086154361127753,1,1,0,0,0,0,0,1,0,0.7012848402959156,0.6957401333865754,0.04141325655667881,-0.56396873254911,-0.06819387034105659,0,0,0,1,-0.10510515003689166,0,1,0,1,0,0,0,0,1,0
0,0,1,1,0.871884959842899,1,1,1,0,0,1,0,0,0,-0.1561891548029057,-0.13555446277717523,-0.2387790597604621,-0.026393431304754394,0.3605402966373459,1,0,0,0,0.7371028719113436,1,0,0,0,0,1,1,0,0,0
1,1,0,0,-0.6658199275733652,1,1,0,0,0,0,1,0,1,0.7227629943157317,0.504730112947523,2.5550220638372076,-0.56396873254911,-0.06819387034105659,0,0,1,1,0.14657013474037628,0,1,0,1,0,0,0,0,1,0
1,0,0,0,0.3053621065842754,1,1,0,1,1,0,1,1,1,1.2531081820358123,1.250690548525909,-0.014628816502108885,1.0487571711839567,1.2180086305941509,0,0,1,1,0.8799780023607607,0,1,0,1,0,0,0,0,0,1
0,1,1,0,0.871884959842899,1,1,0,1,0,0,1,1,1,1.2151083710776756,1.1451977273578988,0.7853198856037841,0.5111818699396011,0.7892744636157483,1,0,0,1,1.048959074744102,0,1,0,0,1,0,0,1,0,0
0,0,0,0,-1.232342780831989,1,0,1,0,1,0,0,0,1,0.5195466139743928,0.1254281965517331,4.645635050117454,-0.026393431304754394,-0.06819387034105659,0,1,1,0,-1.2564051503285414,0,1,0,1,0,0,0,0,1,0
0,0,1,0,1.6002714854611295,1,1,1,0,1,0,1,1,1,1.3472816265842376,1.3190234658565683,0.2878900841543919,1.0487571711839567,1.2180086305941509,0,0,0,0,1.2625940105688604,0,1,0,0,0,1,0,0,1,0
0,0,0,1,-0.949081354202677,1,0,1,0,1,1,0,1,0,0.9342402031262311,1.0527021781953914,-1.4339823054781318,1.0487571711839567,0.7892744636157483,1,0,0,0,-0.09662898947030026,0,1,0,1,0,0,1,0,0,0
1,0,0,0,1.1956123045621125,1,0,0,0,0,0,0,0,1,-1.4762695441746942,-1.4945261686708442,0.2669649155321559,-1.1015440337934654,-1.3543963712762639,1,0,1,0,0.10633962390699238,0,0,1,0,0,1,0,1,0,0
0,0,0,0,-0.6253540094834634,1,1,0,0,1,1,1,0,1,0.14120067008685888,0.014280646419275797,1.4969591908959843,0.5111818699396011,0.7892744636157483,0,0,1,0,0.055295049348889756,1,0,0,1,0,0,0,0,0,1
1,1,0,0,-0.34209258285415167,1,1,0,1,0,0,1,1,1,1.2068475426085152,1.2167277203983964,-0.15855135774875936,0.5111818699396011,0.7892744636157483,0,0,1,1,0.5520920074741574,0,1,0,1,0,0,0,0,1,0
0,0,0,1,-1.2728086989218905,1,0,1,0,0,0,0,0,0,-0.4899266249569749,-0.48903267126859074,0.006326045598127978,-0.56396873254911,-0.49692803731945906,0,1,0,0,-1.8848638896345904,1,0,0,1,0,0,0,0,0,1
1,0,0,0,-0.42302441903395505,1,0,1,0,0,1,0,0,0,-0.3181013927984442,-0.2563821818318678,-0.7193412719536934,-0.026393431304754394,-0.06819387034105659,0,0,1,0,0.13274103704808404,1,0,0,1,0,0,0,0,0,1
0,0,0,0,-1.1514109446521854,1,0,0,1,0,0,1,1,1,0.1296355102300349,0.01876240247300405,1.3074767853110076,0.5111818699396011,0.3605402966373459,1,1,1,0,-0.852600758187243,1,0,0,1,0,0,1,0,0,0
0,1,1,0,0.9528167960227024,1,1,1,1,1,1,0,0,0,1.0218049848993287,1.0861557665509654,-0.7967116099710541,1.0487571711839567,1.2180086305941509,0,0,0,0,1.0604123989296594,0,1,0,0,1,0,0,0,1,0
0,1,1,0,1.6002714854611295,1,1,0,1,1,1,1,1,1,1.522411190130432,1.4738055544328454,0.5226170278354262,1.5863324724283123,1.6467427975725533,1,0,0,0,1.2902072182438613,0,1,0,0,0,1,0,1,0,0
1,0,0,0,1.4788737311914244,1,0,0,0,0,0,0,0,0,-1.479573875562358,-1.4649074030615634,-0.12249656468446883,-1.1015440337934654,-1.3543963712762639,1,0,1,0,0.20216836871087285,0,0,1,0,0,1,0,1,0,0
0,0,0,0,1.0337486322025058,1,0,1,1,1,1,0,0,1,0.005723083192632976,0.02292337673276543,-0.20372670199855036,1.0487571711839567,0.7892744636157483,1,0,1,0,0.8301416999963073,1,0,0,0,0,1,0,1,0,0
0,0,0,0,-0.1802289104945449,1,1,1,0,1,0,0,0,0,-0.1892324686795462,-0.18633244482895397,-0.02778652061157237,-0.026393431304754394,0.3605402966373459,0,0,1,0,0.3075399707347866,1,0,0,0,1,0,0,0,0,1
1,0,1,0,1.4384078131015228,1,1,1,1,0,1,1,1,1,1.4199769171128467,1.4139936262695627,0.021805697491608243,1.5863324724283123,1.6467427975725533,0,0,0,0,1.243695051816187,0,1,0,1,0,0,0,0,1,0
0,1,0,0,0.9528167960227024,1,1,0,1,1,0,1,1,1,1.322499141176757,1.1090421393566052,2.4801832706220504,1.0487571711839567,1.2180086305941509,1,0,1,1,1.0648720532947875,0,1,0,0,1,0,1,0,0,0
1,0,0,0,-0.5848880913935618,1,0,0,0,0,0,0,0,0,-1.5109650237451666,-1.494647210382341,-0.14095360533899426,-1.1015440337934654,-1.3543963712762639,0,0,1,0,-0.6712229779157246,0,0,1,1,0,0,0,0,1,0
0,0,0,0,-1.2728086989218905,1,0,0,0,1,1,1,1,0,0.3097215708577253,0.30828384354384014,0.006326045598127978,1.0487571711839567,0.7892744636157483,1,1,1,0,-1.6399584513310363,1,0,0,0,1,0,0,1,0,0
1,0,0,0,-1.2728086989218905,1,1,0,0,0,0,0,0,1,-1.3440962886681322,-1.3407116757273239,0.006326045598127978,-1.1015440337934654,-0.9256622042978615,0,1,1,0,-2.331275708287365,0,0,1,1,0,0,0,0,0,1
1,1,0,0,-1.1514109446521854,0,0,0,0,0,0,0,0,1,-1.3060964777099955,-1.2888202083376719,-0.15936356170613383,-1.1015440337934654,-1.3543963712762639,1,1,1,0,-1.4379989823847104,1,0,0,1,0,0,1,0,0,0
0,0,1,0,0.9123508779328007,1,0,1,1,0,1,0,0,0,-0.2619277592081554,-0.2688571002548348,0.09103153467987654,0.5111818699396011,0.3605402966373459,0,0,0,0,0.7051800644277284,1,0,0,0,0,1,0,0,0,1
1,0,0,0,-1.232342780831989,1,0,0,0,0,1,1,1,0,0.18415697812649146,0.048002832510030284,1.6047434337098252,0.5111818699396011,0.3605402966373459,0,1,1,0,-1.2782072106164517,1,0,0,1,0,0,0,0,1,0
0,0,0,0,-1.0704791084723821,1,0,0,0,0,1,0,0,1,-0.4601876424679985,-0.5513573437418765,1.0946793484790607,-0.56396873254911,-0.49692803731945906,1,1,1,0,-0.7913353433052505,1,0,0,1,0,0,1,0,0,0
0,0,0,0,0.5886235332135872,1,0,1,1,0,1,0,0,1,-0.19253680006721033,-0.16114028529750338,-0.36486844385697775,0.5111818699396011,0.3605402966373459,0,0,1,0,0.6415995751898792,1,0,0,0,1,0,0,0,0,1
1,1,1,0,-1.232342780831989,1,0,0,0,1,0,0,0,1,0.3130259022453896,0.17484864168473502,1.6242363286868016,-0.56396873254911,-0.49692803731945906,0,1,0,1,-1.2428735650457032,0,1,0,1,0,0,0,0,1,0
1,0,1,1,-0.38255850094405336,1,0,0,0,0,0,0,0,1,-1.4779217098685262,-1.4952042846430993,0.25549609443420385,-1.1015440337934654,-1.3543963712762639,1,0,0,0,-0.5178225564620867,0,0,1,0,1,0,0,1,0,0
1,0,0,0,-1.2728086989218905,1,0,0,0,0,0,0,0,1,-0.6534910286463453,-0.652120140207497,0.006326045598127978,-1.1015440337934654,-0.9256622042978615,0,1,1,0,-1.949282341740538,1,0,0,1,0,0,0,0,0,1
0,1,0,0,0.7909531236630957,1,1,1,0,1,0,0,0,0,-0.16114565188440175,-0.1668810645009648,0.07342658792270589,-0.026393431304754394,0.3605402966373459,1,0,1,0,0.7033976558555627,1,0,0,0,0,1,1,0,0,0
0,0,1,0,1.4384078131015228,1,1,1,0,0,1,0,0,0,-0.21401495408702662,-0.20680316842571222,-0.07795205915524887,-0.026393431304754394,0.3605402966373459,1,0,0,0,0.8593483811615777,1,0,0,0,1,0,1,0,0,0
1,0,0,0,-1.232342780831989,1,0,0,0,0,0,0,0,0,-1.479573875562358,-1.3473010684117241,-1.5141197626056846,-1.1015440337934654,-1.3543963712762639,0,1,1,0,-1.9126840808741297,0,0,1,0,1,0,0,0,0,1
1,0,1,1,0.3053621065842754,1,0,0,0,1,0,1,0,1,0.671545857806939,0.6308757991495103,0.458073886689452,-0.026393431304754394,-0.06819387034105659,0,0,0,1,0.7526178737286082,0,1,0,0,1,0,0,0,1,0
0,0,0,0,-0.7467517637531685,1,0,0,1,0,0,0,0,0,-0.438709488448182,-0.4201970512619095,-0.2039187502249253,-0.56396873254911,-0.49692803731945906,1,0,1,0,-0.20899616919105546,1,0,0,0,1,0,0,1,0,0
0,0,1,0,-1.2728086989218905,0,0,0,0,0,0,0,1,0,-0.9822720017189185,-0.9799424262564098,0.006326045598127978,-0.56396873254911,-0.9256622042978615,0,1,0,0,-2.102937833415696,1,0,0,1,0,0,0,0,1,0
0,1,1,0,0.38629394276407875,1,1,0,0,0,0,1,1,1,1.001978996573344,0.9611828353564992,0.44816499840948915,-0.026393431304754394,0.3605402966373459,0,0,0,1,0.8543888895411668,0,1,0,1,0,0,0,0,1,0
0,0,1,0,0.3053621065842754,1,1,0,1,0,0,1,0,0,-0.027320230684007768,0.03729506939787977,-0.7636433059922644,-0.026393431304754394,0.3605402966373459,1,0,0,0,0.6004446143493073,1,0,0,0,1,0,1,0,0,0
1,1,1,0,-0.018365238134938143,1,1,0,0,1,1,1,1,1,1.3274556382582534,1.3176449557550578,0.07028710724131718,1.0487571711839567,1.2180086305941509,0,0,0,0,0.7518483193809301,0,1,0,1,0,0,0,0,1,0
1,1,0,0,-0.42302441903395505,1,1,0,0,0,0,1,1,1,1.056500464469801,0.9863173748761619,0.7940162108039528,-0.026393431304754394,0.3605402966373459,0,0,1,1,0.4524794969642893,0,1,0,1,0,0,0,0,1,0
0,0,1,1,-1.3132746170117922,1,1,0,1,1,1,1,0,0,0.28493908545024493,0.2835736209773392,0.006326045598127978,1.0487571711839567,1.2180086305941509,0,1,0,0,-4.359284532484085,1,0,0,0,0,1,0,0,0,1
0,0,0,1,0.3053621065842754,1,0,1,0,0,1,1,0,1,-0.02071156790867981,-0.10655960964343335,1.0165453277796972,0.5111818699396011,0.3605402966373459,1,0,0,0,0.5572807527200816,1,0,0,1,0,0,0,1,0,0
1,0,0,0,-0.2611607466743483,1,1,1,1,0,0,0,0,1,0.7244151600095641,0.6658217562175966,0.6683347480852916,-0.026393431304754394,0.3605402966373459,1,0,1,0,0.4893857013374012,0,1,0,1,0,0,0,1,0,0
1,1,0,0,-0.6658199275733652,1,1,0,0,0,0,0,0,1,0.3212867307145498,0.4642671234948775,-1.7029571826950962,-1.1015440337934654,-0.49692803731945906,1,0,1,1,0.13684444389122322,0,1,0,1,0,0,1,0,0,0
1,0,0,1,0.9123508779328007,1,0,0,0,0,0,0,0,0,-1.5076606923575024,-1.5331518938967403,0.3536539924605371,-1.1015440337934654,-1.3543963712762639,1,0,0,0,-0.008275114960226216,0,0,1,0,1,0,1,0,0,0
1,1,1,1,-0.9895472722925787,1,0,0,0,0,0,1,0,1,0.5195466139743928,0.2697770800443765,2.9375701277602833,-0.56396873254911,-0.49692803731945906,1,0,0,1,-0.3480198352197424,0,1,0,1,0,0,0,1,0,0
1,0,0,0,0.10303251613476692,1,0,0,0,0,0,0,0,0,-1.4580957215425419,-1.4233144197353413,-0.3612542596819145,-1.1015440337934654,-1.3543963712762639,1,0,1,0,-0.18680129018320935,0,0,1,0,1,0,1,0,0,0
1,0,0,1,1.519339649281326,1,1,1,1,0,1,0,0,0,0.007375248886464908,0.00917248276267156,-0.021520947226116867,0.5111818699396011,0.7892744636157483,1,0,0,0,0.9444916967895197,1,0,0,0,1,0,1,0,0,0
1,0,1,1,0.871884959842899,0,0,0,0,1,1,0,1,0,-0.6187955490758729,-0.6541030593023396,0.4391405099942255,0.5111818699396011,-0.06819387034105659,1,0,0,0,0.5479255818844937,1,0,0,0,0,1,0,1,0,0
1,0,0,0,-0.9086154361127753,1,0,0,0,0,0,0,0,0,-1.4944433668068464,-1.3889789771405556,-1.1963855744810414,-1.1015440337934654,-1.3543963712762639,0,0,1,0,-0.9439051794166333,0,0,1,0,1,0,0,0,0,1
0,0,1,1,1.397941895011621,1,1,1,0,1,1,1,1,1,1.4761505507031356,1.4476095085055536,0.28679098228172295,1.5863324724283123,1.6467427975725533,0,0,0,0,1.2403063525450546,0,1,0,0,1,0,0,0,1,0
0,0,0,0,-0.54442217330366,1,0,1,0,1,1,1,1,1,1.383629271848542,1.2213482430098812,1.8725142541829642,1.5863324724283123,1.2180086305941509,0,0,1,0,0.4059327784597534,0,1,0,1,0,0,0,0,1,0
1,0,0,0,1.0337486322025058,1,1,0,0,0,1,0,0,0,0.5261552767497211,0.5977342782279913,-0.8651407936309785,-0.56396873254911,-0.06819387034105659,1,0,1,0,0.9789191136449125,0,1,0,1,0,0,1,0,0,0
1,0,0,0,-1.2728086989218905,1,0,0,0,1,1,0,0,0,-0.3197535584922763,-0.3193558096452842,0.006326045598127978,-0.026393431304754394,-0.06819387034105659,0,1,1,0,-1.8241778810531708,1,0,0,1,0,0,0,0,0,1
1,1,0,0,-1.2728086989218905,1,1,0,0,0,0,1,1,1,0.9524140257583833,0.9491022821017652,0.006326045598127978,-0.026393431304754394,0.3605402966373459,0,1,1,1,-1.494945898656983,0,1,0,1,0,0,0,0,1,0
0,0,1,0,1.4788737311914244,1,0,1,1,0,1,1,1,1,1.3770206090732142,1.3296397096258799,0.5131413149994031,1.5863324724283123,1.2180086305941509,1,0,0,0,1.237733273061969,0,1,0,0,1,0,0,1,0,0
1,0,1,1,0.3053621065842754,1,1,0,0,0,0,0,0,0,-1.3044443120161635,-1.3037287092861274,0.03654003281243472,-1.1015440337934654,-0.9256622042978615,1,0,0,0,-0.004892609920627782,0,0,1,0,0,1,0,1,0,0
1,0,1,1,1.519339649281326,1,0,0,0,0,0,0,0,0,-1.466356550011702,-1.446800897946168,-0.18080574618080147,-1.1015440337934654,-1.3543963712762639,1,0,0,0,0.228045290252247,0,0,1,0,0,1,0,1,0,0
0,0,1,1,1.4384078131015228,1,1,1,1,1,1,1,1,1,0.803719113313501,0.8640215942061267,-0.7412838088127975,2.1239077736726677,2.0754769645509556,1,0,0,0,1.1376300859328263,1,0,0,0,0,1,1,0,0,0
0,0,0,0,-1.2728086989218905,1,0,0,0,0,0,0,0,0,0.19076564090181963,0.1896747752246357,0.006326045598127978,-1.1015440337934654,-0.9256622042978615,0,1,1,1,-1.6708885976207366,0,1,0,1,0,0,0,0,1,0
0,1,0,0,-0.7062858456632669,1,1,0,0,0,0,0,0,1,0.3212867307145498,0.3834029201460036,-0.7460997005129918,-1.1015440337934654,-0.49692803731945906,0,0,1,1,0.07634381227173112,0,1,0,1,0,0,0,0,0,1
0,0,1,1,-1.191876862742087,1,1,0,1,1,0,1,0,1,0.14615716716835514,0.44775932203031227,-3.573868998505715,0.5111818699396011,0.7892744636157483,1,1,0,0,-0.9190072326393062,1,0,0,1,0,0,1,0,0,0
1,0,1,0,1.397941895011621,1,0,1,1,0,0,0,1,1,0.8549362498222938,0.8449997126026951,0.08807982900901294,0.5111818699396011,0.3605402966373459,1,0,0,0,1.124295076419743,0,1,0,0,1,0,0,1,0,0
1,0,1,1,0.5886235332135872,1,1,1,1,1,1,1,1,1,0.8516319184346298,0.8940738431948061,-0.5315949072770394,2.1239077736726677,2.0754769645509556,0,0,0,0,0.9113902206573266,1,0,0,0,0,1,0,0,0,1
0,0,0,0,0.3053621065842754,1,1,0,0,1,1,1,1,1,0.5294596081373849,0.5097957085736557,0.2144126994773026,1.0487571711839567,1.2180086305941509,0,0,1,0,0.724421367021534,1,0,0,0,1,0,0,0,0,1
1,1,0,0,0.34582802467417706,1,1,0,0,1,0,1,1,1,1.11267409806009,1.2321247337414933,-1.4518375859719421,0.5111818699396011,0.7892744636157483,0,0,1,1,0.8920584858651927,0,1,0,1,0,0,0,0,1,0
1,0,1,0,1.5598055673712277,1,0,0,1,1,1,1,1,1,1.3390207981150775,1.250590199499994,1.0001891416071205,1.5863324724283123,1.2180086305941509,0,0,0,0,1.2411832993371386,0,1,0,0,0,1,0,0,1,0
1,0,0,0,0.34582802467417706,1,1,0,0,0,0,0,0,1,-1.3044443120161635,-1.3323543972007674,0.37526474077203564,-1.1015440337934654,-0.9256622042978615,1,0,1,0,-0.01145491116462444,0,0,1,1,0,0,1,0,0,0
0,0,1,1,1.5598055673712277,1,0,1,1,1,1,1,1,0,0.7442411483355482,0.8036948033935385,-0.7291875550118416,2.1239077736726677,1.6467427975725533,1,0,0,0,1.15200794821275,1,0,0,0,0,1,0,1,0,0
0,0,0,0,-0.6658199275733652,1,1,0,1,1,0,0,1,1,1.0201528192054963,1.0702853319383139,-0.6284113470895254,0.5111818699396011,0.7892744636157483,1,0,1,1,0.26879360008634384,0,1,0,1,0,0,0,1,0,0
0,1,0,0,0.5076916970337838,1,1,1,1,0,1,1,0,1,1.068065624326625,1.077449008499028,-0.1478844124419187,1.0487571711839567,1.2180086305941509,0,0,1,0,0.9210389855682674,0,1,0,1,0,0,0,0,1,0
1,0,1,0,-1.1514109446521854,1,0,0,0,1,1,0,0,1,0.5245031110558886,0.4956696980064724,0.3230855889739221,-0.026393431304754394,-0.06819387034105659,0,1,0,0,-0.7269918960352327,0,1,0,1,0,0,0,0,0,1
1,0,0,0,-0.34209258285415167,1,1,0,0,0,0,0,0,0,-1.3259224660359796,-1.3195020680244107,-0.030223132483693033,-1.1015440337934654,-0.9256622042978615,0,0,1,0,-0.3381855992812584,0,0,1,0,1,0,0,0,1,0
1,0,1,1,1.2360782226520142,1,0,1,1,1,1,1,0,0,0.3229388964083817,0.3115523915023722,0.12359282649134008,1.5863324724283123,1.2180086305941509,1,0,0,0,0.961284513375075,1,0,0,0,0,1,0,1,0,0
1,0,0,1,-1.232342780831989,1,1,1,1,0,0,0,0,0,-0.12479800662009713,0.0842444922742315,-2.469271616477307,-0.026393431304754394,0.3605402966373459,1,1,0,0,-1.267907946211181,1,0,0,1,0,0,1,0,0,0
0,0,1,0,1.4788737311914244,1,1,0,0,0,0,0,0,1,-1.269748832445691,-1.2910047352602176,0.2953294015610601,-1.1015440337934654,-0.9256622042978615,0,0,0,0,0.34772572763690635,0,0,1,0,1,0,0,0,1,0
0,0,0,1,1.1956123045621125,1,1,0,0,1,0,1,1,1,1.170499897344211,1.275144369320618,-1.278633015222582,0.5111818699396011,0.7892744636157483,0,0,0,1,1.160402127658086,0,1,0,0,1,0,0,0,1,0
1,0,0,0,-0.9895472722925787,1,0,0,0,0,0,0,1,1,-0.3296665526552684,-0.32903398015049695,0.003889433726005931,-0.56396873254911,-0.49692803731945906,1,0,1,0,-0.528134935001432,1,0,0,1,0,0,0,1,0,0
0,1,0,0,-0.7872176818430703,1,1,1,0,0,0,1,1,1,1.191978051364027,1.182138688767382,0.07530090474741238,0.5111818699396011,0.7892744636157483,0,0,1,0,0.15974138727102333,0,1,0,1,0,0,0,0,1,0
0,1,0,0,-1.2728086989218905,1,0,0,0,0,0,0,0,1,0.149461498556019,0.1484910709471341,0.006326045598127978,-1.1015440337934654,-0.9256622042978615,0,1,1,1,-1.6819937450070437,0,1,0,1,0,0,0,0,1,0
0,0,0,0,-0.46349033712385673,1,0,1,0,1,1,0,0,1,-0.14792832633374559,-0.15885703068953524,0.13442221258966092,0.5111818699396011,0.3605402966373459,0,0,1,0,0.1353462978024307,1,0,0,0,1,0,0,0,1,0
0,1,1,0,0.9123508779328007,1,1,0,1,1,1,0,0,0,0.849979752740798,0.8889291461792196,-0.4902111519061964,0.5111818699396011,0.7892744636157483,0,0,0,0,1.0092694288590027,0,1,0,1,0,0,0,0,1,0
1,0,1,1,1.6002714854611295,1,1,1,1,1,1,1,0,1,0.5327639395250487,0.4877761546866181,0.5139535189567705,1.5863324724283123,1.6467427975725533,1,0,0,0,1.0891643788118093,1,0,0,0,0,1,1,0,0,0
0,0,0,1,-1.1514109446521854,1,1,0,0,0,0,0,0,1,-1.2978356492408352,-1.4395525659933277,1.7217008035716586,-1.1015440337934654,-0.9256622042978615,0,1,0,0,-1.5605092267480227,0,0,1,1,0,0,0,0,0,1
1,0,0,0,-0.6253540094834634,1,1,0,0,1,1,0,0,0,0.7277194913972279,0.6000582754957399,1.4854927820860002,-0.026393431304754394,0.3605402966373459,0,0,1,0,0.20705040791611462,0,1,0,0,1,0,0,0,1,0
1,0,0,0,-1.2728086989218905,1,0,0,0,0,1,0,0,0,-0.44531815122351015,-0.44455427064888897,0.006326045598127978,-0.56396873254911,-0.49692803731945906,0,1,1,0,-1.8683816790624461,1,0,0,1,0,0,0,0,0,1
0,0,0,0,-1.1514109446521854,1,0,0,0,0,0,0,0,0,0.1874613095141558,0.1814380343691354,0.06480473052904602,-1.1015440337934654,-0.9256622042978615,0,1,1,1,-0.8068829365694464,0,1,0,1,0,0,0,0,1,0
1,0,1,1,1.6002714854611295,1,1,1,0,1,0,1,1,1,1.3671076149102217,1.4583616653287823,-1.126969209590826,1.0487571711839567,1.2180086305941509,1,0,0,0,1.2875057745162337,0,1,0,0,1,0,1,0,0,0
1,0,0,0,-0.7467517637531685,0,0,0,1,0,0,0,0,1,-1.1111409258378164,-1.1453832497254592,0.4435238329387854,-0.56396873254911,-0.9256622042978615,0,0,1,0,-0.5550165877774664,1,0,0,1,0,0,0,0,0,1
1,0,0,0,-1.0300131903824803,1,0,1,0,0,0,0,0,0,0.31798239932688543,0.37841380854210016,-0.7260498656795341,-0.56396873254911,-0.49692803731945906,0,0,1,0,-0.4041542649204177,0,1,0,1,0,0,0,0,0,1
0,0,0,0,-0.8276835999329719,1,0,0,0,0,0,0,1,0,0.44189482636428734,0.46780205811202974,-0.3218043531809005,-0.56396873254911,-0.49692803731945906,1,0,1,1,-0.043271601663507506,0,1,0,1,0,0,1,0,0,0
0,0,0,0,-1.2728086989218905,1,0,0,0,0,0,0,0,1,-1.4713130470931979,-1.4675574849020288,0.006326045598127978,-1.1015440337934654,-1.3543963712762639,0,1,1,0,-2.4363463246567685,0,0,1,1,0,0,0,0,0,1
0,0,0,0,1.0742145502924074,1,1,1,1,1,1,0,1,0,0.49972062564840825,0.5395826952284666,-0.4889256420371482,1.5863324724283123,1.6467427975725533,1,0,1,0,0.976130294049845,1,0,0,0,1,0,0,1,0,0
1,0,0,0,-0.54442217330366,1,0,0,1,1,0,0,0,1,0.4468513234457836,0.45229675471211467,-0.07985306903690945,-0.026393431304754394,-0.06819387034105659,0,0,1,1,0.2420638329550272,0,1,0,1,0,0,0,0,1,0
0,0,1,0,1.5598055673712277,0,0,0,1,1,1,1,1,0,-0.21401495408702662,-0.20921550305074893,-0.049407161167016184,1.5863324724283123,0.7892744636157483,1,0,0,0,0.8857360306171643,1,0,0,0,0,1,1,0,0,0
0,0,0,0,0.3053621065842754,0,0,1,0,0,1,1,1,1,-0.3362752154305966,-0.2911861559194732,-0.5219314082778105,1.0487571711839567,0.3605402966373459,1,0,1,0,0.49715911433352067,1,0,0,0,1,0,1,0,0,0
0,0,1,1,1.0337486322025058,1,0,0,1,1,0,1,0,1,0.8863273980051023,0.9978126633679134,-1.3497744928860391,0.5111818699396011,0.3605402966373459,0,0,0,1,1.064986281959953,0,1,0,1,0,0,0,0,1,0
1,0,1,0,-0.7467517637531685,1,0,0,1,1,1,1,1,0,0.5691115847893535,0.6479905699699752,-0.9530028571971354,1.5863324724283123,1.2180086305941509,0,0,0,0,0.09583384975116763,1,0,0,0,0,1,0,0,0,1
1,0,0,0,-1.2728086989218905,1,0,0,0,0,0,0,0,0,-1.4894868697253503,-1.4856783147841295,0.006326045598127978,-1.1015440337934654,-1.3543963712762639,0,1,1,0,-2.4528971004684124,0,0,1,1,0,0,0,0,0,1
0,0,1,0,0.34582802467417706,1,0,0,0,0,0,0,0,0,-1.4564435558487099,-1.4295077600719857,-0.26847622993089193,-1.1015440337934654,-1.3543963712762639,1,0,0,0,-0.09281032421792874,0,0,1,0,0,1,0,1,0,0
1,0,1,0,0.38629394276407875,1,1,0,1,1,0,1,0,1,1.0085876593486722,0.9728319402807067,0.3882939638373624,0.5111818699396011,0.7892744636157483,1,0,0,1,0.8567542891353529,0,1,0,1,0,0,1,0,0,0
0,1,0,0,-0.1802289104945449,1,1,0,1,1,1,0,0,0,-0.009146408051855348,0.06447631422103092,-0.8708542283656096,0.5111818699396011,0.7892744636157483,1,0,1,0,0.38380050480641187,1,0,0,1,0,0,1,0,0,0
1,0,1,0,1.6002714854611295,1,1,1,1,1,1,0,1,1,0.5806767446461776,0.6035938830492367,-0.29121133745315486,1.5863324724283123,1.6467427975725533,1,0,0,0,1.116386942122883,1,0,0,0,0,1,1,0,0,0
0,0,1,0,1.4384078131015228,1,1,1,1,1,1,1,1,0,1.6578887770246584,1.6672249561594006,-0.16767670809336846,2.1239077736726677,2.0754769645509556,1,0,0,0,1.2871085863460117,0,1,0,0,0,1,1,0,0,0
1,0,1,1,0.7504872055731939,1,1,0,0,0,0,0,0,1,-1.347400620055796,-1.3473010684117244,0.045311835552072424,-1.1015440337934654,-0.9256622042978615,0,0,0,0,0.11398913068952506,0,0,1,0,1,0,0,0,0,1
1,0,1,1,-0.7062858456632669,1,0,0,0,0,0,0,0,0,-1.4894868697253503,-1.402432320537873,-0.9787149139048545,-1.1015440337934654,-1.3543963712762639,0,0,0,0,-0.7009857073378195,0,0,1,0,1,0,0,0,0,1
0,0,1,1,0.7909531236630957,1,0,0,0,0,0,0,0,0,-1.4828782069500221,-1.4548222163485245,-0.2808192919472653,-1.1015440337934654,-1.3543963712762639,0,0,0,0,0.03363576401754104,0,0,1,0,0,1,0,0,0,1
1,0,0,0,1.4788737311914244,1,0,0,0,0,0,0,0,1,-1.5010520295821745,-1.4417251556102857,-0.6502172576842316,-1.1015440337934654,-1.3543963712762639,1,0,1,0,0.22362822643169175,0,0,1,0,0,1,1,0,0,0
1,0,1,0,-0.9086154361127753,1,0,1,0,0,1,0,0,1,-0.3230578898799402,-0.2588981317659116,-0.7480489900106871,-0.026393431304754394,-0.06819387034105659,1,0,0,0,-0.36394864936381166,1,0,0,1,0,0,0,1,0,0
1,0,1,1,1.4788737311914244,1,1,0,1,1,0,1,1,1,1.3307599696459171,1.3515327280736882,-0.29171749354252974,1.0487571711839567,1.2180086305941509,0,0,0,1,1.2417011177139639,0,1,0,0,0,1,0,0,1,0
1,0,0,0,-1.2728086989218905,1,0,0,0,0,0,0,0,0,-0.6848821768291539,-0.6834197554583983,0.006326045598127978,-1.1015440337934654,-0.9256622042978615,0,1,1,0,-1.9624364926740356,1,0,0,1,0,0,0,0,1,0
0,0,1,0,1.5598055673712277,1,0,0,0,0,0,0,0,0,-1.5076606923575024,-1.496212062244403,-0.083451090422574,-1.1015440337934654,-1.3543963712762639,1,0,0,0,0.1899555228643337,0,0,1,0,0,1,0,1,0,0
0,0,0,1,-1.2728086989218905,1,0,0,0,0,0,0,1,0,0.46006864899644,0.4581925271139463,0.006326045598127978,-0.56396873254911,-0.49692803731945906,0,1,0,1,-1.602921770608873,0,1,0,1,0,0,0,0,1,0
1,0,0,0,-1.2728086989218905,1,0,0,0,0,0,0,0,0,-1.4531392244610457,-1.449436655019928,0.006326045598127978,-1.1015440337934654,-1.3543963712762639,1,1,1,0,-2.4202194806295787,0,0,1,1,0,0,0,1,0,0
1,1,1,1,-0.018365238134938143,1,0,0,1,0,0,1,1,1,0.9656313513090397,0.8130416190949692,1.7722604999181835,0.5111818699396011,0.3605402966373459,0,0,0,1,0.6523370304609829,0,1,0,1,0,0,0,0,0,1
0,0,0,1,0.7504872055731939,0,0,1,0,1,1,1,1,0,-0.15123265772140967,-0.14528601956571058,-0.06514790265077064,1.5863324724283123,0.7892744636157483,1,0,0,0,0.6980506399239855,1,0,0,0,1,0,1,0,0,0
0,0,1,1,-1.1109450265622838,0,0,0,1,0,0,0,0,1,-1.1309669141638008,-1.031339689194732,-1.1398561790478214,-0.56396873254911,-0.9256622042978615,0,1,0,0,-1.132254359327126,1,0,0,1,0,0,0,0,1,0
1,0,0,0,-1.2728086989218905,0,0,0,0,0,0,0,1,1,-0.9740111732497584,-0.9717056854009095,0.006326045598127978,-0.56396873254911,-0.9256622042978615,1,1,1,0,-2.098580407478616,1,0,0,1,0,0,1,0,0,0
1,0,1,1,1.5598055673712277,1,1,0,0,0,0,0,0,0,-1.3490527857496282,-1.3783686627934564,0.3934384669717958,-1.1015440337934654,-0.9256622042978615,1,0,0,0,0.29677981594271263,0,0,1,0,0,1,0,1,0,0
0,0,1,0,1.1956123045621125,1,0,1,0,1,1,1,1,1,1.3076296499322688,1.3814248964883644,-0.9183288596804939,1.5863324724283123,1.2180086305941509,0,0,0,0,1.1797337876848157,0,1,0,0,1,0,0,0,1,0
1,0,0,0,-0.5848880913935618,1,0,0,0,0,1,0,0,1,0.3691995358356786,0.38012652767237076,-0.14203654394882134,-0.56396873254911,-0.49692803731945906,1,0,1,0,0.19023052728798118,0,1,0,1,0,0,1,0,0,0
1,0,0,0,-0.949081354202677,1,0,0,0,0,0,0,0,0,-1.46470438431787,-1.4675574849020288,0.08429762550601409,-1.1015440337934654,-1.3543963712762639,0,0,1,0,-1.0798433503774778,0,0,1,1,0,0,0,0,0,1
0,0,1,1,-1.1109450265622838,1,0,0,1,0,0,0,1,1,0.6236330526858102,0.530346377008129,1.0823338483269758,-0.026393431304754394,-0.06819387034105659,0,1,0,1,-0.5786529889170653,0,1,0,1,0,0,0,0,1,0
0,1,0,0,1.2765441407419158,1,1,0,1,1,1,0,1,0,0.32789539348987795,0.37363723426920087,-0.5525718025697395,1.0487571711839567,1.2180086305941509,1,0,1,0,0.9869860146026653,1,0,0,1,0,0,0,1,0,0
1,0,0,0,-0.949081354202677,1,1,0,0,0,0,0,0,1,0.3807646956925026,0.37399473170216524,0.06697060774870577,-1.1015440337934654,-0.49692803731945906,0,0,1,1,-0.24728428742046316,0,1,0,1,0,0,0,0,1,0
0,0,0,0,0.6290894513034889,1,0,0,1,0,0,0,0,0,0.3444170504281982,0.45644221968215226,-1.3374654018768721,-0.56396873254911,-0.49692803731945906,0,0,1,1,0.8263488936645225,0,1,0,0,1,0,0,0,1,0
0,0,0,0,0.9528167960227024,1,1,1,1,0,0,1,1,1,1.383629271848542,1.3345523372075534,0.5329822973866719,1.0487571711839567,1.2180086305941509,1,0,1,0,1.1072043934347797,0,1,0,1,0,0,0,1,0,0
0,1,1,0,0.224430270404472,1,0,1,0,0,0,0,1,1,0.6186765556043143,0.5955726943301597,0.2520391164920617,-0.026393431304754394,-0.06819387034105659,0,0,0,0,0.712239666356348,0,1,0,1,0,0,0,0,1,0
0,0,0,0,-0.949081354202677,1,1,0,0,0,0,1,1,1,0.992066002410352,1.124636381666761,-1.6029207286118903,-0.026393431304754394,0.3605402966373459,0,0,1,1,-0.08258586302324361,0,1,0,1,0,0,0,0,1,0
1,0,0,0,-0.5848880913935618,1,1,0,0,0,0,0,0,1,0.35928654167268603,0.42039503852148363,-0.7354869021366408,-1.1015440337934654,-0.49692803731945906,1,0,1,1,0.20023196624034073,0,1,0,1,0,0,1,0,0,0
1,0,1,1,-0.7467517637531685,1,0,1,1,0,0,0,1,1,-0.10992851537560905,-0.21380785896837293,1.2329860795061487,0.5111818699396011,0.3605402966373459,1,0,0,0,-0.13745571883657545,1,0,0,0,0,1,1,0,0,0
1,0,0,0,-0.7062858456632669,1,0,0,0,1,1,1,1,1,1.2101518739961792,1.2801094412814713,-0.8695547020338126,1.0487571711839567,0.7892744636157483,0,0,1,0,0.26810559551252683,0,1,0,1,0,0,0,0,1,0
0,0,0,0,0.1839643523145703,1,0,0,0,0,0,0,0,1,-1.4845303726438543,-1.5141729858518063,0.4019791301307209,-1.1015440337934654,-1.3543963712762639,0,0,1,0,-0.23798911252551286,0,0,1,0,1,0,0,0,1,0
1,0,1,1,0.9123508779328007,1,0,0,1,0,1,0,0,0,0.48485113440392036,0.4058967106277514,0.9175302817034916,-0.026393431304754394,-0.06819387034105659,0,0,0,0,0.8996338670122436,0,1,0,1,0,0,0,0,1,0
0,0,1,1,-1.2728086989218905,1,0,0,0,0,0,0,0,1,-1.5109650237451666,-1.5070938410084302,0.006326045598127978,-1.1015440337934654,-1.3543963712762639,0,1,0,0,-2.4730350824844294,0,0,1,1,0,0,0,0,0,1
1,0,1,1,1.5598055673712277,1,1,1,1,1,1,1,1,1,1.6958885879827947,1.717300177833484,-0.31187487381469703,2.1239077736726677,2.0754769645509556,1,0,0,0,1.3225297696706624,0,1,0,0,0,1,1,0,0,0
0,0,0,0,-0.38255850094405336,1,1,0,1,0,0,0,0,1,0.47659030593476026,0.2691056066050694,2.438700331855062,-0.56396873254911,-0.06819387034105659,0,0,1,1,0.31604014454874013,0,1,0,1,0,0,0,0,1,0
0,0,1,0,-0.30162666476425,0,0,0,0,0,0,1,0,1,-1.015315315595559,-1.008935754067771,-0.04045690234660369,-0.56396873254911,-0.9256622042978615,1,0,0,0,-0.10922049498098682,1,0,0,1,0,0,1,0,0,0
0,1,0,0,-1.2728086989218905,1,0,0,0,0,0,0,0,1,0.21554812630930004,0.21438499779113665,0.006326045598127978,-1.1015440337934654,-0.9256622042978615,0,1,1,1,-1.6643183237255357,0,1,0,1,0,0,0,0,1,0
1,0,1,1,1.6002714854611295,1,1,1,1,1,1,0,1,0,1.2960644900754448,1.306988672273254,-0.1739832329388592,1.5863324724283123,1.6467427975725533,1,0,0,0,1.2603953881327283,0,1,0,0,0,1,0,1,0,0
1,0,1,1,-0.5039562552137584,1,0,0,0,0,0,1,1,1,0.8417189242716377,0.7935102473413642,0.5414060127160089,-0.026393431304754394,-0.06819387034105659,0,0,0,1,0.35234752188724555,0,1,0,1,0,0,0,0,1,0
1,0,0,0,0.7909531236630957,1,0,0,0,1,0,0,1,1,0.6302417154611384,0.6112691879361674,0.20275444882761484,-0.026393431304754394,-0.06819387034105659,1,0,1,1,0.9132896931254194,0,1,0,1,0,0,0,1,0,0
1,1,0,0,-1.0704791084723821,1,0,0,0,0,0,0,0,0,-0.6617518571155054,-0.6147802483292288,-0.5329773820980956,-1.1015440337934654,-0.9256622042978615,1,1,1,0,-0.8170115013796202,1,0,0,1,0,0,0,1,0,0
1,0,0,0,-0.46349033712385673,0,0,1,0,0,1,1,0,1,-0.6997516680736422,-0.5461407412000597,-1.793517923942282,0.5111818699396011,-0.06819387034105659,0,0,1,0,-0.002025480178485241,1,0,0,1,0,0,0,0,0,1
0,0,0,1,-0.9086154361127753,1,0,0,0,1,1,1,0,1,0.871457906760614,1.0441542715742391,-2.073565848444782,0.5111818699396011,0.3605402966373459,0,0,0,0,-0.032051430312247685,0,1,0,1,0,0,0,0,1,0
0,0,1,1,-0.8681495180228737,0,0,1,0,0,0,0,0,1,-1.1607058966527772,-1.0954065571580596,-0.7326318821652626,-0.56396873254911,-0.9256622042978615,0,0,0,0,-0.6754672880195974,1,0,0,1,0,0,0,0,1,0
1,0,1,0,-0.5039562552137584,1,0,1,0,0,1,0,1,1,-0.019059402214847407,-0.03362326936797787,0.17299029765123888,0.5111818699396011,0.3605402966373459,0,0,0,0,0.14334490079911894,1,0,0,0,1,0,0,0,0,1
1,0,0,0,-0.949081354202677,1,1,0,0,0,0,1,0,1,0.6864153490514273,0.7651484029955915,-0.9553234399324887,-0.56396873254911,-0.06819387034105659,0,0,1,1,-0.1561204951587134,0,1,0,1,0,0,0,0,1,0
0,0,0,0,-1.2728086989218905,1,0,0,0,0,0,0,0,1,-1.5027041952760065,-1.49885710015293,0.006326045598127978,-1.1015440337934654,-1.3543963712762639,1,1,1,0,-2.4652132982343,0,0,1,1,0,0,1,0,0,0
1,0,0,0,-0.7467517637531685,1,0,0,0,0,0,0,0,1,-1.4762695441746942,-1.42872713515467,-0.5116280209328411,-1.1015440337934654,-1.3543963712762639,0,0,1,0,-0.7672940339721515,0,0,1,1,0,0,0,0,1,0
0,0,1,0,1.4788737311914244,1,1,1,0,0,0,1,1,0,1.1374565834675705,1.1498400128642197,-0.18577784692855223,0.5111818699396011,0.7892744636157483,1,0,0,0,1.2041647281837002,0,1,0,0,0,1,1,0,0,0
0,0,0,0,0.7504872055731939,0,0,0,1,1,0,1,1,1,-0.2751450847588116,-0.24121982482389087,-0.39194055373529946,1.0487571711839567,0.3605402966373459,1,0,1,0,0.6669157540977568,1,0,0,0,1,0,0,1,0,0
1,0,0,0,1.2765441407419158,1,1,1,1,0,0,0,0,1,0.6467633723994586,0.5896972428350435,0.652941921162367,-0.026393431304754394,0.3605402966373459,1,0,1,0,1.0390337074029605,0,1,0,0,1,0,0,1,0,0
0,0,0,0,-1.2728086989218905,1,0,0,0,0,0,0,0,0,-1.4944433668068464,-1.4906203592974296,0.006326045598127978,-1.1015440337934654,-1.3543963712762639,0,1,1,0,-2.457487489220233,0,0,1,1,0,0,0,0,0,1
0,0,0,0,-0.6253540094834634,1,0,0,0,0,0,0,0,0,0.19076564090181963,0.12591271071970375,0.7608157452950429,-1.1015440337934654,-0.9256622042978615,1,0,1,1,0.08717704206385174,0,1,0,1,0,0,1,0,0,0
1,0,0,0,-1.1109450265622838,1,0,0,1,0,0,0,0,1,0.32789539348987795,0.39493435734370336,-0.8045783854438987,-0.56396873254911,-0.49692803731945906,0,1,1,1,-0.611424113851721,0,1,0,1,0,0,0,0,1,0
1,0,0,0,-0.018365238134938143,1,0,1,1,1,0,0,1,1,0.9474575286768875,0.9343791078225586,0.1220651095238989,1.0487571711839567,0.7892744636157483,1,0,1,0,0.6777407502124647,0,1,0,1,0,0,0,1,0,0
1,0,0,1,-1.2728086989218905,0,0,0,0,0,0,0,0,0,-1.3209659689544837,-1.317648801331923,0.006326045598127978,-1.1015440337934654,-1.3543963712762639,0,1,0,0,-2.3139221738924096,1,0,0,1,0,0,0,0,1,0
0,0,0,0,-1.2728086989218905,1,0,0,0,0,0,0,0,0,-1.47296521278703,-1.4692048330731289,0.006326045598127978,-1.1015440337934654,-1.3543963712762639,0,1,1,0,-2.4378330916639057,0,0,1,1,0,0,0,0,0,1
0,0,0,0,-1.0300131903824803,0,0,0,1,0,0,0,1,1,-0.8137511009480518,-0.7526083786446011,-0.695418173572861,-0.026393431304754394,-0.49692803731945906,1,0,1,0,-0.7800017414879241,1,0,0,1,0,0,0,1,0,0
0,1,0,0,-0.42302441903395505,1,1,0,0,0,0,0,0,1,0.3196345650207178,0.40173341252260764,-0.9824953541428106,-1.1015440337934654,-0.49692803731945906,1,0,1,1,0.32188554111393697,0,1,0,1,0,0,1,0,0,0
0,0,1,1,0.9528167960227024,1,1,0,0,0,0,0,0,1,-1.3143573061791556,-1.2688755286947102,-0.4928313007764759,-1.1015440337934654,-0.9256622042978615,1,0,0,0,0.23268865153330093,0,0,1,0,0,1,0,1,0,0
0,0,1,0,1.6002714854611295,1,1,0,1,0,0,1,1,1,1.0895437783464417,1.0104660014752425,0.8981259907945979,0.5111818699396011,0.7892744636157483,1,0,0,1,1.203647162964562,0,1,0,0,0,1,0,1,0,0
1,1,1,0,-0.6658199275733652,1,0,0,0,0,0,0,0,1,0.2337219489414522,0.2716303467368638,-0.4566302101049557,-1.1015440337934654,-0.9256622042978615,1,0,0,1,0.08836332328906268,0,1,0,1,0,0,1,0,0,0
0,0,1,0,1.6002714854611295,1,1,1,1,1,1,1,1,1,0.8665014096791182,0.8269239594118439,0.4384185509210065,2.1239077736726677,2.0754769645509556,1,0,0,0,1.1657729070090919,1,0,0,0,0,1,1,0,0,0
1,0,1,1,1.3574759769217193,0,0,0,0,0,1,1,1,0,-0.46844847093715863,-0.4535148463068422,-0.16054494928049887,0.5111818699396011,-0.06819387034105659,1,0,0,0,0.7542851399615487,1,0,0,0,0,1,1,0,0,0
1,0,1,1,0.06256659804486524,1,0,0,1,1,0,1,0,1,0.8301537644148134,0.8629072116197943,-0.4162111190497674,0.5111818699396011,0.3605402966373459,0,0,0,1,0.7010607405855493,0,1,0,1,0,0,0,0,1,0
0,0,1,0,0.6695553693933906,1,1,1,1,1,1,0,1,0,1.3852814375423743,1.3460795719864502,0.41607465429774343,1.5863324724283123,1.6467427975725533,1,0,0,0,1.0252314189532783,0,1,0,0,0,1,0,1,0,0
1,0,0,0,-1.232342780831989,1,0,0,0,0,0,0,0,0,-0.6237520461573689,-0.7987341274354027,2.0920658081341266,-1.1015440337934654,-0.9256622042978615,0,1,1,0,-1.5846134345912353,1,0,0,1,0,0,0,0,0,1
0,0,1,1,1.3170100588318177,1,1,0,1,1,1,1,1,1,1.522411190130432,1.5396892733501466,-0.25697798193697,1.5863324724283123,1.6467427975725533,1,0,0,0,1.237212179884763,0,1,0,0,0,1,0,1,0,0
0,0,0,0,-1.2728086989218905,1,1,0,1,0,0,1,1,1,1.1738042287318748,1.1698469370291738,0.006326045598127978,0.5111818699396011,0.7892744636157483,1,1,1,1,-1.451837902863642,0,1,0,1,0,0,0,1,0,0
0,0,1,1,1.5598055673712277,1,1,1,1,1,1,0,0,1,1.0052833279610085,1.0088708579997059,-0.07713649064130317,1.0487571711839567,1.2180086305941509,1,0,0,0,1.1945225417784606,0,1,0,0,1,0,0,1,0,0
1,0,1,1,0.9123508779328007,1,0,0,0,0,0,0,0,0,-1.4944433668068464,-1.5182658567869818,0.33345226493894836,-1.1015440337934654,-1.3543963712762639,0,0,0,0,0.007142254095729791,0,0,1,0,1,0,0,0,0,1
0,0,0,0,-0.09929707431474152,1,1,0,1,1,0,1,0,1,0.13954850439302696,0.10587966492134566,0.39358489247397305,0.5111818699396011,0.7892744636157483,1,0,1,0,0.4389657970028077,1,0,0,0,1,0,0,1,0,0
1,0,0,0,0.4672257789438821,0,0,0,1,1,0,1,1,1,-0.3561012037565807,-0.3543993980123217,-0.007850605294216212,1.0487571711839567,0.3605402966373459,0,0,1,0,0.5351655599645223,1,0,0,0,1,0,0,0,0,1
1,0,1,0,0.9528167960227024,1,0,0,0,0,0,0,0,0,-1.479573875562358,-1.4701755918168127,-0.06015864976975916,-1.1015440337934654,-1.3543963712762639,1,0,0,0,0.06585155349398679,0,0,1,0,1,0,0,1,0,0
0,0,1,0,1.6002714854611295,1,1,1,1,1,1,1,0,1,1.2960644900754448,1.3249264634696771,-0.3862392004658898,1.5863324724283123,1.6467427975725533,1,0,0,0,1.263669622454834,0,1,0,0,0,1,1,0,0,0
0,0,0,1,-0.34209258285415167,1,0,0,0,0,0,0,0,0,-1.4432262302980536,-1.4033795457362557,-0.42170543993787946,-1.1015440337934654,-1.3543963712762639,1,0,0,0,-0.4065733717647189,0,0,1,0,1,0,1,0,0,0
1,1,0,0,-1.191876862742087,1,1,0,0,0,0,0,0,1,0.37415603291717436,0.4126158943801777,-0.4680010655081901,-1.1015440337934654,-0.49692803731945906,0,1,1,1,-0.9276032096271142,0,1,0,1,0,0,0,0,1,0
1,0,0,1,-1.2728086989218905,1,1,0,0,0,0,0,0,1,-0.4849701278754789,-0.48409062675529063,0.006326045598127978,-1.1015440337934654,-0.49692803731945906,0,1,0,0,-1.8830110814267154,1,0,0,1,0,0,0,0,1,0
0,0,0,0,1.114680468382309,1,0,0,1,1,0,1,1,1,1.1539782404058907,1.1292398046115573,0.252911167056826,1.0487571711839567,0.7892744636157483,0,0,1,1,1.1122152004319623,0,1,0,0,0,1,0,0,1,0
1,1,1,0,0.06256659804486524,1,0,0,0,0,0,0,0,0,0.22546112047229208,0.2190847852204515,0.06767133273153929,-1.1015440337934654,-0.9256622042978615,1,0,0,1,0.5487818189906847,0,1,0,1,0,0,0,1,0,0
1,0,0,0,-1.2728086989218905,1,0,1,0,0,0,0,0,1,-0.46183980816183046,-0.46102775235988963,0.006326045598127978,-0.56396873254911,-0.49692803731945906,0,1,1,0,-1.874436009699209,1,0,0,1,0,0,0,0,0,1
0,0,0,1,-1.2728086989218905,1,0,0,0,0,0,0,0,1,0.1626788241066754,0.1616698563159348,0.006326045598127978,-1.1015440337934654,-0.9256622042978615,0,1,0,1,-1.6784187430114244,0,1,0,1,0,0,0,0,1,0
0,0,1,1,-0.7467517637531685,1,0,0,0,0,0,0,0,0,-1.4927912011130144,-1.4400232368993564,-0.5728914051461805,-1.1015440337934654,-1.3543963712762639,0,0,0,0,-0.7774395994582798,0,0,1,0,1,0,0,0,0,1
1,0,0,0,-0.46349033712385673,0,0,0,1,0,1,0,0,1,-0.949228687842278,-0.9091064548991071,-0.4420105388722262,-0.026393431304754394,-0.49692803731945906,0,0,1,0,-0.16536221004676477,1,0,0,1,0,0,0,0,0,1
1,0,0,0,0.7909531236630957,1,1,0,1,1,0,1,1,1,1.2663255075864681,1.266026726403401,-0.04015701165465631,1.0487571711839567,1.2180086305941509,0,0,1,1,1.0479858703417058,0,1,0,1,0,0,0,0,1,0
0,1,0,0,-1.2728086989218905,1,1,0,0,0,0,0,0,1,0.3130259022453896,0.31157853988604056,0.006326045598127978,-1.1015440337934654,-0.49692803731945906,0,1,1,1,-1.6391205995308027,0,1,0,1,0,0,0,0,1,0
1,0,0,0,-0.9086154361127753,1,1,0,0,0,0,0,0,1,0.3113737365515577,0.5415483445716092,-2.734374988164123,-1.1015440337934654,-0.49692803731945906,0,0,1,1,-0.14035402174904488,0,1,0,1,0,0,0,0,0,1
1,0,0,0,0.06256659804486524,1,1,0,1,0,1,1,1,1,1.3423251295027412,1.2979040316238055,0.4793154090099437,1.0487571711839567,1.2180086305941509,0,0,1,0,0.7863978954278417,0,1,0,1,0,0,0,0,1,0
1,0,0,0,-0.34209258285415167,1,0,0,0,0,1,1,1,1,1.0333701447561527,0.7805922920996541,2.9554386148225134,0.5111818699396011,0.3605402966373459,0,0,1,0,0.46430234688058397,0,1,0,1,0,0,0,0,1,0
1,0,0,0,0.871884959842899,1,0,1,1,0,0,1,0,1,0.018940408743288898,0.010235850365180574,0.10234660233654419,0.5111818699396011,0.3605402966373459,1,0,1,0,0.7814449849697029,1,0,0,0,0,1,1,0,0,0
0,0,0,0,-1.232342780831989,1,0,0,0,0,0,1,0,1,0.5112857855052327,0.27286585786518913,2.803556474793601,-0.56396873254911,-0.49692803731945906,0,1,1,1,-1.2168668079317337,0,1,0,1,0,0,0,0,1,0
1,0,1,0,0.871884959842899,0,0,0,1,0,0,0,0,0,-1.134271245551465,-1.1438535692808662,0.15252275792541756,-0.56396873254911,-0.9256622042978615,0,0,0,0,0.29482291925155113,1,0,0,1,0,0,0,0,1,0
1,0,0,0,-0.42302441903395505,1,1,0,0,0,0,0,1,0,0.605459230053658,0.5615261851193136,0.4989646641070561,-0.56396873254911,-0.06819387034105659,0,0,1,1,0.36035491681850823,0,1,0,1,0,0,0,0,1,0
0,0,1,0,1.519339649281326,1,1,0,1,1,1,1,1,1,1.4794548820907996,1.4791012558352585,-0.04686171069617951,1.5863324724283123,1.6467427975725533,0,0,0,0,1.273395491522796,0,1,0,0,1,0,0,0,1,0
1,0,0,0,0.9123508779328007,1,1,0,0,1,0,1,1,1,0.43198183220129527,0.45675484143734985,-0.3080411879395854,0.5111818699396011,0.7892744636157483,1,0,1,0,0.912118665195193,1,0,0,0,0,1,1,0,0,0
0,1,1,0,-1.2728086989218905,1,0,1,0,0,0,0,0,1,-0.5014917848137992,-0.5005641084662913,0.006326045598127978,-0.56396873254911,-0.49692803731945906,0,1,0,0,-1.8892084300303267,1,0,0,1,0,0,0,0,1,0
1,1,1,0,0.6695553693933906,1,1,0,1,0,0,0,1,0,0.8367624271901415,0.924425678885695,-1.0661809923185346,-0.026393431304754394,0.3605402966373459,1,0,0,1,0.9439036147703151,0,1,0,1,0,0,0,1,0,0
1,0,0,0,-0.22069482858444658,1,0,0,0,0,0,0,0,1,-1.4977476981945104,-1.4865935082125186,-0.0803090431884137,-1.1015440337934654,-1.3543963712762639,0,0,1,0,-0.40864584212912536,0,0,1,1,0,0,0,0,1,0
1,1,1,0,-0.46349033712385673,1,0,0,0,0,0,0,0,1,0.14450500147452275,0.18065358285908792,-0.43272820793081584,-1.1015440337934654,-0.9256622042978615,0,0,0,1,0.23518958085089536,0,1,0,1,0,0,0,0,1,0
1,1,1,0,0.34582802467417706,1,1,0,0,1,0,1,1,1,1.1589347374873864,1.2896212028352543,-1.586386104959339,0.5111818699396011,0.7892744636157483,0,0,0,1,0.9027229309814108,0,1,0,1,0,0,0,0,1,0
1,0,1,1,-0.5848880913935618,1,0,1,0,1,1,1,1,0,0.6120678928289861,0.8159416382711769,-2.433534642352863,1.5863324724283123,1.2180086305941509,0,0,0,0,0.290851730043899,1,0,0,1,0,0,0,0,1,0
1,0,0,0,-0.9086154361127753,1,1,0,0,0,0,0,0,1,-1.345748454361964,-1.3866726897010155,0.5306849204786729,-1.1015440337934654,-0.9256622042978615,0,0,1,0,-0.9419652488570847,0,0,1,1,0,0,0,0,1,0
0,0,1,0,1.2765441407419158,1,0,1,0,0,1,1,1,1,1.0631091272451294,1.1175178927815737,-0.6804939258561179,1.0487571711839567,0.7892744636157483,0,0,0,0,1.1505788645309136,0,1,0,0,1,0,0,0,0,1
1,0,0,0,-0.8681495180228737,1,1,0,0,1,0,0,0,0,-0.3627098665319089,-0.3120176223376565,-0.5873212105187451,-0.56396873254911,-0.06819387034105659,0,0,1,0,-0.3221117892010333,1,0,0,1,0,0,0,0,1,0
0,0,0,0,0.7909531236630957,1,0,0,0,0,0,0,0,0,-1.4564435558487099,-1.484949680016143,0.38756208774390566,-1.1015440337934654,-1.3543963712762639,0,0,1,0,0.005054995499396087,0,0,1,0,1,0,0,0,0,1
1,0,1,0,-0.05883115622483983,1,1,0,1,1,0,1,0,0,0.9606748542275434,1.076054371803638,-1.3984199988714008,0.5111818699396011,0.7892744636157483,0,0,0,1,0.6861770017666069,0,1,0,1,0,0,0,0,1,0
0,0,0,0,0.7504872055731939,1,1,0,0,0,0,0,0,0,-1.3143573061791556,-1.3010138148982655,-0.11254239239870087,-1.1015440337934654,-0.9256622042978615,1,0,1,0,0.14999878478762926,0,0,1,0,0,1,1,0,0,0
1,0,0,0,1.397941895011621,1,0,0,0,0,0,0,0,0,-1.4614000529302058,-1.4294226041053693,-0.32796255632039084,-1.1015440337934654,-1.3543963712762639,1,0,1,0,0.21621887504401557,0,0,1,0,0,1,1,0,0,0
0,0,0,0,-1.2728086989218905,1,0,0,0,0,0,0,0,1,0.20233080075864363,0.20120621242233597,0.006326045598127978,-1.1015440337934654,-0.9256622042978615,0,1,1,1,-1.6678139359514135,0,1,0,1,0,0,0,0,1,0
0,0,1,1,1.4788737311914244,0,0,1,1,1,1,0,0,0,-0.6105347206067128,-0.6426419195708778,0.4009865424507337,1.0487571711839567,0.3605402966373459,1,0,0,0,0.7070683612352853,1,0,0,0,0,1,1,0,0,0
1,0,1,1,-0.2611607466743483,1,0,0,0,0,0,0,0,1,-1.5060085266636707,-1.4795324389150255,-0.2613263969702944,-1.1015440337934654,-1.3543963712762639,1,0,0,0,-0.42553677866791084,0,0,1,0,0,1,0,1,0,0
1,0,0,0,0.5481576151236855,1,0,0,0,0,0,0,0,0,-1.4762695441746942,-1.4870391676211252,0.1783720316992281,-1.1015440337934654,-1.3543963712762639,1,0,1,0,-0.07409171450121992,0,0,1,0,0,1,1,0,0,0
1,0,0,0,-1.191876862742087,1,0,0,0,0,0,0,0,1,-1.4960955325006784,-1.3725604070352586,-1.4101576560618332,-1.1015440337934654,-1.3543963712762639,0,1,1,0,-1.6819937450070437,0,0,1,0,1,0,0,0,0,1
0,0,0,1,1.1956123045621125,1,1,0,0,0,0,0,0,0,-1.279661826608683,-1.2622766466775273,-0.16156437242933974,-1.1015440337934654,-0.9256622042978615,1,0,0,0,0.30152082581119105,0,0,1,0,0,1,1,0,0,0
0,1,1,0,1.5598055673712277,1,0,1,1,1,1,1,1,1,1.4860635448661277,1.5348157642320475,-0.6281539585114808,2.1239077736726677,1.6467427975725533,1,0,0,0,1.2919619398113957,0,1,0,0,0,1,1,0,0,0
0,0,0,0,-1.1514109446521854,1,0,0,0,0,0,0,0,1,0.20398296645247604,0.11554410752513282,1.0394494793776434,-1.1015440337934654,-0.9256622042978615,1,1,1,1,-0.8250034830993533,0,1,0,1,0,0,1,0,0,0
1,0,0,0,-0.8681495180228737,0,0,0,1,1,0,0,0,0,-0.9921849958819106,-0.9842854350711282,-0.05924096477895802,-0.026393431304754394,-0.49692803731945906,0,0,1,0,-0.6115878282403099,1,0,0,1,0,0,0,0,0,1
0,0,0,0,-1.0300131903824803,1,0,0,0,0,0,0,0,0,-1.4762695441746942,-1.3571851574383247,-1.3581766027899083,-1.1015440337934654,-1.3543963712762639,0,0,1,0,-1.1411134607622848,0,0,1,1,0,0,0,0,0,1
0,0,1,0,1.5598055673712277,1,1,1,0,1,0,1,1,1,1.3010209871569407,1.3065072289697286,-0.1098076808139754,1.0487571711839567,1.2180086305941509,1,0,0,0,1.2515020787561393,0,1,0,0,1,0,0,1,0,0
0,0,1,1,-0.6658199275733652,1,0,0,1,1,0,1,0,1,0.8169364388641575,0.8120635061183786,0.029473858383283272,0.5111818699396011,0.3605402966373459,1,0,0,1,0.2159110014178226,0,1,0,1,0,0,0,1,0,0
0,1,0,0,-0.34209258285415167,1,0,0,0,0,0,0,0,1,-1.4680087157055342,-1.501671319945226,0.4489772023668664,-1.1015440337934654,-1.3543963712762639,0,0,1,0,-0.4974861355126966,0,0,1,1,0,0,0,0,0,1
1,0,1,1,0.34582802467417706,1,1,1,1,1,0,1,0,1,0.3245910621022136,0.2965916894513985,0.32011411108108817,1.0487571711839567,1.2180086305941509,1,0,0,0,0.6870206886833922,1,0,0,1,0,0,0,1,0,0
0,0,0,0,-1.232342780831989,1,0,0,0,0,0,0,0,1,-1.4547913901548777,-1.4766178998430792,0.3084659177411926,-1.1015440337934654,-1.3543963712762639,1,1,1,0,-2.0233582673053294,0,0,1,1,0,0,1,0,0,0
1,0,0,1,-0.09929707431474152,0,0,0,0,0,0,1,1,1,-0.6683605198908337,-0.6968181872500121,0.3597972078472191,-0.026393431304754394,-0.49692803731945906,0,0,0,0,0.15959707796866882,1,0,0,1,0,0,0,0,1,0
1,1,0,0,-0.34209258285415167,1,0,0,0,0,0,0,0,0,0.17424398396349938,0.2454100550135211,-0.8481125175591407,-1.1015440337934654,-0.9256622042978615,1,0,1,1,0.3365838167307102,0,1,0,1,0,0,0,1,0,0
0,1,1,0,-1.0300131903824803,1,1,0,0,0,0,0,1,1,0.6550242008686187,0.9114486096194782,-3.056843165068894,-0.56396873254911,-0.06819387034105659,0,0,0,1,-0.2831739298150128,0,1,0,1,0,0,0,0,1,0
0,0,0,0,-0.05883115622483983,1,1,0,0,0,0,0,0,1,0.37415603291717436,0.2346314382165926,1.6380699960898069,-1.1015440337934654,-0.49692803731945906,0,0,1,1,0.4947905389950841,0,1,0,1,0,0,0,0,1,0
1,0,0,0,-0.9086154361127753,1,1,0,1,1,0,0,1,1,1.0085876593486722,1.2326109023480862,-2.6856427507216982,0.5111818699396011,0.7892744636157483,0,0,1,1,0.00419352089742799,0,1,0,1,0,0,0,0,1,0
0,0,1,1,0.6695553693933906,1,1,0,0,0,0,0,0,0,-1.3044443120161635,-1.3183884270413964,0.2100069073983243,-1.1015440337934654,-0.9256622042978615,0,0,0,0,0.11155346179684701,0,0,1,0,0,1,0,0,0,1
1,0,1,1,-0.7062858456632669,1,1,0,0,1,1,0,0,1,-0.16775431465972993,-0.2285320138119673,0.7249641070824939,-0.026393431304754394,0.3605402966373459,1,0,0,0,-0.09890959498789731,1,0,0,1,0,0,1,0,0,0
0,0,1,1,-0.018365238134938143,1,0,1,1,1,1,0,1,0,0.29319991391940503,0.2523254853567849,0.4735463720774232,1.5863324724283123,1.2180086305941509,0,0,0,0,0.5194579781502822,1,0,0,0,0,1,0,0,0,1
1,0,1,0,1.6002714854611295,0,0,1,1,1,1,1,1,1,-0.00088557958269522,0.03869073937617317,-0.4682718001606496,2.1239077736726677,1.2180086305941509,0,0,0,0,0.9708403726612782,1,0,0,0,0,1,0,0,1,0
0,0,1,0,1.5598055673712277,1,1,1,1,1,1,1,1,0,0.8119799417826612,0.8315141056069041,-0.25916169303189696,2.1239077736726677,2.0754769645509556,1,0,0,0,1.1579433976413465,1,0,0,0,0,1,0,1,0,0
0,0,1,1,1.2360782226520142,1,1,1,0,0,0,1,1,1,1.1539782404058907,1.1674674341153626,-0.19943229026990678,0.5111818699396011,0.7892744636157483,1,0,0,0,1.1502647286175667,0,1,0,0,1,0,0,1,0,0
0,0,1,0,1.6002714854611295,0,0,1,1,1,0,0,1,1,-0.5130569446706231,-0.49445519233179513,-0.20241037144694513,1.0487571711839567,0.3605402966373459,0,0,0,0,0.7935220982932611,1,0,0,0,0,1,0,0,1,0
1,0,0,0,-0.8276835999329719,1,0,0,0,1,0,1,1,0,1.0234571505931607,1.1176809116110054,-1.1502523897022081,0.5111818699396011,0.3605402966373459,0,0,1,1,0.09703051568305085,0,1,0,0,1,0,0,0,1,0
0,0,0,0,-0.7872176818430703,0,0,0,0,0,0,0,1,1,-0.9789676703312544,-1.0024984242914723,0.3122145513906111,-0.56396873254911,-0.9256622042978615,0,0,1,0,-0.5166949169666603,1,0,0,1,0,0,0,0,1,0
0,0,1,1,1.2360782226520142,1,0,0,0,0,0,0,0,0,-1.4993998638883423,-1.4721334520439735,-0.2709062385188054,-1.1015440337934654,-1.3543963712762639,0,0,0,0,0.13809018174409468,0,0,1,0,0,1,0,0,1,0
0,0,0,0,-1.1109450265622838,1,1,0,0,0,0,1,1,1,0.9639791856152078,1.0749596823738103,-1.3464808658037246,-0.026393431304754394,0.3605402966373459,0,1,1,1,-0.4617736454888606,0,1,0,1,0,0,0,0,0,1
0,0,0,0,1.6002714854611295,1,1,0,0,1,1,1,1,1,1.4133682543375186,1.4607411682425935,-0.6093245540912355,1.0487571711839567,1.2180086305941509,1,0,1,0,1.2879227530189896,0,1,0,0,0,1,0,1,0,0
0,0,1,0,0.993282714112604,1,0,0,0,0,0,0,0,0,-1.4812260412561902,-1.4882504899986542,0.13422679509615473,-1.1015440337934654,-1.3543963712762639,1,0,0,0,0.05959530515967524,0,0,1,0,0,1,1,0,0,0
0,1,1,0,0.4672257789438821,1,0,1,1,0,1,0,0,1,0.6748501891946033,0.6153645185293568,0.6806030036652048,0.5111818699396011,0.3605402966373459,0,0,0,0,0.8090699059268028,0,1,0,1,0,0,0,0,1,0
0,0,1,1,0.38629394276407875,1,1,0,0,0,0,1,1,1,0.9738921797781999,1.1508632104860208,-2.1276818378332285,-0.026393431304754394,0.3605402966373459,0,0,0,1,0.8918404866806553,0,1,0,1,0,0,0,0,1,0
1,0,0,0,-0.9895472722925787,1,0,0,0,0,0,1,1,1,0.050331556926097476,0.11739737421762057,-0.7953192603298455,-0.026393431304754394,-0.06819387034105659,0,0,1,0,-0.3891987166335118,1,0,0,1,0,0,0,0,1,0
1,0,0,0,1.4788737311914244,0,0,0,1,1,0,0,0,1,-0.9574895163114381,-0.9430561519904735,-0.13775187379688217,-0.026393431304754394,-0.49692803731945906,1,0,1,0,0.5653887614856713,1,0,0,0,1,0,1,0,0,0
1,1,0,0,0.6695553693933906,1,1,0,0,0,0,1,1,1,1.0399788075314809,1.0394038573583935,-0.029079416706985144,-0.026393431304754394,0.3605402966373459,0,0,1,1,0.96714215980234,0,1,0,1,0,0,0,0,1,0
0,0,0,0,-0.8276835999329719,1,0,0,0,0,0,0,0,0,-1.5010520295821745,-1.5050346557945553,0.098917296738745,-1.1015440337934654,-1.3543963712762639,0,0,1,0,-0.9359069463698803,0,0,1,0,1,0,0,0,0,1
0,0,0,0,-0.1802289104945449,0,0,0,0,1,0,0,0,1,-1.155749399571281,-1.2026874325344399,0.595289943830922,-0.56396873254911,-0.9256622042978615,0,0,1,0,-0.15691530154418973,1,0,0,1,0,0,0,0,0,1
1,0,1,1,1.0742145502924074,1,0,1,1,1,1,1,1,1,0.7277194913972279,0.7628960964565731,-0.44134976277131044,2.1239077736726677,1.6467427975725533,0,0,0,0,1.0266471930919483,1,0,0,0,0,1,0,0,1,0
1,0,0,0,-0.42302441903395505,1,0,0,1,1,1,0,1,1,0.9986746651856803,1.0759480912764703,-0.9488258082734984,1.0487571711839567,0.7892744636157483,1,0,1,0,0.47030779946576273,0,1,0,1,0,0,1,0,0,0
1,0,0,0,-0.22069482858444658,1,0,0,0,0,0,0,0,0,-1.4680087157055342,-1.406971679942682,-0.6715935241565623,-1.1015440337934654,-1.3543963712762639,0,0,1,0,-0.3356452087057683,0,0,1,0,1,0,0,0,0,1
1,0,0,0,-0.8276835999329719,1,1,0,0,1,0,1,1,0,0.3311997248775418,0.13764602882072538,2.2788727183301067,0.5111818699396011,0.7892744636157483,1,0,1,0,-0.12864987951580933,1,0,0,1,0,0,1,0,0,0
0,0,0,0,-0.7062858456632669,1,1,0,0,0,0,0,0,1,-0.5262742702212795,-0.5514122553475798,0.3156133125660813,-1.1015440337934654,-0.49692803731945906,0,0,1,0,-0.2157271590416363,1,0,0,1,0,0,0,0,0,1
0,0,0,0,-0.8276835999329719,1,1,1,0,0,0,0,0,1,0.469981643159432,0.4130277314229528,0.657713619411941,-0.56396873254911,-0.06819387034105659,0,0,1,0,-0.056659182348512194,0,1,0,1,0,0,0,0,1,0
1,0,1,1,-0.7062858456632669,1,0,1,0,0,1,1,1,0,1.2283256966283318,1.5289688383289881,-3.5998595251416816,1.0487571711839567,0.7892744636157483,0,0,0,0,0.3123896880328387,0,1,0,0,1,0,0,0,1,0
1,0,1,1,-0.7872176818430703,1,0,1,0,0,0,0,0,1,-0.4882744592631427,-0.6442635566222505,1.862649428789765,-0.56396873254911,-0.49692803731945906,0,0,0,0,-0.3437251947490278,1,0,0,1,0,0,0,0,0,1
0,0,0,0,1.397941895011621,1,1,1,1,1,0,1,0,1,1.2630211761988044,1.2531978370296097,0.07266007626603618,1.0487571711839567,1.2180086305941509,1,0,1,0,1.205162016359168,0,1,0,1,0,0,0,1,0,0
1,0,0,0,1.6002714854611295,1,0,0,0,0,0,0,0,0,-1.4828782069500221,-1.4768466982001764,-0.020205950342749458,-1.1015440337934654,-1.3543963712762639,1,0,1,0,0.21760244647332957,0,0,1,0,0,1,1,0,0,0
1,0,0,0,-1.191876862742087,1,0,0,1,0,0,0,0,1,-0.4899266249569749,-0.7042861656256657,2.553397655922461,-0.56396873254911,-0.49692803731945906,0,1,1,0,-1.2891578437602746,1,0,0,1,0,0,0,0,0,1
0,0,0,0,-0.8276835999329719,1,0,0,0,1,0,1,1,1,1.0333701447561527,0.7829946748491752,2.9270114763144273,0.5111818699396011,0.3605402966373459,0,0,1,1,0.02868022218764355,0,1,0,1,0,0,0,0,1,0
1,0,0,0,-1.1514109446521854,1,0,0,0,0,0,1,1,1,0.783893124987517,0.9198618520647389,-1.6359503562117552,-0.026393431304754394,-0.06819387034105659,0,1,1,1,-0.6330721324928124,0,1,0,1,0,0,0,0,1,0
1,1,0,0,-0.1397629924046432,1,0,0,1,1,0,1,1,1,1.2134562053838436,1.2168247624601998,-0.08172806619439833,1.0487571711839567,0.7892744636157483,1,0,1,1,0.6712211493330486,0,1,0,1,0,0,1,0,0,0
0,0,0,0,1.0337486322025058,1,1,1,0,0,0,0,0,1,0.49806845995457627,0.4383959465060716,0.6889134541882953,-0.56396873254911,-0.06819387034105659,1,0,1,0,0.9410731500235837,0,1,0,1,0,0,1,0,0,0
1,0,0,0,0.42675986085398043,1,0,0,1,0,0,0,1,1,-0.1561891548029057,-0.18036559651153897,0.2914663000287154,-0.026393431304754394,-0.06819387034105659,0,0,1,0,0.5794486157619408,1,0,0,0,0,1,0,0,1,0
1,0,0,0,-0.8276835999329719,1,1,0,0,0,0,0,0,0,-1.3127051404853236,-1.2649336598567211,-0.5199821187801137,-1.1015440337934654,-0.9256622042978615,0,0,1,0,-0.7328206168091924,0,0,1,1,0,0,0,0,1,0
1,0,0,0,-1.232342780831989,1,0,0,1,0,0,0,0,1,0.3311997248775418,0.2522740057264383,0.9224921095158073,-0.56396873254911,-0.49692803731945906,0,1,1,1,-1.222241994536569,0,1,0,1,0,0,0,0,1,0
1,0,1,1,0.3053621065842754,0,0,0,1,1,1,1,1,0,-0.14627616063991367,-0.11632014755720126,-0.3494192877316106,1.5863324724283123,0.7892744636157483,0,0,0,0,0.5542420469681201,1,0,0,0,1,0,0,0,0,1
1,0,0,0,-1.2728086989218905,1,0,0,0,0,0,0,0,0,-1.4713130470931979,-1.4675574849020288,0.006326045598127978,-1.1015440337934654,-1.3543963712762639,1,1,1,0,-2.4363463246567685,0,0,1,1,0,0,1,0,0,0
0,0,1,1,-0.42302441903395505,1,0,1,1,1,0,0,0,0,-0.11818934384476917,-0.00343935810568539,-1.3537463993860521,0.5111818699396011,0.3605402966373459,0,0,0,0,0.21229322641798823,1,0,0,1,0,0,0,0,0,1
0,0,0,0,-1.232342780831989,1,1,0,0,1,0,1,0,1,0.8813709009236065,1.0561799132232694,-2.098906611914839,-0.026393431304754394,0.3605402966373459,0,1,1,1,-1.0404568116486586,0,1,0,1,0,0,0,0,1,0
1,0,1,0,-0.30162666476425,1,0,0,0,0,0,0,0,1,-1.4465305616857176,-1.4805385884902973,0.4523234826712469,-1.1015440337934654,-1.3543963712762639,1,0,0,0,-0.45115132457901075,0,0,1,0,1,0,1,0,0,0
0,0,0,0,-1.2728086989218905,1,0,0,0,0,0,1,1,0,0.8532840841284618,0.8502613918357613,0.006326045598127978,-0.026393431304754394,-0.06819387034105659,0,1,1,1,-1.5152478895650745,0,1,0,1,0,0,0,0,1,0
0,0,0,0,-0.6658199275733652,0,0,1,0,0,0,1,0,1,-0.8534030776000205,-0.7649634899278515,-1.0170509406928991,-0.026393431304754394,-0.49692803731945906,0,0,1,0,-0.2663440238020731,1,0,0,1,0,0,0,0,1,0
1,1,0,0,-1.0300131903824803,1,1,0,0,0,0,1,0,1,0.6632850293377789,0.44124837449691695,2.6044504761002445,-0.56396873254911,-0.06819387034105659,0,0,1,1,-0.3886239078160059,0,1,0,1,0,0,0,0,1,0
1,0,0,1,-1.0704791084723821,1,0,0,0,0,0,0,0,0,-1.487834704031518,-1.5199980683487142,0.43192091926201487,-1.1015440337934654,-1.3543963712762639,0,1,0,0,-1.38465915642584,0,0,1,1,0,0,0,0,0,1
1,0,0,0,-1.0704791084723821,1,0,0,0,0,1,0,0,0,-0.4849701278754789,-0.5497099955707763,0.7827930288475079,-0.56396873254911,-0.49692803731945906,0,1,1,0,-0.7906821839780414,1,0,0,1,0,0,0,0,0,1
1,0,0,0,1.5598055673712277,1,0,0,0,0,0,0,0,1,-1.4812260412561902,-1.5042631864045684,0.3237033215612202,-1.1015440337934654,-1.3543963712762639,1,0,1,0,0.18195090879839282,0,0,1,0,0,1,0,1,0,0
0,0,0,0,-1.232342780831989,1,0,0,1,0,0,1,0,1,0.7409368169478844,0.8939161183699131,-1.835752529725719,-0.026393431304754394,-0.06819387034105659,1,1,1,1,-1.0731622440615787,0,1,0,1,0,0,1,0,0,0
1,0,1,0,0.8314190417529973,0,0,0,1,1,1,1,1,1,-0.14131966355841738,-0.15362636722442485,0.15049991033346918,1.5863324724283123,0.7892744636157483,0,0,0,0,0.7196164676145514,1,0,0,0,1,0,0,0,1,0
0,0,1,1,1.0337486322025058,1,0,1,1,0,0,1,1,0,1.1407609148552342,1.1881097796846452,-0.599634120668775,1.0487571711839567,0.7892744636157483,1,0,0,0,1.1021318550052823,0,1,0,0,1,0,0,1,0,0
0,0,1,1,1.5598055673712277,1,1,1,1,1,1,1,1,0,0.8318059301086458,0.8101913877302712,0.22706249012609325,2.1239077736726677,2.0754769645509556,1,0,0,0,1.1533990573192614,1,0,0,0,0,1,1,0,0,0
1,1,0,0,1.6002714854611295,1,1,0,0,0,0,0,0,0,-1.2994878149346674,-1.3051335311987045,0.1116418254042674,-1.1015440337934654,-0.9256622042978615,1,0,1,0,0.363860077367652,0,0,1,0,0,1,1,0,0,0
1,0,0,0,-0.7467517637531685,1,1,0,1,0,0,1,1,1,1.183717222894867,1.1982048591173962,-0.21227284807219932,0.5111818699396011,0.7892744636157483,0,0,1,1,0.2094106351195155,0,1,0,1,0,0,0,0,1,0
0,0,0,0,-1.2728086989218905,1,0,0,0,0,0,0,0,1,-0.6848821768291539,-0.6834197554583983,0.006326045598127978,-1.1015440337934654,-0.9256622042978615,0,1,1,0,-1.9624364926740356,1,0,0,1,0,0,0,0,0,1
0,0,1,0,1.5598055673712277,1,1,0,0,0,0,0,0,0,-1.3110529747914916,-1.2636111409024575,-0.5161384493480355,-1.1015440337934654,-0.9256622042978615,1,0,0,0,0.38585261987232566,0,0,1,0,0,1,0,1,0,0
0,0,0,0,-0.8276835999329719,1,0,0,1,0,0,0,0,1,-0.5064482818952951,-0.45375196460419776,-0.6060757382617404,-0.56396873254911,-0.49692803731945906,0,0,1,0,-0.31834931543006717,1,0,0,1,0,0,0,0,1,0
0,0,0,0,-1.191876862742087,1,0,1,0,1,0,1,1,1,1.1325000863860741,1.023232949801268,1.2538713241243336,1.0487571711839567,0.7892744636157483,1,1,1,0,-0.7927528505200233,0,1,0,1,0,0,0,1,0,0
0,1,0,0,-1.2728086989218905,1,0,0,0,0,0,0,0,1,0.17259181826966746,0.1715539453425351,0.006326045598127978,-1.1015440337934654,-0.9256622042978615,0,1,1,1,-1.6757507494645763,0,1,0,1,0,0,0,0,1,0
1,1,0,0,-0.9086154361127753,1,0,0,0,0,0,0,1,1,0.4798946373224241,0.4814201363264567,-0.03460903385350912,-0.56396873254911,-0.49692803731945906,0,0,1,1,-0.15465274305014673,0,1,0,1,0,0,0,0,1,0
1,0,1,0,-1.0704791084723821,1,0,0,1,1,0,0,1,1,0.8681535753729501,0.7827201168206588,0.9809707944467253,0.5111818699396011,0.3605402966373459,0,1,0,1,-0.4072239848407504,0,1,0,1,0,0,0,0,1,0
1,0,0,0,1.2765441407419158,1,0,1,1,0,0,1,1,1,1.1754563944257068,1.2665256828206088,-1.1181703333859434,1.0487571711839567,0.7892744636157483,1,0,1,0,1.178795471844566,0,1,0,0,1,0,0,1,0,0
1,0,1,1,1.6002714854611295,1,1,0,0,0,0,0,0,0,-1.335835460198972,-1.3811403454264044,0.5821786513761741,-1.1015440337934654,-0.9256622042978615,1,0,0,0,0.30326560817226683,0,0,1,0,0,1,1,0,0,0
1,0,1,1,-0.018365238134938143,1,0,0,0,0,0,0,0,1,0.16598315549433926,0.2842943358021957,-1.4056905342962784,-1.1015440337934654,-0.9256622042978615,1,0,0,1,0.5278367352546,0,1,0,1,0,0,1,0,0,0
1,0,0,0,-0.6658199275733652,1,0,0,0,0,0,0,0,0,-1.4861825383376863,-1.5475568304610756,0.77751370312458,-1.1015440337934654,-1.3543963712762639,0,0,1,0,-0.7994471841899394,0,0,1,0,0,1,0,0,0,1
1,1,1,0,-0.949081354202677,1,0,0,0,0,0,0,0,1,-1.4366175675227255,-1.3842748829186369,-0.5697972948323762,-1.1015440337934654,-1.3543963712762639,0,0,0,0,-1.0059880357159119,0,0,1,1,0,0,0,0,0,1
1,1,0,0,0.10303251613476692,1,1,0,0,0,0,1,1,1,1.0151963221240006,1.1371823761507898,-1.4784756117906483,-0.026393431304754394,0.3605402966373459,0,0,1,1,0.7744447972465769,0,1,0,1,0,0,0,0,1,0
0,0,1,0,1.0742145502924074,1,0,1,0,1,0,0,0,1,0.5459812650757051,0.45768994631598325,1.0259035693089003,-0.026393431304754394,-0.06819387034105659,1,0,0,0,0.9565398455228877,0,1,0,0,1,0,0,1,0,0
1,0,0,0,-1.2728086989218905,1,0,0,0,0,0,0,0,0,-0.632012874626529,-0.6307046139831962,0.006326045598127978,-1.1015440337934654,-0.9256622042978615,0,1,1,0,-1.9404379046339595,1,0,0,1,0,0,0,0,0,1
0,0,0,0,1.5598055673712277,1,1,1,1,1,1,1,1,1,1.6000629777405375,1.5761386810310503,0.22788613357582596,2.1239077736726677,2.0754769645509556,1,0,1,0,1.2990150351735172,0,1,0,0,0,1,0,1,0,0
0,0,0,1,-0.8276835999329719,1,1,1,0,0,0,0,0,1,0.4485034891396155,0.363332728261434,0.9923416498499597,-0.56396873254911,-0.06819387034105659,0,0,0,0,-0.06905660687138228,0,1,0,1,0,0,0,0,1,0
1,1,1,0,1.5598055673712277,1,0,0,1,1,1,0,1,1,1.0168484878178323,0.9793113992675718,0.4090876925166926,1.0487571711839567,0.7892744636157483,1,0,0,0,1.1885716932430221,0,1,0,0,0,1,0,1,0,0
0,0,0,0,1.6002714854611295,1,1,0,1,1,1,1,1,1,1.5488458412317445,1.5335219256352226,0.1278859045517431,1.5863324724283123,1.6467427975725533,1,0,1,0,1.300545091823952,0,1,0,0,0,1,1,0,0,0
0,1,1,0,1.6002714854611295,1,1,1,1,1,1,1,1,1,1.6496279485554983,1.6805019902344844,-0.42224690924279856,2.1239077736726677,2.0754769645509556,1,0,0,0,1.3252893434796524,0,1,0,0,0,1,1,0,0,0
1,0,0,0,0.6290894513034889,1,0,0,0,0,0,0,0,0,-1.4828782069500221,-1.5043482607232637,0.3052171019116988,-1.1015440337934654,-1.3543963712762639,1,0,1,0,-0.06440466904811293,0,0,1,0,0,1,0,1,0,0
1,0,0,0,-0.6658199275733652,1,0,0,0,0,1,0,0,1,-0.504796116201463,-0.48779716014026564,-0.18372968042734739,-0.56396873254911,-0.49692803731945906,0,0,1,0,-0.15034860517027462,1,0,0,1,0,0,0,0,0,1
1,0,0,0,-0.09929707431474152,1,0,1,1,1,0,0,0,1,0.6467633723994586,0.5450626873366227,1.1810978495436382,0.5111818699396011,0.3605402966373459,1,0,1,0,0.5516920891779904,0,1,0,1,0,0,0,1,0,0
0,1,1,0,0.9123508779328007,1,1,0,1,1,0,0,0,1,0.6847631833575953,0.7870331738504479,-1.2337764912095932,-0.026393431304754394,0.3605402966373459,0,0,0,1,0.9876772903401048,0,1,0,1,0,0,0,0,1,0
1,0,0,0,1.3574759769217193,1,0,1,1,0,0,0,0,1,-0.3280143869614365,-0.40302112888054803,0.8988643580285707,-0.026393431304754394,-0.06819387034105659,0,0,1,0,0.7729300372069132,1,0,0,0,1,0,0,0,0,1
0,0,1,1,-0.30162666476425,1,0,0,0,0,0,0,0,0,-1.474617378480862,-1.4925312831759057,0.26285254349507925,-1.1015440337934654,-1.3543963712762639,0,0,0,0,-0.46280701617516234,0,0,1,0,0,1,0,0,0,1
1,0,1,1,1.4384078131015228,1,0,1,0,0,1,1,1,1,1.1506739090182263,1.0976543260015534,0.5876729722642889,1.0487571711839567,0.7892744636157483,0,0,0,0,1.1848862007317913,0,1,0,0,0,1,0,0,1,0
0,0,1,1,1.397941895011621,1,1,1,0,1,1,0,1,1,1.1738042287318748,1.1562009932237927,0.16779704130289533,1.0487571711839567,1.2180086305941509,1,0,0,0,1.1868657751199576,0,1,0,0,1,0,1,0,0,0
1,0,1,0,1.519339649281326,1,1,1,1,1,1,1,1,0,1.682671262432139,1.6176197034794726,0.7116903738362728,2.1239077736726677,2.0754769645509556,1,0,0,0,1.2970863580604857,0,1,0,0,1,0,0,1,0,0
0,0,1,1,1.397941895011621,1,1,0,1,0,1,1,0,0,0.9705878483905355,0.966288795110705,0.01738171737610714,0.5111818699396011,0.7892744636157483,1,0,0,0,1.1494262658282053,0,1,0,0,0,1,0,1,0,0
1,0,0,0,-0.7872176818430703,0,0,1,0,0,1,1,0,1,-0.6336650403203612,-0.6200602104160883,-0.1391209399992779,0.5111818699396011,-0.06819387034105659,1,0,1,0,-0.3335886618531036,1,0,0,1,0,0,0,1,0,0
0,0,0,0,0.6290894513034889,0,0,1,1,0,0,1,0,1,-0.6584475257278416,-0.6885333987395212,0.378721560054026,0.5111818699396011,-0.06819387034105659,0,0,1,0,0.4589721400310317,1,0,0,1,0,0,0,0,1,0
1,0,1,1,-0.6658199275733652,1,0,0,0,0,0,0,0,0,-1.47296521278703,-1.430183273270196,-0.45541190416889604,-1.1015440337934654,-1.3543963712762639,0,0,0,0,-0.6847779599287095,0,0,1,1,0,0,0,0,1,0
1,0,0,0,0.8314190417529973,1,1,0,0,0,0,0,0,0,-1.3259224660359796,-1.3380075381634426,0.18875011934488528,-1.1015440337934654,-0.9256622042978615,0,0,1,0,0.145587081402564,0,0,1,0,0,1,0,0,0,1
0,0,0,0,-0.5848880913935618,0,0,0,0,1,1,0,0,1,-0.9756633389435903,-1.021492207905267,0.5759517543696433,-0.026393431304754394,-0.49692803731945906,0,0,1,0,-0.322835935957065,1,0,0,1,0,0,0,0,1,0
1,0,0,0,0.5076916970337838,0,0,1,0,1,1,0,0,0,-0.7410558104194428,-0.7853723033809243,0.5499612277336766,0.5111818699396011,-0.06819387034105659,1,0,1,0,0.3746874681769304,1,0,0,0,1,0,1,0,0,0
1,0,1,0,0.3053621065842754,1,0,0,1,0,0,0,0,1,-0.48166579648781477,-0.43755304092171377,-0.5053624475473856,-0.56396873254911,-0.49692803731945906,0,0,0,0,0.4450484856001698,1,0,0,1,0,0,0,0,0,1
1,0,0,0,-0.5848880913935618,1,1,0,0,0,0,1,0,0,0.6467633723994586,0.6818658010121996,-0.4376787844329039,-0.56396873254911,-0.06819387034105659,1,0,1,1,0.26157269863988536,0,1,0,1,0,0,1,0,0,0
0,0,0,0,-0.9086154361127753,1,0,0,0,0,0,0,0,1,-1.5010520295821745,-1.522908383450991,0.31041520723889077,-1.1015440337934654,-1.3543963712762639,0,0,1,0,-1.068239798040859,0,0,1,0,1,0,0,0,0,1
1,0,0,0,0.871884959842899,0,0,1,0,0,1,1,0,0,-0.6452302001771851,-0.6318333525448758,-0.1362608713630556,0.5111818699396011,-0.06819387034105659,1,0,1,0,0.5573319132584075,1,0,0,0,0,1,0,1,0,0
0,0,1,1,0.871884959842899,1,1,0,1,1,1,1,1,1,0.7095456687650757,0.6271677404421548,0.9502875338348228,1.5863324724283123,1.6467427975725533,0,0,0,0,0.9406836599034842,1,0,0,1,0,0,0,0,1,0
1,0,0,0,-1.1109450265622838,1,0,0,0,0,0,1,0,1,0.5245031110558886,0.6051359839760718,-0.9722172822458657,-0.56396873254911,-0.49692803731945906,0,1,1,1,-0.5612585713431535,0,1,0,1,0,0,0,0,1,0
1,0,0,0,-1.0300131903824803,1,1,0,0,0,0,0,1,1,0.7293716570910599,0.7867208195219021,-0.7037722714201404,-0.56396873254911,-0.06819387034105659,0,0,1,1,-0.3094708601325716,0,1,0,1,0,0,0,0,1,0
0,0,1,1,1.519339649281326,1,1,0,0,0,0,0,0,0,-1.3440962886681322,-1.302469664612501,-0.4461875877958632,-1.1015440337934654,-0.9256622042978615,0,0,0,0,0.34815377889094173,0,0,1,0,0,1,0,0,0,1
1,1,0,0,-1.1109450265622838,1,0,0,0,0,0,0,0,0,-1.4762695441746942,-1.5126948247901706,0.48195268303624306,-1.1015440337934654,-1.3543963712762639,1,1,1,0,-1.4909628877896601,0,0,1,1,0,0,1,0,0,0
1,1,1,0,-0.9086154361127753,1,1,0,0,1,0,0,1,1,0.8285015987209814,0.8792547196471223,-0.6291423306511557,-0.026393431304754394,0.3605402966373459,0,0,0,1,-0.06557303418109119,0,1,0,1,0,0,0,0,1,0
1,1,0,0,-1.1109450265622838,1,0,0,0,0,0,0,0,1,0.1825048124326595,0.05393328592599027,1.5150761168157585,-1.1015440337934654,-0.9256622042978615,0,1,1,1,-0.7024026583558045,0,1,0,1,0,0,0,0,0,1
0,1,0,0,0.34582802467417706,1,0,0,0,1,1,1,1,1,1.201891045527019,1.0942698172769976,1.2320012468330945,1.0487571711839567,0.7892744636157483,1,0,1,0,0.865728461561215,0,1,0,0,1,0,1,0,0,0
0,0,0,0,-1.191876862742087,1,1,0,0,0,1,1,0,1,-0.03723322484699983,-0.4236878604816215,4.574161101868555,-0.026393431304754394,0.3605402966373459,0,1,1,0,-1.177047172768938,1,0,0,1,0,0,0,0,1,0
0,0,1,1,-1.1514109446521854,1,1,0,0,0,0,0,0,0,-0.45853547677416634,-0.1599748740913528,-3.5170147214895517,-1.1015440337934654,-0.49692803731945906,0,1,0,0,-0.9069834187958908,1,0,0,1,0,0,0,0,0,1
1,0,0,0,-1.1514109446521854,1,0,0,0,0,1,0,0,1,-0.4601876424679985,-0.46679347095873974,0.09404407299449952,-0.56396873254911,-0.49692803731945906,0,1,1,0,-1.0129182876707028,1,0,0,1,0,0,0,0,0,1
1,0,1,1,-0.6253540094834634,1,0,0,0,0,0,0,0,0,-1.4812260412561902,-1.4940119584732239,0.20240163624884475,-1.1015440337934654,-1.3543963712762639,1,0,0,0,-0.7064823468549009,0,0,1,0,1,0,1,0,0,0
0,0,0,0,-1.2728086989218905,1,1,0,0,0,0,0,1,1,-0.15123265772140967,-0.1513262961930776,0.006326045598127978,-0.56396873254911,-0.06819387034105659,0,1,1,0,-1.7693447509457134,1,0,0,1,0,0,0,0,1,0
1,0,1,0,0.3053621065842754,1,1,0,1,1,0,1,1,1,1.3638032835225578,1.3087595715571863,0.6042705990167471,1.0487571711839567,1.2180086305941509,1,0,0,1,0.8906891018427583,0,1,0,0,1,0,1,0,0,0
0,0,0,0,-0.1397629924046432,1,1,0,1,0,0,0,0,1,-0.31314489571694815,-0.2923733827048521,-0.234982550840938,-0.56396873254911,-0.06819387034105659,0,0,1,0,0.29437643783732753,1,0,0,0,1,0,0,0,1,0
1,1,1,0,0.2648961884943737,1,1,0,1,1,0,1,1,1,1.3522381236657337,1.4866869019374198,-1.637574764126507,1.0487571711839567,1.2180086305941509,0,0,0,1,0.9064804364614631,0,1,0,1,0,0,0,0,1,0
1,1,0,0,0.6695553693933906,1,1,1,1,1,1,0,1,0,0.5492855964633689,0.5974102572471169,-0.5884061582911214,1.5863324724283123,1.6467427975725533,1,0,1,0,0.872695931356051,1,0,0,0,0,1,0,1,0,0
1,0,1,0,-0.8681495180228737,1,1,0,0,0,0,0,0,1,0.33780838765287,0.34003273556867786,-0.037975988440443115,-1.1015440337934654,-0.49692803731945906,0,0,0,1,-0.12967725121641938,0,1,0,1,0,0,0,0,1,0
1,0,1,1,1.0337486322025058,1,0,0,1,0,1,1,1,1,0.3460692161220301,0.30998799682428885,0.41500467132222824,1.0487571711839567,0.7892744636157483,1,0,0,0,0.9088266892484146,1,0,0,0,1,0,0,1,0,0
1,0,1,1,0.42675986085398043,1,1,0,0,1,1,1,1,1,1.3076296499322688,1.2779589495604389,0.30597264047669065,1.0487571711839567,1.2180086305941509,1,0,0,0,0.930556260915489,0,1,0,0,1,0,0,1,0,0
0,0,0,0,-0.38255850094405336,1,1,1,0,1,0,1,1,1,0.45676431760877567,0.5070399815787391,-0.6106664562816778,1.0487571711839567,1.2180086305941509,0,0,1,0,0.3754732866795061,1,0,0,0,1,0,0,0,1,0
1,0,0,0,-1.2728086989218905,1,0,0,0,0,0,0,0,1,0.15276582994368287,0.15178576728933404,0.006326045598127978,-1.1015440337934654,-0.9256622042978615,0,1,1,1,-1.6810980897564927,0,1,0,1,0,0,0,0,1,0
1,0,1,1,0.1839643523145703,1,1,0,1,1,0,1,0,1,0.9325880374323992,0.9080521465948932,0.2581531753006335,0.5111818699396011,0.7892744636157483,0,0,0,1,0.7636996385777374,0,1,0,1,0,0,0,0,1,0
0,0,1,1,-0.34209258285415167,0,0,1,1,1,0,1,1,0,-0.2354931081068429,-0.25545242850802735,0.24430180510866012,1.5863324724283123,0.7892744636157483,0,0,0,0,0.18779715592380322,1,0,0,0,1,0,0,0,1,0
0,0,1,1,0.4672257789438821,1,1,0,1,1,0,0,1,0,0.980500842553528,1.0832488388529364,-1.2496366193954043,0.5111818699396011,0.7892744636157483,0,0,0,1,0.9080284783251011,0,1,0,0,1,0,0,0,1,0
1,1,0,0,0.9123508779328007,1,1,1,0,0,0,1,1,1,1.125891423610746,1.2321466496816853,-1.2961537551359075,0.5111818699396011,0.7892744636157483,0,0,1,0,1.076989698329748,0,1,0,1,0,0,0,0,1,0
0,0,1,0,0.6290894513034889,1,1,0,0,1,1,0,1,1,0.15937449271901108,0.22509276090328717,-0.783136200969238,0.5111818699396011,0.7892744636157483,0,0,0,0,0.7674391992862625,1,0,0,0,1,0,0,0,0,1
0,0,0,0,-1.2728086989218905,0,0,0,0,0,0,1,0,1,-0.9921849958819106,-0.9898265152830101,0.006326045598127978,-0.56396873254911,-0.9256622042978615,0,1,1,0,-2.1082068644562253,1,0,0,1,0,0,0,0,1,0
0,0,0,0,-0.8681495180228737,0,0,0,0,0,0,1,0,1,-0.9558373506176061,-1.045387076326476,1.0926119202239293,-0.56396873254911,-0.9256622042978615,0,0,1,0,-0.6459085148470806,1,0,0,1,0,0,0,0,0,1
0,0,0,0,-1.0704791084723821,1,1,0,0,0,0,0,0,1,0.3014607423885652,0.07051659084839795,2.7223360790562143,-1.1015440337934654,-0.49692803731945906,0,1,1,1,-0.5831755397572402,0,1,0,1,0,0,0,0,0,1
1,0,0,0,-0.38255850094405336,1,0,0,0,0,0,0,0,0,-1.4630522186240378,-1.443921619838419,-0.17589014657791485,-1.1015440337934654,-1.3543963712762639,0,0,1,0,-0.4692389874922042,0,0,1,0,1,0,0,0,0,1
1,1,0,0,0.7504872055731939,1,1,0,0,0,0,0,0,0,-1.3127051404853236,-1.3186501306123957,0.11563914291997095,-1.1015440337934654,-0.9256622042978615,1,0,1,0,0.13652014793292155,0,0,1,0,1,0,1,0,0,0
1,1,0,0,-0.8276835999329719,0,0,0,1,0,0,0,0,1,-1.1689667251219373,-1.0864709413208806,-0.9358305449555151,-0.56396873254911,-0.9256622042978615,1,0,1,0,-0.6154474216939523,1,0,0,1,0,0,0,1,0,0
1,0,0,1,-0.30162666476425,1,0,0,0,0,0,0,0,0,-1.4514870587672137,-1.526598443354255,0.9388661412964657,-1.1015440337934654,-1.3543963712762639,0,0,0,0,-0.4971447346829008,0,0,1,1,0,0,0,0,0,1
0,0,1,1,-1.2728086989218905,1,0,0,0,0,0,0,0,0,-1.4960955325006784,-1.4922677074685295,0.006326045598127978,-1.1015440337934654,-1.3543963712762639,0,1,0,0,-2.459025085918324,0,0,1,1,0,0,0,0,1,0
1,0,0,0,0.7100212874832923,1,0,1,1,1,1,0,0,1,0.8384145928839735,0.8647251087780197,-0.34025762709243157,1.0487571711839567,0.7892744636157483,1,0,1,0,0.944208102269391,0,1,0,0,1,0,0,1,0,0
0,1,0,0,-0.7872176818430703,1,1,0,0,0,0,0,1,1,0.5707637504831855,0.7236690208412259,-1.829004989156771,-0.56396873254911,-0.06819387034105659,0,0,1,1,0.06610274744287101,0,1,0,1,0,0,0,0,1,0
0,0,0,0,-0.7062858456632669,1,0,0,0,0,0,0,0,0,-1.4861825383376863,-1.4800773310023894,-0.020964007369632855,-1.1015440337934654,-1.3543963712762639,1,0,1,0,-0.7715015039215273,0,0,1,1,0,0,1,0,0,0
0,1,1,0,0.42675986085398043,1,1,1,1,0,0,1,0,1,0.9838051739411919,1.0518891458938928,-0.8395749317746573,0.5111818699396011,0.7892744636157483,0,0,0,0,0.8873888634159759,0,1,0,1,0,0,0,0,1,0
1,0,0,0,1.2360782226520142,1,0,0,0,0,0,0,0,0,-1.4614000529302058,-1.4385066306465975,-0.22047224040378394,-1.1015440337934654,-1.3543963712762639,0,0,1,0,0.16931184953137426,0,0,1,0,1,0,0,0,0,1
0,0,0,0,-1.2728086989218905,1,0,0,0,0,0,0,1,1,0.49476412856691243,0.4927868387070476,0.006326045598127978,-0.56396873254911,-0.49692803731945906,0,1,1,1,-1.5946755933544714,0,1,0,1,0,0,0,0,1,0
1,0,1,1,-0.018365238134938143,1,0,0,0,0,0,0,0,0,-1.5126171894389986,-1.500967764997152,-0.08565605257445923,-1.1015440337934654,-1.3543963712762639,0,0,0,0,-0.31598993709031525,0,0,1,0,0,1,0,0,0,1
0,0,0,0,-0.8276835999329719,1,1,0,0,0,1,0,0,1,0.4898076314854162,0.49786616223460617,-0.11225573217845432,-0.56396873254911,-0.06819387034105659,1,0,1,0,-0.03604275383363689,0,1,0,1,0,0,0,1,0,0
0,0,1,1,-0.5039562552137584,1,0,0,0,0,0,0,0,0,-1.466356550011702,-1.4039698454975662,-0.6876210155820737,-1.1015440337934654,-1.3543963712762639,0,0,0,0,-0.5216433187072695,0,0,1,1,0,0,0,0,0,1
0,0,0,0,-1.232342780831989,1,0,0,0,0,0,0,0,0,-1.479573875562358,-1.50462281875178,0.347451707695137,-1.1015440337934654,-1.3543963712762639,0,1,1,0,-2.050122231560845,0,0,1,1,0,0,0,0,0,1
0,0,1,1,1.155146386472211,0,0,1,1,0,1,0,1,1,-0.4634919738556624,-0.4648085514411029,0.03157094237158469,1.0487571711839567,0.3605402966373459,1,0,0,0,0.7004496813851762,1,0,0,0,1,0,1,0,0,0
0,0,0,0,-0.8681495180228737,1,0,0,0,0,0,0,0,1,-0.6634040228093376,-0.7186131027500815,0.676172800261346,-1.1015440337934654,-0.9256622042978615,0,0,1,0,-0.4809049159780812,1,0,0,1,0,0,0,0,0,1
1,0,1,0,-0.7062858456632669,1,1,0,0,1,0,1,1,1,1.201891045527019,1.1705058762976137,0.3299081022158616,0.5111818699396011,0.7892744636157483,0,0,0,1,0.24756827675857876,0,1,0,1,0,0,0,0,1,0
1,0,1,1,1.5598055673712277,1,1,1,1,1,1,1,1,0,0.8466754213531336,0.8020938593962721,0.4983157329042362,2.1239077736726677,2.0754769645509556,0,0,0,0,1.151664666649621,1,0,0,0,0,1,0,0,1,0
1,0,0,0,-1.0300131903824803,1,0,0,0,1,0,0,0,0,0.32789539348987795,0.42995227275223036,-1.2189416386686729,-0.56396873254911,-0.49692803731945906,0,0,1,1,-0.3913877884019702,0,1,0,1,0,0,0,0,0,1
1,0,0,0,-1.2728086989218905,1,0,0,0,0,0,1,1,1,0.8103277760888292,0.8074303393871597,0.006326045598127978,-0.026393431304754394,-0.06819387034105659,0,1,1,1,-1.5242528746835038,0,1,0,1,0,0,0,0,1,0
0,1,1,1,1.6002714854611295,1,1,1,1,1,1,1,1,1,0.8400667585778059,0.9403393050249413,-1.2154994409445705,2.1239077736726677,2.0754769645509556,1,0,0,0,1.189444012455838,1,0,0,0,0,1,1,0,0,0
0,0,1,1,1.3170100588318177,1,1,0,1,0,1,1,1,1,0.48485113440392036,0.4377400659742883,0.5407312586591168,1.0487571711839567,1.2180086305941509,1,0,0,0,1.0126420824202815,1,0,0,0,0,1,1,0,0,0
1,0,1,0,0.022100679954963547,1,1,0,1,1,0,0,1,1,0.9458053629830551,0.9539444873319687,-0.12894283166631812,0.5111818699396011,0.7892744636157483,0,0,0,1,0.7011116354273486,0,1,0,1,0,0,0,0,1,0
0,0,1,1,1.3170100588318177,1,1,0,0,0,0,0,0,0,-1.279661826608683,-1.294281801120319,0.21714920204137897,-1.1015440337934654,-0.9256622042978615,1,0,0,0,0.30769209118005697,0,0,1,0,0,1,0,1,0,0
1,0,1,1,1.2765441407419158,1,0,1,0,1,1,1,0,0,0.149461498556019,0.15659911272676721,-0.08961554686665582,1.0487571711839567,0.7892744636157483,0,0,0,0,0.9299762422950352,1,0,0,0,0,1,0,0,0,1
1,0,1,1,1.114680468382309,1,0,0,0,0,0,0,0,0,-1.4894868697253503,-1.495150566767955,0.11841019171571583,-1.1015440337934654,-1.3543963712762639,1,0,0,0,0.0850956566841881,0,0,1,0,0,1,0,1,0,0
0,1,0,0,-1.1514109446521854,1,1,0,0,0,0,1,1,1,1.0151963221240006,1.1294869068372224,-1.3874159452553672,-0.026393431304754394,0.3605402966373459,0,1,1,1,-0.5913671909038158,0,1,0,1,0,0,0,0,1,0
0,0,1,1,-0.05883115622483983,1,0,0,0,0,0,0,0,0,-1.4448783959918856,-1.3915669079770903,-0.580976015966124,-1.1015440337934654,-1.3543963712762639,0,0,0,0,-0.23559647918553983,0,0,1,0,0,1,0,0,0,1
0,0,0,0,-0.7467517637531685,1,0,0,0,0,0,0,0,1,0.2072872978401399,0.017879894524200645,2.2340854715377763,-1.1015440337934654,-0.9256622042978615,1,0,1,1,-0.06577944150467978,0,1,0,1,0,0,0,1,0,0
1,0,0,0,0.5481576151236855,1,1,0,0,0,0,0,0,0,0.2667652628180927,0.19425870057030564,0.8487581154724773,-1.1015440337934654,-0.49692803731945906,1,0,1,1,0.7323650813509399,0,1,0,1,0,0,1,0,0,0
0,0,0,0,-1.1109450265622838,1,1,0,0,0,0,1,0,1,0.6765023548884352,0.9955575005267874,-3.7986870539067974,-0.56396873254911,-0.06819387034105659,0,1,1,1,-0.4775213219039955,0,1,0,1,0,0,0,0,1,0
1,0,0,0,-1.1109450265622838,1,0,0,0,0,0,0,0,0,-1.466356550011702,-1.521919974548331,0.7080702647691184,-1.1015440337934654,-1.3543963712762639,0,1,1,0,-1.500296078781413,0,0,1,1,0,0,0,0,0,1
0,0,0,0,-1.232342780831989,1,0,1,0,0,0,1,1,1,0.19902646937097979,0.2868683173195396,-1.0462902831583583,0.5111818699396011,0.3605402966373459,0,1,1,0,-1.2132377169919644,1,0,0,1,0,0,0,0,1,0
0,1,0,0,0.993282714112604,1,0,1,0,1,1,1,0,0,0.16928748688200312,0.18071551324146012,-0.14106759887687517,1.0487571711839567,0.7892744636157483,1,0,1,0,0.8636561211223076,1,0,0,0,0,1,1,0,0,0
0,0,1,0,1.2765441407419158,1,0,0,1,1,1,0,1,1,0.11807035037321043,0.12110390760259562,-0.03996957997218261,1.0487571711839567,0.7892744636157483,0,0,0,0,0.920141118217037,1,0,0,0,0,1,0,0,0,1
1,1,1,0,1.0337486322025058,0,0,0,1,1,0,0,1,1,-0.6419258687895213,-0.6270690869849065,-0.1536501269715042,0.5111818699396011,-0.06819387034105659,0,0,0,0,0.6043023691902668,1,0,0,1,0,0,0,0,1,0
0,0,1,1,0.42675986085398043,1,0,1,0,1,0,1,1,0,0.3460692161220301,0.3604243286802863,-0.18180305708659728,1.0487571711839567,0.7892744636157483,1,0,0,0,0.7333232325247567,1,0,0,0,0,1,1,0,0,0
1,0,1,0,1.519339649281326,1,1,1,1,1,1,1,1,0,1.6380627886986738,1.7472660045450472,-1.3487086252296605,2.1239077736726677,2.0754769645509556,1,0,0,0,1.3184802456286642,0,1,0,0,0,1,0,1,0,0
1,0,1,1,1.6002714854611295,1,1,0,0,0,0,0,0,0,-1.276357495221019,-1.2858687095311174,0.15658377771228718,-1.1015440337934654,-0.9256622042978615,0,0,0,0,0.37833492963783444,0,0,1,0,0,1,0,0,0,1
1,0,1,1,0.06256659804486524,0,0,0,0,1,1,1,0,1,-0.6567953600340094,-0.7351658685976591,0.9500114906597703,0.5111818699396011,-0.06819387034105659,0,0,0,0,0.22132079336684649,1,0,0,1,0,0,0,0,1,0
0,0,1,1,-0.05883115622483983,1,0,0,0,0,0,0,0,1,-1.4927912011130144,-1.4327506122545919,-0.6589475958740115,-1.1015440337934654,-1.3543963712762639,0,0,0,0,-0.2715224106551272,0,0,1,1,0,0,0,0,0,1
1,0,1,0,-1.1109450265622838,1,0,0,0,1,0,1,1,1,0.98215300824736,1.1490903500733132,-2.009239295020772,0.5111818699396011,0.3605402966373459,0,1,0,1,-0.447418674957506,0,1,0,1,0,0,0,0,1,0
0,0,0,0,0.5076916970337838,1,0,1,1,0,0,1,1,1,1.1754563944257068,1.1498591125531596,0.26233273296235937,1.0487571711839567,0.7892744636157483,0,0,1,0,0.9350790089239255,0,1,0,0,1,0,0,0,1,0
0,0,1,0,-0.9895472722925787,1,0,0,1,1,0,1,1,0,1.2035432112208515,1.3382882875241553,-1.6359503562117552,1.0487571711839567,0.7892744636157483,0,0,0,1,-0.11671150730680253,0,1,0,1,0,0,0,0,1,0
1,0,0,0,-1.0704791084723821,1,0,0,0,0,0,0,0,0,-1.47296521278703,-1.4164896915979268,-0.6174465936649748,-1.1015440337934654,-1.3543963712762639,1,1,1,0,-1.2872396532897756,0,0,1,1,0,0,1,0,0,0
0,0,0,0,-0.9895472722925787,0,0,0,1,0,0,0,0,1,-1.1722710565096015,-1.1984219774485558,0.3498883195672591,-0.56396873254911,-0.9256622042978615,0,0,1,0,-0.9408593947243619,1,0,0,1,0,0,0,0,0,1
1,0,0,0,0.9528167960227024,1,1,1,1,0,1,0,0,1,-0.0025377452765271515,0.02349852846491664,-0.3079968859055413,0.5111818699396011,0.7892744636157483,1,0,1,0,0.8082204306926926,1,0,0,0,1,0,1,0,0,0
0,0,1,1,-1.232342780831989,1,0,0,1,0,0,0,0,1,0.2915477482255731,0.26215809475303864,0.3377052602066488,-0.56396873254911,-0.49692803731945906,1,1,0,1,-1.2196561776169976,0,1,0,1,0,0,1,0,0,0
1,1,1,0,-0.22069482858444658,1,1,0,1,1,1,1,1,1,0.6632850293377789,0.6851604973543995,-0.2817356246171262,1.5863324724283123,1.6467427975725533,1,0,0,0,0.5174717988154623,1,0,0,1,0,0,1,0,0,0
0,0,1,0,-0.38255850094405336,1,0,1,0,1,1,0,1,1,0.13293984161769876,0.28701156498659175,-1.8277011165830597,1.0487571711839567,0.7892744636157483,1,0,0,0,0.32071334566293275,1,0,0,0,1,0,1,0,0,0
1,0,0,0,-0.42302441903395505,1,0,0,1,0,0,1,1,1,0.9408488659015594,1.097663135350062,-1.8880289298912367,0.5111818699396011,0.3605402966373459,0,0,1,1,0.47455218933523513,0,1,0,1,0,0,0,0,0,1
1,0,1,1,1.5598055673712277,1,1,0,1,0,0,1,1,0,1.183717222894867,1.1679907700758219,0.145247240786122,0.5111818699396011,0.7892744636157483,1,0,0,1,1.2256243740349417,0,1,0,0,1,0,1,0,0,0
0,0,0,0,-0.1397629924046432,1,0,0,0,0,0,0,0,0,-1.4779217098685262,-1.452220105377994,-0.25313110823329116,-1.1015440337934654,-1.3543963712762639,0,0,1,0,-0.3311715934915595,0,0,1,0,1,0,0,0,0,1
0,0,0,0,-1.191876862742087,1,0,0,0,0,0,0,0,0,-1.479573875562358,-1.4961115198677635,0.24673841698078217,-1.1015440337934654,-1.3543963712762639,0,1,1,0,-1.791881287268304,0,0,1,1,0,0,0,0,0,1
1,1,0,0,1.3574759769217193,1,1,0,1,1,1,1,1,0,1.5257155215180964,1.576966573677858,-0.6590905056612312,1.5863324724283123,1.6467427975725533,1,0,1,0,1.2531815529663979,0,1,0,0,1,0,0,1,0,0
1,0,1,0,0.9528167960227024,1,1,1,1,1,0,0,0,1,0.9391967002077274,0.9580156123846816,-0.25508759953947446,0.5111818699396011,0.7892744636157483,0,0,0,0,1.0348420260565216,0,1,0,0,1,0,0,0,1,0
0,0,0,0,-1.2728086989218905,1,0,0,0,0,0,0,0,0,-1.5060085266636707,-1.50215179649513,0.006326045598127978,-1.1015440337934654,-1.3543963712762639,0,1,1,0,-2.4683303617040346,0,0,1,1,0,0,0,0,0,1
0,0,0,0,-0.9086154361127753,0,0,0,0,0,1,0,0,1,-1.1607058966527772,-1.1478072048915062,-0.11258061376140079,-0.56396873254911,-0.9256622042978615,0,0,1,0,-0.767818432715686,1,0,0,0,0,1,0,0,0,1
1,0,1,1,1.519339649281326,1,1,1,0,1,0,1,0,0,0.13954850439302696,0.15376258509465418,-0.1730085881900115,0.5111818699396011,0.7892744636157483,1,0,0,0,0.9856076604060692,1,0,0,0,0,1,0,1,0,0
1,0,0,0,0.42675986085398043,1,0,1,1,1,1,0,0,1,0.8565884155161261,0.8415649259092567,0.1482161881049225,1.0487571711839567,0.7892744636157483,1,0,1,0,0.8443835818669185,0,1,0,0,1,0,0,1,0,0
0,0,0,0,0.224430270404472,1,1,0,0,0,0,0,0,1,-1.337487625892804,-1.3402781630507183,0.07916791630154903,-1.1015440337934654,-0.9256622042978615,0,0,1,0,-0.06550424677347778,0,0,1,0,1,0,0,0,1,0
0,0,0,0,-0.1397629924046432,1,0,1,1,1,0,0,1,1,0.13624417300536262,0.10560321338918423,0.3578703239759292,1.0487571711839567,0.7892744636157483,1,0,1,0,0.41755277142610536,1,0,0,1,0,0,1,0,0,0
1,0,1,1,0.871884959842899,1,1,0,0,1,0,0,1,0,-0.04549405331615996,-0.05309553487933307,0.09151721623822891,-0.026393431304754394,0.3605402966373459,1,0,0,0,0.7625651168823322,1,0,0,0,0,1,0,1,0,0
1,0,1,0,0.5886235332135872,1,0,0,0,0,0,0,0,0,-1.4894868697253503,-1.450943803346679,-0.4046837187035584,-1.1015440337934654,-1.3543963712762639,0,0,0,0,-0.026369988860663426,0,0,1,0,0,1,0,0,0,1
1,0,1,0,1.155146386472211,1,1,1,1,1,1,0,1,1,0.5311117738312168,0.4923277416757573,0.44060218123263306,1.5863324724283123,1.6467427975725533,1,0,0,0,0.9858861628922466,1,0,0,0,0,1,1,0,0,0
1,0,0,0,0.06256659804486524,1,0,0,1,0,0,0,0,1,-0.49323095634463904,-0.452597205837201,-0.4637967156111972,-0.56396873254911,-0.49692803731945906,0,0,1,0,0.3371646705864489,1,0,0,1,0,0,0,0,1,0
0,1,1,0,1.6002714854611295,1,1,1,1,1,1,0,1,0,0.4534599862211118,0.46709278320502834,-0.17696131411589758,1.5863324724283123,1.6467427975725533,1,0,0,0,1.0841764932186786,1,0,0,0,0,1,1,0,0,0
1,0,0,0,-1.0300131903824803,1,0,0,0,0,0,0,0,0,0.14615716716835514,0.16684723628224885,-0.24986628838492683,-1.1015440337934654,-0.9256622042978615,1,0,1,1,-0.45945474371091327,0,1,0,1,0,0,1,0,0,0
0,1,0,0,-1.232342780831989,1,0,0,0,0,0,1,0,0,0.5542420935448653,0.5446783060966996,0.09404407299449952,-0.56396873254911,-0.49692803731945906,0,1,1,1,-1.1499064678415154,0,1,0,1,0,0,0,0,0,1
1,1,1,0,-0.949081354202677,1,0,0,0,0,0,0,0,0,-1.4828782069500221,-1.4626154403887286,-0.18860290417159148,-1.1015440337934654,-1.3543963712762639,1,0,0,0,-1.0752104286867283,0,0,1,0,1,0,0,1,0,0
0,0,1,0,1.3170100588318177,1,1,1,0,1,0,1,1,1,1.3324121353397491,1.3719385418961263,-0.5136844142490925,1.0487571711839567,1.2180086305941509,0,0,0,0,1.207780373391569,0,1,0,1,0,0,0,0,1,0
1,0,0,0,0.2648961884943737,1,0,0,0,0,1,0,0,1,-0.49323095634463904,-0.467870583224459,-0.28306847213691916,-0.56396873254911,-0.49692803731945906,1,0,1,0,0.41776033021120806,1,0,0,0,0,1,1,0,0,0
1,0,1,1,0.38629394276407875,0,0,0,1,1,0,0,1,1,-0.6485345315648493,-0.5257057793633182,-1.4310429006800183,0.5111818699396011,-0.06819387034105659,1,0,0,0,0.442152713170971,1,0,0,0,1,0,0,1,0,0
0,0,0,1,-0.2611607466743483,1,1,0,0,0,0,0,0,1,-0.503143950507631,-0.5292659823704575,0.326459359258396,-1.1015440337934654,-0.49692803731945906,0,0,0,0,0.13898558933164504,1,0,0,1,0,0,0,0,0,1
0,1,1,0,-1.2728086989218905,1,1,0,0,0,0,0,0,1,0.3212867307145498,0.31981528074154086,0.006326045598127978,-1.1015440337934654,-0.49692803731945906,0,1,0,1,-1.637030834801453,0,1,0,1,0,0,0,0,1,0
1,0,0,0,-0.7062858456632669,1,1,0,1,0,1,0,1,0,1.0234571505931607,1.054203095417949,-0.39912616992288535,0.5111818699396011,0.7892744636157483,0,0,1,0,0.22501731056067936,0,1,0,1,0,0,0,0,1,0
1,0,1,1,1.2360782226520142,1,0,0,1,1,0,0,0,1,0.5145901168928966,0.4275466214547517,1.0122213086161505,-0.026393431304754394,-0.06819387034105659,1,0,0,1,0.9904669717867872,0,1,0,1,0,0,0,1,0,0
1,0,0,0,-0.7467517637531685,0,0,0,0,1,0,1,1,1,-0.46183980816183046,-0.455732704667068,-0.056329688256424315,0.5111818699396011,-0.06819387034105659,0,0,1,0,-0.222177917185129,1,0,0,1,0,0,0,0,1,0
0,0,1,0,0.7100212874832923,1,1,1,1,0,1,1,1,0,1.448063733907991,1.5640244074099972,-1.4221132983143767,1.5863324724283123,1.6467427975725533,0,0,0,0,1.0761991687241446,0,1,0,0,1,0,0,0,1,0
0,0,0,0,-1.0300131903824803,1,0,0,0,0,0,0,0,1,0.16928748688200312,0.2929870390979112,-1.469564574086893,-1.1015440337934654,-0.9256622042978615,1,0,1,1,-0.4259024264917565,0,1,0,1,0,0,1,0,0,0
0,0,0,0,-1.2728086989218905,0,0,0,0,0,0,0,0,1,-1.3094008090976594,-1.3061173641342225,0.006326045598127978,-1.1015440337934654,-1.3543963712762639,0,1,1,0,-2.305421526466042,1,0,0,1,0,0,0,0,0,1
1,0,0,0,-0.30162666476425,1,0,1,0,0,0,0,0,0,0.3163302336330535,0.43974222759762555,-1.4712353936563478,-0.56396873254911,-0.49692803731945906,1,0,1,0,0.4116970538211459,0,1,0,1,0,0,1,0,0,0
0,1,0,0,-0.7062858456632669,1,0,1,0,1,1,0,1,1,1.0432831389191448,1.0007191914629003,0.4676578933864655,1.0487571711839567,0.7892744636157483,0,0,1,0,0.21436937114619445,0,1,0,1,0,0,0,0,0,1
0,0,0,1,-0.46349033712385673,1,0,0,0,0,0,0,0,0,-1.4531392244610457,-1.4236282003393605,-0.29906264237443175,-1.1015440337934654,-1.3543963712762639,0,0,0,0,-0.5081624354837236,0,0,1,1,0,0,0,0,0,1
1,0,0,0,-1.0300131903824803,0,0,0,0,1,1,0,0,1,-0.9657503447805982,-0.958526900032109,-0.05215263933278731,-0.026393431304754394,-0.49692803731945906,1,0,1,0,-0.8813376203917381,1,0,0,0,1,0,0,1,0,0
0,0,1,1,-0.6658199275733652,1,1,0,1,0,0,0,0,1,0.5030249570360725,0.47785774590645325,0.28044488121179595,-0.56396873254911,-0.06819387034105659,1,0,0,1,0.1401278713379653,0,1,0,1,0,0,0,1,0,0
1,0,1,1,-0.38255850094405336,1,0,0,0,0,0,0,0,0,-1.4481827273795498,-1.4827417376095597,0.4589002159330411,-1.1015440337934654,-1.3543963712762639,0,0,0,0,-0.5056665899718793,0,0,1,0,0,1,0,0,0,1
1,0,0,1,-0.7467517637531685,1,0,1,1,1,1,0,1,0,0.37580819861100634,0.3492322123683276,0.30150416953513,1.5863324724283123,1.2180086305941509,1,0,0,0,0.0243417158015241,1,0,0,0,0,1,1,0,0,0
1,0,0,0,-0.7872176818430703,1,0,0,0,0,0,0,0,0,-1.4779217098685262,-1.4527313513621283,-0.24708158910250677,-1.1015440337934654,-1.3543963712762639,1,0,1,0,-0.8355470625548975,0,0,1,0,0,1,0,1,0,0
0,0,1,0,0.7909531236630957,0,0,1,0,1,0,0,0,0,-0.9674025104744302,-0.8919043384201197,-0.8599831907822986,-0.026393431304754394,-0.49692803731945906,0,0,0,0,0.4138531558381877,1,0,0,0,1,0,0,0,0,1
1,0,1,0,1.2360782226520142,1,0,1,0,1,0,1,1,0,1.1556304060997227,1.1775084134439724,-0.2987532313430502,1.0487571711839567,0.7892744636157483,1,0,0,0,1.152177032639202,0,1,0,0,0,1,0,1,0,0
0,0,1,0,1.519339649281326,0,0,0,1,1,1,1,1,0,-0.22888444533151492,-0.23190515530517203,0.04364101598261485,1.5863324724283123,0.7892744636157483,1,0,0,0,0.8693387257141829,1,0,0,0,0,1,1,0,0,0
1,1,1,0,-0.9086154361127753,1,1,0,0,0,0,0,1,0,0.6880675147452592,0.6731714634425044,0.15252275792541756,-0.56396873254911,-0.06819387034105659,0,0,0,1,-0.11014278243894106,0,1,0,1,0,0,0,0,1,0
1,0,1,1,1.155146386472211,1,1,0,0,1,0,1,1,1,1.1622390688750508,1.237955331906459,-0.9360435820590921,0.5111818699396011,0.7892744636157483,0,0,0,1,1.143258313503762,0,1,0,0,1,0,0,0,1,0
1,0,1,0,0.38629394276407875,1,1,1,0,0,0,0,0,0,-0.2850580789218037,-0.26071805926922237,-0.2781773977562467,-0.56396873254911,-0.06819387034105659,1,0,0,0,0.5381920406302425,1,0,0,0,1,0,0,1,0,0
0,0,1,0,0.871884959842899,1,1,0,1,1,1,1,1,0,1.5075416988859438,1.4624952889803386,0.481014136241057,1.5863324724283123,1.6467427975725533,0,0,0,0,1.1071189388320113,0,1,0,0,1,0,0,0,1,0
0,0,0,0,0.34582802467417706,1,0,0,0,0,0,0,0,1,-1.4861825383376863,-1.4846336549683097,0.03295048751789387,-1.1015440337934654,-1.3543963712762639,0,0,1,0,-0.14412238819652576,0,0,1,0,1,0,0,0,0,1
0,1,0,0,0.8314190417529973,1,0,1,1,0,1,0,1,1,1.058152630163633,1.1035178616116732,-0.573311737113339,1.0487571711839567,0.7892744636157483,0,0,1,0,1.029136811709653,0,1,0,0,1,0,0,0,0,1
0,1,1,0,1.0337486322025058,1,1,0,0,0,1,1,1,1,1.178760725813371,1.133094031280838,0.4996979391532124,0.5111818699396011,0.7892744636157483,1,0,0,0,1.0916162106803633,0,1,0,1,0,0,1,0,0,0
0,0,1,0,1.6002714854611295,1,1,1,0,1,1,1,1,1,0.6665893607254432,0.6423752045772172,0.26352396543317697,1.5863324724283123,1.6467427975725533,1,0,0,0,1.125245508473139,1,0,0,0,0,1,1,0,0,0
0,0,0,0,-0.54442217330366,1,0,0,0,0,0,0,0,0,-1.4812260412561902,-1.495735808881372,0.2227997740266054,-1.1015440337934654,-1.3543963712762639,0,0,1,0,-0.6383461464634106,0,0,1,1,0,0,0,0,0,1
1,0,0,0,-1.2728086989218905,1,0,0,0,0,0,0,0,0,-1.4580957215425419,-1.4543786995332282,0.006326045598127978,-1.1015440337934654,-1.3543963712762639,0,1,1,0,-2.4245769065666583,0,0,1,1,0,0,0,0,0,1
0,0,1,1,1.397941895011621,0,0,0,1,1,1,1,1,1,-0.17105864604739404,-0.11501087457046887,-0.657305199811916,1.5863324724283123,0.7892744636157483,0,0,0,0,0.879326437356309,1,0,0,0,0,1,0,0,1,0
0,0,0,0,-0.5848880913935618,1,1,0,0,0,1,0,1,1,0.8384145928839735,0.8188702572420216,0.20233793397767452,-0.026393431304754394,0.3605402966373459,0,0,1,0,0.2914763203526856,0,1,0,1,0,0,0,0,1,0
1,0,0,0,-0.05883115622483983,1,0,0,0,0,0,0,0,0,-1.4630522186240378,-1.4544318397968123,-0.05152383626901459,-1.1015440337934654,-1.3543963712762639,0,0,1,0,-0.29129282114528515,0,0,1,0,0,1,0,0,0,1
1,0,1,1,0.6290894513034889,1,1,0,0,0,0,0,0,0,-1.269748832445691,-1.278489962514732,0.1472434322024883,-1.1015440337934654,-0.9256622042978615,1,0,0,0,0.12866124608987234,0,0,1,0,0,1,1,0,0,0
0,0,0,0,-0.949081354202677,1,0,0,0,0,0,0,0,0,0.2072872978401399,0.3289672150254299,-1.4469775687961124,-1.1015440337934654,-0.9256622042978615,0,0,1,1,-0.25867880181986785,0,1,0,1,0,0,0,0,1,0
1,0,1,0,0.6290894513034889,1,0,0,0,0,0,0,0,1,-1.4762695441746942,-1.4219808521682604,-0.5914560670290109,-1.1015440337934654,-1.3543963712762639,0,0,0,0,0.013028972598740344,0,0,1,0,0,1,0,0,0,1
1,0,0,0,-1.0704791084723821,1,0,0,1,0,0,1,0,0,-0.1743629774350579,-0.16944712607517823,-0.05215263933278731,-0.026393431304754394,-0.06819387034105659,0,1,1,0,-0.6555788058439204,1,0,0,1,0,0,0,0,1,0
0,1,0,0,-1.1109450265622838,1,0,0,0,0,0,0,0,1,0.1428528357806908,-0.03436457604497292,2.092065808134124,-1.1015440337934654,-0.9256622042978615,0,1,1,1,-0.7282715637866671,0,1,0,1,0,0,0,0,0,1
0,0,0,0,0.8314190417529973,1,0,1,1,1,1,0,1,0,1.1490217433243946,1.2388490679695918,-1.1025622252616927,1.5863324724283123,1.2180086305941509,0,0,1,0,1.0549236207492054,0,1,0,0,0,1,0,0,0,1
0,1,1,0,0.9123508779328007,1,1,0,0,0,0,0,0,0,-0.432100825672854,-0.4326933638169683,0.02192036157970243,-1.1015440337934654,-0.49692803731945906,1,0,0,0,0.647279520719195,1,0,0,1,0,0,1,0,0,0
0,0,0,0,-1.232342780831989,1,0,0,0,0,0,0,0,1,-1.4779217098685262,-1.4593207440465283,-0.16911000919461927,-1.1015440337934654,-1.3543963712762639,0,1,1,0,-2.007378489733486,0,0,1,1,0,0,0,0,0,1
0,0,1,1,0.7909531236630957,1,0,0,1,1,1,0,0,0,0.6963283432144194,0.6758325643342816,0.21849871015516714,0.5111818699396011,0.3605402966373459,1,0,0,0,0.9279277598468998,0,1,0,1,0,0,1,0,0,0
1,0,1,1,1.6002714854611295,1,1,1,1,1,1,0,0,0,0.16928748688200312,0.20173244864365988,-0.38975875094784723,1.0487571711839567,1.2180086305941509,1,0,0,0,1.0164102217175306,1,0,0,0,0,1,1,0,0,0
1,0,0,0,-1.2728086989218905,0,0,1,0,0,0,0,0,0,-1.157401565265113,-1.1545613323930166,0.006326045598127978,-0.56396873254911,-0.9256622042978615,0,1,1,0,-2.2032128414654366,1,0,0,1,0,0,0,0,0,1
0,0,1,1,-0.8276835999329719,0,0,0,1,0,0,0,0,0,-1.1739232222034333,-1.2844272798814047,1.3480869831796956,-0.56396873254911,-0.9256622042978615,0,0,0,0,-0.7470743206511993,1,0,0,1,0,0,0,0,0,1
0,0,0,0,-1.0300131903824803,1,0,1,1,1,0,0,0,0,-0.10992851537560905,-0.06731153946697443,-0.5004892238031414,0.5111818699396011,0.3605402966373459,0,0,1,0,-0.5269171208560012,1,0,0,1,0,0,0,0,1,0
1,0,1,1,1.114680468382309,1,0,0,1,0,1,1,1,0,0.403895015406151,0.3620697613302575,0.4809780382873953,1.0487571711839567,0.7892744636157483,1,0,0,0,0.9434466072577536,1,0,0,0,0,1,1,0,0,0
0,1,1,0,-0.46349033712385673,1,1,0,1,1,0,0,1,0,0.23041761755378834,0.2156401202072129,0.1669103708846123,0.5111818699396011,0.7892744636157483,1,0,0,0,0.2446329587690878,1,0,0,0,1,0,1,0,0,0
1,0,1,0,-1.191876862742087,0,0,0,0,0,0,0,1,1,-0.9773155046374224,-1.037599612244912,0.7470560547230614,-0.56396873254911,-0.9256622042978615,0,1,0,0,-1.454954966333376,1,0,0,1,0,0,0,0,1,0
0,0,1,1,0.6290894513034889,1,1,0,1,0,1,1,1,0,0.4931119628730805,0.5234686983937865,-0.37622201832494756,1.0487571711839567,1.2180086305941509,0,0,0,0,0.8424348669233342,1,0,0,0,0,1,0,0,1,0
0,0,0,0,-0.38255850094405336,1,0,0,1,1,0,0,0,0,-0.294971073084796,-0.23097199907408955,-0.747116721120482,-0.026393431304754394,-0.06819387034105659,1,0,1,0,0.1691697173558345,1,0,0,0,1,0,1,0,0,0
0,0,1,0,1.3170100588318177,1,0,0,0,0,1,1,0,1,-0.16279781757823392,-0.20279959058545033,0.4789537761167082,-0.026393431304754394,-0.06819387034105659,1,0,0,0,0.8322527590356004,1,0,0,0,0,1,0,1,0,0
0,1,0,0,-0.9895472722925787,1,0,0,0,0,0,0,0,0,-1.4894868697253503,-1.4564378847471033,-0.33967284024312516,-1.1015440337934654,-1.3543963712762639,0,0,1,0,-1.143204992470948,0,0,1,1,0,0,0,0,1,0
0,0,1,1,0.9123508779328007,1,1,0,0,0,0,0,0,1,-1.2912269864655073,-1.3016245963948587,0.16758544949853102,-1.1015440337934654,-0.9256622042978615,1,0,0,0,0.1970442241868511,0,0,1,0,0,1,0,1,0,0
1,0,0,0,0.10303251613476692,1,0,0,0,0,0,0,0,1,-1.5060085266636707,-1.5325100699339742,0.36555225303089645,-1.1015440337934654,-1.3543963712762639,0,0,1,0,-0.29183453647216817,0,0,1,0,1,0,0,0,0,1
0,0,1,0,-1.232342780831989,1,1,0,0,1,1,1,1,1,1.3109339813199332,1.866675213404501,-6.621258246572333,1.0487571711839567,1.2180086305941509,0,1,0,0,-0.8985334189967846,0,1,0,1,0,0,0,0,1,0
0,1,0,0,-0.05883115622483983,1,1,0,0,0,0,0,0,1,0.30311290808239755,0.22331256207322764,0.9338105646637272,-1.1015440337934654,-0.49692803731945906,0,0,1,1,0.4917746572029468,0,1,0,1,0,0,0,0,1,0
0,0,1,1,-0.38255850094405336,1,1,0,0,0,0,0,0,0,-1.3094008090976594,-1.2571982858359032,-0.5725281835006479,-1.1015440337934654,-0.9256622042978615,0,0,0,0,-0.31855489719173874,0,0,1,0,0,1,0,0,0,1
0,0,0,0,-1.2728086989218905,1,0,0,1,0,0,0,0,0,0.31798239932688543,0.31652058439934044,0.006326045598127978,-0.56396873254911,-0.49692803731945906,0,1,1,1,-1.637865908577661,0,1,0,1,0,0,0,0,1,0
0,1,1,0,0.5481576151236855,1,1,0,0,0,1,1,1,0,1.1738042287318748,1.2718034640535627,-1.2001146500418538,0.5111818699396011,0.7892744636157483,0,0,0,0,0.9718741103928682,0,1,0,0,1,0,0,0,1,0
0,0,1,0,0.34582802467417706,1,0,1,1,1,0,1,1,1,1.312586147013765,1.2114726127672146,1.1511770481480905,1.5863324724283123,1.2180086305941509,1,0,0,0,0.8881834071217807,0,1,0,0,1,0,1,0,0,0
0,0,1,1,-0.6253540094834634,1,0,0,0,0,0,0,0,0,-1.4531392244610457,-1.3224939430116291,-1.4957735085097097,-1.1015440337934654,-1.3543963712762639,0,0,0,0,-0.5571904955877647,0,0,1,0,1,0,0,0,0,1
0,0,0,0,0.9123508779328007,1,0,0,1,1,0,0,1,1,0.0007665861111367116,0.03368587931392418,-0.3895569305705569,0.5111818699396011,0.3605402966373459,0,0,1,0,0.7998447980950617,1,0,0,0,0,1,0,0,0,1
1,0,0,0,-0.018365238134938143,1,0,0,0,0,0,1,1,1,0.004070917498800575,-0.06262689310540845,0.789087609517155,-0.026393431304754394,-0.06819387034105659,1,0,1,0,0.43034070015823206,1,0,0,0,1,0,1,0,0,0
0,1,1,0,0.5886235332135872,1,1,0,0,1,0,1,1,0,1.1556304060997227,1.1946973594400239,-0.5021481935884168,0.5111818699396011,0.7892744636157483,0,0,0,1,0.9709928894183413,0,1,0,1,0,0,0,0,1,0
0,0,1,1,0.8314190417529973,0,0,1,1,1,0,0,1,1,-0.5295786016089434,-0.5819679737514057,0.6381900752290327,1.0487571711839567,0.3605402966373459,1,0,0,0,0.5661333143099672,1,0,0,1,0,0,1,0,0,0
1,0,1,1,-0.018365238134938143,0,0,0,0,1,1,0,0,1,-0.9409678593731178,-0.9479735758109993,0.11536442687556535,-0.026393431304754394,-0.49692803731945906,0,0,0,0,0.0792746309289849,1,0,0,0,1,0,0,0,0,1
0,0,0,0,0.14349843422466863,1,0,0,1,0,0,1,1,1,0.9937181681041839,1.130173301908514,-1.6489456195297414,0.5111818699396011,0.3605402966373459,1,0,1,1,0.7908268596745537,0,1,0,1,0,0,0,1,0,0
0,0,0,1,-1.191876862742087,0,0,0,1,0,0,0,0,0,-1.1590537309589453,-1.1441281273093828,-0.13662185089966647,-0.56396873254911,-0.9256622042978615,0,1,0,0,-1.518696121266295,1,0,0,1,0,0,0,0,0,1
1,0,1,0,-0.1802289104945449,1,1,0,1,1,0,1,0,0,1.0531961330821369,1.0255274704681572,0.2910615472260402,0.5111818699396011,0.7892744636157483,1,0,0,1,0.6121235672549437,0,1,0,1,0,0,0,1,0,0
1,0,0,0,-1.1109450265622838,1,0,0,0,1,1,1,0,1,-0.025668064990175602,-0.03700033311873297,0.13497915244614214,0.5111818699396011,0.3605402966373459,1,1,1,0,-0.7290603462699888,1,0,0,1,0,0,0,1,0,0
1,0,1,1,0.7909531236630957,1,1,0,1,0,1,0,1,1,0.9425010315953912,0.8015379016982249,1.6354822296350515,0.5111818699396011,0.7892744636157483,1,0,0,0,0.9554873975344222,0,1,0,1,0,0,1,0,0,0
0,0,0,0,0.1839643523145703,1,1,0,0,1,0,1,1,1,1.1671955659565467,1.2600503801277885,-1.1390132430488218,0.5111818699396011,0.7892744636157483,0,0,1,1,0.8326410848707411,0,1,0,1,0,0,0,0,1,0
1,0,0,0,-0.9086154361127753,1,1,0,1,0,0,0,0,0,0.49972062564840825,0.4936105127925973,0.055058283040557834,-0.56396873254911,-0.06819387034105659,0,0,1,1,-0.15172746345470325,0,1,0,1,0,0,0,0,1,0
1,1,0,0,-0.8276835999329719,1,1,0,0,1,0,1,1,1,1.1473695776305626,1.1620220332164486,-0.21296902289280642,0.5111818699396011,0.7892744636157483,0,0,1,1,0.1055538110897534,0,1,0,1,0,0,0,0,1,0
0,0,0,1,-0.7062858456632669,1,0,1,1,1,1,0,0,0,0.028853402906280957,0.08534272438829815,-0.6694276469368998,1.0487571711839567,0.7892744636157483,1,0,0,0,-0.002958980030670672,1,0,0,0,1,0,0,1,0,0
1,0,1,0,0.4672257789438821,1,0,0,0,0,0,1,1,1,0.8565884155161261,0.8427360058723272,0.1343589239696027,-0.026393431304754394,-0.06819387034105659,1,0,0,1,0.8591029161209748,0,1,0,0,1,0,1,0,0,0
1,0,0,0,1.0742145502924074,1,1,0,0,0,0,0,0,0,-1.3127051404853236,-1.289588040112337,-0.22824947022645026,-1.1015440337934654,-0.9256622042978615,0,0,1,0,0.2502609023671258,0,0,1,0,0,1,0,0,0,1
1,1,1,0,1.5598055673712277,1,1,0,0,0,0,0,0,0,-1.347400620055796,-1.318136045157178,-0.29979476988530546,-1.1015440337934654,-0.9256622042978615,1,0,0,0,0.3450975448293474,0,0,1,0,0,1,1,0,0,0
1,0,1,0,1.0337486322025058,1,1,1,1,1,0,1,1,1,0.7062413373774115,0.6449677266510845,0.7006764080537121,1.5863324724283123,1.6467427975725533,0,0,0,0,0.9897143957808082,1,0,0,0,0,1,0,0,1,0
1,1,1,0,-0.7872176818430703,1,0,0,0,0,0,0,0,0,0.1891134752079877,0.018857441790567538,2.008096414387171,-1.1015440337934654,-0.9256622042978615,1,0,0,1,-0.11210251114627327,0,1,0,1,0,0,1,0,0,0
1,1,0,0,-0.46349033712385673,1,0,0,0,0,0,0,0,0,-1.4614000529302058,-1.4591638537445188,0.023962474386816472,-1.1015440337934654,-1.3543963712762639,1,0,1,0,-0.5404444048847278,0,0,1,0,1,0,1,0,0,0
1,0,1,1,0.8314190417529973,1,1,1,1,0,0,0,1,0,0.16433098980050734,0.15831299589180634,0.06554031147157019,0.5111818699396011,0.7892744636157483,1,0,0,0,0.811731028741181,1,0,0,0,0,1,1,0,0,0
1,0,1,0,1.6002714854611295,1,1,1,0,1,1,1,1,0,0.7244151600095641,0.655622629453147,0.7890199258540442,1.5863324724283123,1.6467427975725533,1,0,0,0,1.1282431975288698,1,0,0,0,0,1,0,1,0,0
1,0,0,0,-1.1109450265622838,1,1,0,0,0,0,0,0,1,0.3691995358356786,0.22426908681773694,1.7022079085946904,-1.1015440337934654,-0.49692803731945906,1,1,1,1,-0.6553154843645264,0,1,0,1,0,0,1,0,0,0
1,0,0,1,-0.9086154361127753,1,0,0,0,0,0,0,0,1,-1.479573875562358,-1.4099002989135265,-0.7733897534807498,-1.1015440337934654,-1.3543963712762639,1,0,0,0,-0.9617816417600977,0,0,1,0,1,0,1,0,0,0
0,1,1,0,1.1956123045621125,1,0,1,0,1,1,1,1,1,0.5030249570360725,0.42814170805726587,0.8687294475631957,1.5863324724283123,1.2180086305941509,1,0,0,0,0.9805407831570097,1,0,0,0,0,1,0,1,0,0
1,0,1,1,0.3053621065842754,1,1,0,0,1,0,0,0,1,0.5443290993818732,0.578696045829916,-0.4254415781418012,-0.56396873254911,-0.06819387034105659,0,0,0,1,0.7406210162043957,0,1,0,1,0,0,0,0,1,0
0,0,1,1,-0.1802289104945449,1,1,0,0,0,0,0,0,0,-0.4899266249569749,-0.4736770329594079,-0.17537558258007616,-1.1015440337934654,-0.49692803731945906,0,0,0,0,0.20705040791611462,1,0,0,1,0,0,0,0,0,1
0,0,1,0,-0.9895472722925787,1,1,0,0,0,0,0,1,1,0.6765023548884352,0.45077946034399574,2.647613314977829,-0.56396873254911,-0.06819387034105659,1,0,0,1,-0.302366962378838,0,1,0,1,0,0,0,1,0,0
1,0,1,0,-1.232342780831989,1,0,0,0,1,0,0,0,0,0.38572119277399886,0.3675883777034428,0.20125499536784744,-0.56396873254911,-0.49692803731945906,0,1,0,1,-1.1927153608306362,0,1,0,1,0,0,0,0,1,0
1,1,1,0,1.6002714854611295,1,1,1,1,1,0,0,1,1,1.2531081820358123,1.3219063251559937,-0.8573174957427099,1.0487571711839567,1.2180086305941509,1,0,0,0,1.2631195389566867,0,1,0,0,0,1,0,1,0,0
0,0,1,1,-1.1514109446521854,1,0,0,0,0,0,1,0,1,0.4683294774656001,0.3358769254097664,1.5511379725231569,-0.56396873254911,-0.49692803731945906,0,1,0,1,-0.7663512154256874,0,1,0,1,0,0,0,0,0,1
1,0,1,1,1.519339649281326,1,1,1,1,1,1,1,1,0,1.6529322799431623,1.5580563003215546,1.0656256526324335,2.1239077736726677,2.0754769645509556,1,0,0,0,1.2870082466665302,0,1,0,0,0,1,0,1,0,0
0,0,1,0,0.9123508779328007,1,1,0,1,1,0,1,0,1,0.98215300824736,0.9058818564490857,0.8686208361249022,0.5111818699396011,0.7892744636157483,1,0,0,1,1.01279100814128,0,1,0,1,0,0,0,1,0,0
0,0,1,0,0.5481576151236855,0,0,1,1,0,0,1,0,0,-0.6336650403203612,-0.656095262968195,0.2872779884183954,0.5111818699396011,-0.06819387034105659,0,0,0,0,0.44616340285150685,1,0,0,1,0,0,0,0,1,0
1,1,0,0,-0.5039562552137584,1,1,0,0,0,0,1,0,1,0.6484155380932906,0.7418658821773774,-1.1281604420616433,-0.56396873254911,-0.06819387034105659,0,0,1,1,0.3411436008635799,0,1,0,1,0,0,0,0,1,0
1,0,0,0,-0.7062858456632669,1,1,1,0,0,0,1,0,1,0.7607628052738684,0.5953617181608781,1.9309245429911583,-0.026393431304754394,0.3605402966373459,1,0,1,0,0.12721945393660666,0,1,0,1,0,0,1,0,0,0
1,0,1,1,1.397941895011621,1,1,1,0,0,1,1,1,0,1.317542644095261,1.2529519641682518,0.7188349978160982,1.0487571711839567,1.2180086305941509,1,0,0,0,1.2051163037458934,0,1,0,0,0,1,1,0,0,0
1,0,0,0,-0.2611607466743483,1,1,0,0,0,0,0,0,1,-0.43540515706051813,-0.49156705307028303,0.6795806490335417,-1.1015440337934654,-0.49692803731945906,1,0,1,0,0.1536031707105435,1,0,0,0,1,0,0,1,0,0
0,1,1,0,-0.6253540094834634,1,1,0,0,0,0,1,1,1,0.9193707118817428,0.9962939620621024,-0.9419459629875091,-0.026393431304754394,0.3605402966373459,0,0,0,1,0.2922367030447255,0,1,0,1,0,0,0,0,1,0
1,0,1,0,1.397941895011621,1,1,0,1,1,0,1,1,0,1.3010209871569407,1.3292217257615713,-0.37858589551432287,1.0487571711839567,1.2180086305941509,0,0,0,1,1.2191395450169853,0,1,0,0,1,0,0,0,1,0
1,0,0,0,-0.2611607466743483,0,0,1,0,0,1,1,1,0,-0.3362752154305966,-0.40609502680820686,0.8377729890389706,1.0487571711839567,0.3605402966373459,1,0,1,0,0.1855390380666941,1,0,0,0,1,0,0,1,0,0
0,0,1,1,-0.42302441903395505,1,0,0,0,0,0,0,0,0,-1.4531392244610457,-1.4556516503927146,0.0798674221021581,-1.1015440337934654,-1.3543963712762639,1,0,0,0,-0.507954070073968,0,0,1,0,1,0,1,0,0,0
0,0,0,0,-0.9895472722925787,1,0,0,0,1,1,0,1,0,-0.02071156790867981,-0.05722153191898636,0.43273312321938656,0.5111818699396011,0.3605402966373459,0,0,1,0,-0.43995677229388735,1,0,0,1,0,0,0,0,0,1
0,0,0,0,-0.5039562552137584,1,1,0,1,0,1,0,1,1,0.13789633869919501,0.1243574202405181,0.15544669217196624,0.5111818699396011,0.7892744636157483,1,0,1,0,0.18899206040337074,1,0,0,1,0,0,0,1,0,0
1,0,1,0,-1.2728086989218905,1,0,0,0,0,0,1,1,1,0.85989274690379,0.8568507845201616,0.006326045598127978,-0.026393431304754394,-0.06819387034105659,0,1,0,1,-1.5138738671213545,0,1,0,1,0,0,0,0,1,0
0,0,1,0,1.5598055673712277,1,1,0,0,0,0,0,0,1,-1.337487625892804,-1.3289250155735377,-0.055172665315135545,-1.1015440337934654,-0.9256622042978615,1,0,0,0,0.33671092430694516,0,0,1,0,0,1,0,1,0,0
0,0,1,1,-1.1514109446521854,1,0,0,0,0,0,0,0,1,-1.479573875562358,-1.450260329105478,-0.29581382654493804,-1.1015440337934654,-1.3543963712762639,0,1,0,0,-1.5701905433854788,0,0,1,1,0,0,0,0,1,0
1,0,0,0,-1.232342780831989,1,0,0,0,1,1,0,0,1,0.49972062564840825,0.3782961408155929,1.4195609314285942,-0.026393431304754394,-0.06819387034105659,0,1,1,0,-1.1900425757707964,0,1,0,1,0,0,0,0,1,0
0,0,0,0,-1.1514109446521854,1,0,0,0,0,0,0,0,1,-0.6419258687895213,-0.5108600345356666,-1.5287394338384128,-1.1015440337934654,-0.9256622042978615,0,1,1,0,-1.0297098303713812,1,0,0,1,0,0,0,0,0,1
0,0,1,1,-0.34209258285415167,1,0,0,0,0,0,0,0,1,-1.487834704031518,-1.4548591760831324,-0.3388606362857507,-1.1015440337934654,-1.3543963712762639,0,0,0,0,-0.4525488434910341,0,0,1,0,0,1,0,0,0,1
0,0,0,0,1.2765441407419158,1,1,1,1,1,1,1,1,1,1.6644974397999863,1.6424556834286783,0.2033870307559504,2.1239077736726677,2.0754769645509556,1,0,1,0,1.2448248695485813,0,1,0,0,0,1,1,0,0,0
0,1,0,0,-0.22069482858444658,1,1,0,0,0,0,0,1,1,0.6781545205822672,0.6579487460836354,0.21569417683227152,-0.56396873254911,-0.06819387034105659,0,0,1,1,0.5113653338750681,0,1,0,1,0,0,0,0,1,0
0,0,1,0,1.155146386472211,1,1,0,1,0,1,0,1,1,0.9788486768596957,0.9471848768534356,0.3409008167602518,0.5111818699396011,0.7892744636157483,1,0,0,0,1.0864711928715998,0,1,0,0,0,1,1,0,0,0
0,0,0,1,-1.1514109446521854,1,1,0,1,0,0,1,0,0,0.8218929359456532,0.8786781477872373,-0.700291397317105,-0.026393431304754394,0.3605402966373459,0,1,0,1,-0.641600578399689,0,1,0,1,0,0,0,0,0,1
0,0,0,1,-0.42302441903395505,1,0,0,0,0,0,0,0,1,-1.4597478872363738,-1.429443838579759,-0.30821839607573814,-1.1015440337934654,-1.3543963712762639,0,0,0,0,-0.484106171224549,0,0,1,1,0,0,0,0,1,0
0,1,0,0,0.34582802467417706,1,1,1,1,1,0,1,1,1,1.6017151434343695,1.6353232434241554,-0.452945577517843,1.5863324724283123,1.6467427975725533,0,0,1,0,0.9632945835203679,0,1,0,1,0,0,0,0,1,0
0,1,0,0,-0.38255850094405336,1,0,0,1,0,0,1,1,1,0.992066002410352,1.152442345482334,-1.9319457288512136,0.5111818699396011,0.3605402966373459,0,0,1,1,0.5131102095335663,0,1,0,1,0,0,0,0,1,0
1,0,0,0,0.022100679954963547,1,0,0,1,0,1,0,0,0,0.5245031110558886,0.5137530881574117,0.10910676456761711,-0.026393431304754394,-0.06819387034105659,1,0,1,0,0.604278628242921,0,1,0,0,0,1,1,0,0,0
0,0,1,0,0.8314190417529973,1,0,0,0,0,1,1,1,1,0.9491096943707195,0.8956722536843877,0.5995720757463504,0.5111818699396011,0.3605402966373459,0,0,0,0,0.987354358753583,0,1,0,0,1,0,0,0,1,0
0,0,0,0,1.6002714854611295,1,1,1,1,1,1,1,1,0,1.6628452741061543,1.7130142367780006,-0.6510176905697616,2.1239077736726677,2.0754769645509556,1,0,1,0,1.3306339127977467,0,1,0,0,0,1,0,1,0,0
1,0,0,0,-0.6658199275733652,1,0,0,0,0,0,0,0,1,-1.487834704031518,-1.4280211287956273,-0.6564323836189179,-1.1015440337934654,-1.3543963712762639,0,0,1,0,-0.6828497693975144,0,0,1,1,0,0,0,0,0,1
0,0,1,0,-0.8276835999329719,1,0,0,1,0,0,0,0,1,-0.44531815122351015,-0.45251645347587266,0.10054170465349256,-0.56396873254911,-0.49692803731945906,0,0,0,0,-0.3178870017389154,1,0,0,1,0,0,0,0,1,0
0,1,0,0,-0.46349033712385673,0,0,1,0,0,0,1,0,1,-0.754273135970099,-0.8150507188443938,0.7451995885347776,-0.026393431304754394,-0.49692803731945906,0,0,1,0,-0.11880409973487492,1,0,0,1,0,0,0,0,1,0
0,0,0,1,-0.949081354202677,1,0,0,0,1,1,1,1,1,0.27006959420575705,0.25154185098372706,0.209918504246503,1.0487571711839567,0.7892744636157483,0,0,0,0,-0.27876724051991336,1,0,0,1,0,0,0,0,0,1
0,0,0,0,-0.6658199275733652,1,0,1,0,0,0,0,0,1,-0.48166579648781477,-0.5634722167501749,0.984625712254907,-0.56396873254911,-0.49692803731945906,0,0,1,0,-0.1799583765769349,1,0,0,1,0,0,0,0,1,0
1,0,1,0,1.397941895011621,1,1,1,1,1,0,1,1,0,1.492672207641456,1.472590191219548,0.1861261813558742,1.5863324724283123,1.6467427975725533,1,0,0,0,1.2446832165263362,0,1,0,0,1,0,0,1,0,0
1,0,1,1,1.6002714854611295,1,0,0,0,0,0,0,0,1,-1.4845303726438543,-1.4857469542912587,0.06561693448641773,-1.1015440337934654,-1.3543963712762639,1,0,0,0,0.20901046493340933,0,0,1,0,0,1,0,1,0,0
1,0,0,0,-1.2728086989218905,1,0,0,0,0,0,0,0,0,-0.6419258687895213,-0.6405887030097968,0.006326045598127978,-1.1015440337934654,-0.9256622042978615,0,1,1,0,-1.9445045207180018,1,0,0,1,0,0,0,0,1,0
1,0,1,1,-0.34209258285415167,1,1,1,0,0,1,1,1,0,0.537720436606545,0.5079561697825938,0.33364424041978336,1.0487571711839567,1.2180086305941509,1,0,0,0,0.402474881692531,1,0,0,1,0,0,1,0,0,0
1,0,0,0,-1.2728086989218905,1,0,0,0,0,0,0,0,1,-0.6303607089326971,-0.6290572658120962,0.006326045598127978,-1.1015440337934654,-0.9256622042978615,0,1,1,0,-1.9397626814754516,1,0,0,1,0,0,0,0,1,0
1,0,0,0,-1.232342780831989,1,0,0,0,0,0,0,0,1,0.1676353211881712,0.08589184044533148,0.9614778994697545,-1.1015440337934654,-0.9256622042978615,1,1,1,1,-1.2674437769789786,0,1,0,1,0,0,0,1,0,0
1,0,1,0,0.4672257789438821,1,0,1,1,0,1,0,0,1,-0.16114565188440175,-0.183262386873722,0.26726502608532154,0.5111818699396011,0.3605402966373459,1,0,0,0,0.5929838591029326,1,0,0,0,1,0,1,0,0,0
1,0,1,0,1.5598055673712277,1,1,0,1,1,1,1,1,1,1.449715899601823,1.4358124593576251,0.11449788532949094,1.5863324724283123,1.6467427975725533,1,0,0,0,1.2747352985019775,0,1,0,0,0,1,0,1,0,0
0,0,0,1,-0.30162666476425,1,0,0,1,0,1,0,0,1,-0.3296665526552684,-0.4641906608484019,1.603184002111671,-0.026393431304754394,-0.06819387034105659,1,0,0,0,0.13933345980180162,1,0,0,0,1,0,0,1,0,0
0,0,0,0,0.5481576151236855,1,0,0,0,1,0,0,0,1,0.33285189057137377,0.4083423389797879,-0.9047549152820861,-0.56396873254911,-0.49692803731945906,1,0,1,1,0.7877564694443682,0,1,0,1,0,0,0,1,0,0
1,0,0,0,-0.34209258285415167,1,0,1,0,0,0,0,0,1,-0.44862248261117427,-0.3818177611328281,-0.7750141613954987,-0.56396873254911,-0.49692803731945906,0,0,1,0,0.14396168036273735,1,0,0,1,0,0,0,0,1,0
1,0,0,0,-1.1109450265622838,1,0,0,0,0,1,0,0,1,-0.5130569446706231,-0.703846872780039,2.2752990209176622,-0.56396873254911,-0.49692803731945906,0,1,1,0,-0.9692501526396763,1,0,0,1,0,0,0,0,1,0
0,0,0,0,0.7909531236630957,0,0,1,1,0,1,0,0,0,-0.8467944148246923,-0.8772366037428251,0.3894364045686163,0.5111818699396011,-0.06819387034105659,0,0,1,0,0.4212466515423148,1,0,0,0,0,1,0,0,0,1
0,0,1,0,0.9528167960227024,1,0,0,0,1,1,1,1,1,1.122587092223082,1.2024997311349073,-0.9843307241244103,1.0487571711839567,0.7892744636157483,0,0,0,0,1.0827623377290005,0,1,0,1,0,0,0,0,1,0
0,0,0,0,-0.8276835999329719,1,0,0,0,0,0,0,0,0,-1.47296521278703,-1.417313365683477,-0.607700146176488,-1.1015440337934654,-1.3543963712762639,0,0,1,0,-0.8539226597863682,0,0,1,0,1,0,0,0,1,0
1,0,0,1,-0.1397629924046432,1,1,0,1,1,1,0,1,0,1.183717222894867,1.0825942890702185,1.1557346804471644,1.0487571711839567,1.2180086305941509,1,0,0,0,0.64548084947903,0,1,0,0,1,0,0,1,0,0
1,1,1,0,-0.8276835999329719,1,1,0,1,0,0,1,1,1,1.2101518739961792,1.2125407104635173,-0.07002112639501473,0.5111818699396011,0.7892744636157483,0,0,0,1,0.11512600175789542,0,1,0,1,0,0,0,0,1,0
0,1,0,0,-1.191876862742087,1,0,0,0,1,0,1,0,1,0.7310238227848918,0.29345771000393944,5.152450319518723,-0.026393431304754394,-0.06819387034105659,0,1,1,1,-0.9576546701509302,0,1,0,1,0,0,0,0,1,0
0,0,0,0,-1.232342780831989,1,0,0,0,0,0,0,0,1,-1.4597478872363738,-1.5795771605368332,1.468293168871024,-1.1015440337934654,-1.3543963712762639,0,1,1,0,-2.1279128849965097,0,0,1,1,0,0,0,0,0,1
1,0,0,0,0.5481576151236855,0,0,1,0,0,0,0,0,1,-1.1227060856946407,-1.0663923933224002,-0.6276167997399161,-0.56396873254911,-0.9256622042978615,1,0,1,0,0.2413671004619744,1,0,0,0,1,0,1,0,0,0
1,0,1,0,0.34582802467417706,1,0,0,0,0,0,0,0,1,-1.4861825383376863,-1.4103020911503803,-0.8466069687601078,-1.1015440337934654,-1.3543963712762639,0,0,0,0,-0.07587229858636257,0,0,1,0,0,1,0,0,1,0
1,0,0,0,-0.8276835999329719,1,0,0,0,0,1,1,0,1,-0.16279781757823392,-0.13485281448207698,-0.32505316901039566,-0.026393431304754394,-0.06819387034105659,0,0,1,0,-0.20903936512527918,1,0,0,0,1,0,0,0,1,0
1,0,1,1,0.10303251613476692,1,0,0,1,0,1,1,0,1,0.8251972673333176,0.8468254942217528,-0.28439655948699644,0.5111818699396011,0.3605402966373459,0,0,0,0,0.7159189864169722,0,1,0,0,1,0,0,0,1,0
1,0,0,0,-0.34209258285415167,0,0,1,0,0,0,1,1,1,-0.46679630524332644,-0.36390284977211507,-1.2014212390167573,0.5111818699396011,-0.06819387034105659,0,0,1,0,0.1503650352303168,1,0,0,0,1,0,0,0,0,1
1,1,1,0,1.519339649281326,1,1,1,1,1,1,1,1,1,0.7871974563751808,0.8351999228428465,-0.5951689994055783,2.1239077736726677,2.0754769645509556,1,0,0,0,1.149795726319387,1,0,0,0,0,1,0,1,0,0
0,0,1,0,0.5076916970337838,1,1,1,1,1,1,1,1,0,1.6050194748220334,1.5512995579816777,0.5802835088089655,2.1239077736726677,2.0754769645509556,0,0,0,0,1.0077014129155042,0,1,0,0,1,0,0,0,0,1
0,1,0,0,0.5481576151236855,1,0,0,1,0,0,1,1,0,1.0085876593486722,1.0356954968348073,-0.3555637872352168,0.5111818699396011,0.3605402966373459,1,0,1,1,0.9266342836048486,0,1,0,0,1,0,0,1,0,0
0,0,1,1,1.6002714854611295,1,1,1,1,1,1,1,1,0,1.7438013931039236,1.8343231257109525,-1.1313009640301508,2.1239077736726677,2.0754769645509556,1,0,0,0,1.3501843565643676,0,1,0,0,0,1,0,1,0,0
1,0,0,0,-1.2728086989218905,1,0,0,0,0,0,0,0,0,-1.4960955325006784,-1.4922677074685295,0.006326045598127978,-1.1015440337934654,-1.3543963712762639,0,1,1,0,-2.459025085918324,0,0,1,1,0,0,0,0,0,1
0,0,0,0,-1.0300131903824803,1,1,1,0,0,0,0,0,1,0.4931119628730805,0.7130608227284275,-2.619645377728234,-0.56396873254911,-0.06819387034105659,0,0,1,0,-0.32553293907716674,0,1,0,1,0,0,0,0,0,1
0,0,1,1,1.5598055673712277,1,1,1,0,1,1,0,1,0,1.180412891507203,1.1893134879524547,-0.14604799260214318,1.0487571711839567,1.2180086305941509,0,0,0,0,1.2296778101440955,0,1,0,0,0,1,0,0,1,0
1,1,1,0,0.7504872055731939,1,1,1,0,1,0,0,1,1,0.9557183571460477,0.993096168553496,-0.475263124421173,0.5111818699396011,0.7892744636157483,1,0,0,0,0.9830695620072891,0,1,0,0,1,0,1,0,0,0
1,0,0,0,-1.2728086989218905,1,0,0,0,0,0,0,0,1,-0.6551431943401774,-0.6537674883785972,0.006326045598127978,-1.1015440337934654,-0.9256622042978615,0,1,1,0,-1.9499678568163814,1,0,0,1,0,0,0,0,0,1
0,0,0,0,-0.6253540094834634,1,0,0,0,0,0,0,0,0,-1.4762695441746942,-1.4782167965973823,0.0739778575770314,-1.1015440337934654,-1.3543963712762639,1,0,1,0,-0.6911553417011296,0,0,1,0,1,0,0,1,0,0
0,0,1,1,-0.5848880913935618,1,0,0,0,0,0,1,0,0,-0.29001457600329966,-0.15114325750739993,-1.6332430096871764,-0.56396873254911,-0.49692803731945906,0,0,0,0,0.040822442585035645,1,0,0,1,0,0,0,0,0,1
1,0,0,1,-0.22069482858444658,1,0,0,0,0,0,0,0,0,-1.487834704031518,-1.511608795255149,0.3326515466941021,-1.1015440337934654,-1.3543963712762639,1,0,0,0,-0.4334453850515205,0,0,1,0,0,1,0,1,0,0
0,0,0,0,-0.30162666476425,1,1,0,1,0,0,1,1,1,1.1738042287318748,1.0136783304088879,1.8542524894150663,0.5111818699396011,0.7892744636157483,0,0,1,1,0.5384293144183663,0,1,0,1,0,0,0,0,1,0
0,0,0,0,-1.191876862742087,1,0,0,0,0,0,0,1,1,-0.3114927300231162,0.021096145715396027,-3.924741108091218,-0.56396873254911,-0.49692803731945906,0,1,1,0,-1.0322596512590512,1,0,0,1,0,0,0,0,1,0
0,0,0,1,-1.2728086989218905,1,0,1,1,0,1,0,0,1,-0.1561891548029057,-0.15626834070637777,0.006326045598127978,0.5111818699396011,0.3605402966373459,0,1,0,0,-1.7708911590950334,1,0,0,1,0,0,0,0,1,0
1,0,1,1,0.42675986085398043,1,1,1,0,1,1,0,0,1,0.8764144038421102,0.9423213373044467,-0.8101089277397008,0.5111818699396011,0.7892744636157483,1,0,0,0,0.8653521793578055,0,1,0,0,1,0,0,1,0,0
0,0,1,1,1.6002714854611295,1,1,1,0,1,1,1,1,1,1.5108460302736082,1.5546171341595876,-0.5700680294848344,1.5863324724283123,1.6467427975725533,1,0,0,0,1.3041568202172251,0,1,0,0,0,1,1,0,0,0
1,1,0,0,-1.191876862742087,1,0,0,0,0,0,1,0,1,0.5013727913422407,0.7322014395735897,-2.7486697778139,-0.56396873254911,-0.49692803731945906,0,1,1,1,-0.8534416471312197,0,1,0,1,0,0,0,0,1,0
0,1,1,0,0.5886235332135872,1,1,1,0,0,0,0,0,0,0.5162422825867284,0.5488317264855369,-0.40343949136460333,-0.56396873254911,-0.06819387034105659,0,0,0,0,0.8351634952102985,0,1,0,1,0,0,0,0,1,0
0,0,1,1,0.6290894513034889,1,1,0,0,0,0,0,1,1,0.5724159161770175,0.6330516715255049,-0.737246677377614,-0.56396873254911,-0.06819387034105659,0,0,0,1,0.8678799210964567,0,1,0,0,1,0,0,0,0,1
0,0,0,0,-0.5848880913935618,1,0,0,0,1,0,0,0,1,-0.4866222935693108,-0.49909979898086876,0.1644350826335655,-0.56396873254911,-0.49692803731945906,0,0,1,0,-0.08061006010430169,1,0,0,1,0,0,0,0,0,1
0,0,0,0,-0.5848880913935618,1,1,0,0,0,0,1,0,1,0.6765023548884352,0.711151990720645,-0.4333470299935734,-0.56396873254911,-0.06819387034105659,0,0,1,1,0.26808534869885337,0,1,0,1,0,0,0,0,1,0
0,0,0,0,1.6002714854611295,1,0,0,0,0,0,0,0,0,-1.469660881399366,-1.4160778545551518,-0.5833340274552744,-1.1015440337934654,-1.3543963712762639,1,0,1,0,0.2733277204417259,0,0,1,0,0,1,0,1,0,0
0,0,0,0,1.397941895011621,1,1,0,0,0,0,0,0,1,-1.2928791521593392,-1.2526891913610816,-0.43095486709424147,-1.1015440337934654,-0.9256622042978615,1,0,1,0,0.3572168943484877,0,0,1,0,0,1,1,0,0,0
0,0,1,0,-0.05883115622483983,1,0,1,0,0,1,0,1,1,-0.024015899296343672,-0.10233097316874652,0.9275225340259945,0.5111818699396011,0.3605402966373459,0,0,0,0,0.39817503882995126,1,0,0,0,1,0,0,0,1,0
0,0,1,1,-0.949081354202677,1,0,0,0,0,0,0,0,0,-1.4861825383376863,-1.361944163265947,-1.4188211649404874,-1.1015440337934654,-1.3543963712762639,0,0,0,0,-0.9875742701405062,0,0,1,0,0,1,0,0,0,1
0,0,0,0,0.8314190417529973,0,0,1,1,1,1,1,0,1,-0.36766636361340493,-0.3432578991467173,-0.2761370363323306,1.5863324724283123,0.7892744636157483,0,0,1,0,0.6562293950791579,1,0,0,0,1,0,0,0,1,0
0,1,1,0,1.3574759769217193,1,1,0,1,1,0,1,0,1,0.20233080075864363,0.23253078749401196,-0.36433430585793586,0.5111818699396011,0.7892744636157483,1,0,0,0,0.969884644505153,1,0,0,0,1,0,1,0,0,0
0,1,0,0,-0.7872176818430703,1,0,0,1,1,0,0,0,1,-0.3280143869614365,-0.27969273444879816,-0.5604673621938242,-0.026393431304754394,-0.06819387034105659,0,0,1,0,-0.20602278366253451,1,0,0,1,0,0,0,0,1,0
0,0,1,0,0.6695553693933906,1,0,0,0,0,0,0,0,1,-1.47296521278703,-1.4786182511937007,0.11771401689511013,-1.1015440337934654,-1.3543963712762639,1,0,0,0,-0.026208412854499034,0,0,1,0,0,1,1,0,0,0
1,0,0,0,-0.34209258285415167,1,1,0,0,1,0,1,0,1,0.8301537644148134,0.839073152173707,-0.13418523902754997,-0.026393431304754394,0.3605402966373459,0,0,1,1,0.47680906406573875,0,1,0,1,0,0,0,0,0,1
1,0,0,0,0.34582802467417706,1,1,0,1,0,0,1,0,1,0.8086756103949972,0.7965819489921105,0.11520099559145978,-0.026393431304754394,0.3605402966373459,0,0,1,1,0.8048110226133176,0,1,0,1,0,0,0,0,1,0
1,0,1,0,-0.42302441903395505,1,0,0,0,1,0,1,0,1,0.735980319866388,0.6384273929247578,1.1289395881355562,-0.026393431304754394,-0.06819387034105659,1,0,0,1,0.37806295186412153,0,1,0,1,0,0,1,0,0,0
0,1,0,0,0.7909531236630957,1,1,1,1,1,0,1,1,0,1.4331942426635027,1.5666677676291627,-1.628827952277871,1.5863324724283123,1.6467427975725533,1,0,1,0,1.1013399461945756,0,1,0,1,0,0,0,1,0,0
0,0,0,1,-0.7872176818430703,1,0,1,1,0,0,0,0,1,-0.28836241030946774,-0.19542453954252545,-1.089774433491602,-0.026393431304754394,-0.06819387034105659,0,0,0,0,-0.1780638373003585,1,0,0,1,0,0,0,0,1,0
0,1,1,0,-0.018365238134938143,1,1,0,0,1,0,0,0,0,0.481546803016256,0.5129668538030233,-0.38840507768555504,-0.56396873254911,-0.06819387034105659,0,0,0,1,0.5847238208571852,0,1,0,1,0,0,0,0,0,1
0,0,1,0,1.6002714854611295,1,1,1,1,1,0,1,1,1,1.5174546930489363,1.5577287918161096,-0.5289163623112219,1.5863324724283123,1.6467427975725533,1,0,0,0,1.3046878207308554,0,1,0,0,0,1,0,1,0,0
0,1,0,0,-0.949081354202677,1,1,0,0,0,0,0,1,1,0.6517198694809548,0.6582538105597653,-0.09980193816538731,-0.56396873254911,-0.06819387034105659,0,0,1,1,-0.17975217204423669,0,1,0,1,0,0,0,0,1,0
0,0,0,1,0.06256659804486524,1,0,1,1,1,0,1,1,1,1.3423251295027412,1.441271773926308,-1.217139774427112,1.5863324724283123,1.2180086305941509,1,0,0,0,0.812166347260596,0,1,0,1,0,0,1,0,0,0
1,1,1,0,1.0337486322025058,1,1,1,1,1,0,1,1,1,1.457976728070983,1.4383930914731586,0.18142601599471628,1.5863324724283123,1.6467427975725533,0,0,0,0,1.1478711587494048,0,1,0,0,1,0,0,0,1,0
1,0,1,1,1.6002714854611295,1,1,1,0,0,0,0,0,0,-0.3114927300231162,-0.31020387536139493,-0.004503340500190077,-0.56396873254911,-0.06819387034105659,1,0,0,0,0.8605979764183502,1,0,0,0,0,1,1,0,0,0
0,0,1,1,-1.0300131903824803,1,0,0,0,0,0,0,0,0,-1.4564435558487099,-1.3849547408940113,-0.7956673477401462,-1.1015440337934654,-1.3543963712762639,0,0,0,0,-1.163920795521427,0,0,1,1,0,0,0,0,0,1
0,0,1,1,-0.018365238134938143,1,1,0,1,0,0,1,1,1,1.127543589304578,1.047943172367769,0.9029992145388364,0.5111818699396011,0.7892744636157483,0,0,0,1,0.7006228750418768,0,1,0,1,0,0,0,0,1,0
0,0,0,1,-0.8276835999329719,1,1,0,0,0,0,0,0,1,0.3923298555493266,0.3187170486274742,0.857515792925899,-1.1015440337934654,-0.49692803731945906,0,0,0,1,-0.08039873419697595,0,1,0,1,0,0,0,0,1,0
1,0,0,0,-0.6253540094834634,1,0,1,1,0,0,0,0,0,-0.2850580789218037,-0.29784338058738913,0.1611225645329057,-0.026393431304754394,-0.06819387034105659,0,0,1,0,-0.043504035087097166,1,0,0,0,1,0,0,0,0,1
1,0,1,0,-1.2728086989218905,0,0,0,0,0,0,0,0,1,-1.3639222769941162,-1.3604798537805245,0.006326045598127978,-1.1015440337934654,-1.3543963712762639,0,1,0,0,-2.3465405900890697,1,0,0,1,0,0,0,0,1,0
1,0,0,0,-0.5848880913935618,1,1,0,0,1,0,1,0,1,0.8218929359456532,0.855935591091773,-0.43118115277391367,-0.026393431304754394,0.3605402966373459,1,0,1,1,0.2993282100088255,0,1,0,0,1,0,0,1,0,0
1,0,1,0,1.2360782226520142,1,0,0,0,0,0,0,0,1,-1.479573875562358,-1.4873256629552298,0.14277631043693215,-1.1015440337934654,-1.3543963712762639,1,0,0,0,0.1234603649505472,0,0,1,0,0,1,1,0,0,0
1,0,1,1,-0.8276835999329719,1,0,0,0,0,0,0,0,0,-1.4614000529302058,-1.431590383166344,-0.3023114582039283,-1.1015440337934654,-1.3543963712762639,0,0,0,0,-0.8665597369247077,0,0,1,1,0,0,0,0,0,1
0,0,1,1,0.993282714112604,1,1,0,1,0,0,1,1,1,1.185369388588699,1.1105713037146783,0.8441785489942922,0.5111818699396011,0.7892744636157483,0,0,0,1,1.0763113610082107,0,1,0,1,0,0,0,0,1,0
1,1,1,0,0.42675986085398043,1,1,0,1,1,0,1,1,1,1.2646733418926361,1.2491878222000632,0.13960304846393246,1.0487571711839567,1.2180086305941509,0,0,0,1,0.9252240707431574,0,1,0,1,0,0,0,0,1,0
0,1,0,0,-1.0704791084723821,0,0,0,0,0,0,1,1,1,-0.6716648512784977,-0.688636358000215,0.22399670617431341,-0.026393431304754394,-0.49692803731945906,0,1,1,0,-0.8482938367280435,1,0,0,1,0,0,0,0,1,0
1,0,1,1,1.0337486322025058,1,0,0,0,0,0,0,0,1,-1.4927912011130144,-1.5032310935727475,0.17504041246778268,-1.1015440337934654,-1.3543963712762639,0,0,0,0,0.055749093381520835,0,0,1,0,1,0,0,0,1,0
0,0,1,1,1.5598055673712277,1,1,1,1,1,1,1,1,0,1.647975782861666,1.625767944946304,0.20592230824965696,2.1239077736726677,2.0754769645509556,1,0,0,0,1.307382761789117,0,1,0,0,0,1,1,0,0,0
0,1,0,0,-0.5039562552137584,1,0,0,0,0,0,0,1,1,0.5525899278510333,0.6206210567844124,-0.8240712804208751,-0.56396873254911,-0.49692803731945906,0,0,1,1,0.3140293663332452,0,1,0,1,0,0,0,0,1,0
1,0,1,0,-0.42302441903395505,1,0,0,0,0,0,0,0,1,-1.4630522186240378,-1.4268979368607861,-0.3773295691759109,-1.1015440337934654,-1.3543963712762639,1,0,0,0,-0.4818369353372556,0,0,1,1,0,0,1,0,0,0
0,0,1,1,0.6695553693933906,1,1,0,1,0,0,1,1,1,1.1110219323662576,1.154348416480661,-0.5510116250699911,0.5111818699396011,0.7892744636157483,0,0,0,1,0.9895470344427427,0,1,0,1,0,0,0,0,1,0
1,0,0,0,-1.2728086989218905,1,0,0,0,0,0,0,0,0,-0.6419258687895213,-0.6405887030097968,0.006326045598127978,-1.1015440337934654,-0.9256622042978615,0,1,1,0,-1.9445045207180018,1,0,0,1,0,0,0,0,1,0
1,0,1,1,-1.0704791084723821,1,0,0,1,1,0,0,0,1,-0.3114927300231162,-0.35257733109580214,0.4968972358519218,-0.026393431304754394,-0.06819387034105659,0,1,0,0,-0.7170406748717482,1,0,0,1,0,0,0,0,0,1
1,0,1,1,1.5598055673712277,1,0,0,0,0,0,0,0,1,-1.4911390354191822,-1.4892514361693325,0.029113514374025554,-1.1015440337934654,-1.3543963712762639,1,0,0,0,0.19679485512619582,0,0,1,0,0,1,1,0,0,0
0,0,0,0,-1.191876862742087,1,0,0,1,0,0,1,1,0,1.0135441564301686,1.0863812963601036,-0.8968447550015651,0.5111818699396011,0.3605402966373459,0,1,1,1,-0.7803227435519594,0,1,0,1,0,0,0,0,1,0
0,1,1,0,1.6002714854611295,1,1,1,1,1,1,1,1,1,1.656236611330826,1.6731804428073727,-0.2576402405483708,2.1239077736726677,2.0754769645509556,1,0,0,0,1.3240794969381149,0,1,0,0,0,1,1,0,0,0
1,0,0,0,-1.232342780831989,1,1,0,0,0,0,0,1,0,-0.08845036135579276,-0.1842732596150789,1.1369139542625004,-0.56396873254911,-0.06819387034105659,1,1,1,0,-1.3485454198004079,1,0,0,1,0,0,1,0,0,0
1,0,1,1,0.1839643523145703,1,0,1,0,1,1,0,0,1,-0.19749329714870634,-0.1713170888639947,-0.3029260990365335,0.5111818699396011,0.3605402966373459,0,0,0,0,0.48777373028463766,1,0,0,0,1,0,0,0,0,1
0,0,1,0,-0.2611607466743483,1,0,0,0,0,1,0,1,0,0.6996326746020837,0.6502353081371881,0.5603740989820655,-0.026393431304754394,-0.06819387034105659,1,0,0,0,0.4858711523321402,0,1,0,1,0,0,0,1,0,0
1,0,0,0,-1.1514109446521854,1,0,0,0,1,1,0,1,1,0.848327587046966,0.8045474800877345,0.4887751962781881,0.5111818699396011,0.3605402966373459,0,1,1,0,-0.6572490707206645,0,1,0,1,0,0,0,0,1,0
1,0,1,1,1.3170100588318177,1,1,0,0,0,0,0,0,0,-1.3209659689544837,-1.2637425004099254,-0.6315414561867846,-1.1015440337934654,-0.9256622042978615,1,0,0,0,0.3301954981036076,0,0,1,0,0,1,0,1,0,0
0,0,1,0,0.38629394276407875,1,1,0,0,1,1,0,0,1,0.6996326746020837,0.7927218735737663,-1.1256542127074558,-0.026393431304754394,0.3605402966373459,1,0,0,0,0.8191498936899154,0,1,0,1,0,0,0,1,0,0
1,0,0,0,-1.2728086989218905,1,0,0,0,0,0,0,0,1,0.16928748688200312,0.16825924900033468,0.006326045598127978,-1.1015440337934654,-0.9256622042978615,0,1,1,1,-1.6766388251195101,0,1,0,1,0,0,0,0,1,0
1,0,1,0,1.6002714854611295,1,1,1,1,1,1,1,1,1,0.803719113313501,0.7289296230670996,0.8572450582734449,2.1239077736726677,2.0754769645509556,1,0,0,0,1.1445782833430729,1,0,0,0,0,1,1,0,0,0
1,0,1,0,1.0742145502924074,1,1,1,1,1,1,1,0,1,1.388585768930038,1.358677711285949,0.30598800736276627,1.5863324724283123,1.6467427975725533,0,0,0,0,1.1444222479640656,0,1,0,1,0,0,0,0,1,0
0,0,1,1,0.6290894513034889,0,0,1,1,0,1,0,0,0,-0.8368814206617002,-0.7749505382151455,-0.7039463151252895,0.5111818699396011,-0.06819387034105659,0,0,0,0,0.42015030297403894,1,0,0,0,0,1,0,0,0,1
1,0,0,0,-1.232342780831989,1,0,0,0,0,0,0,0,1,0.21720029200313196,0.46560559388389644,-2.946847543413123,-1.1015440337934654,-0.9256622042978615,1,1,1,1,-1.168662422209221,0,1,0,1,0,0,0,1,0,0
0,1,1,0,-1.2728086989218905,0,0,0,0,0,0,0,0,1,-1.3193138032606517,-1.316001453160823,0.006326045598127978,-1.1015440337934654,-1.3543963712762639,0,1,0,0,-2.3127007466714256,1,0,0,1,0,0,0,0,1,0
1,0,1,0,-0.34209258285415167,1,1,0,0,1,0,1,1,1,1.2002388798331871,1.1503533170044902,0.5488782891238413,0.5111818699396011,0.7892744636157483,0,0,0,1,0.5394959413600223,0,1,0,1,0,0,0,0,1,0
1,0,0,0,-0.8276835999329719,1,1,0,0,0,0,1,0,1,0.6517198694809548,0.7759934451220002,-1.4930024597139635,-0.56396873254911,-0.06819387034105659,0,0,1,1,0.02716811154245018,0,1,0,1,0,0,0,0,1,0
1,0,0,0,0.7504872055731939,1,1,1,1,0,0,1,0,1,0.9937181681041839,0.9920948392730239,-0.015077917513843912,0.5111818699396011,0.7892744636157483,0,0,1,0,0.98286789328198,0,1,0,0,1,0,0,0,1,0
1,0,0,1,-0.46349033712385673,1,0,0,0,0,0,0,0,0,-0.6303607089326971,-0.5876382260815802,-0.48378102810859624,-1.1015440337934654,-0.9256622042978615,0,0,0,0,-0.018692660734779872,1,0,0,1,0,0,0,0,0,1
1,0,1,1,-1.232342780831989,1,0,0,0,0,0,0,0,0,-1.4680087157055342,-1.470028507158679,0.07455117801753006,-1.1015440337934654,-1.3543963712762639,0,1,0,0,-2.017222817686882,0,0,1,1,0,0,0,0,0,1
1,0,0,0,0.5886235332135872,1,1,1,1,0,0,1,0,0,0.9937181681041839,1.04654117392428,-0.6593355807431538,0.5111818699396011,0.7892744636157483,1,0,1,0,0.9423234532165788,0,1,0,0,1,0,1,0,0,0
0,0,0,1,-0.5848880913935618,1,1,1,0,0,0,0,0,0,-0.23384094241301095,-0.3160611133030838,0.9809707944467225,-0.56396873254911,-0.06819387034105659,0,0,0,0,-0.013826579344099007,1,0,0,1,0,0,0,0,0,1
0,0,0,0,1.155146386472211,1,1,1,1,1,1,1,1,0,0.8235451016394856,0.734217865750237,1.0285845870954,2.1239077736726677,2.0754769645509556,0,0,1,0,1.0413682056572482,1,0,0,0,0,1,0,0,1,0
1,0,0,0,0.5886235332135872,1,1,0,1,1,0,1,1,1,1.2679776732803,1.2943093488499469,-0.3553293675916531,1.0487571711839567,1.2180086305941509,0,0,1,1,0.9895599099712944,0,1,0,0,1,0,0,0,1,0
0,0,0,1,-0.42302441903395505,1,1,0,0,0,0,0,1,1,0.6616328636439469,0.5876591174699466,0.8524948957348653,-0.56396873254911,-0.06819387034105659,0,0,0,1,0.3664285751598562,0,1,0,1,0,0,0,0,1,0
1,0,0,0,-1.2728086989218905,1,0,0,0,0,0,1,0,1,0.4732859745470959,0.47137131248274655,0.006326045598127978,-0.56396873254911,-0.49692803731945906,0,1,1,1,-1.5997676223225037,0,1,0,1,0,0,0,0,1,0
1,0,0,0,-1.2728086989218905,1,0,0,0,0,0,0,0,1,-0.6600996914216735,-0.6587095328918973,0.006326045598127978,-1.1015440337934654,-0.9256622042978615,0,1,1,0,-1.9520288915043356,1,0,0,1,0,0,0,0,1,0
1,1,1,0,0.10303251613476692,1,1,0,0,1,0,1,1,1,1.191978051364027,1.1027763329200997,1.0143871858358213,0.5111818699396011,0.7892744636157483,0,0,0,1,0.767787216492381,0,1,0,1,0,0,0,0,1,0
0,0,1,1,1.6002714854611295,1,1,0,1,0,1,1,1,1,0.469981643159432,0.489011665814943,-0.24139616140088682,1.0487571711839567,1.2180086305941509,0,0,0,0,1.0894610807867244,1,0,0,0,0,1,0,0,1,0
0,0,0,1,-1.232342780831989,1,1,1,0,0,0,0,0,0,0.5228509453620567,0.9655757638127658,-5.256755598184297,-0.56396873254911,-0.06819387034105659,1,1,0,0,-1.0585088713424842,0,1,0,1,0,0,0,1,0,0
1,0,0,0,-1.2728086989218905,1,0,0,0,0,0,0,0,1,-1.4713130470931979,-1.4675574849020288,0.006326045598127978,-1.1015440337934654,-1.3543963712762639,0,1,1,0,-2.4363463246567685,0,0,1,1,0,0,0,0,0,1
0,0,1,0,0.993282714112604,1,1,1,0,0,0,1,1,1,1.1539782404058907,1.0443016658842847,1.257975091487908,0.5111818699396011,0.7892744636157483,0,0,0,0,1.0633164825469776,0,1,0,1,0,0,0,0,1,0
0,0,1,0,1.2765441407419158,1,0,1,1,1,1,0,1,1,0.31798239932688543,0.3171126001483298,-0.0006792135342246386,1.5863324724283123,1.2180086305941509,0,0,0,0,0.9726284622810907,1,0,0,0,0,1,0,0,0,1
1,1,1,0,-0.5848880913935618,1,0,0,0,0,0,0,1,0,0.45676431760877567,0.47091371576855223,-0.18318821112243383,-0.56396873254911,-0.49692803731945906,0,0,0,1,0.21255864766123467,0,1,0,1,0,0,0,0,1,0
0,0,1,1,1.4788737311914244,0,0,0,1,1,0,1,1,1,-0.3230578898799402,-0.3317467328452977,0.11396072655793178,1.0487571711839567,0.3605402966373459,1,0,0,0,0.8263238651888043,1,0,0,0,0,1,0,1,0,0
0,0,1,0,1.155146386472211,1,1,0,1,0,0,1,1,1,1.2002388798331871,1.0920704987870724,1.2385326526670417,0.5111818699396011,0.7892744636157483,1,0,0,1,1.1154072194143494,0,1,0,0,0,1,1,0,0,0
0,0,1,0,1.4384078131015228,1,1,1,1,1,1,1,1,0,1.780149038368228,1.7382062817670945,0.43488307487125927,2.1239077736726677,2.0754769645509556,0,0,0,0,1.2987590072458415,0,1,0,0,0,1,0,0,0,1
0,0,0,0,0.6290894513034889,1,1,0,0,0,0,0,0,0,-1.3275746317298118,-1.3067007999448206,-0.2011920655108855,-1.1015440337934654,-0.9256622042978615,1,0,1,0,0.10754263534657409,0,0,1,0,1,0,1,0,0,0
0,0,0,0,-1.0704791084723821,1,0,0,0,0,0,0,0,0,0.19241780659565158,0.24980298346978813,-0.6856717260843783,-1.1015440337934654,-0.9256622042978615,1,1,1,1,-0.5340424078396085,0,1,0,1,0,0,0,1,0,0
0,0,0,1,-0.7872176818430703,1,1,0,1,1,0,1,1,1,1.302673152850773,1.1593292525521504,1.6512264909626095,1.0487571711839567,1.2180086305941509,1,0,0,1,0.15539765563738883,0,1,0,0,1,0,0,1,0,0
0,0,0,0,-1.2728086989218905,0,0,0,0,0,0,0,0,1,-1.3160094718729878,-1.3127067568186228,0.006326045598127978,-1.1015440337934654,-1.3543963712762639,0,1,1,0,-2.3102649775410846,1,0,0,1,0,0,0,0,0,1
1,0,1,1,-0.949081354202677,1,1,0,0,1,0,0,0,1,0.483198968710088,0.2876004720622508,2.2978241440021585,-0.56396873254911,-0.06819387034105659,1,0,0,1,-0.26933184010432293,0,1,0,1,0,0,1,0,0,0
0,0,1,1,1.2765441407419158,0,0,0,1,0,1,1,1,1,-0.33462304973676443,-0.37068100110112046,0.43821549993166325,1.0487571711839567,0.3605402966373459,0,0,0,0,0.7652183545611916,1,0,0,0,0,1,0,0,1,0
0,0,1,0,0.8314190417529973,1,0,0,0,1,0,1,1,1,0.9953703337980159,0.9752422785526172,0.20382952866669032,0.5111818699396011,0.3605402966373459,1,0,0,1,1.0036792277395459,0,1,0,0,1,0,1,0,0,0
0,0,0,0,-1.2728086989218905,1,0,0,0,0,0,0,0,0,-1.5076606923575024,-1.5037991446662302,0.006326045598127978,-1.1015440337934654,-1.3543963712762639,0,1,1,0,-2.469894699241541,0,0,1,1,0,0,0,0,0,1
1,0,0,0,-1.2728086989218905,1,0,0,0,0,0,0,0,1,0.17093965257583552,0.1699065971714351,0.006326045598127978,-1.1015440337934654,-0.9256622042978615,0,1,1,1,-1.6761946307201587,0,1,0,1,0,0,0,0,1,0
0,0,1,1,0.5481576151236855,1,0,0,0,1,1,0,1,0,0.8665014096791182,0.9013291851398637,-0.44201053887222896,0.5111818699396011,0.3605402966373459,1,0,0,0,0.8993590439881531,0,1,0,0,1,0,1,0,0,0
0,0,0,0,-1.2728086989218905,0,0,0,0,0,0,0,0,0,-1.3044443120161635,-1.3011753196209224,0.006326045598127978,-1.1015440337934654,-1.3543963712762639,0,1,1,0,-2.3018132327231817,1,0,0,1,0,0,0,0,1,0
1,0,1,1,1.5598055673712277,1,0,1,0,1,1,0,1,1,0.20233080075864363,0.1747790354239842,0.31903600867941073,1.0487571711839567,0.7892744636157483,1,0,0,0,1.000296064634575,1,0,0,0,0,1,0,1,0,0
0,1,1,0,1.519339649281326,1,1,0,1,0,1,1,1,1,1.312586147013765,1.3260390771947614,-0.2044756900814121,1.0487571711839567,1.2180086305941509,1,0,0,0,1.246136863797372,0,1,0,0,0,1,1,0,0,0
0,0,1,0,-0.1802289104945449,1,1,0,0,1,1,1,1,1,1.324151306870589,1.45113163724451,-1.5482323288153892,1.0487571711839567,1.2180086305941509,0,0,0,0,0.6916873628345901,0,1,0,1,0,0,0,0,1,0
1,0,1,1,-0.5848880913935618,0,0,0,1,1,0,1,0,0,-0.6055782235252167,-0.6460798635801301,0.5001460516814169,0.5111818699396011,-0.06819387034105659,1,0,0,0,-0.1398893958258834,1,0,0,0,1,0,0,1,0,0
1,0,0,0,-1.2728086989218905,1,0,0,0,0,0,0,0,1,-0.6485345315648493,-0.6471780956941968,0.006326045598127978,-1.1015440337934654,-0.9256622042978615,1,1,1,0,-1.9472302632213818,1,0,0,1,0,0,1,0,0,0
0,1,1,1,-0.34209258285415167,1,0,0,0,1,0,1,1,1,1.051543967388305,0.9741557022039117,0.8794452997750001,0.5111818699396011,0.3605402966373459,0,0,0,1,0.5047821194109204,0,1,0,0,0,1,0,0,1,0
1,0,0,0,0.10303251613476692,1,1,0,0,1,1,1,0,0,1.0168484878178323,1.084608435947396,-0.8368808971200268,0.5111818699396011,0.7892744636157483,0,0,1,0,0.764243115435434,0,1,0,1,0,0,0,0,1,0
0,0,0,0,-0.9086154361127753,1,1,0,0,0,0,0,0,1,0.3311997248775418,0.5015177840138779,-2.0267829005000473,-1.1015440337934654,-0.49692803731945906,0,0,1,1,-0.14983722589282442,0,1,0,1,0,0,0,0,1,0
1,0,0,0,-1.2728086989218905,1,0,0,0,0,0,0,1,1,0.5327639395250487,0.5306758466423488,0.006326045598127978,-0.56396873254911,-0.49692803731945906,0,1,1,1,-1.585766279957485,0,1,0,1,0,0,0,0,0,1
1,0,1,0,1.3574759769217193,1,1,1,0,1,0,1,1,1,1.3654554492163897,1.351978749218828,0.1123555803971095,1.0487571711839567,1.2180086305941509,1,0,0,0,1.213796761240495,0,1,0,0,0,1,0,1,0,0
1,1,0,0,-1.232342780831989,1,1,0,0,0,0,1,1,1,0.9623270199213754,1.1080713806129214,-1.7577809498178354,-0.026393431304754394,0.3605402966373459,0,1,1,1,-1.0303463182041674,0,1,0,1,0,0,0,0,1,0
1,0,1,0,-0.9895472722925787,1,0,0,1,0,0,0,0,1,-0.5014917848137992,-0.5127133012281542,0.1500861460532955,-0.56396873254911,-0.49692803731945906,1,0,0,0,-0.5955831391106161,1,0,0,1,0,0,1,0,0,0
0,0,0,0,-1.232342780831989,1,0,0,0,0,0,0,0,0,-1.466356550011702,-1.3868374245181256,-0.8903471233425804,-1.1015440337934654,-1.3543963712762639,0,1,1,0,-1.9445045207180018,0,0,1,1,0,0,0,0,0,1
1,0,0,0,-0.7467517637531685,1,1,0,1,0,0,0,0,1,-0.304884067247788,-0.32676887641523455,0.2694801277872509,-0.56396873254911,-0.06819387034105659,1,0,1,0,-0.17560123510654246,1,0,0,1,0,0,0,1,0,0
0,0,0,0,-1.232342780831989,1,0,0,0,1,1,1,1,0,0.38572119277399886,0.5158497131024485,-1.5531055525596276,1.0487571711839567,0.7892744636157483,0,1,1,0,-1.156680036692334,1,0,0,1,0,0,0,0,1,0
1,0,0,0,-1.0300131903824803,0,0,0,0,0,0,0,0,1,-1.33418329450514,-1.423079084282327,1.0979281643085572,-1.1015440337934654,-1.3543963712762639,1,0,1,0,-1.1966422618454138,1,0,0,0,1,0,0,1,0,0
1,1,1,0,1.6002714854611295,1,0,1,1,1,1,1,0,0,0.3196345650207178,0.3199754395915089,-0.015061991946048589,1.5863324724283123,1.2180086305941509,1,0,0,0,1.0475104468689147,1,0,0,0,0,1,1,0,0,0
0,0,1,0,-1.232342780831989,1,0,0,0,0,0,0,0,0,-1.4828782069500221,-1.2764650970544213,-2.391300036569421,-1.1015440337934654,-1.3543963712762639,1,1,0,0,-1.8594079566006092,0,0,1,1,0,0,1,0,0,0
0,0,1,1,0.7909531236630957,1,0,1,0,1,0,1,1,0,1.1754563944257068,1.1897735139449803,-0.2099701159732716,1.0487571711839567,0.7892744636157483,0,0,0,0,1.0337027105610663,0,1,0,0,1,0,0,0,1,0
1,0,1,1,-0.5039562552137584,1,0,0,0,0,0,0,0,1,0.1891134752079877,0.2900806462531846,-1.2012587982252827,-1.1015440337934654,-0.9256622042978615,0,0,0,1,0.23356617659787582,0,1,0,1,0,0,0,0,1,0
0,0,0,0,0.6695553693933906,1,0,0,0,1,1,1,1,1,0.3212867307145498,0.3694710613275569,-0.5812455029934532,1.0487571711839567,0.7892744636157483,1,0,1,0,0.8178236389618453,1,0,0,0,0,1,1,0,0,0
0,0,1,0,-0.09929707431474152,1,0,0,1,1,1,0,1,0,0.1825048124326595,0.28181644959483265,-1.1814410216653626,1.0487571711839567,0.7892744636157483,1,0,0,0,0.48657277113450526,1,0,0,0,1,0,1,0,0,0
0,0,1,1,0.4672257789438821,1,0,1,0,0,1,0,0,0,-0.28010158184030765,-0.3213401153968364,0.4976356030858973,-0.026393431304754394,-0.06819387034105659,1,0,0,0,0.5467561061861689,1,0,0,1,0,0,1,0,0,0
0,0,1,1,0.8314190417529973,1,0,0,0,0,0,0,0,0,-1.4927912011130144,-1.5065343642710756,0.2141276618620744,-1.1015440337934654,-1.3543963712762639,1,0,0,0,-0.004268209299280664,0,0,1,0,1,0,1,0,0,0
0,0,1,1,-0.7467517637531685,1,0,0,0,0,0,0,0,1,-1.4944433668068464,-1.4929737138275725,0.03417303842237421,-1.1015440337934654,-1.3543963712762639,0,0,0,0,-0.8273056631228416,0,0,1,0,1,0,0,0,0,1
0,0,0,0,0.6695553693933906,1,1,0,0,0,0,0,1,1,0.6533720351747868,0.49372818051910466,1.8665051662577368,-0.56396873254911,-0.06819387034105659,0,0,1,1,0.8483274661649242,0,1,0,1,0,0,0,0,1,0
1,0,0,0,-1.1109450265622838,0,0,0,1,0,0,1,1,1,-0.4535789796926703,-0.11706145423419631,-3.9663259507087534,0.5111818699396011,-0.06819387034105659,0,1,1,0,-0.7535029752647426,1,0,0,1,0,0,0,0,0,1
0,0,1,0,-1.1514109446521854,0,0,1,0,0,0,0,0,1,-1.1788797192849296,-1.065604531153613,-1.2996979178589916,-0.56396873254911,-0.9256622042978615,0,1,0,0,-1.291563828861946,1,0,0,1,0,0,0,0,1,0
1,0,0,0,-0.5039562552137584,1,0,0,0,0,1,0,0,0,-0.4866222935693108,-0.4807135630045355,-0.05312728408163502,-0.56396873254911,-0.49692803731945906,0,0,1,0,-0.007302349992177812,1,0,0,1,0,0,0,0,0,1
0,0,0,0,-1.1109450265622838,1,0,1,0,0,1,0,0,0,-0.3594055351442448,-0.42116192661926805,0.7431574757276678,-0.026393431304754394,-0.06819387034105659,1,1,1,0,-0.8560917757362708,1,0,0,1,0,0,0,1,0,0
1,1,1,0,1.0742145502924074,1,0,1,1,1,0,0,0,1,0.6021548986659941,0.6049461201190637,-0.05380457958507246,0.5111818699396011,0.3605402966373459,1,0,0,0,0.9913406320071032,0,1,0,0,1,0,0,1,0,0
1,1,1,0,1.397941895011621,1,0,1,1,0,1,0,0,1,-0.12479800662009713,-0.107388815868364,-0.20169514706657046,0.5111818699396011,0.3605402966373459,1,0,0,0,0.8816994857178915,1,0,0,0,1,0,1,0,0,0
0,1,0,0,0.4672257789438821,1,0,0,1,1,0,0,1,0,0.8070234447011654,0.8551659966179004,-0.5975106783476158,0.5111818699396011,0.3605402966373459,1,0,1,1,0.8617268052136866,0,1,0,0,1,0,0,1,0,0
0,0,1,1,-1.191876862742087,1,0,0,0,0,0,0,0,0,-1.5076606923575024,-1.5620054467117659,0.6950750014511378,-1.1015440337934654,-1.3543963712762639,0,1,0,0,-1.8594079566006092,0,0,1,0,0,1,0,0,0,1
0,0,1,1,0.3053621065842754,1,0,1,1,0,1,0,1,1,0.2188524576969639,0.21207871035159634,0.07260188851983325,1.0487571711839567,0.7892744636157483,0,0,0,0,0.6491946675088517,1,0,0,1,0,0,0,0,0,1
1,1,0,0,-1.232342780831989,1,1,0,0,0,0,1,1,1,0.9672835170028716,0.8601454808623616,1.2343784291473627,-0.026393431304754394,0.3605402966373459,0,1,1,1,-1.0801878896664945,0,1,0,1,0,0,0,0,1,0
1,0,0,0,0.9123508779328007,1,0,1,0,1,1,0,0,1,-0.18262380590421803,-0.2306386226853134,0.5744553301087844,0.5111818699396011,0.3605402966373459,0,0,1,0,0.717953801021108,1,0,0,0,0,1,0,0,1,0
1,0,1,1,-0.8681495180228737,1,0,0,0,0,0,1,0,1,0.48815546579158425,0.46822637506519194,0.21897580898327698,-0.56396873254911,-0.49692803731945906,1,0,0,1,-0.09789497258952987,0,1,0,1,0,0,1,0,0,0
0,0,0,0,-0.30162666476425,1,0,1,1,0,0,0,0,1,0.49972062564840825,0.5229003632747563,-0.29152538965000174,-0.026393431304754394,-0.06819387034105659,1,0,1,0,0.43171618930036226,0,1,0,1,0,0,1,0,0,0
1,0,1,0,-0.6253540094834634,1,1,0,1,0,0,0,0,1,0.5211987796682247,0.45790181861316376,0.7310030823890853,-0.56396873254911,-0.06819387034105659,1,0,0,1,0.17344331928102583,0,1,0,1,0,0,1,0,0,0
1,0,1,0,-0.9086154361127753,1,0,0,0,0,0,0,0,0,-1.4911390354191822,-1.5089059239966405,0.2616829697964609,-1.1015440337934654,-1.3543963712762639,1,0,0,0,-1.0540297510325813,0,0,1,0,1,0,1,0,0,0
1,0,0,0,-0.949081354202677,0,0,1,0,1,1,0,1,0,-0.4601876424679985,-0.43595145242203304,-0.27090623851880813,1.0487571711839567,0.3605402966373459,0,0,1,0,-0.49251996811680554,1,0,0,0,1,0,0,0,0,1
0,1,0,0,-1.0704791084723821,1,0,0,0,0,0,0,0,0,-1.4944433668068464,-1.546630197114832,0.6690844748151739,-1.1015440337934654,-1.3543963712762639,1,1,1,0,-1.412368602419801,0,0,1,1,0,0,1,0,0,0
1,0,1,1,0.2648961884943737,1,1,0,0,0,0,0,0,1,-1.3523571171372923,-1.3695613885699225,0.250237141720239,-1.1015440337934654,-0.9256622042978615,0,0,0,0,-0.07283785640024101,0,0,1,0,0,1,0,0,0,1
1,0,0,0,1.155146386472211,1,1,1,0,1,1,1,1,1,1.5488458412317445,1.5807657857416098,-0.43114564658998555,1.5863324724283123,1.6467427975725533,1,0,1,0,1.2042288216987371,0,1,0,0,0,1,0,1,0,0
1,0,0,0,1.3574759769217193,1,0,0,0,0,0,0,0,0,-1.4993998638883423,-1.5136832336928308,0.22074789034481965,-1.1015440337934654,-1.3543963712762639,1,0,1,0,0.126509994103837,0,0,1,0,0,1,1,0,0,0
0,0,0,1,-0.5848880913935618,1,1,0,0,0,0,0,0,0,-1.3027921463223315,-1.3009007615924058,0.02257012474560506,-1.1015440337934654,-0.9256622042978615,1,0,0,0,-0.504767738234696,0,0,1,0,0,1,0,1,0,0
0,0,1,0,-0.7872176818430703,1,0,0,0,0,0,0,0,0,-0.6914908396044821,-0.6310847712534501,-0.6909198131935614,-1.1015440337934654,-0.9256622042978615,0,0,0,0,-0.3381855992812584,1,0,0,0,1,0,0,0,1,0
1,0,1,1,-0.1397629924046432,1,1,0,1,1,0,1,1,0,0.5079814541175683,0.37974467110397425,1.4998851021095607,1.0487571711839567,1.2180086305941509,1,0,0,0,0.4902541682563098,1,0,0,1,0,0,0,1,0,0
0,0,1,1,0.022100679954963547,1,1,0,0,0,0,0,1,0,0.7078935030712438,0.608201049967149,1.155225461665113,-0.56396873254911,-0.06819387034105659,1,0,0,1,0.6263467044284874,0,1,0,1,0,0,0,1,0,0
0,0,1,1,-0.9086154361127753,1,1,1,0,0,0,1,1,1,1.1738042287318748,1.374612314696912,-2.4166408000394863,0.5111818699396011,0.7892744636157483,0,0,0,0,0.030188710156770823,0,1,0,1,0,0,0,0,1,0
1,0,0,0,-1.191876862742087,1,0,0,0,0,0,0,0,1,-1.4845303726438543,-1.4944641716966631,0.16876683707289464,-1.1015440337934654,-1.3543963712762639,0,1,1,0,-1.7902825250001928,0,0,1,1,0,0,0,0,0,1
0,0,0,1,-0.6658199275733652,1,1,0,0,0,1,0,0,1,0.48815546579158425,0.47013580135442173,0.19638177162360335,-0.56396873254911,-0.06819387034105659,1,0,0,0,0.13826438852945022,0,1,0,0,1,0,0,1,0,0
1,0,1,1,-0.54442217330366,1,0,1,0,0,0,0,0,1,-0.5213177731397832,-0.4760272909704322,-0.5179302350983279,-0.56396873254911,-0.49692803731945906,1,0,0,0,-0.037784603907265825,1,0,0,0,1,0,1,0,0,0
1,0,1,1,0.4672257789438821,1,0,0,0,0,0,0,0,1,-1.4614000529302058,-1.4853413572036773,0.3337180771431795,-1.1015440337934654,-1.3543963712762639,1,0,0,0,-0.10039824815855009,0,0,1,0,1,0,1,0,0,0
1,0,1,0,-1.2728086989218905,1,1,0,0,0,0,0,0,1,0.32624322779604553,0.32475732525484075,0.006326045598127978,-1.1015440337934654,-0.49692803731945906,1,1,0,1,-1.6357802970816098,0,1,0,1,0,0,1,0,0,0
1,0,1,1,-0.7872176818430703,1,0,0,0,0,0,0,0,0,-0.6584475257278416,-0.715859842520061,0.7020724509300473,-1.1015440337934654,-0.9256622042978615,1,0,0,0,-0.37470255779694545,1,0,0,1,0,0,1,0,0,0
0,0,0,0,-1.2728086989218905,1,0,0,0,0,0,0,0,1,0.19737430367714784,0.19626416790903606,0.006326045598127978,-1.1015440337934654,-0.9256622042978615,0,1,1,1,-1.6691298100666345,0,1,0,1,0,0,0,0,0,1
0,0,1,0,0.1839643523145703,1,1,0,0,1,0,0,0,1,0.469981643159432,0.39550425076505713,0.8650670945836513,-0.56396873254911,-0.06819387034105659,1,0,0,1,0.6475233889270475,0,1,0,1,0,0,0,1,0,0
1,0,0,0,0.993282714112604,1,0,0,1,0,1,0,0,1,-0.3329708840429325,-0.32117656288702634,-0.12807233555888906,-0.026393431304754394,-0.06819387034105659,0,0,1,0,0.709744668172871,1,0,0,0,1,0,0,0,0,1
1,1,1,0,1.2360782226520142,1,1,1,1,1,0,1,1,0,1.446411568214159,1.523451529374986,-0.9615116605600974,1.5863324724283123,1.6467427975725533,1,0,0,0,1.214747407798627,0,1,0,0,0,1,0,1,0,0
0,0,1,1,-1.191876862742087,1,0,0,0,0,0,0,0,0,-1.4894868697253503,-1.4670083688449953,-0.214593430807554,-1.1015440337934654,-1.3543963712762639,0,1,0,0,-1.764217315974117,0,0,1,1,0,0,0,0,0,1
1,0,1,1,-0.7062858456632669,0,0,1,0,0,0,0,0,1,-1.1408799083267929,-1.1015167212835946,-0.42641622289064895,-0.56396873254911,-0.9256622042978615,1,0,0,0,-0.4843736786252663,1,0,0,1,0,0,1,0,0,0
1,0,1,1,1.3170100588318177,1,1,1,1,1,0,0,1,0,0.2552001029612687,0.22584040353478652,0.3386049322825104,1.0487571711839567,1.2180086305941509,1,0,0,0,0.9584907030437493,1,0,0,0,1,0,0,1,0,0
1,0,1,0,1.2765441407419158,1,1,0,1,1,1,1,0,1,0.37580819861100634,0.34761428112885445,0.3206489771017973,1.0487571711839567,1.2180086305941509,1,0,0,0,0.980416689975572,1,0,0,0,0,1,1,0,0,0
1,0,0,1,0.022100679954963547,0,0,1,0,0,1,0,0,0,-1.013663149901727,-1.0209264519677175,0.12092064031123405,-0.026393431304754394,-0.49692803731945906,1,0,0,0,0.0586641897268835,1,0,0,0,1,0,0,1,0,0
1,0,0,0,0.7504872055731939,1,1,0,0,0,0,0,1,0,0.6170243899104824,0.547536939687726,0.8009481761299875,-0.56396873254911,-0.06819387034105659,1,0,1,1,0.8862748151171608,0,1,0,1,0,0,1,0,0,0
1,0,1,1,-0.1397629924046432,1,0,1,0,0,0,0,1,1,-0.1495804920275775,-0.04930431980356994,-1.1813962104125433,-0.026393431304754394,-0.06819387034105659,0,0,0,0,0.37242705043700985,1,0,0,1,0,0,0,0,0,1
0,0,1,0,1.6002714854611295,1,1,1,1,1,0,1,0,0,1.1870215542825313,1.2229510357114415,-0.46610592294098435,1.0487571711839567,1.2180086305941509,1,0,0,0,1.2448248695485813,0,1,0,0,0,1,1,0,0,0
1,1,1,0,0.14349843422466863,1,1,0,1,0,0,1,1,1,1.049891801694473,1.0116099932607288,0.4167597787243704,0.5111818699396011,0.7892744636157483,0,0,0,1,0.7675308014126392,0,1,0,1,0,0,0,0,1,0
0,1,0,0,0.9528167960227024,1,1,1,1,1,0,1,1,0,1.51249819596744,1.4790188884267037,0.3439708335921071,1.5863324724283123,1.6467427975725533,0,0,1,0,1.1329003031981482,0,1,0,0,1,0,0,0,1,0
1,0,1,1,0.10303251613476692,1,1,0,1,1,1,1,1,1,1.4943243733352878,1.427445123898621,0.7398158365887582,1.5863324724283123,1.6467427975725533,0,0,0,0,0.827973614255822,0,1,0,1,0,0,0,0,1,0
0,0,0,0,-0.5039562552137584,1,0,1,0,1,0,1,0,1,0.8152842731703255,0.9493493843274304,-1.614508171737089,0.5111818699396011,0.3605402966373459,1,0,1,0,0.38499558190066513,0,1,0,1,0,0,1,0,0,0
1,1,0,0,0.022100679954963547,1,1,0,0,0,0,0,0,1,-1.3160094718729878,-1.2866487039303127,-0.3020161113103367,-1.1015440337934654,-0.9256622042978615,1,0,1,0,-0.11306612213599304,0,0,1,0,1,0,1,0,0,0
0,0,0,0,-0.30162666476425,1,0,1,1,1,1,1,0,0,0.3163302336330535,0.32317587101058465,-0.09191814508580881,1.5863324724283123,1.2180086305941509,0,0,1,0,0.3825187488418036,1,0,0,0,1,0,0,0,0,1
1,1,1,0,0.8314190417529973,1,1,0,1,1,0,1,1,1,1.2927601586877804,1.276924568150678,0.14277631043692937,1.0487571711839567,1.2180086305941509,0,0,0,1,1.0619923666552935,0,1,0,1,0,0,0,0,1,0
1,1,1,0,1.6002714854611295,1,1,0,1,1,1,1,1,0,1.4860635448661277,1.4812186212027953,0.006055310945673974,1.5863324724283123,1.6467427975725533,1,0,0,0,1.2914998058554523,0,1,0,0,0,1,0,1,0,0
0,0,0,0,0.34582802467417706,1,0,1,0,1,1,1,1,1,0.49972062564840825,0.5354169950372225,-0.43963335655796626,1.5863324724283123,1.2180086305941509,1,0,1,0,0.7460370072909087,1,0,0,0,1,0,1,0,0,0
1,0,1,1,0.224430270404472,1,1,0,0,1,1,1,0,1,0.9970224994918483,1.0022942875212328,-0.09678110941164014,0.5111818699396011,0.7892744636157483,1,0,0,0,0.7996968581316362,0,1,0,0,0,1,1,0,0,0
1,0,0,0,-1.2728086989218905,1,0,0,0,0,0,0,0,0,-1.4762695441746942,-1.4724995294153291,0.006326045598127978,-1.1015440337934654,-1.3543963712762639,1,1,1,0,-2.4408171993109495,0,0,1,1,0,0,1,0,0,0
0,0,0,0,0.14349843422466863,0,0,1,0,0,0,0,0,0,-1.1127930915316486,-1.1022580279605898,-0.08626520554248766,-0.56396873254911,-0.9256622042978615,1,0,1,0,0.06562818582370325,1,0,0,0,0,1,1,0,0,0
0,0,1,1,1.5598055673712277,1,1,1,1,1,1,1,1,1,0.8532840841284618,0.7620934615515328,1.0496077485909896,2.1239077736726677,2.0754769645509556,1,0,0,0,1.1430262772372086,1,0,0,0,0,1,0,1,0,0
1,0,1,1,-1.2728086989218905,1,0,0,0,0,0,0,0,1,0.2072872978401399,0.20614825693563635,0.006326045598127978,-1.1015440337934654,-0.9256622042978615,0,1,0,1,-1.666500806101197,0,1,0,1,0,0,0,0,1,0
0,0,1,0,-0.9895472722925787,1,1,0,0,0,0,0,1,1,0.6665893607254432,1.0172613126810306,-4.172463315090233,-0.56396873254911,-0.06819387034105659,0,0,0,1,-0.1777349333242387,0,1,0,1,0,0,0,0,1,0
1,0,0,0,-1.2728086989218905,1,0,0,0,0,0,0,0,1,-0.6501866972586814,-0.6488254438652971,0.006326045598127978,-1.1015440337934654,-0.9256622042978615,0,1,1,0,-1.9479135465602397,1,0,0,1,0,0,0,0,0,1
0,0,0,0,-0.9086154361127753,1,1,0,1,0,0,0,0,1,0.537720436606545,0.56214019671036,-0.30750956353111747,-0.56396873254911,-0.06819387034105659,1,0,1,1,-0.1355309021781274,0,1,0,1,0,0,0,1,0,0
1,1,0,0,-1.191876862742087,0,0,0,0,1,0,0,1,1,-0.7790556213775793,-0.6812232912302649,-1.1307594947252346,-0.026393431304754394,-0.49692803731945906,0,1,1,0,-1.2791519152722428,1,0,0,1,0,0,0,0,1,0
1,0,1,0,1.519339649281326,1,1,0,0,0,0,0,0,0,-1.3077486434038275,-1.2195845180608662,-0.9981149855724123,-1.1015440337934654,-0.9256622042978615,1,0,0,0,0.4080114079615113,0,0,1,0,0,1,1,0,0,0
1,0,1,1,1.519339649281326,1,1,1,1,1,1,1,0,1,0.4798946373224241,0.5647288866935174,-1.0203925798318088,1.5863324724283123,1.6467427975725533,1,0,0,0,1.0896478214387288,1,0,0,0,0,1,1,0,0,0
0,0,0,1,0.6290894513034889,1,0,0,0,0,0,0,0,0,-1.479573875562358,-1.4901398827475254,0.17607667268925803,-1.1015440337934654,-1.3543963712762639,0,0,0,0,-0.05034934604135941,0,0,1,0,1,0,0,0,0,1
0,0,0,0,1.397941895011621,1,0,1,1,0,1,0,0,0,-0.13966749786458546,-0.23003019911384323,1.07407118836659,0.5111818699396011,0.3605402966373459,1,0,1,0,0.8423860716917918,1,0,0,0,1,0,0,1,0,0
1,0,0,0,0.7909531236630957,1,0,0,1,1,1,1,1,1,1.3307599696459171,1.3053413241021545,0.25486045655451584,1.5863324724283123,1.2180086305941509,1,0,1,0,1.0552253001628724,0,1,0,0,1,0,1,0,0,0
1,1,0,0,0.022100679954963547,0,0,0,0,1,1,1,1,1,-0.33462304973676443,-0.3322849968063422,-0.016120318314747785,1.0487571711839567,0.3605402966373459,0,0,1,0,0.361891916391075,1,0,0,1,0,0,0,0,1,0
1,0,0,0,1.0337486322025058,1,0,1,1,0,0,1,1,0,1.1374565834675705,1.11670575723386,0.2062962613101689,1.0487571711839567,0.7892744636157483,1,0,1,0,1.0884495223147614,0,1,0,0,1,0,1,0,0,0
1,0,0,0,-0.22069482858444658,1,0,0,0,0,0,0,0,1,0.1428528357806908,0.05514134125146396,1.0329518477186475,-1.1015440337934654,-0.9256622042978615,0,0,1,1,0.3582353974997331,0,1,0,1,0,0,0,0,0,1
1,0,0,0,-1.191876862742087,1,0,0,0,0,0,0,0,0,-1.4547913901548777,-1.5016026804380966,0.604108158225267,-1.1015440337934654,-1.3543963712762639,0,1,1,0,-1.7972400050171922,0,0,1,1,0,0,0,0,0,1
0,0,1,1,-1.191876862742087,1,0,0,0,0,0,0,0,1,0.15937449271901108,0.06557454633509757,1.104425795967546,-1.1015440337934654,-0.9256622042978615,0,1,0,1,-1.0194560750776522,0,1,0,1,0,0,0,0,1,0
1,0,0,0,-1.232342780831989,1,0,0,0,0,0,0,0,0,-1.4762695441746942,-1.4296684769667272,-0.5004892238031429,-1.1015440337934654,-1.3543963712762639,0,1,1,0,-1.9808941659799701,0,0,1,1,0,0,0,0,0,1
0,1,1,0,0.9528167960227024,1,1,0,0,1,0,1,1,1,1.1870215542825313,1.213413412768445,-0.3532482492449413,0.5111818699396011,0.7892744636157483,1,0,0,1,1.0848187457831457,0,1,0,1,0,0,1,0,0,0
0,1,0,0,0.5076916970337838,1,1,1,0,0,1,0,1,1,0.17589614965733133,0.10910114578927471,0.7843091429012747,0.5111818699396011,0.7892744636157483,0,0,1,0,0.6950671882393612,1,0,0,1,0,0,0,0,1,0
0,0,1,1,-0.5848880913935618,1,1,0,0,0,0,0,0,1,-1.3242703003421479,-1.2703333010842153,-0.592539005638845,-1.1015440337934654,-0.9256622042978615,1,0,0,0,-0.48210348017559584,0,0,1,0,0,1,0,1,0,0
0,0,1,1,0.9123508779328007,1,1,1,1,0,0,0,0,1,0.673198023500771,0.6230471513636691,0.570202334841077,-0.026393431304754394,0.3605402966373459,0,0,0,0,0.9512941315718685,0,1,0,1,0,0,0,0,1,0
1,0,1,0,-0.7467517637531685,1,1,0,0,0,1,1,0,1,0.06189671678292147,0.17202461624856338,-1.3052673164238413,-0.026393431304754394,0.3605402966373459,1,0,0,0,-0.022246643086498156,1,0,0,1,0,0,0,1,0,0
1,0,0,0,-1.232342780831989,1,0,1,0,0,0,0,0,1,0.36259087306035037,0.9836965936948664,-7.361988255697264,-0.56396873254911,-0.49692803731945906,0,1,1,0,-1.054856817399978,0,1,0,1,0,0,0,0,1,0
0,0,0,0,0.871884959842899,1,0,0,0,0,0,0,0,1,-1.4614000529302058,-1.5011755901715154,0.5210828648048313,-1.1015440337934654,-1.3543963712762639,0,0,1,0,0.012846792281618408,0,0,1,0,0,1,0,0,0,1
1,0,1,1,0.7909531236630957,1,1,0,0,0,0,0,0,0,-1.3275746317298118,-1.2897389217407853,-0.4019001588234576,-1.1015440337934654,-0.9256622042978615,0,0,0,0,0.170684142312223,0,0,1,0,0,1,0,0,0,1
0,0,0,0,-1.2728086989218905,1,0,0,0,0,0,0,0,0,0.21059162922780375,0.2094429532778363,0.006326045598127978,-1.1015440337934654,-0.9256622042978615,0,1,1,1,-1.6656269051490211,0,1,0,1,0,0,0,0,0,1
0,0,0,0,-1.1109450265622838,1,0,0,0,0,0,0,0,1,-1.4614000529302058,-1.445812489043508,-0.1340227982360698,-1.1015440337934654,-1.3543963712762639,0,1,1,0,-1.427142755948459,0,0,1,1,0,0,0,0,0,1
0,0,1,0,1.3574759769217193,1,1,1,1,1,0,0,0,0,0.071809710945914,0.048526988746289385,0.2730242905103363,0.5111818699396011,0.7892744636157483,1,0,0,0,0.9189107581946503,1,0,0,0,0,1,1,0,0,0
0,0,1,0,0.9123508779328007,1,1,1,1,1,1,1,1,1,0.8400667585778059,0.8123424321155306,0.299073886525021,2.1239077736726677,2.0754769645509556,0,0,0,0,0.9931099306499624,1,0,0,0,1,0,0,0,1,0
0,0,1,1,1.397941895011621,1,1,0,1,1,1,1,1,1,1.5736283266392248,1.5001525389778048,0.8151357177769604,1.5863324724283123,1.6467427975725533,1,0,0,0,1.2494773702036266,0,1,0,0,1,0,0,1,0,0
1,0,1,1,1.5598055673712277,1,1,1,1,1,1,1,1,1,1.6281497945356818,1.660872702451577,-0.44338327795510757,2.1239077736726677,2.0754769645509556,1,0,0,0,1.3132351501310011,0,1,0,0,0,1,1,0,0,0
1,0,1,1,1.114680468382309,1,0,0,0,0,0,0,0,1,-1.4465305616857176,-1.435406739762726,-0.08171686338119558,-1.1015440337934654,-1.3543963712762639,1,0,0,0,0.141416656193283,0,0,1,0,0,1,1,0,0,0
0,0,1,1,0.6290894513034889,1,0,1,0,1,0,1,1,1,1.1556304060997227,1.2832394028065615,-1.5498567367301297,1.0487571711839567,0.7892744636157483,1,0,0,0,1.0007768743022287,0,1,0,0,1,0,1,0,0,0
0,0,1,1,-1.3132746170117922,0,0,1,1,1,1,1,0,0,-0.2867102446156358,-0.28640884622328294,0.006326045598127978,1.5863324724283123,0.7892744636157483,1,1,0,0,-4.359284532484085,1,0,0,0,0,1,0,1,0,0
1,0,0,0,-1.1109450265622838,1,1,0,0,0,0,1,1,1,0.9953703337980159,0.9164847883139841,0.89910063554344,-0.026393431304754394,0.3605402966373459,1,1,1,1,-0.4936050964077305,0,1,0,1,0,0,1,0,0,0
0,0,0,0,-1.1514109446521854,1,0,0,0,0,0,1,0,0,-0.304884067247788,-0.2604631125284569,-0.515108895035871,-0.56396873254911,-0.49692803731945906,1,1,1,0,-0.9397554794120634,1,0,0,1,0,0,0,1,0,0
0,0,1,1,1.6002714854611295,1,1,1,0,0,0,0,0,0,0.4732859745470959,0.48926334400775,-0.2053884526239835,-0.56396873254911,-0.06819387034105659,1,0,0,0,1.0895215029408134,0,1,0,0,0,1,1,0,0,0
1,0,0,0,-0.7467517637531685,1,0,0,0,0,0,1,1,1,0.9309358717385673,1.0144078703132322,-1.019835639975322,-0.026393431304754394,-0.06819387034105659,0,0,1,1,0.17370210834008556,0,1,0,1,0,0,0,0,1,0
0,0,1,0,0.993282714112604,0,0,1,0,1,1,0,1,1,-0.4899266249569749,-0.5248119175110798,0.42969804527341326,1.0487571711839567,0.3605402966373459,1,0,0,0,0.6347039964782818,1,0,0,1,0,0,1,0,0,0
1,1,1,0,1.0337486322025058,1,1,0,0,1,0,1,1,1,1.122587092223082,1.1687676399515567,-0.5851824916341256,0.5111818699396011,0.7892744636157483,0,0,0,1,1.098454806421877,0,1,0,1,0,0,0,0,1,0
1,0,1,0,1.4788737311914244,1,1,1,1,1,1,0,1,1,1.4034552601745265,1.360772202598554,0.4566401701386069,1.5863324724283123,1.6467427975725533,1,0,0,0,1.2433681866404203,0,1,0,0,1,0,0,1,0,0
1,0,1,0,-1.2728086989218905,1,0,1,0,0,0,1,1,1,1.0003268308795121,0.9968753790636671,0.006326045598127978,0.5111818699396011,0.3605402966373459,0,1,0,0,-1.485363073691895,0,1,0,1,0,0,0,0,1,0
1,0,0,0,-1.1514109446521854,1,0,0,0,0,0,0,1,0,-0.3445360438997567,-0.524450656947242,2.140798045576554,-0.56396873254911,-0.49692803731945906,0,1,1,0,-1.034980197897024,1,0,0,1,0,0,0,0,1,0
1,0,1,0,1.6002714854611295,1,1,1,1,1,1,0,1,0,1.3505859579719013,1.336183342638861,0.12382488476487209,1.5863324724283123,1.6467427975725533,1,0,0,0,1.265715710245184,0,1,0,0,0,1,1,0,0,0
1,0,1,1,1.397941895011621,1,1,1,0,1,0,1,1,1,0.49476412856691243,0.46992066260073306,0.2768990654277413,1.0487571711839567,1.2180086305941509,0,0,0,0,1.0395512512018947,1,0,0,0,0,1,0,0,1,0
0,0,0,0,-1.0704791084723821,0,0,1,0,0,0,0,0,0,-1.1656623937342732,-1.2465382719461036,0.9972148735942024,-0.56396873254911,-0.9256622042978615,1,1,1,0,-1.1541556256147707,1,0,0,1,0,0,1,0,0,0
1,0,0,1,-0.7467517637531685,1,0,0,0,0,0,0,0,0,-1.479573875562358,-1.5014457901360874,0.30985826738240535,-1.1015440337934654,-1.3543963712762639,0,0,0,0,-0.8356639124271769,0,0,1,1,0,0,0,0,0,1
0,0,0,0,1.2765441407419158,1,1,0,0,0,0,0,0,0,-1.3226181346483157,-1.2874045185031326,-0.3710442180966886,-1.1015440337934654,-0.9256622042978615,0,0,1,0,0.3030741101370418,0,0,1,0,1,0,0,0,0,1
1,0,0,0,-1.2728086989218905,1,1,1,0,0,0,0,0,1,0.5608507563201934,0.5586807655510502,0.006326045598127978,-0.56396873254911,-0.06819387034105659,0,1,1,0,-1.5792612241675712,0,1,0,1,0,0,0,0,1,0
1,0,1,0,-1.1109450265622838,1,1,0,1,0,1,0,0,1,0.6831110176637635,0.5099192596864881,2.0257899652124243,-0.026393431304754394,0.3605402966373459,0,1,0,0,-0.583488640477251,0,1,0,1,0,0,0,0,1,0
1,0,0,0,-1.191876862742087,1,0,0,0,0,0,1,0,0,0.4798946373224241,0.8057829912160598,-3.87276005481929,-0.56396873254911,-0.49692803731945906,0,1,1,1,-0.8375364655841873,0,1,0,1,0,0,0,0,1,0
0,1,0,0,-1.1514109446521854,1,1,1,0,0,0,0,0,1,0.5129379511990646,0.36841205178899256,1.6924614611062023,-0.56396873254911,-0.06819387034105659,0,1,1,0,-0.7581353919865841,0,1,0,1,0,0,0,0,1,0
0,0,0,0,1.5598055673712277,1,1,0,0,0,0,0,0,0,-1.3275746317298118,-1.3353287915626024,0.13755990192196701,-1.1015440337934654,-0.9256622042978615,0,0,1,0,0.33167971234727534,0,0,1,0,0,1,0,0,1,0
1,0,1,1,1.6002714854611295,1,1,1,1,1,1,0,1,1,1.3274556382582534,1.4053490859893536,-0.9675064992930906,1.5863324724283123,1.6467427975725533,1,0,0,0,1.2781436392450316,0,1,0,0,0,1,0,1,0,0
0,0,0,0,-0.1397629924046432,1,1,0,0,0,0,0,0,1,0.37250386722334244,0.38366422364900543,-0.14491193267148308,-1.1015440337934654,-0.49692803731945906,1,0,1,1,0.49123509081757477,0,1,0,1,0,0,0,1,0,0
1,0,1,0,-0.05883115622483983,1,0,1,1,1,1,0,1,1,0.3559822102850222,0.4436320948919648,-1.0494342984772218,1.5863324724283123,1.2180086305941509,1,0,0,0,0.5480294302360273,1,0,0,0,1,0,0,1,0,0
1,0,0,0,1.4384078131015228,1,1,0,0,0,0,0,0,1,-1.340791957280468,-1.4068720853637104,0.8281808970536957,-1.1015440337934654,-0.9256622042978615,1,0,1,0,0.24538906277464845,0,0,1,0,0,1,1,0,0,0
0,0,0,0,0.1839643523145703,1,1,1,1,1,1,1,0,1,0.4683294774656001,0.5177641988148078,-0.6011147086842652,1.5863324724283123,1.6467427975725533,1,0,1,0,0.6772440717971926,1,0,0,1,0,0,0,1,0,0
1,1,0,0,-1.232342780831989,1,0,0,1,1,1,0,1,1,1.003631162267176,0.8362589323814109,1.9458690958068343,1.0487571711839567,0.7892744636157483,1,1,1,0,-1.0852050121079582,0,1,0,1,0,0,0,1,0,0
0,0,0,0,-1.2728086989218905,1,0,0,1,0,0,0,0,1,0.3163302336330535,0.3148732362282405,0.006326045598127978,-0.56396873254911,-0.49692803731945906,1,1,1,1,-1.638283861155216,0,1,0,1,0,0,0,1,0,0
1,0,0,0,0.10303251613476692,1,0,1,1,1,0,0,0,0,-0.116537178150937,-0.23044607549648344,1.3518927388656774,0.5111818699396011,0.3605402966373459,0,0,1,0,0.43354032368316336,1,0,0,0,1,0,0,0,0,1
0,0,1,1,1.6002714854611295,1,1,0,1,1,1,0,1,1,1.1209349265292503,1.129326747987254,-0.13797552416195036,1.0487571711839567,1.2180086305941509,1,0,0,0,1.227012271558533,0,1,0,0,0,1,1,0,0,0
1,0,0,1,0.2648961884943737,1,0,0,0,0,0,0,0,0,-1.4993998638883423,-1.474822712733547,-0.23908450398374909,-1.1015440337934654,-1.3543963712762639,1,0,0,0,-0.16612842304453398,0,0,1,0,1,0,1,0,0,0
1,0,0,0,-1.2728086989218905,1,0,0,0,1,0,0,0,1,-0.498187453426135,-0.4972694121240911,0.006326045598127978,-0.56396873254911,-0.49692803731945906,0,1,1,0,-1.8879640708605618,1,0,0,1,0,0,0,0,0,1
1,0,0,0,-0.6658199275733652,1,0,0,0,0,0,0,0,1,0.17259181826966746,0.3492616292999544,-2.0964700000427197,-1.1015440337934654,-0.9256622042978615,1,0,1,1,0.10835206594940901,0,1,0,1,0,0,0,1,0,0
0,0,0,0,-1.1109450265622838,1,0,1,0,0,1,0,0,0,-0.34784037528742057,-0.10190585106007569,-2.8981153059706903,-0.026393431304754394,-0.06819387034105659,0,1,1,0,-0.748802581055616,1,0,0,1,0,0,0,0,1,0
1,0,1,1,1.2360782226520142,1,1,0,1,1,0,1,1,1,1.324151306870589,1.3170623370814492,0.038195381830321826,1.0487571711839567,1.2180086305941509,1,0,0,1,1.178170740651035,0,1,0,0,0,1,1,0,0,0
0,1,0,0,1.5598055673712277,1,1,1,1,1,1,1,1,0,0.8301537644148134,0.7873373321171222,0.47799919447753264,2.1239077736726677,2.0754769645509556,0,0,1,0,1.1484916619216543,1,0,0,0,0,1,0,0,0,1
1,0,0,1,-1.2728086989218905,1,0,0,0,0,0,0,0,0,-1.5027041952760065,-1.49885710015293,0.006326045598127978,-1.1015440337934654,-1.3543963712762639,0,1,0,0,-2.4652132982343,0,0,1,1,0,0,0,0,0,1
1,0,0,0,-0.949081354202677,1,0,0,0,0,1,1,1,1,1.0300658133684888,0.8960210632552079,1.5505965032182378,0.5111818699396011,0.3605402966373459,1,0,1,0,-0.12834579473599403,0,1,0,1,0,0,1,0,0,0
1,0,0,0,-0.54442217330366,1,0,0,0,0,0,0,0,1,-0.6518388629525134,-0.6316583418717278,-0.21630333387571085,-1.1015440337934654,-0.9256622042978615,1,0,1,0,-0.09981689151505305,1,0,0,1,0,0,1,0,0,0
0,0,0,0,-1.191876862742087,1,0,0,1,0,0,1,1,1,1.003631162267176,1.2428793726146097,-2.8656271476757365,0.5111818699396011,0.3605402966373459,0,1,1,1,-0.7505355982743975,0,1,0,1,0,0,0,0,1,0
0,0,0,0,-1.2728086989218905,1,0,0,0,0,0,0,0,0,-1.4812260412561902,-1.4774415739286293,0.006326045598127978,-1.1015440337934654,-1.3543963712762639,0,1,1,0,-2.4453200471186056,0,0,1,1,0,0,0,0,0,1
0,0,0,0,1.3170100588318177,1,1,0,1,0,1,1,1,1,1.3324121353397491,1.2854147471863477,0.5101424080798627,1.0487571711839567,1.2180086305941509,1,0,1,0,1.192044407733433,0,1,0,0,1,0,1,0,0,0
1,1,0,0,-0.46349033712385673,1,0,0,0,1,0,1,1,1,1.059804795857465,1.052257655673031,0.05273770030520456,0.5111818699396011,0.3605402966373459,1,0,1,1,0.4363674034878111,0,1,0,1,0,0,1,0,0,0
1,0,1,0,-0.05883115622483983,1,1,0,0,0,0,1,0,1,-0.1875803029857143,-0.13203638051213168,-0.6507731560449592,-0.56396873254911,-0.06819387034105659,1,0,0,0,0.3889015944975326,1,0,0,1,0,0,0,1,0,0
0,0,0,0,-0.38255850094405336,1,0,0,1,0,1,0,0,1,0.47493814024092784,0.42209411501679683,0.6089107555384337,-0.026393431304754394,-0.06819387034105659,0,0,1,0,0.35489276177439255,0,1,0,1,0,0,0,0,0,1
0,0,0,0,0.993282714112604,1,0,0,1,1,1,1,0,0,0.16598315549433926,0.11794287766901558,0.5627285039759037,1.0487571711839567,0.7892744636157483,0,0,1,0,0.8463424482888245,1,0,0,0,0,1,0,0,0,1
1,0,1,1,-0.34209258285415167,1,1,1,0,0,0,1,1,0,0.33285189057137377,0.3670392616464095,-0.41602001223626783,0.5111818699396011,0.7892744636157483,0,0,0,0,0.36796811500328,1,0,0,0,1,0,0,0,0,1
1,0,1,0,-0.42302441903395505,1,0,1,0,0,1,0,0,1,-0.28010158184030765,-0.19790132175781558,-0.9630024591658426,-0.026393431304754394,-0.06819387034105659,1,0,0,0,0.15204704873228306,1,0,0,0,1,0,0,1,0,0
1,1,1,0,-1.0704791084723821,1,0,0,1,0,0,0,1,1,0.6434590410117947,0.717649864062206,-0.900093570831063,-0.026393431304754394,-0.06819387034105659,0,1,0,1,-0.42140754249961243,0,1,0,1,0,0,0,0,1,0
0,0,0,0,-0.7872176818430703,1,0,0,0,0,0,0,0,0,-1.4894868697253503,-1.5126694809721535,0.3257096325285137,-1.1015440337934654,-1.3543963712762639,0,0,1,0,-0.8933892275156445,0,0,1,0,1,0,0,0,1,0
1,0,0,1,-1.2728086989218905,1,1,0,0,1,0,1,1,1,1.1572825717935546,1.1533734553181731,0.006326045598127978,0.5111818699396011,0.7892744636157483,0,1,0,1,-1.454954966333376,0,1,0,1,0,0,0,0,1,0
0,0,1,1,-0.5848880913935618,1,0,0,0,1,1,0,0,1,-0.3412317125120926,-0.3812228854043753,0.4849849111437711,-0.026393431304754394,-0.06819387034105659,1,0,0,0,-0.03679805928338932,1,0,0,0,1,0,0,1,0,0
1,0,0,0,-0.38255850094405336,1,1,0,0,1,1,1,0,1,1.0631091272451294,0.8542723265132222,2.434462745990509,0.5111818699396011,0.7892744636157483,1,0,1,0,0.45323439530784027,0,1,0,1,0,0,0,1,0,0
0,1,0,0,-0.9895472722925787,1,1,0,0,0,0,0,0,1,0.36424303875418235,0.36367592579707997,-0.005857013762479488,-1.1015440337934654,-0.49692803731945906,0,0,1,1,-0.3239237200484663,0,1,0,1,0,0,0,0,1,0
1,0,1,0,1.6002714854611295,1,1,1,1,0,1,1,1,1,1.4943243733352878,1.4601462925141404,0.3528664007443002,1.5863324724283123,1.6467427975725533,1,0,0,0,1.2878185342786796,0,1,0,0,0,1,0,1,0,0
1,0,0,0,-0.6253540094834634,1,0,0,1,1,0,0,1,1,0.8665014096791182,0.9914488203823966,-1.508386558200694,0.5111818699396011,0.3605402966373459,1,0,1,1,0.2912616873105963,0,1,0,1,0,0,0,1,0,0
1,0,1,1,-1.1514109446521854,1,0,0,0,0,0,0,0,0,-1.4927912011130144,-1.5663983751680326,0.9224921095158101,-1.1015440337934654,-1.3543963712762639,1,1,0,0,-1.686040035129636,0,0,1,0,0,1,0,1,0,0
1,0,0,0,-1.232342780831989,1,0,0,0,0,0,0,0,1,-1.4812260412561902,-1.577929812365733,1.1953926391934155,-1.1015440337934654,-1.3543963712762639,1,1,1,0,-2.126095724904173,0,0,1,1,0,0,0,1,0,0
0,0,1,0,-0.1802289104945449,1,1,0,0,0,0,0,0,0,-1.2945313178531714,-1.3421236884454095,0.607821090601833,-1.1015440337934654,-0.9256622042978615,0,0,0,0,-0.25900607257123226,0,0,1,0,1,0,0,0,0,1
0,0,0,0,1.4384078131015228,1,0,1,0,1,0,0,0,1,-0.33957954681826047,-0.3525208044428723,0.16484914739615247,-0.026393431304754394,-0.06819387034105659,1,0,1,0,0.8098325985543678,1,0,0,0,1,0,0,1,0,0
1,0,1,0,1.519339649281326,1,0,1,1,1,1,0,1,0,1.1985867141393551,1.201852558639118,-0.07999963215703493,1.5863324724283123,1.2180086305941509,1,0,0,0,1.2231193114769938,0,1,0,0,0,1,0,1,0,0
0,0,1,0,0.2648961884943737,1,0,1,0,1,1,1,1,1,1.3208469754829253,1.3600100515494944,-0.5089861267418253,1.5863324724283123,1.2180086305941509,1,0,0,0,0.8840560119544906,0,1,0,0,1,0,0,1,0,0
0,0,0,0,1.2360782226520142,1,1,0,1,0,0,1,1,0,1.0812829498772816,1.1370307155255137,-0.6969652287297631,0.5111818699396011,0.7892744636157483,1,0,1,1,1.1444323159296705,0,1,0,0,0,1,1,0,0,0
1,0,0,0,-1.191876862742087,0,0,1,1,0,0,0,0,1,-0.9674025104744302,-0.9596251321461756,-0.05865027099177759,-0.026393431304754394,-0.49692803731945906,0,1,1,0,-1.4120766267433578,1,0,0,1,0,0,0,0,0,1
1,0,0,0,-1.191876862742087,0,0,0,0,0,1,0,0,0,-1.134271245551465,-1.2308884643206528,1.1823973758754336,-0.56396873254911,-0.9256622042978615,0,1,1,0,-1.5758443874349455,1,0,0,1,0,0,0,0,1,0
0,0,0,0,-1.2728086989218905,1,0,0,0,0,1,0,0,1,-0.4601876424679985,-0.45938040418878967,0.006326045598127978,-0.56396873254911,-0.49692803731945906,0,1,1,0,-1.8738279502265858,1,0,0,1,0,0,0,0,1,0
1,0,1,0,-1.1109450265622838,1,1,0,1,0,0,0,0,1,0.46337298038410385,0.582402579214891,-1.4244524457116134,-0.56396873254911,-0.06819387034105659,0,1,0,1,-0.5664952123769903,0,1,0,1,0,0,0,0,1,0
1,1,0,0,0.42675986085398043,1,0,0,0,0,0,1,1,1,0.8202407702518213,0.8219882999689743,-0.04897937735979315,-0.026393431304754394,-0.06819387034105659,0,0,1,1,0.8402271685025964,0,1,0,1,0,0,0,0,0,1
1,1,0,0,-1.232342780831989,1,0,0,0,0,0,0,0,1,-0.6617518571155054,-0.5895209097056946,-0.8318684384116651,-1.1015440337934654,-0.9256622042978615,0,1,1,0,-1.4939477813515902,1,0,0,1,0,0,0,0,1,0
1,0,1,1,1.0742145502924074,1,0,0,0,0,0,0,0,0,-1.5010520295821745,-1.4670549041040661,-0.3504930488955955,-1.1015440337934654,-1.3543963712762639,1,0,0,0,0.10163634288316994,0,0,1,0,0,1,0,1,0,0
1,0,1,0,-0.38255850094405336,1,1,1,1,1,0,1,0,1,1.1407609148552342,0.9988808464023979,1.639491637799208,1.0487571711839567,1.2180086305941509,0,0,0,0,0.48298487402977636,0,1,0,1,0,0,0,0,1,0
1,0,0,0,1.5598055673712277,1,1,1,0,0,1,0,1,0,1.0878916126526097,0.9703553937176477,1.3532576337252344,0.5111818699396011,0.7892744636157483,1,0,1,0,1.1867575307840095,0,1,0,0,1,0,0,1,0,0
0,0,1,0,1.1956123045621125,1,1,1,1,1,1,1,1,0,1.62649762884185,1.5290219785925714,1.0972993612447888,2.1239077736726677,2.0754769645509556,0,0,0,0,1.205632663241499,0,1,0,0,0,1,0,0,0,1
0,0,1,1,1.6002714854611295,0,0,1,1,1,1,0,1,0,-0.29992757016629196,-0.3575880151162314,0.6926383895790144,1.5863324724283123,0.7892744636157483,1,0,0,0,0.8440186569232119,1,0,0,0,0,1,0,1,0,0
0,0,0,0,0.9123508779328007,1,1,0,0,0,0,0,0,1,0.2766782569810848,0.34985692102542004,-0.8754616399056224,-1.1015440337934654,-0.49692803731945906,0,0,1,1,0.8855841770723982,0,1,0,1,0,0,0,0,1,0
1,0,0,0,-0.8681495180228737,1,0,0,0,0,1,0,0,1,0.3014607423885652,0.6411979330306987,-4.0304752959966095,-0.56396873254911,-0.49692803731945906,0,0,1,0,-0.05740569039937922,0,1,0,1,0,0,0,0,1,0
0,1,1,0,-1.1514109446521854,1,1,1,0,0,0,1,1,1,1.1523260747120583,0.7304168123882315,4.952648146004759,0.5111818699396011,0.7892744636157483,0,1,0,0,-0.6732964062772235,0,1,0,1,0,0,0,0,1,0
1,0,0,0,-0.34209258285415167,1,1,0,1,0,0,0,0,1,0.5129379511990646,0.42236270439251977,1.05406915061037,-0.56396873254911,-0.06819387034105659,0,0,1,1,0.3817416796956472,0,1,0,1,0,0,0,0,1,0
0,0,0,0,-1.0300131903824803,1,0,0,0,0,0,0,0,0,-1.469660881399366,-1.525214670890531,0.7080702647691184,-1.1015440337934654,-1.3543963712762639,0,0,1,0,-1.293737104198719,0,0,1,0,1,0,0,0,0,1
1,1,1,0,1.155146386472211,1,1,0,1,1,1,1,0,1,1.1093697666724258,1.143543377707019,-0.44264965018295177,1.0487571711839567,1.2180086305941509,0,0,0,0,1.125375237606348,0,1,0,0,1,0,0,0,0,1
1,0,0,0,-1.2728086989218905,1,0,0,0,0,0,0,0,0,-1.5010520295821745,-1.49720975198183,0.006326045598127978,-1.1015440337934654,-1.3543963712762639,1,1,1,0,-2.463660534105886,0,0,1,1,0,0,0,1,0,0
1,0,0,0,1.114680468382309,0,0,1,1,1,0,0,0,0,-0.8302727578863721,-0.8017542657490863,-0.30880908986291716,0.5111818699396011,-0.06819387034105659,1,0,1,0,0.5480424100757495,1,0,0,0,0,1,1,0,0,0
1,0,1,1,1.4384078131015228,1,1,1,1,1,1,1,1,1,0.9078055520249189,0.9643402526844409,-0.700291397317105,2.1239077736726677,2.0754769645509556,1,0,0,0,1.1583571358729756,1,0,0,0,0,1,0,1,0,0
1,0,0,0,0.4672257789438821,0,0,1,0,1,0,1,1,1,-0.3544490380627488,-0.3058400666960313,-0.5629550917975302,1.0487571711839567,0.3605402966373459,0,0,1,0,0.5521177999342202,1,0,0,0,1,0,0,0,1,0
1,1,0,0,-1.2728086989218905,1,1,0,0,0,0,1,1,1,0.9672835170028716,0.9639284156416659,0.006326045598127978,-0.026393431304754394,0.3605402966373459,0,1,1,1,-1.4919562808986375,0,1,0,1,0,0,0,0,1,0
0,0,0,1,0.7100212874832923,1,0,0,0,0,0,0,0,0,0.18580914382032337,0.1953416529332198,-0.11920819805357243,-1.1015440337934654,-0.9256622042978615,1,0,0,1,0.7851432753988078,0,1,0,0,0,1,0,1,0,0
0,0,0,0,-1.2728086989218905,1,0,0,0,0,0,0,0,1,0.2006786350648117,0.19955886425123598,0.006326045598127978,-1.1015440337934654,-0.9256622042978615,0,1,1,1,-1.6682522551720154,0,1,0,1,0,0,0,0,0,1
0,0,1,1,0.8314190417529973,1,0,0,0,0,0,0,0,0,-1.4481827273795498,-1.4206546850871231,-0.2757692458610699,-1.1015440337934654,-1.3543963712762639,0,0,0,0,0.07653596567898896,0,0,1,0,0,1,0,0,0,1
1,0,0,0,1.397941895011621,1,0,0,0,0,1,0,0,0,-0.46844847093715863,-0.5299459153985984,0.7438557286820668,-0.56396873254911,-0.49692803731945906,1,0,1,0,0.7344344089369715,1,0,0,0,0,1,1,0,0,0
1,0,1,0,1.114680468382309,1,1,0,1,1,0,1,0,1,1.0251093162869924,1.0204324579103976,0.019971072082012552,0.5111818699396011,0.7892744636157483,0,0,0,1,1.0908602875656923,0,1,0,1,0,0,0,0,1,0
1,0,0,0,0.9528167960227024,1,1,1,1,0,0,0,0,1,0.716154331540404,0.7629519387674577,-0.5784608037110248,-0.026393431304754394,0.3605402966373459,0,0,1,0,0.9938073082488413,0,1,0,1,0,0,0,0,1,0
0,0,0,0,-0.9895472722925787,1,0,1,0,0,1,0,0,0,-0.34618820959358865,-0.2890857870013204,-0.6637422192352826,-0.026393431304754394,-0.06819387034105659,1,0,1,0,-0.5143755190596968,1,0,0,0,1,0,1,0,0,0
0,0,1,1,-0.22069482858444658,1,0,0,0,0,0,0,0,0,-1.4812260412561902,-1.4618222727507915,-0.1784954771464952,-1.1015440337934654,-1.3543963712762639,0,0,0,0,-0.3850146291370189,0,0,1,0,0,1,0,0,0,1
0,0,1,1,-1.0300131903824803,1,0,1,0,0,0,0,0,0,-0.4634919738556624,-0.48409062675529035,0.2597336802987627,-0.56396873254911,-0.49692803731945906,0,0,0,0,-0.6684391166334772,1,0,0,1,0,0,0,0,0,1
1,0,0,1,0.7504872055731939,1,0,0,0,0,1,0,0,0,-0.5576654184040879,-0.6105811255401503,0.6453872299412088,-0.56396873254911,-0.49692803731945906,1,0,0,0,0.5302046060551401,1,0,0,0,1,0,0,1,0,0
1,0,0,0,-1.2728086989218905,1,0,0,0,0,0,0,0,0,-1.5043563609698385,-1.50050444832403,0.006326045598127978,-1.1015440337934654,-1.3543963712762639,0,1,1,0,-2.466769901091288,0,0,1,1,0,0,0,0,1,0
0,0,0,0,0.5886235332135872,1,1,1,0,1,1,0,0,1,0.00902741458029684,-0.11427848732386968,1.4587540926056966,0.5111818699396011,0.7892744636157483,0,0,1,0,0.6563824047046275,1,0,0,0,0,1,0,0,0,1
0,0,1,1,-0.46349033712385673,0,0,1,0,1,0,1,1,1,-0.29001457600329966,-0.31778690662518877,0.33863349330079345,1.0487571711839567,0.3605402966373459,0,0,0,0,0.08254538258900679,1,0,0,0,1,0,0,0,1,0
1,0,1,0,1.114680468382309,1,0,1,0,0,0,1,0,1,-0.16279781757823392,-0.17760149952212362,0.1807874556420261,-0.026393431304754394,-0.06819387034105659,0,0,0,0,0.7900319417967366,1,0,0,0,1,0,0,0,0,1
1,0,1,0,0.9528167960227024,1,1,0,1,0,1,1,1,1,1.4051074258683585,1.4165373256514084,-0.18372968042734739,1.0487571711839567,1.2180086305941509,0,0,0,0,1.1219153092948988,0,1,0,0,1,0,0,0,1,0
0,1,0,0,0.7100212874832923,1,1,0,1,0,1,1,1,1,1.39023793462387,1.3908881146273806,-0.05566136042864516,1.0487571711839567,1.2180086305941509,0,0,1,0,1.0460055094354361,0,1,0,0,1,0,0,0,1,0
0,0,0,0,-0.018365238134938143,0,0,1,0,0,0,0,0,0,-1.142532074020625,-1.1779845642008455,0.4589267008446951,-0.56396873254911,-0.9256622042978615,0,0,1,0,-0.056455742755476795,1,0,0,0,1,0,0,0,0,1
1,0,0,0,-1.0704791084723821,1,0,1,0,1,1,1,1,1,0.5129379511990646,0.5762524793761175,-0.7668921218217596,1.5863324724283123,1.2180086305941509,0,1,1,0,-0.45337611047087767,1,0,0,0,0,1,0,0,0,1
1,0,1,1,0.5076916970337838,1,1,0,0,0,0,0,0,0,-1.3308789631174758,-1.336318747271057,0.11028815214197799,-1.1015440337934654,-0.9256622042978615,0,0,0,0,0.04398074576305772,0,0,1,0,0,1,0,0,0,1
0,0,0,0,-1.2728086989218905,1,0,0,0,1,0,0,0,1,0.32624322779604553,0.32475732525484075,0.006326045598127978,-0.56396873254911,-0.49692803731945906,0,1,1,1,-1.6357802970816098,0,1,0,1,0,0,0,0,0,1
0,0,1,0,-0.34209258285415167,1,0,0,0,0,0,0,0,0,-1.46470438431787,-1.4703030651871956,0.11678578380096825,-1.1015440337934654,-1.3543963712762639,1,0,0,0,-0.46702261206061135,0,0,1,0,1,0,0,1,0,0
1,0,0,0,0.7909531236630957,0,0,0,1,0,0,0,0,0,-1.1441842397144568,-1.1045072918095915,-0.43001491119408963,-0.56396873254911,-0.9256622042978615,0,0,1,0,0.2956180365338865,1,0,0,0,1,0,0,0,0,1
1,0,0,0,-0.949081354202677,1,0,0,0,0,0,0,0,1,-0.6716648512784977,-0.8585877776520385,2.235013704631921,-1.1015440337934654,-0.9256622042978615,0,0,1,0,-0.6723940766086566,1,0,0,1,0,0,0,0,0,1
1,0,0,0,-1.232342780831989,1,1,0,1,0,0,0,0,1,0.48650330009775233,0.25803972432528843,2.6865991049317706,-0.56396873254911,-0.06819387034105659,0,1,1,1,-1.2207323110783483,0,1,0,1,0,0,0,0,1,0
0,0,1,1,-0.54442217330366,1,0,0,0,1,0,0,0,1,-0.499839619119967,-0.46336872081355823,-0.4143101091681068,-0.56396873254911,-0.49692803731945906,1,0,0,0,-0.03299789779713808,1,0,0,1,0,0,1,0,0,0
0,0,1,0,-0.30162666476425,1,0,0,0,1,0,0,0,1,0.32624322779604553,0.2361299936496574,1.0550437953592178,-0.56396873254911,-0.49692803731945906,0,0,0,1,0.3598125789018151,0,1,0,1,0,0,0,0,1,0
1,0,1,1,0.8314190417529973,1,0,1,1,0,1,1,0,1,0.16433098980050734,0.18538545357158284,-0.2548051889990438,1.0487571711839567,0.7892744636157483,0,0,0,0,0.8191245774052598,1,0,0,0,0,1,0,0,0,1
0,0,1,1,1.0337486322025058,1,1,0,1,1,0,1,1,1,1.3373686324212455,1.4032591313412481,-0.8258189192808766,1.0487571711839567,1.2180086305941509,1,0,0,1,1.1416474300133415,0,1,0,0,1,0,0,1,0,0
1,0,0,0,0.224430270404472,1,1,0,1,1,0,0,1,1,1.003631162267176,1.0672778377443646,-0.787752939253257,0.5111818699396011,0.7892744636157483,1,0,1,1,0.8126098917778173,0,1,0,1,0,0,0,1,0,0
1,0,1,0,1.0742145502924074,0,0,0,1,0,0,0,1,1,-0.7823599527652435,-0.7634417869562422,-0.19686260543302,-0.026393431304754394,-0.49692803731945906,1,0,0,0,0.5553207351283632,1,0,0,1,0,0,1,0,0,0
1,0,1,1,0.10303251613476692,1,1,0,0,0,1,1,1,1,0.28824341683790927,0.3719185500389054,-1.000064275070105,0.5111818699396011,0.7892744636157483,1,0,0,0,0.6066483029941803,1,0,0,0,1,0,1,0,0,0
1,0,0,0,1.0337486322025058,1,0,0,0,0,0,0,0,0,-1.4514870587672137,-1.4444662079519537,-0.032995828751969845,-1.1015440337934654,-1.3543963712762639,0,0,1,0,0.1118649233811525,0,0,1,0,0,1,0,0,0,1
1,0,0,1,0.9528167960227024,1,0,0,0,0,0,0,0,1,-1.4382697332165575,-1.4043404988360637,-0.35185589960373265,-1.1015440337934654,-1.3543963712762639,0,0,0,0,0.12541890765121555,0,0,1,0,1,0,0,0,0,1
1,0,0,0,-1.2728086989218905,1,0,0,0,0,0,0,0,0,-1.4630522186240378,-1.4593207440465283,0.006326045598127978,-1.1015440337934654,-1.3543963712762639,0,1,1,0,-2.428964698086198,0,0,1,0,0,1,0,0,0,1
0,1,0,0,-1.2728086989218905,1,0,0,0,0,0,0,0,1,0.19241780659565158,0.19132212339573568,0.006326045598127978,-1.1015440337934654,-0.9256622042978615,0,1,1,1,-1.6704484399411779,0,1,0,1,0,0,0,0,1,0
1,0,1,0,1.6002714854611295,1,1,1,1,1,1,1,1,0,0.9111098834125827,0.9419180136889123,-0.3959856479543779,2.1239077736726677,2.0754769645509556,1,0,0,0,1.1897673076733857,1,0,0,0,0,1,0,1,0,0
0,0,0,0,-1.191876862742087,1,0,0,0,0,0,0,0,0,-1.4713130470931979,-1.4088020667994599,-0.688920541913872,-1.1015440337934654,-1.3543963712762639,0,1,1,0,-1.712288658921067,0,0,1,1,0,0,0,0,1,0
1,0,0,0,-0.22069482858444658,1,0,0,0,0,0,0,0,0,-1.4828782069500221,-1.5595649309027289,0.9585900631768688,-1.1015440337934654,-1.3543963712762639,1,0,1,0,-0.48390561523146414,0,0,1,0,0,1,0,1,0,0
1,0,0,0,0.14349843422466863,1,1,0,0,0,0,0,1,1,0.6665893607254432,0.6739951375280542,-0.11063132426369705,-0.56396873254911,-0.06819387034105659,0,0,1,1,0.6960427223580301,0,1,0,1,0,0,0,0,1,0
1,1,0,0,1.4788737311914244,1,1,1,0,1,1,0,1,0,0.3097215708577253,0.2691772304385955,0.4690704220079796,1.0487571711839567,1.2180086305941509,1,0,1,0,1.0075450219817956,1,0,0,0,0,1,0,1,0,0
0,1,1,0,1.4384078131015228,1,1,0,1,0,0,1,1,1,1.1721520630380429,1.1866353529493552,-0.21182238201180356,0.5111818699396011,0.7892744636157483,0,0,0,1,1.201990846036137,0,1,0,1,0,0,0,0,1,0
0,0,0,1,1.3574759769217193,1,1,1,0,1,1,0,0,1,0.8665014096791182,0.8271735576195866,0.4354650819850988,0.5111818699396011,0.7892744636157483,1,0,0,0,1.1110485122264762,0,1,0,0,0,1,0,1,0,0
0,0,0,0,0.06256659804486524,1,0,0,0,0,0,0,0,1,0.17424398396349938,0.2081832164411129,-0.4076113124422765,-1.1015440337934654,-0.9256622042978615,1,0,1,1,0.5458580348234602,0,1,0,1,0,0,0,1,0,0
0,0,1,0,-1.191876862742087,1,0,0,0,0,0,0,0,1,-1.4911390354191822,-1.5263129030045977,0.4676578933864642,-1.1015440337934654,-1.3543963712762639,0,1,0,0,-1.8219351519323754,0,0,1,1,0,0,0,0,0,1
0,0,1,1,1.5598055673712277,1,0,1,0,1,0,1,1,0,0.42372100373213517,0.45364491807823326,-0.3687062718461496,1.0487571711839567,0.7892744636157483,1,0,0,0,1.0721073490317392,1,0,0,0,0,1,0,1,0,0
1,0,0,1,-0.05883115622483983,0,0,0,0,0,0,0,0,0,-1.3127051404853236,-1.2943202256186026,-0.172254024513487,-1.1015440337934654,-1.3543963712762639,1,0,0,0,-0.15810939546355096,1,0,0,1,0,0,0,1,0,0
0,0,1,0,1.6002714854611295,1,1,0,1,1,1,1,1,1,1.446411568214159,1.5294264350431823,-1.0322120812305449,1.5863324724283123,1.6467427975725533,1,0,0,0,1.29984149154498,0,1,0,0,1,0,1,0,0,0
0,0,1,0,0.5076916970337838,1,0,0,0,0,1,1,1,1,1.0069354936548403,1.0047826502849477,-0.009268270383452015,0.5111818699396011,0.3605402966373459,1,0,0,0,0.906627333677669,0,1,0,0,0,1,0,1,0,0
0,0,1,0,-1.191876862742087,1,0,0,0,0,0,0,0,1,-1.4812260412561902,-1.630644953840935,1.8191652784565182,-1.1015440337934654,-1.3543963712762639,0,1,0,0,-1.938414403583462,0,0,1,1,0,0,0,0,0,1
1,0,0,0,-0.42302441903395505,1,1,1,1,0,0,0,0,0,-0.1892324686795462,-0.2540609184998634,0.7736372751462057,-0.026393431304754394,0.3605402966373459,0,0,1,0,0.13351873348673246,1,0,0,1,0,0,0,0,1,0
1,0,0,0,0.1839643523145703,1,1,1,1,1,1,1,1,1,0.8549362498222938,0.8576521971439401,-0.061635669321587754,2.1239077736726677,2.0754769645509556,1,0,1,0,0.7531803669854682,1,0,0,0,1,0,1,0,0,0
1,0,0,0,0.993282714112604,1,0,0,0,0,0,0,0,0,-1.4531392244610457,-1.486400835911805,0.44371925043228877,-1.1015440337934654,-1.3543963712762639,0,0,1,0,0.06139718951575541,0,0,1,0,0,1,0,0,0,1
0,0,0,0,-0.1397629924046432,1,0,0,0,0,0,0,0,0,-1.466356550011702,-1.4317134609032653,-0.3593337774181734,-1.1015440337934654,-1.3543963712762639,0,0,1,0,-0.31251827530106085,0,0,1,0,1,0,0,0,0,1
0,0,1,1,-0.34209258285415167,1,1,0,1,1,0,0,0,0,0.6087635614413223,0.6578648533526995,-0.6020147184748667,-0.026393431304754394,0.3605402966373459,1,0,0,1,0.43721924920110267,0,1,0,0,1,0,1,0,0,0
0,1,1,0,1.3170100588318177,1,1,1,1,1,0,1,1,1,1.4761505507031356,1.5303374045019016,-0.6921193759613704,1.5863324724283123,1.6467427975725533,1,0,0,0,1.2356071110731695,0,1,0,1,0,0,0,1,0,0
0,0,1,1,-0.6658199275733652,1,0,0,0,0,0,0,0,0,-1.4993998638883423,-1.56495694551832,0.8274642465030724,-1.1015440337934654,-1.3543963712762639,0,0,0,0,-0.8183743710350205,0,0,1,1,0,0,0,0,0,1
0,0,0,0,0.5886235332135872,1,1,1,0,1,0,1,0,0,0.9970224994918483,1.1022005121308094,-1.27896079554306,0.5111818699396011,0.7892744636157483,1,0,1,0,0.9532476449199385,0,1,0,0,1,0,0,1,0,0
0,0,1,1,1.519339649281326,1,1,1,1,1,1,0,0,0,0.9639791856152078,0.9634812782809388,-0.027368815719208673,1.0487571711839567,1.2180086305941509,1,0,0,0,1.1764315852179237,0,1,0,0,0,1,1,0,0,0
1,0,1,0,0.6695553693933906,1,1,1,1,0,0,1,0,1,0.9623270199213754,1.0493888044362856,-1.0633962930361118,0.5111818699396011,0.7892744636157483,1,0,0,0,0.969120346135285,0,1,0,1,0,0,1,0,0,0
1,0,1,0,1.0337486322025058,1,0,0,0,1,0,0,0,0,-0.47670929940631873,-0.4979226708815962,0.26746362141031954,-0.56396873254911,-0.49692803731945906,1,0,0,0,0.6560872814112155,1,0,0,0,1,0,0,1,0,0
1,0,1,0,0.5886235332135872,1,1,1,0,1,1,1,1,1,1.524063355824264,1.5652455480542766,-0.5398897562034103,1.5863324724283123,1.6467427975725533,1,0,0,0,1.0374546544759615,0,1,0,0,1,0,0,1,0,0
1,1,0,0,-1.1514109446521854,1,0,0,0,1,0,1,1,1,0.992066002410352,1.3461131913368805,-4.223632164404782,0.5111818699396011,0.3605402966373459,0,1,1,1,-0.5509885135150604,0,1,0,1,0,0,0,0,1,0
0,0,0,0,0.06256659804486524,1,1,0,0,0,1,1,0,0,0.00902741458029684,-0.04240751123328518,0.6083125081222626,-0.026393431304754394,0.3605402966373459,0,0,1,0,0.4746105330653517,1,0,0,1,0,0,0,0,0,1
0,0,0,0,-0.8681495180228737,1,0,1,0,1,0,0,1,0,-0.02236373360251174,0.06522510884425849,-1.0356577949891048,0.5111818699396011,0.3605402966373459,1,0,1,0,-0.203748375781198,1,0,0,1,0,0,1,0,0,0
0,0,1,1,-0.38255850094405336,1,0,0,1,1,1,0,0,0,0.6302417154611384,0.5889776471325858,0.4665278704892498,0.5111818699396011,0.3605402966373459,0,0,0,0,0.39470727338096717,0,1,0,1,0,0,0,0,1,0
1,0,0,0,-1.191876862742087,0,0,0,1,0,1,0,0,1,-0.9211418710471335,-0.9393078380359415,0.24673841698078217,-0.026393431304754394,-0.49692803731945906,0,1,1,0,-1.401367618981679,1,0,0,1,0,0,0,0,0,1
0,0,1,1,-0.5848880913935618,1,0,0,0,0,0,0,0,1,-1.469660881399366,-1.3973621489445982,-0.8047949731658713,-1.1015440337934654,-1.3543963712762639,0,0,0,0,-0.5821590363443404,0,0,1,1,0,0,0,0,0,1
1,1,0,0,-0.6658199275733652,1,0,0,0,0,0,0,1,1,0.46337298038410385,0.3755162407768617,1.0236115022088514,-0.56396873254911,-0.49692803731945906,0,0,1,1,0.11497109470406369,0,1,0,1,0,0,0,0,1,0
1,0,0,0,-0.9086154361127753,1,1,0,0,0,0,0,0,0,0.34111271904053386,0.45753358784550596,-1.3893652347530627,-1.1015440337934654,-0.49692803731945906,0,0,1,1,-0.16042441810493102,0,1,0,1,0,0,0,0,1,0
1,0,0,0,0.1839643523145703,1,0,1,1,1,1,0,0,0,0.028853402906280957,-0.07274333613924994,1.2011878241865654,1.0487571711839567,0.7892744636157483,1,0,1,0,0.5186288979654554,1,0,0,0,0,1,1,0,0,0
0,0,1,0,0.38629394276407875,1,1,0,0,1,1,0,0,1,0.6467633723994586,0.6818396526285312,-0.4373693734015224,-0.026393431304754394,0.3605402966373459,0,0,0,0,0.7948303208519142,0,1,0,1,0,0,0,0,1,0
0,0,0,0,-0.949081354202677,1,1,0,0,0,0,0,0,1,0.4005906840184867,0.2960202516034286,1.2235490430490419,-1.1015440337934654,-0.49692803731945906,0,0,1,1,-0.26714886425110324,0,1,0,1,0,0,0,0,1,0
0,1,1,0,-1.1109450265622838,1,1,0,1,0,0,0,0,1,0.537720436606545,0.31586164513090054,2.606678235526186,-0.56396873254911,-0.06819387034105659,0,1,0,1,-0.6313802181737812,0,1,0,1,0,0,0,0,1,0
1,0,1,0,1.397941895011621,1,1,0,1,1,1,1,1,1,1.5389328470687524,1.5880520869133676,-0.6343210400629499,1.5863324724283123,1.6467427975725533,1,0,0,0,1.264527127034671,0,1,0,0,0,1,1,0,0,0
0,0,0,1,1.3170100588318177,0,0,0,1,0,1,1,0,0,-0.6435780344833533,-0.6459362486113677,0.05011008662332759,0.5111818699396011,-0.06819387034105659,0,0,0,0,0.6680860494036976,1,0,0,0,0,1,0,0,0,1
1,0,1,0,1.4384078131015228,0,0,1,0,1,0,1,1,1,-0.3511447066750847,-0.294597135661986,-0.6570057040594179,1.0487571711839567,0.3605402966373459,1,0,0,0,0.8299841217031575,1,0,0,0,0,1,1,0,0,0
1,0,0,0,-1.2728086989218905,1,0,0,0,0,0,0,0,1,-1.4894868697253503,-1.4856783147841295,0.006326045598127978,-1.1015440337934654,-1.3543963712762639,1,1,1,0,-2.4528971004684124,0,0,1,1,0,0,1,0,0,0
0,0,1,1,1.6002714854611295,1,1,0,0,0,0,0,0,1,-1.271400998139523,-1.223360998372154,-0.5245846078718996,-1.1015440337934654,-0.9256622042978615,1,0,0,0,0.42313298198557475,0,0,1,0,0,1,1,0,0,0
1,0,0,0,-0.8681495180228737,1,0,0,0,0,0,0,0,1,-1.4630522186240378,-1.4223302896590997,-0.43137805070297014,-1.1015440337934654,-1.3543963712762639,1,0,1,0,-0.9129005656266357,0,0,1,1,0,0,0,1,0,0
0,0,1,1,-0.5039562552137584,1,0,0,0,0,0,0,0,0,-1.487834704031518,-1.4813952095392693,-0.024862586365027854,-1.1015440337934654,-1.3543963712762639,1,0,0,0,-0.592160495197956,0,0,1,0,1,0,1,0,0,0
0,0,1,1,0.1839643523145703,1,0,0,0,0,0,0,0,0,-1.4993998638883423,-1.5242351665725797,0.3456077851973159,-1.1015440337934654,-1.3543963712762639,0,0,0,0,-0.24829495462777498,0,0,1,1,0,0,0,0,1,0
0,0,1,1,-1.2728086989218905,1,0,0,0,0,0,0,0,0,-1.466356550011702,-1.4626154403887286,0.006326045598127978,-1.1015440337934654,-1.3543963712762639,0,1,0,0,-2.431906972295142,0,0,1,0,0,1,0,0,0,1
1,0,1,0,0.871884959842899,1,1,1,1,1,0,1,1,0,1.4811070477846315,1.600262406400485,-1.4610557707239256,1.5863324724283123,1.6467427975725533,0,0,0,0,1.1307895767793532,0,1,0,1,0,0,0,0,1,0
1,0,0,0,-1.191876862742087,1,0,0,0,0,0,1,1,1,0.9011968892495906,0.7969971343035261,1.201890270852406,-0.026393431304754394,-0.06819387034105659,0,1,1,1,-0.8394146042920692,0,1,0,1,0,0,0,0,1,0
0,0,1,0,0.5481576151236855,1,1,1,0,0,0,0,0,0,-0.32140572418610824,-0.3611483165077575,0.4813594210152059,-0.56396873254911,-0.06819387034105659,1,0,0,0,0.5607502342921643,1,0,0,1,0,0,1,0,0,0
1,0,1,1,-1.0704791084723821,1,0,0,1,0,0,0,1,1,0.6219808869919782,0.4892175843363308,1.5495135646084053,-0.026393431304754394,-0.06819387034105659,1,1,0,1,-0.47389261123467474,0,1,0,1,0,0,0,1,0,0
0,1,0,0,0.3053621065842754,1,0,0,0,0,0,1,1,1,0.8863273980051023,0.8927629746501432,-0.10673274526831175,-0.026393431304754394,-0.06819387034105659,0,0,1,1,0.8096013174987292,0,1,0,1,0,0,0,0,1,0
1,0,0,1,-1.2728086989218905,1,0,0,0,0,0,0,0,1,-1.4432262302980536,-1.4395525659933277,0.006326045598127978,-1.1015440337934654,-1.3543963712762639,0,1,0,0,-2.4115940644452545,0,0,1,1,0,0,0,0,0,1
0,0,1,0,1.155146386472211,1,1,0,0,0,0,0,0,0,-1.332531128811308,-1.3672582864189855,0.45689951965600234,-1.1015440337934654,-0.9256622042978615,0,0,0,0,0.2104543264884094,0,0,1,0,0,1,0,0,0,1
1,0,0,0,-0.30162666476425,1,0,0,0,0,0,0,0,1,-1.4531392244610457,-1.4749376047085572,0.30807605984165404,-1.1015440337934654,-1.3543963712762639,0,0,1,0,-0.4457807766943154,0,0,1,0,0,1,0,0,0,1
1,0,0,1,-0.22069482858444658,1,0,0,0,0,0,0,0,0,-1.4762695441746942,-1.4584055506181397,-0.1604465003159651,-1.1015440337934654,-1.3543963712762639,1,0,0,0,-0.38182365851032396,0,0,1,0,1,0,0,1,0,0
0,0,0,0,0.5886235332135872,0,0,1,1,0,1,0,0,0,-0.8286205921925401,-0.8722338958353353,0.5446617409196058,0.5111818699396011,-0.06819387034105659,1,0,1,0,0.3601275416593111,1,0,0,0,1,0,0,1,0,0
1,0,1,0,-0.6253540094834634,0,0,1,0,1,0,0,0,0,-1.0020979900449027,-0.9843030537681453,-0.17598985448061003,-0.026393431304754394,-0.49692803731945906,0,0,0,0,-0.33807954478631913,1,0,0,1,0,0,0,0,0,1
1,1,1,0,-0.7062858456632669,1,1,1,0,1,0,1,0,1,1.049891801694473,0.9249411755922975,1.4423026422350629,0.5111818699396011,0.7892744636157483,0,0,0,0,0.19896784399454837,0,1,0,1,0,0,0,0,1,0
0,0,0,0,-1.1514109446521854,1,1,0,1,0,1,0,1,1,0.9507618600645514,0.8502613918357613,1.156406849239474,0.5111818699396011,0.7892744636157483,0,1,1,0,-0.6475532899852113,0,1,0,1,0,0,0,0,1,0
0,0,0,1,-0.6658199275733652,1,0,0,0,0,0,1,0,1,0.537720436606545,0.5688737323597319,-0.3871867717494954,-0.56396873254911,-0.49692803731945906,0,0,0,1,0.1616863325998543,0,1,0,1,0,0,0,0,1,0
1,0,0,0,1.397941895011621,1,0,1,0,1,0,0,1,0,0.027201237212449027,0.011687410887421527,0.18263491658387057,0.5111818699396011,0.3605402966373459,1,0,1,0,0.9176563401942207,1,0,0,0,0,1,1,0,0,0
1,0,0,0,-0.5039562552137584,1,1,0,0,0,1,1,1,1,1.117630595141586,1.2142429702403204,-1.1817659032483119,0.5111818699396011,0.7892744636157483,0,0,1,0,0.43687864919847025,0,1,0,1,0,0,0,0,0,1
1,0,1,1,-0.09929707431474152,1,1,1,1,0,0,1,0,1,0.980500842553528,0.9844653561747129,-0.08074221863233955,0.5111818699396011,0.7892744636157483,0,0,0,0,0.6473127810371128,0,1,0,1,0,0,0,0,1,0
0,0,1,0,-1.1109450265622838,1,1,0,0,1,1,1,0,0,0.10650519051638643,0.17517811131895522,-0.8162741224300879,0.5111818699396011,0.7892744636157483,1,1,0,0,-0.6685287267574406,1,0,0,1,0,0,1,0,0,0
1,0,1,0,1.397941895011621,1,1,0,0,0,0,0,0,0,-1.3176616375668195,-1.3544067941049767,0.4802652383964469,-1.1015440337934654,-0.9256622042978615,1,0,0,0,0.27995899343425,0,0,1,0,0,1,0,1,0,0
1,0,1,1,0.8314190417529973,1,0,0,1,0,1,1,0,0,0.00902741458029684,-0.04201075812215425,0.6036177709302472,0.5111818699396011,0.3605402966373459,1,0,0,0,0.7541448102154938,1,0,0,1,0,0,0,1,0,0
1,0,1,1,1.519339649281326,1,1,0,1,1,1,1,1,1,0.6401547096241303,0.6813846707527035,-0.5099572013633891,1.5863324724283123,1.6467427975725533,0,0,0,0,1.1162974608454272,1,0,0,0,0,1,0,0,1,0
0,0,0,0,-1.0704791084723821,0,0,1,1,1,1,1,1,1,-0.043841887622328025,-0.2177693390941135,2.0595776498391722,2.1239077736726677,1.2180086305941509,0,1,1,0,-0.6712229779157246,1,0,0,0,0,1,0,0,0,1
0,0,0,0,-1.232342780831989,0,0,0,0,0,0,0,1,1,-0.9921849958819106,-1.1076119095166648,1.4000680364516231,-0.56396873254911,-0.9256622042978615,0,1,1,0,-1.7480846023027532,1,0,0,1,0,0,0,0,1,0
0,0,1,1,-0.7062858456632669,1,0,0,0,0,0,0,0,0,-1.466356550011702,-1.3951839885850328,-0.7915831221259223,-1.1015440337934654,-1.3543963712762639,1,0,0,0,-0.694788728400099,0,0,1,0,1,0,0,1,0,0
0,0,1,1,1.6002714854611295,1,1,1,1,1,1,1,0,0,0.5112857855052327,0.48171299822354124,0.3322905671574967,1.5863324724283123,1.6467427975725533,1,0,0,0,1.0877063113129846,1,0,0,0,0,1,1,0,0,0
0,0,1,1,-0.34209258285415167,0,0,1,1,1,1,0,1,1,-0.40401400887770955,-0.47454973526433586,0.8485815493947894,1.5863324724283123,0.7892744636157483,0,0,0,0,0.109733525462997,1,0,0,0,0,1,0,0,0,1
0,0,1,0,-0.949081354202677,1,0,0,0,0,0,1,1,0,0.8169364388641575,0.9899199090079114,-2.075081962498543,-0.026393431304754394,-0.06819387034105659,0,0,0,1,-0.10914677031197642,0,1,0,1,0,0,0,0,1,0
1,0,1,1,0.34582802467417706,1,0,0,0,0,0,0,0,1,-1.4779217098685262,-1.4260925260587298,-0.5622959639740287,-1.1015440337934654,-1.3543963712762639,0,0,0,0,-0.08976483101432173,0,0,1,0,0,1,0,0,0,1
0,0,1,1,1.4788737311914244,0,0,1,0,1,0,0,1,1,-0.6865343425229858,-0.7196614152225997,0.41567684011454054,0.5111818699396011,-0.06819387034105659,1,0,0,0,0.673671259400846,1,0,0,0,0,1,0,1,0,0
1,0,1,1,-0.34209258285415167,1,0,0,0,0,0,0,0,0,-1.469660881399366,-1.5294016808254103,0.7576147061689213,-1.1015440337934654,-1.3543963712762639,0,0,0,0,-0.5257016575711098,0,0,1,0,1,0,0,0,0,1
0,0,1,0,-1.191876862742087,1,0,0,0,0,0,0,0,1,-0.6154912176882088,-0.7037370495686324,1.0654400060136044,-1.1015440337934654,-0.9256622042978615,0,1,0,0,-1.288917750131067,1,0,0,1,0,0,0,0,0,1
0,0,0,0,-1.0300131903824803,1,0,0,1,0,0,1,1,1,0.9689356826967036,0.8483787082116472,1.3931062882455578,0.5111818699396011,0.3605402966373459,0,0,1,1,-0.29633396617158214,0,1,0,0,1,0,0,0,0,1
1,0,0,0,-0.8681495180228737,1,0,1,0,1,0,0,0,1,0.48815546579158425,0.25002762185675614,2.800898352751289,-0.026393431304754394,-0.06819387034105659,1,0,1,0,-0.15299078177423334,0,1,0,1,0,0,1,0,0,0
1,0,1,1,0.6290894513034889,1,0,0,1,1,0,0,0,1,-0.294971073084796,-0.3133155330179174,0.22724552200381132,-0.026393431304754394,-0.06819387034105659,1,0,0,0,0.6043023691902668,1,0,0,0,1,0,0,1,0,0
0,0,0,0,-0.6658199275733652,1,1,0,0,1,0,0,1,1,0.783893124987517,0.7952811466252966,-0.16180017357825174,-0.026393431304754394,0.3605402966373459,0,0,1,1,0.21231534912884473,0,1,0,1,0,0,0,0,1,0
0,0,0,0,-1.191876862742087,1,0,0,0,0,0,1,0,1,0.5211987796682247,0.4186561710075447,1.1953926391934155,-0.56396873254911,-0.49692803731945906,0,1,1,1,-0.9261173994590125,0,1,0,1,0,0,0,0,1,0
1,0,1,1,-1.232342780831989,1,0,0,0,1,1,0,1,0,0.8351102614963096,0.9976990531492174,-1.952709899587555,0.5111818699396011,0.3605402966373459,1,1,0,0,-1.05204921298557,0,1,0,1,0,0,0,1,0,0
1,0,0,0,-1.2728086989218905,1,0,0,0,1,0,0,0,0,-0.4568833110803344,-0.45608570784658947,0.006326045598127978,-0.56396873254911,-0.49692803731945906,0,1,1,0,-1.8726135900913128,1,0,0,1,0,0,0,0,0,1
1,0,0,0,-0.949081354202677,0,0,0,0,0,0,0,0,1,-1.3259224660359796,-1.4371730630795165,1.3621651851075114,-1.1015440337934654,-1.3543963712762639,0,0,1,0,-1.0518844490084511,1,0,0,1,0,0,0,0,0,1
0,0,0,0,1.5598055673712277,1,0,1,1,1,1,1,0,0,0.41711234095680694,0.44239190592353583,-0.31352216071416245,1.5863324724283123,1.2180086305941509,1,0,1,0,1.06936273086517,1,0,0,0,0,1,0,1,0,0
0,0,0,0,-1.191876862742087,1,1,0,0,0,0,0,0,1,0.3427648847343658,0.8398281867521277,-5.893523500765383,-1.1015440337934654,-0.49692803731945906,1,1,1,1,-0.8303111367766051,0,1,0,1,0,0,0,1,0,0
0,0,1,1,-0.42302441903395505,1,0,0,1,0,0,0,1,0,0.6137200585228181,0.6313138440040984,-0.22936077548708,-0.026393431304754394,-0.06819387034105659,0,0,0,1,0.3764456597169615,0,1,0,1,0,0,0,0,1,0
0,0,1,1,0.42675986085398043,1,1,0,0,1,0,0,1,1,0.9193707118817428,0.9616297902866425,-0.5317685203940993,-0.026393431304754394,0.3605402966373459,1,0,0,1,0.8692919715935251,0,1,0,1,0,0,1,0,0,0
1,0,0,0,-1.2728086989218905,1,1,0,0,0,0,0,0,1,0.33780838765287,0.3362887624525415,0.006326045598127978,-1.1015440337934654,-0.49692803731945906,0,1,1,1,-1.6328719984469398,0,1,0,1,0,0,0,0,1,0
0,0,1,0,1.397941895011621,1,1,0,1,1,0,1,1,1,1.3538902893595657,1.2191198584453606,1.548010381164912,1.0487571711839567,1.2180086305941509,1,0,0,1,1.1987943883844188,0,1,0,0,1,0,1,0,0,0
1,0,0,0,-1.191876862742087,1,0,0,0,1,1,1,0,1,0.7805887935998526,0.7448311088853576,0.3961839451375614,0.5111818699396011,0.3605402966373459,0,1,1,0,-0.850682932878259,0,1,0,1,0,0,0,0,0,1
1,0,0,0,-1.2728086989218905,1,1,0,0,0,0,0,0,1,-0.49323095634463904,-0.49232736761079093,0.006326045598127978,-1.1015440337934654,-0.49692803731945906,1,1,1,0,-1.8861021310070407,1,0,0,1,0,0,0,1,0,0
0,0,1,0,-0.1802289104945449,1,0,0,1,1,0,0,1,0,0.8318059301086458,0.7303579785249784,1.1717226952928077,0.5111818699396011,0.3605402966373459,1,0,0,1,0.5503744332414082,0,1,0,1,0,0,0,1,0,0
1,0,1,0,-1.2728086989218905,1,0,0,0,1,0,0,0,0,0.35102571320352594,0.3494675478213417,0.006326045598127978,-0.56396873254911,-0.49692803731945906,1,1,0,1,-1.6295645947293937,0,1,0,1,0,0,0,1,0,0
0,1,1,0,1.6002714854611295,1,1,0,1,1,0,1,1,1,1.3555424550533977,1.3583081437701634,-0.07949683923104338,1.0487571711839567,1.2180086305941509,1,0,0,1,1.2697179141140342,0,1,0,0,1,0,0,1,0,0
0,0,1,0,-0.9895472722925787,1,0,1,0,0,1,0,1,0,0.025549071518617093,0.19111620487434836,-1.9600197352039184,0.5111818699396011,0.3605402966373459,0,0,0,0,-0.368940579858252,1,0,0,0,0,1,0,0,0,1
1,0,0,0,-1.1514109446521854,1,0,0,0,0,0,0,0,0,-1.4861825383376863,-1.4881493370407795,0.07455117801753006,-1.1015440337934654,-1.3543963712762639,0,1,1,0,-1.6056946714381897,0,0,1,1,0,0,0,0,0,1
1,0,0,1,0.1839643523145703,1,0,1,1,0,1,0,0,0,-0.10827634968177688,-0.08293908563065333,-0.2960772440446244,0.5111818699396011,0.3605402966373459,1,0,0,0,0.5155066710356374,1,0,0,0,0,1,0,1,0,0
1,0,1,1,1.4384078131015228,1,0,0,0,1,1,1,1,1,0.27172175989958897,0.26683365647395496,0.04846509797481779,1.0487571711839567,0.7892744636157483,1,0,0,0,0.9977403546541693,1,0,0,0,0,1,1,0,0,0
1,0,1,0,1.519339649281326,1,1,1,1,0,1,0,0,1,0.7690236337430286,0.6845616993683961,0.9728951665276975,0.5111818699396011,0.7892744636157483,1,0,0,0,1.117007697233118,0,1,0,0,0,1,0,1,0,0
1,0,0,0,-0.42302441903395505,1,0,0,0,0,0,0,0,0,-1.4911390354191822,-1.5003546893993847,0.1604971240523617,-1.1015440337934654,-1.3543963712762639,0,0,1,0,-0.550839819327342,0,0,1,0,1,0,0,0,0,1
1,0,0,0,0.4672257789438821,1,0,0,0,1,1,1,1,0,1.1688477316503785,1.1453987925808027,0.2371396429390863,1.0487571711839567,0.7892744636157483,1,0,1,0,0.9200764223296535,0,1,0,0,0,1,1,0,0,0
1,0,1,1,1.3170100588318177,1,1,1,1,0,0,0,1,1,0.15937449271901108,0.12715157617688397,0.3757913780847345,0.5111818699396011,0.7892744636157483,0,0,0,0,0.9315876562780001,1,0,0,0,0,1,0,0,0,1
1,0,0,0,-0.6253540094834634,1,0,0,0,0,0,0,0,1,-1.4614000529302058,-1.4241450154518625,-0.3904116992273017,-1.1015440337934654,-1.3543963712762639,0,0,1,0,-0.6413430371042722,0,0,1,0,1,0,0,0,0,1
1,0,0,0,1.397941895011621,1,1,1,1,1,1,1,1,1,1.7718882098990678,1.7045712359110274,0.735418505483078,2.1239077736726677,2.0754769645509556,1,0,1,0,1.283938163080082,0,1,0,0,1,0,1,0,0,0
0,0,1,0,-0.7062858456632669,1,0,0,1,0,0,0,0,0,0.35102571320352594,0.31498305943964705,0.41437731378274084,-0.56396873254911,-0.49692803731945906,1,0,0,1,0.05900293649226591,0,1,0,1,0,0,1,0,0,0
0,0,1,1,1.397941895011621,1,1,1,0,0,1,0,1,1,0.9788486768596957,0.985294767293695,-0.11004944680170661,0.5111818699396011,0.7892744636157483,1,0,0,0,1.1532749760304144,0,1,0,0,1,0,0,1,0,0
0,0,0,0,-1.191876862742087,1,0,0,0,1,0,1,1,1,0.17259181826966746,0.2879665494336062,-1.3711718661078887,0.5111818699396011,0.3605402966373459,0,1,1,0,-0.9590747102994454,1,0,0,0,1,0,0,0,1,0
1,0,0,0,1.4788737311914244,1,1,1,1,1,1,0,1,1,0.4584164833026076,0.42457707457903443,0.38460121044110596,1.5863324724283123,1.6467427975725533,1,0,1,0,1.0470052830608718,1,0,0,0,1,0,0,1,0,0
1,0,1,0,1.4384078131015228,1,0,0,1,0,1,1,1,1,1.1754563944257068,1.1394921244058154,0.3850041965478321,1.0487571711839567,0.7892744636157483,0,0,0,0,1.1929865023202768,0,1,0,0,1,0,0,0,1,0
0,0,0,0,-1.1109450265622838,0,0,0,0,1,0,0,1,0,-0.8335770892740362,-0.7443716377891006,-1.0267973881813846,-0.026393431304754394,-0.49692803731945906,0,1,1,0,-0.9872768466418409,1,0,0,1,0,0,0,0,1,0
0,1,0,0,-0.9895472722925787,1,0,0,0,1,0,1,1,1,0.98215300824736,0.926657163270527,0.6227888492448647,0.5111818699396011,0.3605402966373459,1,0,1,1,-0.19608473419322411,0,1,0,1,0,0,0,1,0,0
1,0,1,1,-0.9086154361127753,1,0,0,0,0,0,0,0,1,-1.4762695441746942,-1.4131949952557266,-0.6954181735728623,-1.1015440337934654,-1.3543963712762639,1,0,0,0,-0.9646436718467829,0,0,1,1,0,0,0,1,0,0
1,0,1,0,0.38629394276407875,1,1,0,0,1,1,1,1,1,1.3687597806040541,1.4069081833655737,-0.49863275761485776,1.0487571711839567,1.2180086305941509,1,0,0,0,0.9391023614765874,0,1,0,1,0,0,1,0,0,0
0,0,1,1,-0.8681495180228737,1,0,1,0,0,0,0,0,0,-0.4535789796926703,-0.39079081670116866,-0.7273156380806347,-0.56396873254911,-0.49692803731945906,1,0,0,0,-0.34990799100420705,1,0,0,1,0,0,1,0,0,0
1,0,1,1,-1.2728086989218905,1,0,0,0,0,0,0,0,0,-1.4812260412561902,-1.4774415739286293,0.006326045598127978,-1.1015440337934654,-1.3543963712762639,0,1,0,0,-2.4453200471186056,0,0,1,1,0,0,0,0,0,1
1,0,0,1,-0.7062858456632669,1,1,0,0,0,0,0,0,1,-1.3193138032606517,-1.421102266477007,1.2499727451289386,-1.1015440337934654,-0.9256622042978615,0,0,0,0,-0.7172342928114561,0,0,1,1,0,0,0,0,1,0
1,0,0,1,-1.191876862742087,1,0,0,0,0,0,0,0,1,-1.4762695441746942,-1.3044700159631222,-1.9819492420530112,-1.1015440337934654,-1.3543963712762639,0,1,0,0,-1.6287404512413561,0,0,1,1,0,0,0,0,0,1
1,0,1,0,1.3574759769217193,1,1,0,1,1,0,0,1,0,1.0102398250425042,0.9985726468763155,0.10319982669580727,0.5111818699396011,0.7892744636157483,0,0,0,1,1.1464828220222905,0,1,0,0,1,0,0,0,1,0
1,1,1,1,1.5598055673712277,1,0,1,1,1,0,0,0,1,0.726067325703396,0.7343901697727515,-0.12353507164282827,0.5111818699396011,0.3605402966373459,1,0,0,0,1.1369733114829716,0,1,0,0,1,0,1,0,0,0
0,0,1,0,1.5598055673712277,1,1,1,1,1,1,1,1,0,0.8384145928839735,0.7954348604511209,0.47964648137699806,2.1239077736726677,2.0754769645509556,0,0,0,0,1.1502348027360347,1,0,0,0,0,1,0,0,1,0
1,1,0,0,-0.09929707431474152,1,1,0,0,1,1,1,0,1,0.14450500147452275,0.16650207761782815,-0.26527495774768345,0.5111818699396011,0.7892744636157483,1,0,1,0,0.45577927292553766,1,0,0,0,0,1,0,1,0,0
1,1,0,0,-0.5848880913935618,1,1,1,1,0,0,0,0,1,-0.20905845700553058,-0.36694586792150824,1.8754780861677711,-0.026393431304754394,0.3605402966373459,1,0,1,0,-0.031692797247036934,1,0,0,1,0,0,0,1,0,0
0,0,0,0,1.114680468382309,1,1,1,0,1,1,0,0,0,0.0007665861111367116,0.08506816635978172,-0.9975580457159283,0.5111818699396011,0.7892744636157483,0,0,1,0,0.8693698931993376,1,0,0,0,1,0,0,0,1,0
0,0,1,1,-1.1514109446521854,1,0,0,0,0,0,0,0,0,-1.4498348930733815,-1.6149951462154846,2.0043477807377528,-1.1015440337934654,-1.3543963712762639,0,1,0,0,-1.7416469591573254,0,0,1,1,0,0,0,0,0,1
1,0,1,0,1.5598055673712277,1,1,1,1,1,1,1,1,0,0.8532840841284618,0.8386371462903934,0.14387450170323782,2.1239077736726677,2.0754769645509556,1,0,0,0,1.1594541952948678,1,0,0,0,0,1,1,0,0,0
0,0,1,0,-0.42302441903395505,1,1,1,0,0,1,1,1,1,0.4782424716285922,0.47683751323230605,0.00012376083272791464,1.0487571711839567,1.2180086305941509,0,0,0,0,0.34025955850533085,1,0,0,1,0,0,0,0,1,0
1,0,1,0,0.7504872055731939,1,1,1,1,0,0,0,1,1,1.046587470306809,1.039544926789612,0.0472229036870707,0.5111818699396011,0.7892744636157483,1,0,0,0,0.9923540997033918,0,1,0,0,1,0,0,1,0,0
1,0,1,0,1.4788737311914244,1,1,0,0,1,0,1,1,0,1.1490217433243946,1.1336530264873228,0.14221129898832707,0.5111818699396011,0.7892744636157483,1,0,0,1,1.201052936032677,0,1,0,0,1,0,1,0,0,0
1,0,0,1,-0.8276835999329719,1,0,1,0,0,0,1,1,1,0.16928748688200312,0.1663373428007183,0.029067756404591187,0.5111818699396011,0.3605402966373459,0,0,0,0,-0.12075346827326573,1,0,0,1,0,0,0,0,0,1
1,0,1,1,-1.3132746170117922,1,0,0,0,0,0,0,0,1,-1.487834704031518,-1.4840309666130294,0.006326045598127978,-1.1015440337934654,-1.3543963712762639,0,1,0,0,-4.359284532484085,0,0,1,0,1,0,0,0,0,1
0,0,0,0,-1.2728086989218905,1,0,0,0,0,0,1,0,1,-0.3329708840429325,-0.33253459501408467,0.006326045598127978,-0.56396873254911,-0.49692803731945906,0,1,1,0,-1.8286874475810222,1,0,0,1,0,0,0,0,1,0
0,0,0,0,-1.232342780831989,1,0,0,0,0,0,0,0,1,0.16433098980050734,0.09412858130083179,0.8250276346309531,-1.1015440337934654,-0.9256622042978615,0,1,1,1,-1.265128049709013,0,1,0,1,0,0,0,0,1,0
0,0,1,0,0.8314190417529973,1,1,0,1,1,1,1,1,1,1.5554545040070726,1.4784916038032045,0.8570254056308847,1.5863324724283123,1.6467427975725533,1,0,0,0,1.098146059728839,0,1,0,0,1,0,1,0,0,0
0,0,0,0,-1.191876862742087,1,0,0,0,1,0,0,0,1,0.3311997248775418,0.4818045175663802,-1.7935179239422792,-0.56396873254911,-0.49692803731945906,0,1,1,1,-0.9107903146862397,0,1,0,1,0,0,0,0,0,1
0,0,0,0,-0.6253540094834634,1,0,0,0,0,0,0,0,0,-1.4977476981945104,-1.4391649546589511,-0.6415260521659404,-1.1015440337934654,-1.3543963712762639,0,0,1,0,-0.6547891715434381,0,0,1,0,0,1,0,0,0,1
1,0,0,0,1.519339649281326,0,0,0,0,0,1,0,1,1,-0.815403266641884,-0.8153252768729105,0.027211290216310226,-0.026393431304754394,-0.49692803731945906,0,0,1,0,0.6386166367850852,1,0,0,0,0,1,0,0,0,1
1,0,1,1,-1.0704791084723821,1,0,0,0,0,0,0,0,1,-0.6650561885031695,-0.7009914692834656,0.4481649984094919,-1.1015440337934654,-0.9256622042978615,1,1,0,0,-0.8536821075255748,1,0,0,1,0,0,1,0,0,0
0,0,0,0,0.7100212874832923,1,1,1,0,1,1,1,1,1,0.5872854074215058,0.6206869507112567,-0.41550020170354796,1.5863324724283123,1.6467427975725533,1,0,1,0,0.8907568886763375,1,0,0,0,1,0,0,1,0,0
1,0,0,0,-0.6253540094834634,1,1,0,0,1,1,0,1,1,1.0218049848993287,1.0453267958607277,-0.31358676020040877,0.5111818699396011,0.7892744636157483,1,0,1,0,0.30201982860833754,0,1,0,1,0,0,1,0,0,0
0,0,0,0,-1.2728086989218905,1,0,0,0,0,0,0,0,1,-1.4911390354191822,-1.4873256629552296,0.006326045598127978,-1.1015440337934654,-1.3543963712762639,0,1,1,0,-2.45442351463407,0,0,1,1,0,0,0,0,0,1
0,1,0,0,0.34582802467417706,1,1,0,1,1,0,1,1,1,1.3109339813199332,1.188891889056038,1.398879445294492,1.0487571711839567,1.2180086305941509,0,0,1,1,0.883918980232358,0,1,0,1,0,0,0,0,1,0
0,0,0,0,-0.7062858456632669,1,1,0,0,0,0,0,0,1,-1.2994878149346674,-1.2553790404643406,-0.477097749830777,-1.1015440337934654,-0.9256622042978615,1,0,1,0,-0.5858418718259946,0,0,1,1,0,0,0,1,0,0
0,0,0,0,0.1839643523145703,0,0,0,0,1,0,0,1,1,-0.8104467695603877,-0.8162316363878981,0.09641483049170309,-0.026393431304754394,-0.49692803731945906,1,0,1,0,0.23693646699872992,1,0,0,1,0,0,0,1,0,0
1,0,0,0,-1.2728086989218905,1,0,0,0,0,0,0,0,0,-0.6501866972586814,-0.6488254438652971,0.006326045598127978,-1.1015440337934654,-0.9256622042978615,0,1,1,0,-1.9479135465602397,1,0,0,1,0,0,0,0,0,1
0,1,1,0,-0.8276835999329719,1,1,0,1,1,0,1,0,1,1.1027611038970975,0.7777780723073588,3.807440566107652,0.5111818699396011,0.7892744636157483,0,0,0,1,0.027553896494053307,0,1,0,1,0,0,0,0,1,0
0,0,0,0,-1.2728086989218905,1,0,0,1,0,0,0,0,0,0.36589520444801427,0.3642936813612424,0.006326045598127978,-0.56396873254911,-0.49692803731945906,0,1,1,1,-1.6258644144335554,0,1,0,1,0,0,0,0,1,0
1,1,1,0,-0.54442217330366,0,0,0,1,1,0,0,0,1,-1.005402321432567,-1.1322787808155055,1.5360053303699785,-0.026393431304754394,-0.49692803731945906,1,0,0,0,-0.3548438601606664,1,0,0,1,0,0,0,1,0,0
1,0,0,0,-1.2728086989218905,1,0,0,0,0,1,0,0,1,0.3691995358356786,0.3675883777034428,0.006326045598127978,-0.56396873254911,-0.49692803731945906,0,1,1,0,-1.6250450967708217,0,1,0,1,0,0,0,0,1,0
1,0,0,0,-0.34209258285415167,1,1,0,1,1,0,0,0,1,0.6649371950316108,0.6794862980983883,-0.1951005358305873,-0.026393431304754394,0.3605402966373459,1,0,1,1,0.44207592432067794,0,1,0,1,0,0,1,0,0,0
0,0,1,0,1.2765441407419158,1,1,1,0,1,1,1,1,1,0.669893692113107,0.6902627007176675,-0.2641378722073556,1.5863324724283123,1.6467427975725533,1,0,0,0,1.0618661150323685,1,0,0,0,0,1,0,1,0,0
1,0,0,0,-0.7062858456632669,1,1,1,0,0,0,1,1,1,1.1556304060997227,1.3082241834015793,-1.845498977214207,0.5111818699396011,0.7892744636157483,0,0,1,0,0.2732674797705304,0,1,0,1,0,0,0,0,1,0
0,1,0,0,-0.05883115622483983,1,1,0,1,0,0,1,1,1,1.1638912345688828,1.2537022729645255,-1.1028825588979525,0.5111818699396011,0.7892744636157483,0,0,1,1,0.7200907099078122,0,1,0,1,0,0,0,0,1,0
1,0,1,0,1.5598055673712277,1,1,1,1,1,1,1,1,1,1.702497250758123,1.8413153324043268,-1.7013613735112465,2.1239077736726677,2.0754769645509556,0,0,0,0,1.3424875925855357,0,1,0,0,0,1,0,0,1,0
0,0,1,1,0.6695553693933906,1,0,0,1,1,0,1,1,0,0.43859049497662345,0.4382562523085923,-0.011177778462825767,1.0487571711839567,0.7892744636157483,1,0,0,0,0.8348919561720548,1,0,0,0,1,0,0,1,0,0
0,1,1,0,1.114680468382309,1,1,0,0,1,0,1,1,1,1.182065057201035,1.177534561827641,0.012823677257118258,0.5111818699396011,0.7892744636157483,1,0,0,1,1.1214664683484687,0,1,0,0,1,0,0,1,0,0
1,0,1,1,-0.1397629924046432,1,0,0,0,0,0,0,0,1,0.19902646937097979,0.11048845279313585,1.0407938169622624,-1.1015440337934654,-0.9256622042978615,0,0,0,1,0.41892458348565803,0,1,0,1,0,0,0,0,1,0
1,0,0,0,-0.54442217330366,1,1,0,1,0,0,1,1,1,1.1638912345688828,1.216666306102544,-0.6646399183460623,0.5111818699396011,0.7892744636157483,0,0,1,1,0.40505379432217065,0,1,0,1,0,0,0,0,1,0
1,1,1,0,-0.42302441903395505,1,0,0,0,0,0,1,1,1,0.8268494330271494,0.7705896439243768,0.6371870103073988,-0.026393431304754394,-0.06819387034105659,1,0,0,1,0.40737880210257316,0,1,0,1,0,0,1,0,0,0
1,0,0,0,-1.2728086989218905,0,0,0,0,0,0,0,0,1,-1.332531128811308,-1.3291802385296234,0.006326045598127978,-1.1015440337934654,-1.3543963712762639,0,1,1,0,-2.3225391583215393,1,0,0,1,0,0,0,0,1,0
1,0,1,1,-1.2728086989218905,1,0,0,0,0,0,0,0,1,0.17093965257583552,0.1699065971714351,0.006326045598127978,-1.1015440337934654,-0.9256622042978615,0,1,0,1,-1.6761946307201587,0,1,0,1,0,0,0,0,0,1
0,1,1,0,0.6290894513034889,1,0,0,1,0,0,0,1,1,-0.19088463437337816,-0.21824981564401771,0.33039542459028826,-0.026393431304754394,-0.06819387034105659,1,0,0,0,0.6363532008460079,1,0,0,0,1,0,1,0,0,0
0,0,0,0,0.871884959842899,1,1,0,1,1,0,1,0,1,0.992066002410352,0.9918418152075282,-0.0315768057459866,0.5111818699396011,0.7892744636157483,1,0,1,1,1.0187992337617147,0,1,0,0,1,0,1,0,0,0
1,0,0,0,1.0742145502924074,1,0,0,0,0,0,0,0,0,-1.4993998638883423,-1.5190440955377662,0.28418239603259315,-1.1015440337934654,-1.3543963712762639,0,0,1,0,0.050507714108917266,0,0,1,0,0,1,0,0,0,1
0,0,1,0,0.9123508779328007,1,1,0,0,1,0,0,0,1,0.43032966650746335,0.5375048536061816,-1.2830403530604855,-0.56396873254911,-0.06819387034105659,0,0,0,1,0.9314464690687783,0,1,0,1,0,0,0,0,1,0
1,0,1,1,1.4788737311914244,1,0,1,1,0,1,1,1,1,1.3753684433793818,1.3343430080274266,0.43799479233454786,1.5863324724283123,1.2180086305941509,1,0,0,0,1.2385878003440907,0,1,0,0,0,1,0,1,0,0
1,0,1,0,1.6002714854611295,1,1,1,1,1,0,1,1,1,1.4844113791722957,1.4728903610044566,0.08510982946338996,1.5863324724283123,1.6467427975725533,0,0,0,0,1.2900474553491688,0,1,0,0,0,1,0,0,1,0
0,0,1,0,-1.2728086989218905,1,0,0,0,0,0,0,0,1,-1.4564435558487099,-1.4527313513621283,0.006326045598127978,-1.1015440337934654,-1.3543963712762639,0,1,0,0,-2.423121078091575,0,0,1,1,0,0,0,0,0,1
1,0,0,0,-1.1514109446521854,0,0,0,0,0,1,0,1,1,-0.815403266641884,-0.7950275940504277,-0.21296902289280642,-0.026393431304754394,-0.49692803731945906,0,1,1,0,-1.1502915721562526,1,0,0,1,0,0,0,0,1,0
0,0,0,0,-1.2728086989218905,1,0,1,0,0,0,1,1,1,1.0201528192054963,1.0166435571168677,0.006326045598127978,0.5111818699396011,0.3605402966373459,0,1,1,0,-1.4814400358610174,0,1,0,1,0,0,0,0,1,0
0,1,1,0,1.519339649281326,1,1,1,0,0,0,0,1,1,0.8631970782914539,0.9122016830691241,-0.6096494356741904,-0.026393431304754394,0.3605402966373459,0,0,0,0,1.1659188756671524,0,1,0,1,0,0,0,0,1,0
1,0,1,1,0.224430270404472,1,0,1,1,1,1,1,0,0,0.30806940516389336,0.2965790012754979,0.1253352991417429,1.5863324724283123,1.2180086305941509,0,0,0,0,0.6391896495972405,1,0,0,0,1,0,0,0,1,0
0,1,0,0,-1.232342780831989,1,1,0,1,0,0,0,1,0,0.8185886045579893,0.5273811503001489,3.4175826665682187,-0.026393431304754394,0.3605402966373459,0,1,1,1,-1.1539618587152676,0,1,0,1,0,0,0,0,1,0
0,1,1,1,-0.1802289104945449,0,0,0,1,0,0,0,1,1,-0.8467944148246923,-0.842741857149076,-0.018736247943691275,-0.026393431304754394,-0.49692803731945906,0,0,0,0,0.04878909180189447,1,0,0,0,1,0,0,0,1,0
1,0,1,1,1.6002714854611295,1,1,1,1,1,1,1,1,1,1.6281497945356818,1.5703127014564573,0.6282035422940279,2.1239077736726677,2.0754769645509556,0,0,0,0,1.3068306934753173,0,1,0,0,0,1,0,0,1,0
0,1,1,0,1.6002714854611295,1,1,0,0,0,0,0,0,1,-1.289574820771675,-1.2465382719461036,-0.46475224967869494,-1.1015440337934654,-0.9256622042978615,1,0,0,0,0.4068917493477351,0,0,1,0,0,1,0,1,0,0
0,0,1,1,-1.2728086989218905,1,0,0,1,0,0,0,0,1,0.32954755918370987,0.32805202159704117,0.006326045598127978,-0.56396873254911,-0.49692803731945906,0,1,0,1,-1.6349479829683886,0,1,0,1,0,0,0,0,1,0
1,0,1,1,-0.1802289104945449,1,0,0,0,0,0,0,0,1,-1.4680087157055342,-1.5589264745348288,1.1264713319534092,-1.1015440337934654,-1.3543963712762639,1,0,0,0,-0.46035552431514265,0,0,1,0,0,1,0,1,0,0
1,0,0,0,-1.1514109446521854,1,0,0,0,0,0,1,0,1,-0.2751450847588116,-0.19868755611220446,-0.8952203470868245,-0.56396873254911,-0.49692803731945906,0,1,1,0,-0.9194075583081699,1,0,0,1,0,0,0,0,1,0
1,0,0,0,1.2360782226520142,1,1,0,1,0,0,0,1,0,0.849979752740798,0.9134620351619335,-0.7805062072024976,-0.026393431304754394,0.3605402966373459,1,0,1,1,1.0998504010862484,0,1,0,0,1,0,0,1,0,0
1,0,1,0,0.7504872055731939,0,0,0,1,0,0,0,0,1,-1.145836405408289,-1.1450325537562616,0.030023290472094483,-0.56396873254911,-0.9256622042978615,1,0,0,0,0.2581058289689978,1,0,0,1,0,0,0,1,0,0
1,0,0,0,0.993282714112604,1,1,0,0,0,0,1,0,1,0.7326759884787242,0.7218838378703843,0.10242259802846664,-0.56396873254911,-0.06819387034105659,0,0,1,1,0.9959585479186758,0,1,0,0,1,0,0,0,1,0
1,0,1,1,1.519339649281326,1,1,1,1,1,1,1,1,1,1.7124102449211152,1.7039642811904174,0.04085631670019203,2.1239077736726677,2.0754769645509556,1,0,0,0,1.3114152526441156,0,1,0,0,0,1,0,1,0,0
0,0,0,0,0.6290894513034889,1,1,0,1,1,1,1,0,1,0.3014607423885652,0.3251691622976159,-0.2909406028006953,1.0487571711839567,1.2180086305941509,1,0,1,0,0.7936011956268955,1,0,0,0,1,0,1,0,0,0
0,1,1,0,0.993282714112604,1,1,0,1,1,0,0,1,0,0.9672835170028716,1.010718883869929,-0.5473405678706,0.5111818699396011,0.7892744636157483,1,0,0,1,1.0566273712575183,0,1,0,1,0,0,0,1,0,0
1,0,1,1,1.6002714854611295,1,1,1,0,1,0,1,1,0,1.3390207981150775,1.3491104498148547,-0.16559045871266873,1.0487571711839567,1.2180086305941509,1,0,0,0,1.2680572114857591,0,1,0,0,0,1,1,0,0,0
1,0,0,0,-0.949081354202677,1,0,0,0,1,0,1,1,1,0.9689356826967036,0.8381808385810278,1.513776590483956,0.5111818699396011,0.3605402966373459,0,0,1,1,-0.14047023182073376,0,1,0,1,0,0,0,0,1,0
0,0,1,1,0.6290894513034889,1,0,0,0,0,0,0,0,0,-1.4779217098685262,-1.4906889988045589,0.2020671993252219,-1.1015440337934654,-1.3543963712762639,0,0,0,0,-0.05088675824508602,0,0,1,0,0,1,0,0,0,1
0,1,0,0,-1.2728086989218905,1,1,0,0,0,0,0,1,1,0.671545857806939,0.6690530930147542,0.006326045598127978,-0.56396873254911,-0.06819387034105659,0,1,1,1,-1.5542586795958553,0,1,0,1,0,0,0,0,1,0
1,0,0,0,0.224430270404472,1,0,1,1,0,1,1,0,0,0.1940699722894835,0.21499191553838412,-0.25426318198876313,1.0487571711839567,0.7892744636157483,0,0,1,0,0.6176910914610655,1,0,0,0,1,0,0,0,0,1
0,0,0,0,-0.2611607466743483,1,0,0,0,0,0,0,0,1,0.1428528357806908,0.16768901309495424,-0.29881273346447423,-1.1015440337934654,-0.9256622042978615,1,0,1,1,0.3660474337832257,0,1,0,1,0,0,0,1,0,0
1,0,0,0,-0.9086154361127753,1,0,0,0,0,1,1,1,1,1.003631162267176,0.7171556596108764,3.3552054026419045,0.5111818699396011,0.3605402966373459,1,0,1,0,-0.10036189763837922,0,1,0,1,0,0,0,1,0,0
1,1,0,0,-0.9086154361127753,1,1,0,0,0,0,1,1,1,1.0118919907363362,0.8267043129890308,2.156392361558128,-0.026393431304754394,0.3605402966373459,0,0,1,1,-0.0766419509640744,0,1,0,1,0,0,0,0,1,0
1,0,1,1,1.4788737311914244,1,0,0,0,0,0,0,0,1,-1.4597478872363738,-1.4631168072234113,0.09023024571639929,-1.1015440337934654,-1.3543963712762639,1,0,0,0,0.2038522440970513,0,0,1,0,1,0,0,1,0,0
0,0,0,0,-1.191876862742087,0,0,0,1,0,0,0,0,0,-1.1739232222034333,-1.0513275136707458,-1.4101576560618345,-0.56396873254911,-0.9256622042978615,0,1,1,0,-1.462815811691801,1,0,0,1,0,0,0,0,0,1
0,0,0,0,0.022100679954963547,1,1,1,0,0,1,0,0,0,-0.17601514312889008,-0.1834246257087547,0.09374872610091206,-0.026393431304754394,0.3605402966373459,0,0,1,0,0.411874325699683,1,0,0,0,1,0,0,0,1,0
0,0,1,1,0.2648961884943737,1,1,0,0,0,0,0,0,1,-1.3391397915866359,-1.36043761408383,0.29821965243278376,-1.1015440337934654,-0.9256622042978615,0,0,0,0,-0.06536669449877054,0,0,1,0,1,0,0,0,0,1
1,0,0,1,-0.949081354202677,1,0,0,0,0,0,1,0,0,-0.30984056432928403,-0.4866531683547795,2.1028951942324445,-0.56396873254911,-0.49692803731945906,0,0,0,0,-0.5115755343011589,1,0,0,1,0,0,0,0,1,0
0,0,0,0,0.224430270404472,1,0,0,0,0,0,1,1,1,0.805371279007333,0.764512584403237,0.4556885719093744,-0.026393431304754394,-0.06819387034105659,0,0,1,1,0.7500521655364771,0,1,0,0,1,0,0,0,0,1
0,0,1,0,1.519339649281326,0,0,1,0,1,1,0,1,1,-0.49157879065080684,-0.5468310585289016,0.6707552943846301,1.0487571711839567,0.3605402966373459,1,0,0,0,0.7553412866514698,1,0,0,0,0,1,1,0,0,0
1,1,1,0,-0.34209258285415167,1,0,0,0,1,0,1,1,1,0.9391967002077274,0.9296773015842106,0.08023660571914586,0.5111818699396011,0.3605402966373459,0,0,0,1,0.4957080091412267,0,1,0,1,0,0,0,0,1,0
1,0,0,0,-0.8681495180228737,1,0,0,1,0,0,0,0,1,0.3245910621022136,0.3371873160004144,-0.16024960238690864,-0.56396873254911,-0.49692803731945906,0,0,1,1,-0.13040122268196339,0,1,0,1,0,0,0,0,1,0
1,0,0,0,-1.2728086989218905,1,0,0,1,0,0,0,0,1,-0.46183980816183046,-0.46102775235988963,0.006326045598127978,-0.56396873254911,-0.49692803731945906,0,1,1,0,-1.874436009699209,1,0,0,1,0,0,0,0,1,0
1,0,0,0,-0.7062858456632669,0,0,0,0,0,1,0,0,1,-1.157401565265113,-1.1704856980469838,0.19475736370885716,-0.56396873254911,-0.9256622042978615,0,0,1,0,-0.5278481785192052,1,0,0,1,0,0,0,0,1,0
0,0,1,0,1.0742145502924074,1,1,0,0,1,1,1,0,0,0.9458053629830551,0.874859929780493,0.8068562918558025,0.5111818699396011,0.7892744636157483,0,0,0,0,1.0505271045034417,0,1,0,1,0,0,0,0,1,0
1,0,1,1,-0.54442217330366,1,0,0,0,0,0,0,0,0,-1.4713130470931979,-1.4613149023589127,-0.06754176694618665,-1.1015440337934654,-1.3543963712762639,0,0,0,0,-0.6053153517356307,0,0,1,0,0,1,0,0,0,1
0,0,0,0,-1.2728086989218905,0,0,0,0,0,1,0,0,0,-1.1293147484699688,-1.1265564134843156,0.006326045598127978,-0.56396873254911,-0.9256622042978615,0,1,1,0,-2.1860166335684346,1,0,0,1,0,0,0,0,0,1
0,1,0,0,-0.8681495180228737,1,0,0,1,0,0,1,1,1,1.0003268308795121,1.2224123195797303,-2.6624284848854853,0.5111818699396011,0.3605402966373459,0,0,1,1,0.06224005100652795,0,1,0,1,0,0,0,0,1,0
0,0,0,1,-1.1514109446521854,1,0,0,0,0,0,0,0,0,-1.46470438431787,-1.3547141351816745,-1.250965680416563,-1.1015440337934654,-1.3543963712762639,1,1,0,0,-1.4886510474034746,0,0,1,1,0,0,0,1,0,0
1,0,0,0,-1.2728086989218905,1,0,0,0,0,0,0,0,0,-1.4415740646042214,-1.4379052178222276,0.006326045598127978,-1.1015440337934654,-1.3543963712762639,0,1,1,0,-2.4101679131334683,0,0,1,1,0,0,0,0,0,1
0,0,0,0,-0.949081354202677,1,0,0,0,0,1,1,0,1,-0.17271081174122596,-0.19269303915625716,0.24240666254145715,-0.026393431304754394,-0.06819387034105659,1,0,1,0,-0.40834935696332886,1,0,0,1,0,0,1,0,0,0
0,0,0,0,-1.0704791084723821,1,0,0,0,0,0,1,1,0,0.8119799417826612,1.0386081993982021,-2.709683987859964,-0.026393431304754394,-0.06819387034105659,0,1,1,1,-0.35435396951008763,0,1,0,1,0,0,0,0,1,0
1,1,1,0,0.34582802467417706,1,1,1,0,1,0,0,0,1,0.6285895497673064,0.4974878078782355,1.5296244725790573,-0.026393431304754394,0.3605402966373459,1,0,0,0,0.7370259627688751,0,1,0,1,0,0,1,0,0,0
1,0,0,0,-1.232342780831989,1,0,0,0,0,0,0,0,0,-0.6171433833820409,-0.8094418905475532,2.2967412053923315,-1.1015440337934654,-0.9256622042978615,1,1,1,0,-1.589624414179396,1,0,0,1,0,0,1,0,0,0
0,1,1,1,1.6002714854611295,1,1,1,1,1,1,1,1,1,0.7706757994368605,0.8072701805371917,-0.45960829128199404,2.1239077736726677,2.0754769645509556,1,0,0,0,1.1615789163973864,1,0,0,0,0,1,0,1,0,0
1,0,1,0,-0.5848880913935618,1,0,0,0,1,0,0,0,1,-0.5014917848137992,-0.525365850375631,0.299802408862537,-0.56396873254911,-0.49692803731945906,0,0,0,0,-0.09080222695470246,1,0,0,1,0,0,0,0,0,1
0,0,1,0,1.6002714854611295,1,1,0,1,1,0,1,1,1,1.2101518739961792,1.2179632315267213,-0.13418523902754442,1.0487571711839567,1.2180086305941509,0,0,0,1,1.243888510457229,0,1,0,0,1,0,0,0,1,0
1,0,1,0,0.6695553693933906,1,1,1,0,0,0,0,0,1,-0.30984056432928403,-0.36205238469216355,0.6285074281284194,-0.56396873254911,-0.06819387034105659,0,0,0,0,0.6001937571715836,1,0,0,0,1,0,0,0,1,0
1,1,1,0,-1.2728086989218905,1,0,0,0,0,0,0,0,1,0.18415697812649146,0.18308538254023535,0.006326045598127978,-1.1015440337934654,-0.9256622042978615,0,1,0,1,-1.6726523117570535,0,1,0,1,0,0,0,0,1,0
1,0,1,0,-0.34209258285415167,1,1,0,0,0,0,1,1,1,0.9342402031262311,0.953014734008128,-0.2543914247188729,-0.026393431304754394,0.3605402966373459,0,0,0,1,0.5004854189050304,0,1,0,1,0,0,0,0,1,0
0,0,1,1,-0.2611607466743483,1,1,0,1,0,1,0,0,1,-0.1545369891090738,-0.08511557162386343,-0.8161241770841128,-0.026393431304754394,0.3605402966373459,0,0,0,0,0.2928015211383107,1,0,0,1,0,0,0,0,1,0
1,0,1,0,1.4788737311914244,1,1,0,1,0,1,1,0,1,0.916066380494079,0.9517762385534062,-0.4541582850172977,0.5111818699396011,0.7892744636157483,0,0,0,0,1.1649889632436488,0,1,0,0,0,1,0,0,0,1
1,0,0,0,0.14349843422466863,1,0,0,0,0,0,0,0,1,-1.525834514989655,-1.5025178738664857,-0.22325693968620816,-1.1015440337934654,-1.3543963712762639,1,0,1,0,-0.24348585460475017,0,0,1,0,0,1,0,1,0,0
1,0,0,0,1.155146386472211,1,1,1,1,1,0,1,1,1,1.4216290828066787,1.3894843579399412,0.33131414709944845,1.5863324724283123,1.6467427975725533,0,0,1,0,1.170939009803977,0,1,0,0,1,0,0,0,1,0
0,0,1,0,0.7504872055731939,1,1,0,1,0,1,1,1,1,0.46006864899644,0.4192375880091094,0.46727567975946643,1.0487571711839567,1.2180086305941509,1,0,0,0,0.8554014443877153,1,0,0,0,1,0,0,1,0,0
1,0,1,0,1.5598055673712277,1,1,0,1,1,1,1,1,1,1.6000629777405375,1.5575538094106114,0.44779893465405857,1.5863324724283123,1.6467427975725533,1,0,0,0,1.2958526966934094,0,1,0,0,1,0,1,0,0,0
1,0,0,0,-0.09929707431474152,1,1,1,0,0,0,1,1,1,1.178760725813371,1.0915978989019208,0.9907172419352135,0.5111818699396011,0.7892744636157483,1,0,1,0,0.6685792835593733,0,1,0,1,0,0,1,0,0,0
1,0,0,0,-1.2728086989218905,1,0,0,0,0,0,0,0,0,-1.4779217098685262,-1.474146877586429,0.006326045598127978,-1.1015440337934654,-1.3543963712762639,0,1,1,0,-2.442314573464842,0,0,1,1,0,0,0,0,0,1
1,0,0,0,-0.2611607466743483,0,0,0,0,1,1,0,0,0,-0.9574895163114381,-0.8373834499112118,-1.3881656719852509,-0.026393431304754394,-0.49692803731945906,0,0,1,0,0.004778221467993606,1,0,0,1,0,0,0,0,1,0
1,0,0,0,-0.46349033712385673,1,0,0,0,1,0,0,1,0,-0.10166768690644892,0.05333710277835393,-1.8306472477079399,-0.026393431304754394,-0.06819387034105659,0,0,1,0,0.19957764835177438,1,0,0,1,0,0,0,0,0,1
1,0,0,0,1.3574759769217193,1,1,0,0,0,0,0,0,0,-1.3094008090976594,-1.2856003914577945,-0.2364491009332493,-1.1015440337934654,-0.9256622042978615,0,0,1,0,0.3237787667411957,0,0,1,0,0,1,0,0,0,1
1,0,1,0,0.10303251613476692,1,1,0,0,0,0,0,0,1,0.3460692161220301,0.2919986301952511,0.627870925435292,-1.1015440337934654,-0.49692803731945906,0,0,0,1,0.5862403913882794,0,1,0,1,0,0,0,0,1,0
0,0,1,0,-0.8276835999329719,1,0,0,0,0,0,0,0,0,-0.6220998804635369,-0.7439598007463256,1.4634199451267798,-1.1015440337934654,-0.9256622042978615,1,0,0,0,-0.43759248786289556,1,0,0,1,0,0,1,0,0,0
0,0,0,0,0.34582802467417706,1,0,0,0,0,0,0,0,0,-1.4630522186240378,-1.5098260282190352,0.6039496794043161,-1.1015440337934654,-1.3543963712762639,0,0,1,0,-0.16904045794461506,0,0,1,1,0,0,0,0,1,0
1,0,1,1,-0.30162666476425,1,0,0,0,0,0,0,0,0,-1.4911390354191822,-1.5912403855882216,1.2359378607455198,-1.1015440337934654,-1.3543963712762639,0,0,0,0,-0.5679448664756129,0,0,1,0,1,0,0,0,1,0
1,1,0,0,-0.7062858456632669,1,0,0,1,0,0,0,0,1,0.3196345650207178,0.2265753742572768,1.0901310063177743,-0.56396873254911,-0.49692803731945906,0,0,1,1,0.035864807740051206,0,1,0,1,0,0,0,0,1,0
1,0,0,0,-0.1802289104945449,1,0,0,1,0,1,1,0,1,0.8764144038421102,0.7893683433683127,0.9997675146030891,0.5111818699396011,0.3605402966373459,1,0,1,0,0.5632131625431018,0,1,0,0,1,0,1,0,0,0
0,0,1,0,1.5598055673712277,1,1,0,0,0,0,1,1,1,0.9573705228398796,0.9227911155379983,0.37614195452743904,-0.026393431304754394,0.3605402966373459,1,0,0,1,1.1770341443340107,0,1,0,0,0,1,1,0,0,0
1,1,0,0,-1.1109450265622838,0,0,0,0,1,1,1,0,0,-0.6386215374018572,-0.7180140670514995,0.9614778994697517,0.5111818699396011,-0.06819387034105659,1,1,1,0,-0.9754936623474395,1,0,0,1,0,0,0,1,0,0
0,0,0,0,0.5886235332135872,1,1,0,1,1,0,1,1,1,1.3753684433793818,1.2661291801358099,1.2451617327516356,1.0487571711839567,1.2180086305941509,0,0,1,1,0.9843626091989925,0,1,0,1,0,0,0,0,1,0
0,0,1,1,1.2765441407419158,1,1,0,0,0,0,0,0,1,-1.3440962886681322,-1.3304414894731218,-0.11519997152393179,-1.1015440337934654,-0.9256622042978615,0,0,0,0,0.27020771732113963,0,0,1,0,0,1,0,0,0,1
1,0,0,0,0.993282714112604,1,0,0,0,0,0,0,0,0,-1.4564435558487099,-1.4824703209772505,0.358224097024516,-1.1015440337934654,-1.3543963712762639,1,0,1,0,0.06520915774530368,0,0,1,0,0,1,1,0,0,0
1,0,1,0,0.1839643523145703,1,0,0,0,0,0,0,0,0,-1.466356550011702,-1.5118577938275575,0.5890055549097761,-1.1015440337934654,-1.3543963712762639,1,0,0,0,-0.23564153915872038,0,0,1,1,0,0,1,0,0,0
0,1,0,0,-1.2728086989218905,0,0,0,0,0,0,0,0,1,-1.289574820771675,-1.2863491860810217,0.006326045598127978,-1.1015440337934654,-1.3543963712762639,0,1,1,0,-2.291110784657451,1,0,0,1,0,0,0,0,0,1
1,1,0,0,1.397941895011621,1,1,1,1,1,1,1,1,1,1.6975407536766267,1.7221265582120044,-0.34949202241436284,2.1239077736726677,2.0754769645509556,1,0,1,0,1.286811534498741,0,1,0,0,0,1,0,1,0,0
0,0,1,0,0.9528167960227024,1,1,0,0,0,0,1,0,1,0.6897196804390912,0.7514205015697575,-0.753896858503779,-0.56396873254911,-0.06819387034105659,1,0,0,1,0.9912956937810045,0,1,0,1,0,0,1,0,0,0
1,0,1,0,1.5598055673712277,1,1,1,1,0,1,0,0,0,0.013983911661793103,0.039441262437693046,-0.3017166046013397,0.5111818699396011,0.7892744636157483,1,0,0,0,0.9622533749730702,1,0,0,0,0,1,1,0,0,0
0,0,1,1,-0.9086154361127753,1,0,0,0,0,0,1,1,1,0.7971104505381729,0.9291693692314548,-1.5901420530158796,-0.026393431304754394,-0.06819387034105659,0,0,0,1,-0.055236483633223435,0,1,0,1,0,0,0,0,1,0
1,0,0,0,-0.46349033712385673,1,0,1,0,1,0,1,0,0,0.02059257443712083,0.10165931579728968,-0.9599646054032008,0.5111818699396011,0.3605402966373459,1,0,1,0,0.21333215449668386,1,0,0,1,0,0,1,0,0,0
1,0,1,1,0.7100212874832923,1,1,0,1,0,1,1,1,0,1.2878036616062847,1.2084278311963375,0.8948121986485079,1.0487571711839567,1.2180086305941509,0,0,0,0,1.0125365720518766,0,1,0,1,0,0,0,0,1,0
1,1,1,0,0.5481576151236855,1,1,0,0,1,0,1,1,1,1.1985867141393551,1.2189450749113087,-0.282253551778351,0.5111818699396011,0.7892744636157483,0,0,0,1,0.962024750393048,0,1,0,1,0,0,0,0,1,0
1,1,1,0,-0.09929707431474152,1,1,0,0,0,0,0,0,0,0.4352861635889596,0.4493517585957089,-0.18145550934669719,-1.1015440337934654,-0.49692803731945906,0,0,0,1,0.528787628965539,0,1,0,1,0,0,0,0,0,1
0,0,1,1,0.06256659804486524,1,0,1,1,1,1,1,1,0,0.6616328636439469,0.6184213624618256,0.4884885360579388,2.1239077736726677,1.6467427975725533,0,0,0,0,0.6474790562777206,1,0,0,0,0,1,0,0,0,1
0,0,1,0,-0.54442217330366,1,1,0,0,0,0,1,0,1,0.7310238227848918,0.5796627790987456,1.7658163027300666,-0.56396873254911,-0.06819387034105659,0,0,0,1,0.2723229560262845,0,1,0,1,0,0,0,0,1,0
1,0,1,1,1.0337486322025058,1,1,0,0,0,0,1,0,0,0.5872854074215058,0.6094929358630847,-0.2830426194910583,-0.56396873254911,-0.06819387034105659,1,0,0,1,0.9816239266893089,0,1,0,0,0,1,1,0,0,0
1,0,0,0,1.3574759769217193,1,0,0,1,1,0,1,1,0,1.1490217433243946,1.2167714000847514,-0.8413195390065603,1.0487571711839567,0.7892744636157483,0,0,1,1,1.1888860550312885,0,1,0,1,0,0,0,0,1,0
1,0,0,0,-0.5848880913935618,1,1,0,0,0,0,0,0,0,-1.3540092828311243,-1.356086925324258,0.07130236218803492,-1.1015440337934654,-0.9256622042978615,0,0,1,0,-0.5478732859954912,0,0,1,0,1,0,0,0,0,1
0,0,1,0,1.5598055673712277,1,0,0,0,0,0,0,0,0,-1.4828782069500221,-1.4928941638152862,0.16968199646148502,-1.1015440337934654,-1.3543963712762639,1,0,0,0,0.19322487214242962,0,0,1,0,0,1,0,1,0,0
1,0,1,0,-1.1109450265622838,1,1,1,0,0,0,0,1,1,0.8070234447011654,0.5899803808019515,2.5404023926044808,-0.026393431304754394,0.3605402966373459,0,1,0,0,-0.5647448217767873,0,1,0,1,0,0,0,0,1,0
1,0,0,0,-0.7872176818430703,1,1,0,0,0,1,1,1,0,1.190325885670195,1.195190755046098,-0.09863569658556882,0.5111818699396011,0.7892744636157483,0,0,1,0,0.16221355352466993,0,1,0,1,0,0,0,0,1,0
1,0,1,0,-0.22069482858444658,1,0,1,0,0,0,0,0,0,-0.5295786016089434,-0.39818447027718357,-1.5365004938755382,-0.56396873254911,-0.49692803731945906,1,0,0,0,0.2121604738273711,1,0,0,0,1,0,0,1,0,0
1,0,0,0,1.2360782226520142,1,1,0,1,0,1,1,1,0,1.3439772951965736,1.3777004388081326,-0.4454140602174093,1.0487571711839567,1.2180086305941509,0,0,1,0,1.1891393070728689,0,1,0,1,0,0,0,0,1,0
0,0,1,1,-0.949081354202677,1,1,0,0,0,0,1,0,1,0.6814588519699311,0.6295167369083526,0.5911128949072864,-0.56396873254911,-0.06819387034105659,1,0,0,1,-0.18625944445721626,0,1,0,1,0,0,1,0,0,0
1,0,0,0,-0.949081354202677,1,0,0,0,0,1,1,0,0,0.7111978344589077,0.6875400002682107,0.25540192585943494,-0.026393431304754394,-0.06819387034105659,0,0,1,0,-0.17318903212616704,0,1,0,1,0,0,0,0,1,0
1,0,1,0,-0.8276835999329719,1,0,1,1,1,0,0,0,1,0.6566763665624507,0.502396369705131,1.8029211993090426,0.5111818699396011,0.3605402966373459,0,0,0,0,-0.03496063484458856,0,1,0,1,0,0,0,0,1,0
0,0,0,0,-0.09929707431474152,1,0,0,0,0,1,1,0,0,0.6748501891946033,0.6738853143166481,-0.011867323047045911,-0.026393431304754394,-0.06819387034105659,0,0,1,0,0.5812611853074968,0,1,0,1,0,0,0,0,1,0
1,0,0,0,-1.2728086989218905,1,0,0,0,0,0,0,0,0,-1.47296521278703,-1.4692048330731289,0.006326045598127978,-1.1015440337934654,-1.3543963712762639,0,1,1,0,-2.4378330916639057,0,0,1,1,0,0,0,0,0,1
1,1,1,0,1.397941895011621,1,1,1,1,0,0,0,0,0,0.6318938811549702,0.615182349091169,0.17594332577087793,-0.026393431304754394,0.3605402966373459,1,0,0,0,1.0737371315353514,0,1,0,1,0,0,1,0,0,0
1,0,0,0,-1.2728086989218905,0,0,0,0,0,0,0,1,0,-0.952533019229942,-0.9502901591766088,0.006326045598127978,-0.56396873254911,-0.9256622042978615,0,1,1,0,-2.0873902401514997,1,0,0,1,0,0,0,0,1,0
0,0,0,0,-0.8681495180228737,1,1,0,0,1,0,1,0,1,0.8086756103949972,0.8330391155015331,-0.31619276220267534,-0.026393431304754394,0.3605402966373459,0,0,1,1,-0.0153491486340503,0,1,0,1,0,0,0,0,1,0
1,0,0,0,0.871884959842899,1,0,0,0,0,0,0,0,0,-1.4779217098685262,-1.4316513960615698,-0.49651844890042734,-1.1015440337934654,-1.3543963712762639,0,0,1,0,0.0785090046141656,0,0,1,0,0,1,0,0,0,1
1,0,0,0,-1.1514109446521854,1,0,0,0,0,0,0,0,0,-1.5109650237451666,-1.4832072925274793,-0.2763209315679658,-1.1015440337934654,-1.3543963712762639,0,1,1,0,-1.6009485770950247,0,0,1,1,0,0,0,0,0,1
0,0,0,0,-0.6253540094834634,1,1,0,0,0,0,0,0,0,-1.3193138032606517,-1.2120247127143307,-1.2240196197131015,-1.1015440337934654,-0.9256622042978615,0,0,1,0,-0.4769260999895252,0,0,1,1,0,0,0,0,0,1
0,0,0,1,0.06256659804486524,1,0,1,0,1,1,1,0,0,0.09659219635339437,0.13376184024082793,-0.44315717975322627,1.0487571711839567,0.7892744636157483,1,0,0,0,0.5255271909093371,1,0,0,0,0,1,0,1,0,0
0,0,0,0,0.14349843422466863,1,1,1,0,1,1,1,1,1,0.8235451016394856,0.9310729715625035,-1.3007808564688228,1.5863324724283123,1.6467427975725533,1,0,1,0,0.7512000380509494,1,0,0,0,1,0,0,1,0,0
1,0,0,0,-1.191876862742087,1,1,0,0,0,1,1,0,1,0.017288243049456968,0.1721030613995684,-1.8325037138962263,-0.026393431304754394,0.3605402966373459,0,1,1,0,-0.9898094359061468,1,0,0,1,0,0,0,0,0,1
0,0,1,1,1.1956123045621125,1,1,0,0,0,0,1,1,1,0.1891134752079877,0.1521843192662132,0.4304537121132132,-0.026393431304754394,0.3605402966373459,1,0,0,0,0.9087754583909222,1,0,0,1,0,0,0,1,0,0
0,0,0,0,-1.2728086989218905,1,0,0,0,0,0,0,0,1,0.15772232702517913,0.15672781180263443,0.006326045598127978,-1.1015440337934654,-0.9256622042978615,0,1,1,1,-1.6797569911984442,0,1,0,1,0,0,0,0,1,0
1,0,1,0,1.6002714854611295,1,1,0,1,1,1,1,1,1,1.4877157105599597,1.417360999736958,0.7811686209327673,1.5863324724283123,1.6467427975725533,1,0,0,0,1.28027719948237,0,1,0,0,0,1,0,1,0,0
0,0,1,1,1.397941895011621,0,0,1,1,1,1,1,0,0,-0.34784037528742057,-0.3510242341882227,0.04967591651706725,1.5863324724283123,0.7892744636157483,1,0,0,0,0.8010357530658025,1,0,0,0,0,1,0,1,0,0
1,0,0,0,-0.8276835999329719,1,1,0,1,1,1,1,1,1,1.5934543149652094,1.6688561538582347,-0.9472014003587467,1.5863324724283123,1.6467427975725533,0,0,1,0,0.19556924523420205,0,1,0,1,0,0,0,0,0,1
1,0,1,0,-0.9895472722925787,1,0,1,0,0,0,0,0,0,0.33946055334670194,0.47363641621800945,-1.5994011781299384,-0.56396873254911,-0.49692803731945906,0,0,0,0,-0.29683037548061797,0,1,0,1,0,0,0,0,1,0
0,1,1,0,-1.191876862742087,1,0,0,0,0,0,1,0,1,0.5178944482805609,0.3275029055400079,2.235013704631921,-0.56396873254911,-0.49692803731945906,0,1,0,1,-0.948921191617885,0,1,0,1,0,0,0,0,1,0
1,0,1,1,-1.1514109446521854,1,1,0,0,1,0,1,1,0,1.2035432112208515,1.0454721501111188,1.8289117259450092,0.5111818699396011,0.7892744636157483,0,1,0,1,-0.6077517492098922,0,1,0,1,0,0,0,0,1,0
0,0,0,0,1.0337486322025058,1,0,1,1,1,0,1,1,1,1.3786727747670462,1.3580706668546934,0.19621372942552595,1.5863324724283123,1.2180086305941509,0,0,1,0,1.1335510943781806,0,1,0,0,1,0,0,0,1,0
0,0,1,1,1.4384078131015228,1,1,0,1,0,1,1,1,1,1.2894558273001167,1.2776271136942352,0.09547737409575169,1.0487571711839567,1.2180086305941509,1,0,0,0,1.2190143518664545,0,1,0,0,0,1,0,1,0,0
1,0,1,1,-1.1514109446521854,1,1,0,0,0,0,0,0,1,-0.4568833110803344,-0.27487740902558244,-2.137892401868786,-1.1015440337934654,-0.49692803731945906,0,1,0,0,-0.9445994627982226,1,0,0,1,0,0,0,0,1,0
1,0,0,0,-1.191876862742087,1,1,0,1,1,0,1,1,0,1.4282377455820068,1.3109697636867463,1.3383405356912073,1.0487571711839567,1.2180086305941509,0,1,1,1,-0.7380029138410487,0,1,0,1,0,0,0,0,0,1
1,0,1,1,0.7909531236630957,1,0,1,1,1,0,1,1,0,0.4782424716285922,0.41162326150784806,0.771797036809221,1.5863324724283123,1.2180086305941509,0,0,0,0,0.8657441351074217,1,0,0,0,0,1,0,0,1,0
0,0,0,0,1.3170100588318177,1,1,1,1,0,1,0,0,1,0.8301537644148134,0.8294287734258498,-0.02006433529377407,0.5111818699396011,0.7892744636157483,0,0,1,0,1.1019164682312803,0,1,0,0,1,0,0,0,1,0
0,1,0,0,0.38629394276407875,1,1,0,0,0,0,1,0,1,0.6583285322562831,0.6449312090807889,0.1358145622308751,-0.56396873254911,-0.06819387034105659,0,0,1,1,0.786522331304722,0,1,0,1,0,0,0,0,1,0
0,0,1,1,0.022100679954963547,1,0,0,0,0,0,0,0,0,-1.474617378480862,-1.5546173397625895,0.9975102204877926,-1.1015440337934654,-1.3543963712762639,0,0,0,0,-0.35239820958917906,0,0,1,0,1,0,0,0,0,1
0,0,0,0,0.42675986085398043,1,0,0,1,1,0,1,0,1,0.8896317293927666,0.8965786927394819,-0.11289793995869882,0.5111818699396011,0.3605402966373459,0,0,1,1,0.8559190518353111,0,1,0,1,0,0,0,0,1,0
1,0,0,0,-0.42302441903395505,1,1,0,0,0,0,0,0,0,-1.3044443120161635,-1.2847018379099218,-0.18860290417159148,-1.1015440337934654,-0.9256622042978615,0,0,1,0,-0.36655060850189075,0,0,1,0,0,1,0,0,0,1
0,1,1,0,0.7100212874832923,1,1,0,0,0,1,1,1,1,1.1870215542825313,1.2866439223601684,-1.2197770484534058,0.5111818699396011,0.7892744636157483,0,0,0,0,1.0271022379444241,0,1,0,0,1,0,0,0,1,0
0,0,0,0,-0.34209258285415167,1,0,0,0,0,0,0,0,0,-1.4630522186240378,-1.409145264335106,-0.5873950472421426,-1.1015440337934654,-1.3543963712762639,1,0,1,0,-0.4115588087761647,0,0,1,0,1,0,0,1,0,0
1,0,0,0,0.6290894513034889,1,1,0,1,1,0,1,1,1,1.4331942426635027,1.3451865579906366,0.9919355478712731,1.0487571711839567,1.2180086305941509,1,0,1,1,1.0120895084906893,0,1,0,0,0,1,1,0,0,0
0,0,1,1,1.519339649281326,1,1,1,1,1,1,1,0,0,0.49476412856691243,0.5701180685675449,-0.9087261386065832,1.5863324724283123,1.6467427975725533,1,0,0,0,1.0909041339844685,1,0,0,0,0,1,1,0,0,0
0,0,1,1,1.0742145502924074,1,1,1,1,1,1,1,1,0,0.8450232556593017,0.7673914024827955,0.8894533044700932,2.1239077736726677,2.0754769645509556,1,0,0,0,1.027623618282013,1,0,0,0,0,1,0,1,0,0
1,0,0,0,-0.949081354202677,0,0,0,0,0,0,1,0,1,-0.9921849958819106,-1.0491310494426123,0.7080702647691169,-0.56396873254911,-0.9256622042978615,1,0,1,0,-0.7740395478080659,1,0,0,1,0,0,0,1,0,0
0,1,1,0,0.1839643523145703,1,0,0,0,1,1,1,0,0,0.8351102614963096,0.86931720311227,-0.4335811788821823,0.5111818699396011,0.3605402966373459,0,0,0,0,0.7556307166135497,0,1,0,1,0,0,0,0,1,0
1,0,0,0,1.6002714854611295,1,1,1,1,1,1,0,0,0,0.1626788241066754,0.11291292641851455,0.5832615899860095,1.0487571711839567,1.2180086305941509,1,0,1,0,0.9919950825578665,1,0,0,0,0,1,1,0,0,0
0,0,0,0,-1.191876862742087,1,1,0,0,0,0,0,0,0,0.3477213818158621,0.5246355700149822,-2.105404243573835,-1.1015440337934654,-0.49692803731945906,0,1,1,1,-0.9006029213856068,0,1,0,1,0,0,0,0,1,0
0,0,0,0,-0.34209258285415167,1,1,0,0,0,0,0,0,0,-1.3077486434038275,-1.3739331971778417,0.8282764504604441,-1.1015440337934654,-0.9256622042978615,1,0,1,0,-0.38170999382277526,0,0,1,0,0,1,0,1,0,0
0,0,0,0,-1.232342780831989,1,0,0,0,0,0,0,0,0,-1.5010520295821745,-1.4016635580580261,-1.1242618630662442,-1.1015440337934654,-1.3543963712762639,0,1,1,0,-1.9568643719287082,0,0,1,1,0,0,0,0,0,1
0,0,1,1,-0.7062858456632669,1,0,0,0,0,0,0,0,0,-1.4597478872363738,-1.4830425577103692,0.326009523220468,-1.1015440337934654,-1.3543963712762639,0,0,0,0,-0.7743575238446025,0,0,1,0,1,0,0,0,0,1
1,0,1,0,1.3170100588318177,1,1,1,1,1,0,1,0,1,1.1440652462428982,1.084336895040072,0.6672851306634522,1.0487571711839567,1.2180086305941509,0,0,0,0,1.15388026136003,0,1,0,0,0,1,0,0,1,0
0,0,1,0,1.4384078131015228,1,1,1,1,0,0,0,0,1,0.6599806979501149,0.6339984929620809,0.2846731194604791,-0.026393431304754394,0.3605402966373459,1,0,0,0,1.087359179065877,0,1,0,0,0,1,1,0,0,0
1,0,0,0,0.1839643523145703,0,0,1,1,0,1,0,0,1,-0.7988816097035637,-0.8945919818240093,1.1600946942351162,0.5111818699396011,-0.06819387034105659,0,0,1,0,0.19833482986708376,1,0,0,0,0,1,0,0,0,1
1,1,0,0,0.42675986085398043,1,1,0,0,0,0,1,0,1,0.6649371950316108,0.6602033853979145,0.03307211079908784,-0.56396873254911,-0.06819387034105659,0,0,1,1,0.8047851231760882,0,1,0,1,0,0,0,0,1,0
0,0,0,0,0.993282714112604,1,1,1,1,1,0,1,1,1,1.5934543149652094,1.603793126311059,-0.17731754392176363,1.5863324724283123,1.6467427975725533,1,0,1,0,1.1654224441029413,0,1,0,0,0,1,1,0,0,0
0,0,1,1,0.9123508779328007,1,1,1,1,0,1,1,0,1,0.33946055334670194,0.39119038422756697,-0.6238260865665263,1.0487571711839567,1.2180086305941509,1,0,0,0,0.8959770888254943,1,0,0,0,1,0,0,1,0,0
0,0,0,0,-1.2728086989218905,1,0,0,0,0,0,0,0,0,-0.6716648512784977,-0.6702409700895978,0.006326045598127978,-1.1015440337934654,-0.9256622042978615,0,1,1,0,-1.9568643719287082,1,0,0,1,0,0,0,0,0,1
1,0,1,0,0.14349843422466863,0,0,1,0,1,0,0,0,0,-0.9707068418620942,-0.9269069670812715,-0.4847866139605821,-0.026393431304754394,-0.49692803731945906,0,0,0,0,0.1644612651736411,1,0,0,0,1,0,0,0,0,1
1,0,1,1,1.6002714854611295,1,1,0,0,0,0,0,0,0,-1.3424441229743,-1.3393160057490305,0.00930412677516496,-1.1015440337934654,-0.9256622042978615,1,0,0,0,0.3373279392337959,0,0,1,0,0,1,0,1,0,0
1,1,1,0,1.5598055673712277,1,1,0,0,0,0,0,0,0,-1.2978356492408352,-1.3026138490097703,0.10131959013379369,-1.1015440337934654,-0.9256622042978615,1,0,0,0,0.35697080172979007,0,0,1,0,0,1,0,1,0,0
0,0,0,0,-0.22069482858444658,1,0,0,1,0,1,0,0,1,-0.2834059132279717,-0.3767079311576568,1.1138112639194235,-0.026393431304754394,-0.06819387034105659,0,0,1,0,0.2199016641483056,1,0,0,1,0,0,0,0,0,1
1,0,0,0,0.8314190417529973,1,0,0,0,0,0,0,0,0,-1.4894868697253503,-1.5251214247676386,0.47305215363166264,-1.1015440337934654,-1.3543963712762639,1,0,1,0,-0.023210632356142704,0,0,1,0,0,1,1,0,0,0
1,0,1,1,-0.38255850094405336,1,0,0,1,1,1,0,0,0,0.7293716570910599,0.6470645761222446,0.9487651418760779,0.5111818699396011,0.3605402966373459,0,0,0,0,0.40799519523546746,0,1,0,0,1,0,0,0,0,1
1,0,0,0,-0.6658199275733652,1,0,0,0,0,0,0,0,1,-1.4580957215425419,-1.4530402291442095,-0.009511931570661174,-1.1015440337934654,-1.3543963712762639,1,0,1,0,-0.705531220488291,0,0,1,1,0,0,0,1,0,0
1,1,1,0,-0.9895472722925787,0,0,0,1,1,0,0,1,1,-0.7063603308489702,-0.6035233691600452,-1.192486995485645,0.5111818699396011,-0.06819387034105659,0,0,0,0,-0.63180277072636,1,0,0,1,0,0,0,0,0,1
1,0,0,0,0.06256659804486524,1,1,1,1,1,1,1,1,0,1.702497250758123,1.6452037872251368,0.6192055964917426,2.1239077736726677,2.0754769645509556,1,0,1,0,0.8470936177748327,0,1,0,0,1,0,0,1,0,0
0,0,1,1,-0.38255850094405336,1,0,0,0,0,0,0,0,0,-1.46470438431787,-1.4472879400141454,-0.15554973442803086,-1.1015440337934654,-1.3543963712762639,1,0,0,0,-0.4723157041348384,0,0,1,0,0,1,1,0,0,0
0,1,1,0,-0.30162666476425,1,0,0,0,0,0,0,0,1,0.15111366424985093,0.2563594291907663,-1.2505758225170245,-1.1015440337934654,-0.9256622042978615,0,0,0,1,0.3651629904157862,0,1,0,1,0,0,0,0,1,0
1,0,1,0,1.2360782226520142,1,1,0,1,1,0,1,1,1,1.2778906674432926,1.3200694012032987,-0.5431879461336506,1.0487571711839567,1.2180086305941509,0,0,0,1,1.1787192020201165,0,1,0,1,0,0,0,0,1,0
1,0,1,1,0.7100212874832923,1,1,1,1,1,0,1,1,1,1.4381507397449989,1.4458765965787002,-0.14104024042777444,1.5863324724283123,1.6467427975725533,0,0,0,0,1.055752891581435,0,1,0,0,1,0,0,0,1,0
0,0,0,0,-0.949081354202677,1,0,1,0,0,0,0,0,1,0.31467806793922154,0.20852775984944757,1.245207815245678,-0.56396873254911,-0.49692803731945906,1,0,1,0,-0.29021078668361683,0,1,0,1,0,0,0,1,0,0
0,0,1,1,1.1956123045621125,1,0,0,1,1,0,1,1,1,1.170499897344211,1.2058760357390397,-0.4589882215941034,1.0487571711839567,0.7892744636157483,0,0,0,1,1.1474755190510224,0,1,0,1,0,0,0,0,1,0
0,1,1,1,-0.018365238134938143,1,1,0,0,1,0,1,0,1,0.8797187352297741,0.8491803195984772,0.33100457755831253,-0.026393431304754394,0.3605402966373459,0,0,0,1,0.6600109304063274,0,1,0,1,0,0,0,0,0,1
1,0,1,0,0.14349843422466863,1,1,0,0,0,0,1,1,1,1.0003268308795121,1.0154080459885428,-0.21296902289280642,-0.026393431304754394,0.3605402966373459,1,0,0,1,0.7682905851651909,0,1,0,1,0,0,1,0,0,0
0,0,0,0,-0.9086154361127753,1,1,0,0,0,1,1,1,1,1.115978429447754,1.353526258106831,-2.8493830685282635,0.5111818699396011,0.7892744636157483,0,0,1,0,0.02639583180089599,0,1,0,1,0,0,0,0,1,0
0,0,1,1,1.0742145502924074,1,1,0,1,1,0,1,1,1,1.3687597806040541,1.3605205075451454,0.0502676563089334,1.0487571711839567,1.2180086305941509,0,0,0,1,1.1447544058580275,0,1,0,0,1,0,0,0,1,0
1,0,1,1,-0.7872176818430703,1,1,0,0,0,0,0,0,1,0.3196345650207178,0.13962073464121053,2.119055970409937,-1.1015440337934654,-0.49692803731945906,1,0,0,1,-0.07776312743965905,0,1,0,1,0,0,0,1,0,0
1,0,1,1,1.3574759769217193,0,0,0,0,1,1,1,1,0,-0.3329708840429325,-0.3200047649854144,-0.1419380949842959,1.0487571711839567,0.3605402966373459,1,0,0,0,0.8024324693933921,1,0,0,0,0,1,1,0,0,0
1,0,1,1,-1.232342780831989,1,0,0,0,0,0,0,0,0,-1.4713130470931979,-1.5606326565691824,1.1076746117970426,-1.1015440337934654,-1.3543963712762639,0,1,0,0,-2.1073256249352355,0,0,1,0,1,0,0,0,0,1
0,0,1,1,1.0337486322025058,1,1,0,0,0,0,0,0,0,-1.3077486434038275,-1.2753857999768041,-0.33782437606427396,-1.1015440337934654,-0.9256622042978615,1,0,0,0,0.2500109107538765,0,0,1,0,0,1,0,1,0,0
0,0,0,0,-1.191876862742087,1,0,0,0,0,0,1,1,1,0.8169364388641575,0.5076129722469478,3.6320045113149146,-0.026393431304754394,-0.06819387034105659,0,1,1,1,-0.9046320426960928,0,1,0,1,0,0,0,0,1,0
0,0,0,0,-0.9895472722925787,1,1,1,0,0,1,0,1,0,0.21224379492163617,0.18823334557492305,0.27678996340361706,0.5111818699396011,0.7892744636157483,0,0,1,0,-0.3697206717712701,1,0,0,1,0,0,0,0,1,0
1,0,1,1,0.1839643523145703,0,0,1,1,1,0,0,0,0,-0.8104467695603877,-0.8429899134373883,0.413042665117652,0.5111818699396011,-0.06819387034105659,1,0,0,0,0.22401921618549853,1,0,0,1,0,0,1,0,0,0
0,0,0,0,0.34582802467417706,1,1,1,1,1,1,1,0,1,1.380324940460878,1.3081840041778936,0.8060101761168348,1.5863324724283123,1.6467427975725533,0,0,1,0,0.9061277432524276,0,1,0,1,0,0,0,0,1,0
1,1,0,0,-1.2728086989218905,1,1,0,0,0,0,0,0,1,0.3196345650207178,0.3181679325704409,0.006326045598127978,-1.1015440337934654,-0.49692803731945906,0,1,1,1,-1.6374482332489342,0,1,0,1,0,0,0,0,1,0
1,0,0,0,0.10303251613476692,1,1,0,0,0,0,0,0,1,-1.2928791521593392,-1.2847018379099218,-0.05215263933278731,-1.1015440337934654,-0.9256622042978615,0,0,1,0,-0.07461489320599213,0,0,1,1,0,0,0,0,1,0
0,0,0,0,-1.1109450265622838,1,0,0,0,0,0,1,0,0,0.5112857855052327,0.39888799295434363,1.3123500090552518,-0.56396873254911,-0.49692803731945906,0,1,1,1,-0.6104427204305949,0,1,0,1,0,0,0,0,1,0
0,0,0,1,0.4672257789438821,1,0,0,0,0,0,0,0,0,-1.4812260412561902,-1.4830575336028338,0.072779096655986,-1.1015440337934654,-1.3543963712762639,0,0,0,0,-0.09818469790694681,0,0,1,0,0,1,0,0,0,1
1,0,0,0,-1.2728086989218905,1,0,0,0,0,0,0,0,1,-1.5159215208266628,-1.5120358855217304,0.006326045598127978,-1.1015440337934654,-1.3543963712762639,0,1,1,0,-2.477775221822322,0,0,1,1,0,0,0,0,0,1
1,0,1,0,-0.9086154361127753,1,1,0,0,0,0,0,1,1,0.6781545205822672,0.684867635457315,-0.10283416627291536,-0.56396873254911,-0.06819387034105659,0,0,0,1,-0.10752700775251972,0,1,0,1,0,0,0,0,1,0
1,0,0,0,-0.42302441903395505,1,0,0,0,0,0,0,0,0,-1.4680087157055342,-1.4215814950358725,-0.49871714244160015,-1.1015440337934654,-1.3543963712762639,0,0,1,0,-0.47712444478088545,0,0,1,0,1,0,0,0,0,1
1,0,1,1,0.5481576151236855,1,0,1,0,1,1,0,0,0,-0.25862342782049136,-0.2994443839250312,0.4919533856766031,0.5111818699396011,0.3605402966373459,0,0,0,0,0.5822946014233624,1,0,0,0,1,0,0,0,0,1
1,0,1,1,1.2360782226520142,1,1,0,0,0,0,0,0,0,-1.3242703003421479,-1.3096735443131051,-0.12703010892687044,-1.1015440337934654,-0.9256622042978615,1,0,0,0,0.27637239524613133,0,0,1,0,0,1,0,1,0,0
1,0,0,1,-1.0704791084723821,1,0,0,0,0,0,0,0,1,-1.4713130470931979,-1.5930305039341504,1.4910348796774913,-1.1015440337934654,-1.3543963712762639,0,1,0,0,-1.4637657422742425,0,0,1,1,0,0,0,0,0,1
0,0,1,1,1.2765441407419158,1,1,1,1,1,1,1,1,0,1.6066716405158654,1.585158854852604,0.19912295997973892,2.1239077736726677,2.0754769645509556,0,0,0,0,1.2351975770065675,0,1,0,0,1,0,0,0,1,0
1,1,1,0,-1.2728086989218905,1,1,0,0,0,0,1,0,1,0.7045891716835795,0.7020000564367556,0.006326045598127978,-0.56396873254911,-0.06819387034105659,0,1,0,1,-1.5469836646950437,0,1,0,1,0,0,0,0,1,0
0,0,1,1,1.155146386472211,1,1,1,1,1,1,0,1,1,0.48485113440392036,0.47056114125105825,0.15236298009773824,1.5863324724283123,1.6467427975725533,0,0,0,0,0.9806452637122984,1,0,0,0,1,0,0,0,1,0
0,1,1,0,-0.34209258285415167,0,0,0,0,1,0,0,1,1,-0.7955772783158996,-0.8518611059533799,0.6934505935363902,-0.026393431304754394,-0.49692803731945906,1,0,0,0,-0.05263652250808708,1,0,0,1,0,0,0,1,0,0
0,0,0,0,-1.2728086989218905,1,0,0,1,0,0,0,0,1,0.32954755918370987,0.32805202159704117,0.006326045598127978,-0.56396873254911,-0.49692803731945906,0,1,1,1,-1.6349479829683886,0,1,0,1,0,0,0,0,1,0
1,0,1,0,-1.2728086989218905,1,0,1,0,1,0,0,0,0,-0.2982754044724598,-0.29794028342098317,0.006326045598127978,-0.026393431304754394,-0.06819387034105659,0,1,0,0,-1.8169180294909117,1,0,0,1,0,0,0,0,0,1
1,1,1,1,-0.1397629924046432,1,1,0,0,1,0,1,1,1,1.2960644900754448,1.2352296178890423,0.6751339939459555,0.5111818699396011,0.7892744636157483,0,0,0,1,0.6746698706933135,0,1,0,1,0,0,0,0,1,0
1,0,1,0,-1.232342780831989,1,0,0,0,0,1,1,1,1,0.9738921797781999,0.6262220405661527,4.080341095785266,0.5111818699396011,0.3605402966373459,0,1,0,0,-1.1311323295648654,0,1,0,1,0,0,0,0,1,0
1,0,0,0,-0.30162666476425,1,0,0,0,0,0,0,0,0,-1.4580957215425419,-1.419454918305907,-0.40692332791367675,-1.1015440337934654,-1.3543963712762639,0,0,1,0,-0.3949178171906721,0,0,1,1,0,0,0,0,0,1
0,0,0,0,-1.0704791084723821,0,0,1,1,0,1,0,1,0,-0.4552311453865022,-0.4440051545918554,-0.11712895592269565,1.0487571711839567,0.3605402966373459,1,1,1,0,-0.7501274001823263,1,0,0,1,0,0,0,1,0,0
1,0,1,1,0.5076916970337838,1,0,0,0,0,0,0,0,0,-1.5043563609698385,-1.4714379050383977,-0.3376152568844448,-1.1015440337934654,-1.3543963712762639,0,0,0,0,-0.07290744971724641,0,0,1,0,0,1,0,0,1,0
1,0,1,0,0.6695553693933906,1,1,1,0,1,1,1,1,0,0.6484155380932906,0.596368057383768,0.5934997800065036,1.5863324724283123,1.6467427975725533,0,0,0,0,0.8724556160269125,1,0,0,0,1,0,0,0,1,0
0,0,0,0,-1.191876862742087,1,0,0,0,0,0,0,0,0,-0.6650561885031695,-0.7855553420666023,1.448800273894053,-1.1015440337934654,-0.9256622042978615,0,1,1,0,-1.3257409491117753,1,0,0,1,0,0,0,0,1,0
1,0,1,1,0.38629394276407875,1,0,0,0,0,0,0,0,0,-1.4547913901548777,-1.4828935119234603,0.38272456527251403,-1.1015440337934654,-1.3543963712762639,0,0,0,0,-0.12728265301449476,0,0,1,0,0,1,0,0,0,1
0,0,0,0,-0.8276835999329719,1,1,0,1,0,0,0,1,1,0.8070234447011654,0.7705022845516665,0.4043059847113089,-0.026393431304754394,0.3605402966373459,0,0,1,1,0.025979596187969727,0,1,0,1,0,0,0,0,1,0
1,0,0,0,-0.5848880913935618,0,0,0,1,1,0,0,0,1,-1.0318369725338792,-1.0348540319597452,0.07130236218803354,-0.026393431304754394,-0.49692803731945906,1,0,1,0,-0.3304378018918569,1,0,0,1,0,0,0,1,0,0
0,0,1,1,1.2765441407419158,1,1,1,1,0,1,1,1,0,1.5058895331921118,1.46909802823557,0.38339173280892686,1.5863324724283123,1.6467427975725533,1,0,0,0,1.2152334398841733,0,1,0,0,0,1,1,0,0,0
1,0,0,0,-0.018365238134938143,1,0,0,0,0,0,1,1,0,0.869805741066782,0.8233890247946916,0.5192328446797012,-0.026393431304754394,-0.06819387034105659,0,0,1,1,0.654543830556546,0,1,0,1,0,0,0,0,1,0
1,0,1,0,1.5598055673712277,1,0,0,1,1,1,1,1,1,0.47493814024092784,0.44923652156402183,0.28773755758962266,1.5863324724283123,1.2180086305941509,1,0,0,0,1.0710335627193313,1,0,0,0,0,1,0,1,0,0
0,0,1,1,-0.8276835999329719,1,1,0,0,0,0,0,0,0,-1.3044443120161635,-1.378875241691142,0.9257409253453052,-1.1015440337934654,-0.9256622042978615,1,0,0,0,-0.8211089922063436,0,0,1,0,0,1,0,1,0,0
1,0,0,1,0.8314190417529973,1,0,1,1,1,0,0,1,0,1.0317179790623208,0.9980564966203046,0.3627150122525814,1.0487571711839567,0.7892744636157483,0,0,0,0,1.008282846405354,0,1,0,0,1,0,0,0,1,0
0,0,1,1,1.6002714854611295,1,1,1,1,1,1,1,1,1,0.9425010315953912,0.9277553953845937,0.1419641064795563,2.1239077736726677,2.0754769645509556,1,0,0,0,1.1868610692314079,1,0,0,0,0,1,1,0,0,0
1,0,0,0,0.10303251613476692,1,0,0,0,0,0,0,0,0,-1.4531392244610457,-1.4365873392853477,-0.14571853522225342,-1.1015440337934654,-1.3543963712762639,1,0,1,0,-0.19867142184862424,0,0,1,1,0,0,1,0,0,0
0,0,1,1,-0.42302441903395505,1,0,0,1,0,0,1,1,1,0.15772232702517913,0.11060206301183291,0.5521271049533392,0.5111818699396011,0.3605402966373459,1,0,0,0,0.24511612994316048,1,0,0,0,1,0,1,0,0,0
0,0,0,1,-1.2728086989218905,1,0,0,0,0,0,0,0,0,-0.6204477147697048,-0.6191731767854957,0.006326045598127978,-1.1015440337934654,-0.9256622042978615,0,1,0,0,-1.9357264783276036,1,0,0,1,0,0,0,0,0,1
1,0,1,1,1.519339649281326,1,0,1,1,1,1,1,0,1,1.201891045527019,1.159162707462325,0.4641306076287215,1.5863324724283123,1.2180086305941509,1,0,0,0,1.215008471668402,0,1,0,0,0,1,0,1,0,0
0,0,0,0,-0.8276835999329719,1,0,0,0,0,0,0,0,0,-1.4960955325006784,-1.4569870008041368,-0.41114678849202096,-1.1015440337934654,-1.3543963712762639,0,0,1,0,-0.8896857951749781,0,0,1,1,0,0,0,0,0,1
0,0,1,1,0.14349843422466863,1,0,0,0,0,0,0,0,0,-1.469660881399366,-1.4760230241146262,0.12599076198453873,-1.1015440337934654,-1.3543963712762639,1,0,0,0,-0.2176072866844743,0,0,1,0,0,1,1,0,0,0
0,0,0,0,0.14349843422466863,1,0,1,1,1,1,1,0,1,0.38406902708016644,0.2522282460550186,1.5468062180838265,1.5863324724283123,1.2180086305941509,0,0,1,0,0.5935636988630058,1,0,0,0,1,0,0,0,0,1
0,0,0,0,-1.2728086989218905,1,0,0,0,0,0,0,0,0,-0.6468823658710173,-0.6455307475230968,0.006326045598127978,-1.1015440337934654,-0.9256622042978615,0,1,1,0,-1.9465477205692148,1,0,0,1,0,0,0,0,0,1
1,0,1,1,1.1956123045621125,1,0,0,0,0,0,0,0,0,-1.4762695441746942,-1.4614463545898833,-0.12446499166671621,-1.1015440337934654,-1.3543963712762639,1,0,0,0,0.13811507137884316,0,0,1,0,0,1,0,1,0,0
1,0,0,0,-0.5848880913935618,1,0,0,1,1,0,1,1,0,1.2084997083023472,1.1518176264899123,0.6290157462513954,1.0487571711839567,0.7892744636157483,1,0,1,1,0.35872649964388315,0,1,0,1,0,0,0,1,0,0
0,0,0,0,0.1839643523145703,1,0,0,0,0,0,0,0,0,-1.4828782069500221,-1.434744090250657,-0.5184016137819817,-1.1015440337934654,-1.3543963712762639,0,0,1,0,-0.162066049948584,0,0,1,0,0,1,0,0,0,1
1,1,1,0,1.519339649281326,1,1,0,1,1,0,1,1,1,1.2630211761988044,1.2093832931355755,0.5911128949072864,1.0487571711839567,1.2180086305941509,0,0,0,1,1.2245393316094213,0,1,0,1,0,0,0,0,1,0
0,0,1,1,-0.6658199275733652,0,0,0,0,0,0,0,1,1,-0.9657503447805982,-0.9949744783176978,0.3791276620327153,-0.56396873254911,-0.9256622042978615,1,0,0,0,-0.3820510494607791,1,0,0,1,0,0,0,1,0,0
0,1,1,0,1.519339649281326,1,1,0,0,0,0,0,0,1,0.36093870736651845,0.4139023948566555,-0.639167248067879,-1.1015440337934654,-0.49692803731945906,1,0,0,1,1.0534305020535741,0,1,0,0,0,1,0,1,0,0
0,1,1,0,-1.2728086989218905,1,0,0,0,0,0,0,0,1,0.15937449271901108,0.1583751599737344,0.006326045598127978,-1.1015440337934654,-0.9256622042978615,0,1,0,1,-1.679310592360202,0,1,0,1,0,0,0,0,1,0
1,0,0,0,-1.2728086989218905,1,1,1,1,0,0,0,0,0,-0.11818934384476917,-0.11837933277107633,0.006326045598127978,-0.026393431304754394,0.3605402966373459,0,1,1,0,-1.759131298538526,1,0,0,1,0,0,0,0,1,0
0,0,1,1,1.1956123045621125,1,0,1,0,1,1,1,0,1,0.19902646937097979,0.13252242174018025,0.7800682155711595,1.0487571711839567,0.7892744636157483,1,0,0,0,0.9033359763320747,1,0,0,0,1,0,1,0,0,0
1,0,0,1,0.7909531236630957,1,1,0,0,0,0,0,0,0,-1.2928791521593392,-1.2875530174368255,-0.018414936488028808,-1.1015440337934654,-0.9256622042978615,1,0,0,0,0.172312811545649,0,0,1,0,0,1,0,1,0,0
0,1,0,0,-1.232342780831989,0,0,0,0,0,0,0,0,0,-1.33418329450514,-1.443670936421078,1.3415893515207067,-1.1015440337934654,-1.3543963712762639,0,1,1,0,-1.993261951362166,1,0,0,1,0,0,0,0,1,0
1,0,0,0,-0.05883115622483983,1,0,0,1,0,1,0,0,1,0.4534599862211118,0.45500411129891405,-0.033917350483364674,-0.026393431304754394,-0.06819387034105659,0,0,1,0,0.5508010355111,0,1,0,1,0,0,0,0,1,0
1,1,1,0,1.0742145502924074,0,0,1,0,1,1,1,1,1,-0.02236373360251174,0.037420714597370196,-0.7066513672884033,1.5863324724283123,0.7892744636157483,1,0,0,0,0.845120895523576,1,0,0,0,0,1,0,1,0,0
0,0,1,0,1.0742145502924074,1,1,1,1,1,1,0,1,1,1.3968465973991984,1.3025003465358926,1.068193239767412,1.5863324724283123,1.6467427975725533,1,0,0,0,1.1342114463369433,0,1,0,0,1,0,0,1,0,0
0,0,1,0,-1.2728086989218905,1,0,0,0,0,0,1,0,1,-0.3114927300231162,-0.3111190687897839,0.006326045598127978,-0.56396873254911,-0.49692803731945906,0,1,0,0,-1.8213757156139494,1,0,0,1,0,0,0,0,0,1
0,1,0,0,-1.2728086989218905,1,0,0,0,0,0,0,0,1,-1.4960955325006784,-1.4922677074685295,0.006326045598127978,-1.1015440337934654,-1.3543963712762639,0,1,1,0,-2.459025085918324,0,0,1,1,0,0,0,0,1,0
1,0,1,1,-0.8276835999329719,1,1,0,0,0,0,0,0,1,-1.2994878149346674,-1.2737195167692548,-0.2600768524204887,-1.1015440337934654,-0.9256622042978615,1,0,0,0,-0.7392049101366611,0,0,1,0,0,1,1,0,0,0
1,0,1,0,0.5481576151236855,1,0,0,0,0,0,0,0,0,-1.4911390354191822,-1.5234240750523789,0.43347470074568784,-1.1015440337934654,-1.3543963712762639,0,0,0,0,-0.11054901729186299,0,0,1,1,0,0,0,0,1,0
0,1,0,0,-0.8681495180228737,1,1,0,0,0,0,0,1,1,0.6632850293377789,0.58309147026826,0.9260362722388954,-0.56396873254911,-0.06819387034105659,1,0,1,1,-0.07071894685452494,0,1,0,1,0,0,0,1,0,0
1,0,1,0,0.9528167960227024,1,1,0,1,0,0,1,1,0,1.1754563944257068,1.1701116894138148,0.02268615388237245,0.5111818699396011,0.7892744636157483,1,0,0,1,1.0766197867516822,0,1,0,0,1,0,0,1,0,0
0,1,1,1,-0.1802289104945449,0,0,0,0,0,0,1,0,1,-0.952533019229942,-0.9874143268896138,0.4456123574006039,-0.56396873254911,-0.9256622042978615,0,0,0,0,-0.02601457636195742,1,0,0,1,0,0,0,0,1,0
1,0,0,0,-0.7467517637531685,1,0,0,0,0,0,0,0,0,-1.4812260412561902,-1.465321798098393,-0.1370859674467374,-1.1015440337934654,-1.3543963712762639,0,0,1,0,-0.8007725217113043,0,0,1,1,0,0,0,0,0,1
1,0,0,0,-0.6658199275733652,1,0,0,0,0,0,0,0,0,-1.5126171894389986,-1.4601444181320786,-0.568714356222545,-1.1015440337934654,-1.3543963712762639,1,0,1,0,-0.7121234272659811,0,0,1,0,0,1,0,1,0,0
1,0,1,1,1.6002714854611295,1,0,1,1,1,1,1,1,0,1.5604110010885688,1.5428340187690803,0.15414716584016375,2.1239077736726677,1.6467427975725533,1,0,0,0,1.3021419778248366,0,1,0,0,0,1,1,0,0,0
0,1,0,0,-1.0704791084723821,1,0,0,0,1,0,0,0,0,0.3196345650207178,0.25062665755533836,0.8055347396539767,-0.56396873254911,-0.49692803731945906,0,1,1,1,-0.5338253011648637,0,1,0,1,0,0,0,0,1,0
1,0,1,1,0.993282714112604,1,1,0,0,0,0,0,0,1,0.3163302336330535,0.1895880726893145,1.4888120056888898,-1.1015440337934654,-0.49692803731945906,0,0,0,1,0.8660653568539656,0,1,0,1,0,0,0,0,1,0
1,0,0,0,-0.6253540094834634,1,1,1,1,1,1,1,0,1,1.3852814375423743,1.1075384150281538,3.2387066891324783,1.5863324724283123,1.6467427975725533,1,0,1,0,0.314217561789997,0,1,0,1,0,0,1,0,0,0
0,0,1,1,1.519339649281326,1,1,1,0,0,0,0,1,0,0.015636077355625035,0.005242380697332532,0.12244800567523668,-0.026393431304754394,0.3605402966373459,1,0,0,0,0.9433357675862193,1,0,0,0,1,0,1,0,0,0
1,0,1,0,0.1839643523145703,1,0,0,0,1,1,0,1,1,0.8466754213531336,0.9116585034018965,-0.7981509984515033,0.5111818699396011,0.3605402966373459,0,0,0,0,0.7644456478119054,0,1,0,1,0,0,0,0,1,0
1,0,1,0,0.993282714112604,1,0,1,0,0,1,0,0,0,-0.2982754044724598,-0.2998477391980465,0.028896766097780902,-0.026393431304754394,-0.06819387034105659,0,0,0,0,0.7171108952817924,1,0,0,1,0,0,0,0,1,0
1,0,0,0,-1.2728086989218905,1,0,0,0,0,0,0,0,0,-1.4779217098685262,-1.474146877586429,0.006326045598127978,-1.1015440337934654,-1.3543963712762639,0,1,1,0,-2.442314573464842,0,0,1,1,0,0,0,0,0,1
1,0,1,1,1.4384078131015228,1,0,1,1,0,1,0,1,0,1.003631162267176,1.1051158441883007,-1.2354860285230855,1.0487571711839567,0.7892744636157483,1,0,0,0,1.1863384968567268,0,1,0,0,0,1,1,0,0,0
0,0,0,1,-0.8681495180228737,1,0,0,0,0,0,0,0,0,-1.487834704031518,-1.485528555859484,0.024046859213557523,-1.1015440337934654,-1.3543963712762639,1,0,0,0,-0.9712761340450838,0,0,1,1,0,0,0,1,0,0
1,0,0,1,-0.42302441903395505,1,0,0,0,0,0,0,0,0,-1.47296521278703,-1.4853787969348387,0.1977108326447607,-1.1015440337934654,-1.3543963712762639,1,0,0,0,-0.5361449741913409,0,0,1,1,0,0,0,1,0,0
1,1,1,0,-1.2728086989218905,0,0,0,1,0,0,1,0,0,-0.8104467695603877,-0.808618216462003,0.006326045598127978,-0.026393431304754394,-0.49692803731945906,0,1,0,0,-2.017986487319571,1,0,0,1,0,0,0,0,1,0
0,1,0,0,0.10303251613476692,1,1,1,1,1,1,1,1,1,1.522411190130432,1.4781834475685032,0.47081388590654066,2.1239077736726677,2.0754769645509556,1,0,1,0,0.8368805283889091,0,1,0,0,1,0,1,0,0,0
0,0,1,1,0.022100679954963547,1,1,0,0,0,0,0,0,0,-1.337487625892804,-1.2959337572583314,-0.4455547015953129,-1.1015440337934654,-0.9256622042978615,1,0,0,0,-0.1200029967482276,0,0,1,1,0,0,1,0,0,0
0,0,1,1,-1.0704791084723821,1,0,0,0,0,0,0,0,0,-1.4828782069500221,-1.4779906899856625,-0.00666921771985258,-1.1015440337934654,-1.3543963712762639,0,1,0,0,-1.3432895834818468,0,0,1,1,0,0,0,0,0,1
0,0,0,0,1.519339649281326,0,0,1,0,1,1,1,1,1,-0.2107106226993625,-0.14956128029547033,-0.7163034181910459,1.5863324724283123,0.7892744636157483,1,0,1,0,0.8960293716288525,1,0,0,0,0,1,1,0,0,0
1,0,0,0,-1.1514109446521854,1,0,0,0,0,0,1,0,1,0.537720436606545,0.6744069745708298,-1.6359503562117608,-0.56396873254911,-0.49692803731945906,0,1,1,1,-0.6856982254169474,0,1,0,1,0,0,0,0,1,0
0,1,1,0,1.6002714854611295,1,1,1,1,1,1,0,0,1,1.0531961330821369,0.9911554201362363,0.6977823479757153,1.0487571711839567,1.2180086305941509,1,0,0,0,1.1997679399992787,0,1,0,0,0,1,1,0,0,0
0,0,1,1,-0.8276835999329719,1,0,0,0,0,0,0,0,0,-1.4680087157055342,-1.5167033720065142,0.6268498690317357,-1.1015440337934654,-1.3543963712762639,1,0,0,0,-0.9476634373843859,0,0,1,0,0,1,1,0,0,0
0,0,0,0,-0.7062858456632669,1,1,1,0,0,0,0,0,1,-0.2982754044724598,-0.1567076335520045,-1.664864817094265,-0.56396873254911,-0.06819387034105659,0,0,1,0,-0.07562760635595372,1,0,0,1,0,0,0,0,0,1
1,1,0,0,-0.7062858456632669,1,1,0,1,0,0,0,0,1,0.5112857855052327,0.5405599356689496,-0.36403895896434013,-0.56396873254911,-0.06819387034105659,0,0,1,1,0.11445446244125969,0,1,0,1,0,0,0,0,1,0
0,0,1,1,-1.2728086989218905,1,0,0,0,0,0,0,0,1,-1.4614000529302058,-1.4576733958754284,0.006326045598127978,-1.1015440337934654,-1.3543963712762639,0,1,0,0,-2.427498700834962,0,0,1,1,0,0,0,0,0,1
0,0,1,1,0.5886235332135872,1,1,1,1,0,1,1,1,1,0.6798066862760991,0.746092907484498,-0.8078133765251927,1.5863324724283123,1.6467427975725533,1,0,0,0,0.8798400801508806,1,0,0,0,0,1,0,1,0,0
0,0,0,0,0.9528167960227024,1,0,0,1,0,0,0,0,1,0.3014607423885652,0.2748956261474374,0.3039407814072493,-0.56396873254911,-0.49692803731945906,0,0,1,1,0.8776292061017538,0,1,0,1,0,0,0,0,1,0
0,0,1,1,0.5886235332135872,1,0,0,0,0,0,0,0,0,-1.469660881399366,-1.5208334257546268,0.6562274589792987,-1.1015440337934654,-1.3543963712762639,1,0,0,0,-0.09435661460948254,0,0,1,0,0,1,0,1,0,0
0,0,1,0,1.4384078131015228,1,1,0,0,0,0,0,0,1,-1.3143573061791556,-1.3506442161707213,0.47472884548595307,-1.1015440337934654,-0.9256622042978615,1,0,0,0,0.2923146391179732,0,0,1,0,0,1,0,1,0,0
0,0,1,1,1.3170100588318177,1,1,1,0,1,0,1,1,1,1.3076296499322688,1.2758094401579332,0.331407555675629,1.0487571711839567,1.2180086305941509,1,0,0,0,1.190273001954959,0,1,0,0,0,1,0,1,0,0
1,0,1,1,1.3574759769217193,1,1,0,0,0,0,0,0,1,-1.3027921463223315,-1.2982550205903358,-0.008736645974985474,-1.1015440337934654,-0.9256622042978615,1,0,0,0,0.31431163842884413,0,0,1,0,0,1,0,1,0,0
0,0,1,1,-0.6253540094834634,1,1,0,0,1,1,0,0,1,-0.09175469274345663,-0.05800886744193858,-0.3961449036322924,-0.026393431304754394,0.3605402966373459,0,0,0,0,0.03375327904867116,1,0,0,0,1,0,0,0,0,1
1,0,1,0,1.6002714854611295,1,1,1,1,1,0,0,1,1,1.1374565834675705,1.2632424263962636,-1.52765649522858,1.0487571711839567,1.2180086305941509,0,0,0,0,1.2523381347174316,0,1,0,0,0,1,0,0,1,0
0,0,1,1,-0.8276835999329719,0,0,0,0,0,1,0,0,0,-1.139227742632961,-1.1203788578426903,-0.18372968042734877,-0.56396873254911,-0.9256622042978615,1,0,0,0,-0.6361290824299088,1,0,0,0,1,0,0,1,0,0
0,0,1,1,-0.6253540094834634,1,1,0,0,1,0,1,0,0,0.7772844622121887,0.6977363317586144,0.9144656233488205,-0.026393431304754394,0.3605402966373459,0,0,0,1,0.22914473150679848,0,1,0,1,0,0,0,0,1,0
0,0,0,1,0.34582802467417706,1,0,0,0,0,0,0,0,0,-0.6452302001771851,-0.6529639039048896,0.11377468620289939,-1.1015440337934654,-0.9256622042978615,1,0,0,0,0.37508050001915344,1,0,0,1,0,0,1,0,0,0
0,0,0,0,-0.8681495180228737,1,0,0,0,0,0,0,0,0,-1.4762695441746942,-1.4211322182619361,-0.601497861411088,-1.1015440337934654,-1.3543963712762639,1,0,1,0,-0.9118445560961412,0,0,1,0,1,0,0,1,0,0
1,0,1,0,1.6002714854611295,1,0,0,0,1,0,1,1,1,0.9887616710226882,0.9544790434935505,0.3715470917638924,0.5111818699396011,0.3605402966373459,0,0,0,1,1.192333715433785,0,1,0,1,0,0,0,0,1,0
0,0,1,1,1.0337486322025058,1,1,0,0,0,0,0,0,1,-1.3292267974236438,-1.2822024130985974,-0.5105717556877845,-1.1015440337934654,-0.9256622042978615,1,0,0,0,0.24499012103010195,0,0,1,0,1,0,0,1,0,0
1,0,1,1,1.4384078131015228,1,1,0,1,1,1,0,1,1,0.36589520444801427,0.4319076335015405,-0.7937426291184686,1.0487571711839567,1.2180086305941509,1,0,0,0,1.039616657491146,1,0,0,0,1,0,1,0,0,0
1,0,1,0,1.155146386472211,1,1,1,0,1,1,0,1,0,0.35102571320352594,0.42127572465667085,-0.8433724420046341,1.0487571711839567,1.2180086305941509,1,0,0,0,0.9686147349689257,1,0,0,0,0,1,0,1,0,0
0,0,0,0,0.871884959842899,0,0,1,0,0,1,0,1,0,-0.6815778454414898,-0.6872635678576318,0.09079525716500714,0.5111818699396011,-0.06819387034105659,1,0,1,0,0.533653486793901,1,0,0,0,1,0,1,0,0,0
1,0,1,1,-1.0300131903824803,1,0,0,0,0,0,0,0,1,0.17259181826966746,0.3591163013949279,-2.2130792824942467,-1.1015440337934654,-0.9256622042978615,1,0,0,1,-0.4090018087088317,0,1,0,1,0,0,1,0,0,0
0,0,0,0,1.6002714854611295,1,0,0,0,0,0,0,0,1,-1.4399218989103897,-1.483573369898835,0.5662053068811551,-1.1015440337934654,-1.3543963712762639,1,0,1,0,0.2111196090512368,0,0,1,0,0,1,1,0,0,0
1,0,1,1,1.519339649281326,1,1,1,1,0,0,1,0,1,1.0845872812649453,1.0058416598235116,0.8943666467633218,0.5111818699396011,0.7892744636157483,1,0,0,0,1.1849853274031932,0,1,0,1,0,0,0,1,0,0
0,0,0,0,-1.1109450265622838,1,0,0,0,0,0,0,0,0,-1.4597478872363738,-1.49984550905559,0.5248370519855825,-1.1015440337934654,-1.3543963712762639,1,1,1,0,-1.4781894063646286,0,0,1,1,0,0,0,1,0,0
0,0,1,0,-0.7467517637531685,1,1,1,0,0,0,1,0,1,-0.00088557958269522,0.08142046683805985,-0.9738881018153149,-0.026393431304754394,0.3605402966373459,1,0,0,0,-0.04746858791696523,1,0,0,1,0,0,1,0,0,0
0,0,1,1,-1.1109450265622838,0,0,0,1,0,1,0,0,0,-1.007054487126399,-1.0553909724927928,0.6067072108888636,-0.026393431304754394,-0.49692803731945906,0,1,0,0,-1.1460683240764826,1,0,0,1,0,0,0,0,1,0
0,0,0,0,-1.2728086989218905,1,1,0,0,0,0,0,0,1,0.34111271904053386,0.33958345879474144,0.006326045598127978,-1.1015440337934654,-0.49692803731945906,0,1,1,1,-1.6320435173603487,0,1,0,1,0,0,0,0,0,1
0,0,1,1,0.5886235332135872,1,0,0,0,0,0,0,0,1,-1.4349654018288935,-1.402785156812818,-0.33127430570517247,-1.1015440337934654,-1.3543963712762639,1,0,0,0,0.01654080409208067,0,0,1,0,0,1,1,0,0,0
1,0,1,0,-1.191876862742087,1,0,0,0,0,0,0,0,1,-1.4597478872363738,-1.571340419681333,1.3708286939861642,-1.1015440337934654,-1.3543963712762639,1,1,0,0,-1.8695878969312787,0,0,1,1,0,0,0,1,0,0
1,0,0,0,-0.6253540094834634,1,0,0,0,0,0,0,0,1,0.2006786350648117,0.20614825693563635,-0.07164553430976092,-1.1015440337934654,-0.9256622042978615,0,0,1,1,0.10913439638962927,0,1,0,1,0,0,0,0,1,0
1,0,1,0,-0.9086154361127753,1,0,0,0,0,0,0,0,1,0.17754831535116325,0.04026029610586,1.6183884601937042,-1.1015440337934654,-0.9256622042978615,0,0,0,1,-0.27085490813240204,0,1,0,1,0,0,0,0,1,0
1,1,1,0,0.4672257789438821,0,0,0,1,0,0,0,0,1,-1.1359234112452967,-1.1149500968242922,-0.20898183982933435,-0.56396873254911,-0.9256622042978615,0,0,0,0,0.18408310272407194,1,0,0,1,0,0,0,0,1,0
1,0,0,0,-0.5848880913935618,1,0,0,0,1,1,0,0,0,-0.31479706141078007,-0.1963538128698127,-1.3906647610848595,-0.026393431304754394,-0.06819387034105659,1,0,1,0,0.026306661616174083,1,0,0,1,0,0,0,1,0,0
1,0,1,0,0.5886235332135872,1,1,0,0,0,0,0,0,0,-1.2994878149346674,-1.3345078326148831,0.4592247969779865,-1.1015440337934654,-0.9256622042978615,0,0,0,0,0.07276455039029502,0,0,1,1,0,0,0,0,1,0
0,0,1,1,1.2765441407419158,1,1,1,1,1,1,1,1,1,0.8549362498222938,0.8617156095879415,-0.10971759481165926,2.1239077736726677,2.0754769645509556,0,0,0,0,1.0989798696775472,1,0,0,0,0,1,0,0,0,1
0,0,1,1,0.871884959842899,1,1,0,0,0,0,0,0,1,-1.3209659689544837,-1.314201572751658,-0.034464642038869474,-1.1015440337934654,-0.9256622042978615,1,0,0,0,0.17590925112395658,0,0,1,0,1,0,1,0,0,0
1,0,1,1,0.42675986085398043,1,0,0,0,0,0,0,0,1,-1.5043563609698385,-1.538316835414164,0.45375598379048426,-1.1015440337934654,-1.3543963712762639,0,0,0,0,-0.16851367656726085,0,0,1,0,1,0,0,0,0,1
0,0,0,0,-0.7467517637531685,1,0,0,0,0,0,1,1,1,0.8285015987209814,0.5240864539579484,3.5735258263839964,-0.026393431304754394,-0.06819387034105659,0,0,1,1,0.06716224068886341,0,1,0,1,0,0,0,0,0,1
0,0,1,1,1.3574759769217193,1,1,1,1,1,0,1,1,0,1.4711940536216395,1.4024724666451223,0.7624140931897665,1.5863324724283123,1.6467427975725533,1,0,0,0,1.2228527008018881,0,1,0,0,0,1,1,0,0,0
1,0,1,0,-0.7062858456632669,1,0,0,0,0,0,0,0,0,-1.5175736865204947,-1.4852390219385028,-0.3302512743375876,-1.1015440337934654,-1.3543963712762639,0,0,0,0,-0.7764814777390862,0,0,1,0,1,0,0,0,0,1
0,0,1,1,0.022100679954963547,1,0,1,1,1,0,0,0,1,-0.2074062913116984,-0.18082880434823317,-0.3073323553949661,0.5111818699396011,0.3605402966373459,0,0,0,0,0.4127116632436352,1,0,0,0,1,0,0,0,0,1
1,0,1,1,0.3053621065842754,1,0,0,0,0,0,0,0,1,-1.46470438431787,-1.5192018500660158,0.6953998830340856,-1.1015440337934654,-1.3543963712762639,1,0,0,0,-0.19409893552366747,0,0,1,1,0,0,1,0,0,0
0,0,0,0,-0.09929707431474152,1,1,1,0,0,1,1,1,0,1.3770206090732142,1.3943255811444093,-0.25227969442969733,1.0487571711839567,1.2180086305941509,1,0,1,0,0.7250586055524321,0,1,0,1,0,0,1,0,0,0
0,0,0,0,0.5076916970337838,1,0,1,1,0,1,0,0,1,-0.07192870441747251,-0.08565201577188843,0.16486825807749966,0.5111818699396011,0.3605402966373459,1,0,1,0,0.6378743158583374,1,0,0,0,1,0,0,1,0,0
1,1,0,0,-1.232342780831989,1,0,0,0,1,0,0,0,0,-0.4882744592631427,-0.36877625477828613,-1.39716239274385,-0.56396873254911,-0.49692803731945906,0,1,1,0,-1.4106187758143158,1,0,0,1,0,0,0,0,0,1
0,1,0,0,-1.0704791084723821,1,1,0,1,0,0,1,1,1,1.1077176009785938,0.9452584697025319,1.8841415950464238,0.5111818699396011,0.7892744636157483,0,1,1,1,-0.3731309689101593,0,1,0,1,0,0,0,0,1,0
0,1,1,0,-0.1397629924046432,1,1,0,0,1,0,1,1,1,1.134152252079906,1.2216531967548034,-1.0745213724353528,0.5111818699396011,0.7892744636157483,1,0,0,1,0.6721277358158394,0,1,0,1,0,0,1,0,0,0
1,0,1,1,-0.9086154361127753,1,1,0,0,0,0,0,0,1,-1.332531128811308,-1.2965627447418422,-0.3796332749459173,-1.1015440337934654,-0.9256622042978615,0,0,0,0,-0.8704996514459039,0,0,1,1,0,0,0,0,0,1
0,0,0,0,-0.7062858456632669,1,0,1,0,1,1,1,1,0,1.334064301033581,1.3433676110517139,-0.1561147458766401,1.5863324724283123,1.2180086305941509,0,0,1,0,0.2796608893325879,0,1,0,1,0,0,0,0,1,0
0,0,0,0,1.1956123045621125,1,1,1,1,1,1,1,1,1,1.6628452741061543,1.6576479865973361,0.00412523487492347,2.1239077736726677,2.0754769645509556,1,0,1,0,1.2273653875573658,0,1,0,0,1,0,0,1,0,0
0,0,0,0,-1.2728086989218905,1,0,0,0,0,0,1,0,1,0.5129379511990646,0.5109076685891482,0.006326045598127978,-0.56396873254911,-0.49692803731945906,0,1,1,1,-1.5903988860297664,0,1,0,1,0,0,0,0,1,0
1,1,0,0,0.06256659804486524,1,0,0,1,1,0,1,1,1,1.1605869031812184,1.1065209352754155,0.5997127015147717,1.0487571711839567,0.7892744636157483,0,0,1,1,0.7502687278604421,0,1,0,0,1,0,0,0,1,0
0,0,0,0,-0.30162666476425,1,0,0,0,0,0,0,0,0,-1.4812260412561902,-1.4379052178222276,-0.4615034338491998,-1.1015440337934654,-1.3543963712762639,1,0,1,0,-0.41138007606881893,0,0,1,0,1,0,0,1,0,0
1,0,1,1,1.6002714854611295,1,1,1,1,1,1,1,1,1,1.581889155108385,1.585642191381972,-0.09898973420801421,2.1239077736726677,2.0754769645509556,1,0,0,0,1.3094312871710798,0,1,0,0,0,1,0,1,0,0
0,0,0,0,-1.2728086989218905,1,1,0,0,0,0,0,0,1,-0.48331796218164674,-0.4824432785841904,0.006326045598127978,-1.1015440337934654,-0.49692803731945906,0,1,1,0,-1.8823946882938205,1,0,0,1,0,0,0,0,1,0
0,0,0,0,-1.191876862742087,1,1,0,0,0,0,0,0,1,0.33780838765287,0.19955886425123598,1.6242363286868016,-1.1015440337934654,-0.49692803731945906,0,1,1,1,-0.9823895346399607,0,1,0,1,0,0,0,0,1,0
0,1,1,0,0.871884959842899,1,1,1,1,1,1,1,1,1,1.6810190967383065,1.7906836524006073,-1.3556497460336376,2.1239077736726677,2.0754769645509556,1,0,0,0,1.1621077546296645,0,1,0,0,1,0,1,0,0,0
0,0,0,0,-0.7872176818430703,1,0,1,0,0,1,0,0,0,-0.3164492271046122,-0.2502939055491661,-0.7718903000209824,-0.026393431304754394,-0.06819387034105659,0,0,1,0,-0.19612705334738667,1,0,0,0,1,0,0,0,0,1
1,0,0,0,0.7504872055731939,1,1,0,1,0,0,0,0,0,0.537720436606545,0.5063855363547558,0.3522293780326313,-0.56396873254911,-0.06819387034105659,1,0,1,1,0.8765362582933416,0,1,0,1,0,0,1,0,0,0
0,0,1,0,0.5481576151236855,1,0,1,1,0,1,0,1,0,0.1940699722894835,0.18111572711826823,0.1465901377150296,1.0487571711839567,0.7892744636157483,0,0,0,0,0.7288003715799684,1,0,0,0,1,0,0,0,0,1
0,0,1,0,0.34582802467417706,1,1,1,1,1,1,1,1,1,1.6149324689850255,1.5593443314351254,0.602047933552906,2.1239077736726677,2.0754769645509556,1,0,0,0,0.9504726671624567,0,1,0,1,0,0,1,0,0,0
0,0,0,0,-1.2728086989218905,1,0,0,0,0,0,0,0,0,0.19902646937097979,0.19791151608013602,0.006326045598127978,-1.1015440337934654,-0.9256622042978615,0,1,1,1,-1.6686908797351845,0,1,0,1,0,0,0,0,0,1
1,1,0,0,-0.09929707431474152,1,0,1,1,0,0,1,1,1,0.3311997248775418,0.1856113164025893,1.711304592917269,1.0487571711839567,0.7892744636157483,0,0,1,0,0.46098743739311815,1,0,0,1,0,0,0,0,1,0
0,0,1,0,-0.30162666476425,1,1,0,0,1,1,1,1,1,1.3291078039520854,1.2492491188761967,0.8991006355434455,1.0487571711839567,1.2180086305941509,1,0,0,0,0.5838660764908566,0,1,0,1,0,0,1,0,0,0
0,0,1,1,0.7909531236630957,1,0,0,0,0,0,0,0,1,-1.46470438431787,-1.442055268022499,-0.21746738327210866,-1.1015440337934654,-1.3543963712762639,0,0,0,0,0.045366549691647676,0,0,1,0,1,0,0,0,1,0
0,0,0,0,0.8314190417529973,1,0,0,0,0,0,0,0,0,-1.4828782069500221,-1.4806119421069728,0.024347778690046323,-1.1015440337934654,-1.3543963712762639,1,0,1,0,0.021232939279399152,0,0,1,0,0,1,0,1,0,0
1,0,1,1,-1.1514109446521854,1,0,0,0,0,0,0,0,0,-0.6435780344833533,-0.85350845412448,2.5062898263947804,-1.1015440337934654,-0.9256622042978615,0,1,0,0,-1.1782541613844846,1,0,0,1,0,0,0,0,0,1
0,0,0,0,-1.2728086989218905,1,0,1,0,0,0,0,0,0,-0.5014917848137992,-0.5005641084662913,0.006326045598127978,-0.56396873254911,-0.49692803731945906,1,1,1,0,-1.8892084300303267,1,0,0,1,0,0,1,0,0,0
1,0,1,1,1.519339649281326,1,1,1,1,1,1,0,1,0,0.45015565483344744,0.4301640746599437,0.22102636027305889,1.5863324724283123,1.6467427975725533,1,0,0,0,1.0574370635210921,1,0,0,0,1,0,1,0,0,0
0,0,0,0,-1.2728086989218905,1,1,0,0,0,0,0,1,1,0.6847631833575953,0.6822318783835549,0.006326045598127978,-0.56396873254911,-0.06819387034105659,0,1,1,1,-1.5513385791274037,0,1,0,1,0,0,0,0,0,1
1,1,1,0,1.519339649281326,1,0,1,1,1,0,1,1,0,1.3423251295027412,1.4025466329697085,-0.7589093172121434,1.5863324724283123,1.2180086305941509,1,0,0,0,1.2599094858623061,0,1,0,0,0,1,0,1,0,0
0,0,1,0,-0.30162666476425,1,0,0,0,0,0,0,0,1,-1.4713130470931979,-1.4637356371450765,-0.0388974707484468,-1.1015440337934654,-1.3543963712762639,1,0,0,0,-0.43517518156520973,0,0,1,0,1,0,1,0,0,0
1,0,1,0,1.397941895011621,0,0,1,1,0,1,0,1,1,-0.4552311453865022,-0.40130523433597837,-0.6223925520919656,1.0487571711839567,0.3605402966373459,1,0,0,0,0.7830198602209258,1,0,0,0,0,1,1,0,0,0
1,0,1,0,-0.9895472722925787,1,0,0,0,0,0,0,0,1,-1.4927912011130144,-1.4694107515945165,-0.22515208225341388,-1.1015440337934654,-1.3543963712762639,1,0,0,0,-1.155319480909119,0,0,1,1,0,0,1,0,0,0
1,0,0,0,-0.1397629924046432,1,0,0,1,0,1,1,0,0,0.8235451016394856,0.8476483568057409,-0.3136262995411364,0.5111818699396011,0.3605402966373459,0,0,1,0,0.5977276543117899,0,1,0,1,0,0,0,0,0,1
0,0,0,0,0.7504872055731939,1,0,0,0,0,0,0,0,0,-1.4564435558487099,-1.4736623634184585,0.2540004758937706,-1.1015440337934654,-1.3543963712762639,1,0,1,0,0.003700719983973854,0,0,1,0,0,1,1,0,0,0
1,0,1,0,0.06256659804486524,1,0,0,0,0,0,0,0,0,-1.4762695441746942,-1.4751159059223704,0.03728534938508435,-1.1015440337934654,-1.3543963712762639,1,0,0,0,-0.25267792347615703,0,0,1,0,0,1,0,1,0,0
0,0,1,1,1.4788737311914244,1,1,0,1,0,1,0,1,1,0.9441531972892232,0.9219329745842019,0.23035308497115173,0.5111818699396011,0.7892744636157483,1,0,0,0,1.1588690068267313,0,1,0,0,0,1,1,0,0,0
0,0,1,0,1.2360782226520142,1,1,0,1,1,0,1,1,1,1.4133682543375186,1.4616628987668996,-0.6202312929474004,1.0487571711839567,1.2180086305941509,0,0,0,1,1.2040182042168182,0,1,0,0,1,0,0,0,1,0
0,0,1,1,1.6002714854611295,1,1,1,1,1,1,1,1,1,1.6876277595136346,1.7457324018429048,-0.7457748189300425,2.1239077736726677,2.0754769645509556,1,0,0,0,1.3359669213429772,0,1,0,0,0,1,1,0,0,0
1,0,1,1,-0.6253540094834634,1,1,1,0,0,1,0,0,1,-0.08679819566196059,-0.007716296806589423,-0.9327728359395223,-0.026393431304754394,0.3605402966373459,0,0,0,0,0.04881777398092092,1,0,0,0,1,0,0,0,0,1
1,0,1,1,1.519339649281326,1,0,1,1,1,0,1,1,1,0.5096336198114008,0.5027415283695522,0.06396932074431863,1.5863324724283123,1.2180086305941509,1,0,0,0,1.0750143205625982,1,0,0,0,0,1,0,1,0,0
0,0,0,0,-0.949081354202677,1,0,0,0,0,0,0,0,0,-1.5093128580513346,-1.5559651700843988,0.6041081582252683,-1.1015440337934654,-1.3543963712762639,0,0,1,0,-1.1690591742922711,0,0,1,1,0,0,0,0,0,1
1,0,0,1,-0.6253540094834634,1,0,1,0,0,0,0,0,1,-0.47670929940631873,-0.49193975627641434,0.19666843184385266,-0.56396873254911,-0.49692803731945906,0,0,0,0,-0.11380836616273114,1,0,0,1,0,0,0,0,0,1
0,1,1,0,-0.05883115622483983,1,1,0,0,0,0,0,1,1,0.6649371950316108,0.6657052564089705,-0.03203094129204652,-0.56396873254911,-0.06819387034105659,0,0,0,1,0.6000623158949601,0,1,0,1,0,0,0,0,1,0
1,0,0,0,-0.5039562552137584,1,0,0,0,0,0,0,0,0,-1.4977476981945104,-1.4487777157514883,-0.5277792767709036,-1.1015440337934654,-1.3543963712762639,0,0,1,0,-0.5614853480554793,0,0,1,1,0,0,0,0,0,1
0,1,1,0,-0.30162666476425,1,1,1,0,0,1,1,0,1,0.15772232702517913,0.17669367163636748,-0.22992784152277543,0.5111818699396011,0.7892744636157483,1,0,0,0,0.34382421078720754,1,0,0,1,0,0,0,1,0,0
1,0,0,1,1.3574759769217193,1,0,0,0,0,0,0,0,0,-1.479573875562358,-1.4995559751346088,0.2874962882962693,-1.1015440337934654,-1.3543963712762639,1,0,0,0,0.140698236171053,0,0,1,0,0,1,0,1,0,0
1,0,0,0,0.7504872055731939,1,1,0,0,1,0,0,0,0,0.5046771227299045,0.6075520946270188,-1.2347216012690874,-0.56396873254911,-0.06819387034105659,1,0,1,1,0.9002128309768278,0,1,0,1,0,0,0,1,0,0
0,0,0,0,1.1956123045621125,1,0,1,0,0,1,0,1,1,0.012331745967960703,-0.08891305661381861,1.19759344991662,0.5111818699396011,0.3605402966373459,0,0,1,0,0.8385928919768565,1,0,0,0,0,1,0,0,0,1
0,0,0,0,-0.7062858456632669,1,0,1,1,1,1,1,1,0,0.6517198694809548,0.6956303101751683,-0.542074066420677,2.1239077736726677,1.6467427975725533,0,0,1,0,0.14992550912740754,1,0,0,1,0,0,0,0,0,1
1,0,0,0,-0.6253540094834634,1,0,0,0,0,0,0,0,0,-1.5060085266636707,-1.4674605820684345,-0.4041713897992818,-1.1015440337934654,-1.3543963712762639,0,0,1,0,-0.6809274656242104,0,0,1,0,0,1,0,0,0,1
1,0,0,0,-1.0300131903824803,1,1,0,0,0,0,0,0,1,-1.3110529747914916,-1.4131949952557268,1.2538713241243336,-1.1015440337934654,-0.9256622042978615,1,0,1,0,-1.1879942800966206,0,0,1,1,0,0,1,0,0,0
1,0,0,0,-1.2728086989218905,1,0,0,0,0,0,0,0,0,-1.4713130470931979,-1.4675574849020288,0.006326045598127978,-1.1015440337934654,-1.3543963712762639,0,1,1,0,-2.4363463246567685,0,0,1,1,0,0,0,0,0,1
0,0,0,0,-0.6658199275733652,1,0,0,0,0,0,0,0,0,-1.474617378480862,-1.5232584449373499,0.6264437670530492,-1.1015440337934654,-1.3543963712762639,0,0,1,0,-0.7739335914704211,0,0,1,0,1,0,0,0,0,1
0,0,1,1,0.10303251613476692,1,0,1,0,1,1,1,1,1,1.3935422660115344,1.4030173038757368,-0.16019897149085432,1.5863324724283123,1.2180086305941509,0,0,0,0,0.823640053415634,0,1,0,1,0,0,0,0,1,0
1,0,0,0,0.4672257789438821,1,1,0,1,1,1,1,1,1,0.6781545205822672,0.6405614576009556,0.4214361045395525,1.5863324724283123,1.6467427975725533,1,0,1,0,0.8148144428691089,1,0,0,0,1,0,1,0,0,0
0,0,0,0,1.0742145502924074,1,1,0,0,0,0,0,0,0,-1.3308789631174758,-1.2993046022062833,-0.3276962734140516,-1.1015440337934654,-0.9256622042978615,0,0,1,0,0.24297054123795245,0,0,1,0,0,1,0,0,1,0
1,0,0,1,1.3574759769217193,1,1,1,1,0,1,0,0,0,0.03215773429394529,0.05284503774023331,-0.24590020152814313,0.5111818699396011,0.7892744636157483,1,0,0,0,0.9201554941781994,1,0,0,0,0,1,1,0,0,0
0,0,0,0,-1.1514109446521854,1,0,0,0,0,0,0,1,1,0.47659030593476026,0.480019890381022,-0.057025863077028636,-0.56396873254911,-0.49692803731945906,0,1,1,1,-0.7307397971902881,0,1,0,1,0,0,0,0,1,0
1,0,1,0,0.42675986085398043,1,1,1,1,0,1,0,0,0,0.050331556926097476,0.09454999594925274,-0.5249686733091051,0.5111818699396011,0.7892744636157483,1,0,0,0,0.6623534370361718,1,0,0,1,0,0,1,0,0,0
0,0,1,0,1.0337486322025058,1,1,0,1,1,0,0,1,1,0.9771965111658637,1.0537656960759674,-0.9397515295773198,0.5111818699396011,0.7892744636157483,0,0,0,1,1.0761374544457738,0,1,0,0,1,0,0,0,1,0
0,1,0,0,1.0742145502924074,1,1,0,1,0,0,0,0,1,0.4782424716285922,0.43027137167157237,0.5511359408019697,-0.56396873254911,-0.06819387034105659,1,0,1,1,0.9498421511886936,0,1,0,0,0,1,0,1,0,0
1,0,1,0,0.9528167960227024,1,0,0,0,0,0,1,1,0,0.8251972673333176,0.7809256839914247,0.49538885707394437,-0.026393431304754394,-0.06819387034105659,0,0,0,1,0.9977022259000966,0,1,0,1,0,0,0,0,0,1
0,0,1,0,-0.6658199275733652,1,0,0,1,0,0,1,1,1,0.9887616710226882,0.8756923292271188,1.3038218675028233,0.5111818699396011,0.3605402966373459,1,0,0,1,0.22936008328910396,0,1,0,1,0,0,1,0,0,0
0,0,0,1,-0.38255850094405336,1,0,0,0,0,1,0,0,1,-0.504796116201463,-0.5296433848778836,0.3114322278463866,-0.56396873254911,-0.49692803731945906,0,0,0,0,0.06170636975028487,1,0,0,0,1,0,0,0,1,0
0,1,0,0,-0.6658199275733652,1,1,1,0,0,0,0,0,1,-0.3511447066750847,-0.30247049089150846,-0.5638411324783008,-0.56396873254911,-0.06819387034105659,0,0,1,0,-0.08322226150683283,1,0,0,1,0,0,0,0,1,0
0,0,1,1,0.7504872055731939,1,0,1,1,0,0,0,0,1,0.47659030593476026,0.4629730669045895,0.14468737857193043,-0.026393431304754394,-0.06819387034105659,1,0,0,0,0.8660966867889109,0,1,0,1,0,0,1,0,0,0
0,1,0,0,-0.9895472722925787,1,1,0,0,0,0,0,1,0,0.6765023548884352,0.7322700790807193,-0.6832351142122535,-0.56396873254911,-0.06819387034105659,0,0,1,1,-0.23735621202064955,0,1,0,1,0,0,0,0,1,0
1,0,1,0,0.9528167960227024,1,1,0,0,0,0,0,0,1,-1.3077486434038275,-1.3522725298566511,0.5719680873406163,-1.1015440337934654,-0.9256622042978615,1,0,0,0,0.16883795078852248,0,0,1,0,0,1,0,1,0,0
0,0,1,0,0.022100679954963547,1,0,0,0,0,0,0,0,0,-1.4762695441746942,-1.4647120653337649,-0.08582218520210372,-1.1015440337934654,-1.3543963712762639,0,0,0,0,-0.26158342178993527,0,0,1,1,0,0,0,0,0,1
1,0,1,1,-1.2728086989218905,1,0,0,0,0,0,0,0,0,-1.487834704031518,-1.4840309666130294,0.006326045598127978,-1.1015440337934654,-1.3543963712762639,0,1,0,0,-2.4513743777553683,0,0,1,1,0,0,0,0,0,1
1,0,0,1,-1.1109450265622838,1,0,0,0,0,0,0,0,0,-1.4713130470931979,-1.5812245087079333,1.351335799009192,-1.1015440337934654,-1.3543963712762639,0,1,0,0,-1.563843632784019,0,0,1,1,0,0,0,0,0,1
0,0,1,0,-0.5848880913935618,1,0,1,0,0,0,0,0,0,0.33285189057137377,0.49910167336293104,-1.978700426223516,-0.56396873254911,-0.49692803731945906,0,0,0,0,0.21933311566523736,0,1,0,1,0,0,0,0,1,0
1,0,0,1,-1.1514109446521854,1,0,1,0,0,0,0,0,1,-0.5064482818952951,-0.6142311322721955,1.2928571140782754,-0.56396873254911,-0.49692803731945906,0,1,0,0,-1.0709508701946786,1,0,0,1,0,0,0,0,1,0
0,0,0,0,0.34582802467417706,1,1,1,0,1,1,0,1,1,0.32789539348987795,0.35051220763716173,-0.2789358321136575,1.0487571711839567,1.2180086305941509,1,0,1,0,0.7008367543958575,1,0,0,1,0,0,1,0,0,0
0,0,1,0,1.5598055673712277,1,1,0,1,1,1,1,1,0,1.4711940536216395,1.443608360561704,0.27565745366023525,1.5863324724283123,1.6467427975725533,0,0,0,0,1.2761090176016707,0,1,0,0,0,1,0,0,1,0
0,0,0,0,-1.0704791084723821,1,0,0,0,0,0,0,1,1,-0.32140572418610824,-0.2638950878849155,-0.669427646936897,-0.56396873254911,-0.49692803731945906,0,1,1,0,-0.6865276159232157,1,0,0,1,0,0,0,0,1,0
1,0,0,0,-1.2728086989218905,1,0,0,1,0,0,0,0,1,-0.48166579648781477,-0.48079593041309043,0.006326045598127978,-0.56396873254911,-0.49692803731945906,0,1,1,0,-1.8817788979904917,1,0,0,1,0,0,0,0,0,1
1,0,1,1,1.0742145502924074,1,1,0,0,1,0,1,1,1,1.1490217433243946,1.1402505122602575,0.06414395442812754,0.5111818699396011,0.7892744636157483,1,0,0,1,1.103755651433657,0,1,0,0,0,1,0,1,0,0
1,0,0,0,0.34582802467417706,1,1,0,1,1,0,1,1,1,1.3208469754829253,1.3596134104951638,-0.5042927155059618,1.0487571711839567,1.2180086305941509,0,0,1,1,0.9154659396810348,0,1,0,1,0,0,0,0,1,0
0,1,1,1,-0.05883115622483983,1,0,0,0,1,1,1,1,1,1.1291957549984104,0.9610588414081369,1.950585118785135,1.0487571711839567,0.7892744636157483,0,0,0,0,0.6632080152172715,0,1,0,1,0,0,0,0,1,0
0,0,0,0,-0.7467517637531685,1,0,0,0,0,1,1,1,1,0.1626788241066754,0.035294718047258346,1.50170956026012,0.5111818699396011,0.3605402966373459,0,0,1,0,-0.060707707368401885,1,0,0,1,0,0,0,0,1,0
1,0,0,0,1.6002714854611295,0,0,1,1,1,1,1,1,1,0.027201237212449027,0.06678717762771257,-0.46935473877047673,2.1239077736726677,1.2180086305941509,1,0,1,0,0.9789322083445009,1,0,0,0,0,1,1,0,0,0
1,0,1,1,-1.1109450265622838,1,1,0,0,0,0,0,0,1,-1.2829661579963472,-1.2435181336324201,-0.42251764389525537,-1.1015440337934654,-0.9256622042978615,1,1,0,0,-1.2660533188468146,0,0,1,1,0,0,1,0,0,0
0,0,1,1,1.6002714854611295,1,1,1,1,0,1,0,0,1,0.8466754213531336,0.8703041279174788,-0.30880908986291994,0.5111818699396011,0.7892744636157483,1,0,0,0,1.174932251692602,0,1,0,0,0,1,1,0,0,0
1,0,0,0,-0.42302441903395505,0,0,0,1,1,0,0,1,1,-0.693143005298314,-0.7798645029300748,1.0500819675468995,0.5111818699396011,-0.06819387034105659,1,0,1,0,-0.07297705072709651,1,0,0,0,1,0,1,0,0,0
0,0,0,0,-0.7062858456632669,1,0,0,0,1,0,1,1,1,0.9672835170028716,1.1735809262170005,-2.4744697218045,0.5111818699396011,0.3605402966373459,1,0,1,1,0.2481537018374141,0,1,0,1,0,0,0,1,0,0
0,0,1,1,-0.8681495180228737,1,1,0,0,0,1,0,1,1,0.05363588831376134,0.08574208152068614,-0.3817597725797697,-0.026393431304754394,0.3605402966373459,0,0,0,0,-0.19790703114103955,1,0,0,1,0,0,0,0,1,0
0,0,1,1,1.6002714854611295,1,1,1,1,1,1,1,1,1,1.7851055354497243,1.8353984779893098,-0.6567031182713788,2.1239077736726677,2.0754769645509556,1,0,0,0,1.3503549769628473,0,1,0,0,0,1,1,0,0,0
1,0,0,0,-1.2728086989218905,1,0,0,0,0,0,0,0,0,-1.4680087157055342,-1.4642627885598287,0.006326045598127978,-1.1015440337934654,-1.3543963712762639,0,1,1,0,-2.4333832813770204,0,0,1,1,0,0,0,0,0,1
0,0,1,1,-0.09929707431474152,1,1,0,0,1,0,1,1,1,1.1671955659565467,1.2122936082378524,-0.5739124615497411,0.5111818699396011,0.7892744636157483,0,0,0,1,0.6917080265980055,0,1,0,1,0,0,0,0,1,0
0,0,0,0,-1.232342780831989,1,0,0,0,0,0,1,0,1,0.49641629426074435,0.5768015954331508,-0.9683187032504693,-0.56396873254911,-0.49692803731945906,0,1,1,1,-1.1424436313927306,0,1,0,1,0,0,0,0,1,0
0,0,0,0,-1.2728086989218905,1,0,0,0,0,0,0,0,0,-1.46470438431787,-1.4609680922176285,0.006326045598127978,-1.1015440337934654,-1.3543963712762639,0,1,1,0,-2.4304341165709933,0,0,1,1,0,0,0,0,0,1
0,0,0,0,-1.2728086989218905,0,0,0,0,0,0,0,0,0,-1.3060964777099955,-1.3028226677920223,0.006326045598127978,-1.1015440337934654,-1.3543963712762639,0,1,1,0,-2.3030137012183185,1,0,0,1,0,0,0,0,0,1
0,1,1,0,0.2648961884943737,1,0,1,1,0,0,1,1,0,1.135804417773738,1.1429824899312344,-0.12412640540160931,1.0487571711839567,0.7892744636157483,0,0,0,0,0.8436778693830813,0,1,0,0,1,0,0,0,0,1
1,0,1,1,0.3053621065842754,1,1,0,0,1,0,1,1,1,0.3245910621022136,0.3509089774710544,-0.3226165571382736,0.5111818699396011,0.7892744636157483,0,0,0,0,0.6853948009103269,1,0,0,1,0,0,0,0,1,0
1,0,1,1,0.7504872055731939,1,0,0,0,0,0,0,0,0,-1.4927912011130144,-1.431025116637045,-0.6793652012388848,-1.1015440337934654,-1.3543963712762639,1,0,0,0,0.04311306689129552,0,0,1,0,0,1,0,1,0,0
0,0,1,1,0.7100212874832923,1,0,0,0,0,0,0,0,0,-1.47296521278703,-1.519679581035635,0.6035883476925484,-1.1015440337934654,-1.3543963712762639,1,0,0,0,-0.05425601679274226,0,0,1,0,0,1,1,0,0,0
1,0,0,0,1.6002714854611295,1,0,0,0,0,0,0,0,1,-1.4514870587672137,-1.4369900243938387,-0.12146071036202204,-1.1015440337934654,-1.3543963712762639,0,0,1,0,0.2547024985443554,0,0,1,0,0,1,0,0,0,1
1,0,1,0,1.155146386472211,1,1,0,0,0,0,1,1,1,1.049891801694473,0.9313595321277859,1.3663549148111211,-0.026393431304754394,0.3605402966373459,1,0,0,1,1.083228528076931,0,1,0,0,1,0,1,0,0,0
1,1,1,0,-0.22069482858444658,1,1,1,0,1,0,0,0,1,0.6996326746020837,0.5760084277952136,1.4386928468689595,-0.026393431304754394,0.3605402966373459,0,0,0,0,0.4926114898217754,0,1,0,0,1,0,0,0,1,0
0,0,0,0,0.10303251613476692,1,0,0,0,1,0,0,1,1,-0.08679819566196059,-0.1599395737734009,0.8684689434367752,-0.026393431304754394,-0.06819387034105659,0,0,1,0,0.4564401604752048,1,0,0,1,0,0,0,0,1,0
1,0,1,0,-0.7872176818430703,1,1,0,0,1,0,1,1,1,1.2398908564851558,1.3111387224735254,-0.8858487629632782,0.5111818699396011,0.7892744636157483,1,0,0,1,0.18375910383834188,0,1,0,1,0,0,0,1,0,0
1,0,0,0,-0.30162666476425,1,0,0,0,0,0,0,0,0,0.20563513214630796,0.19606648612850403,0.10612966788022442,-1.1015440337934654,-0.9256622042978615,0,0,1,1,0.3490802261823389,0,1,0,1,0,0,0,0,0,1
0,1,0,0,-0.5848880913935618,1,0,0,0,1,0,0,1,1,0.6682415264192751,0.5093518397608872,1.85706812980063,-0.026393431304754394,-0.06819387034105659,0,0,1,1,0.22177859850202597,0,1,0,1,0,0,0,0,1,0
0,1,1,1,-0.8276835999329719,0,0,0,0,0,1,0,0,1,-1.1706188908157695,-1.1559341225356001,-0.13337303507016995,-0.56396873254911,-0.9256622042978615,0,0,0,0,-0.658570837775855,1,0,0,1,0,0,0,0,0,1
0,0,0,0,-1.1109450265622838,1,1,0,0,1,1,0,0,1,0.5955462358906659,0.6196326478817523,-0.30556027403342206,-0.026393431304754394,0.3605402966373459,0,1,1,0,-0.5579418626637616,0,1,0,1,0,0,0,0,1,0
1,0,0,0,-1.2728086989218905,1,0,0,0,0,1,0,0,0,-0.5180134417521194,-0.5170375901772919,0.006326045598127978,-0.56396873254911,-0.49692803731945906,0,1,1,0,-1.895467383506346,1,0,0,1,0,0,0,0,0,1
1,0,0,0,0.7100212874832923,1,1,0,0,0,0,0,0,0,-1.3160094718729878,-1.345488985423514,0.39423465563986876,-1.1015440337934654,-0.9256622042978615,1,0,1,0,0.10297996657692678,0,0,1,0,0,1,1,0,0,0
1,1,0,0,-1.2728086989218905,1,0,0,0,0,0,0,0,0,-0.6088825549128808,-0.6076417395877954,0.006326045598127978,-1.1015440337934654,-0.9256622042978615,0,1,1,0,-1.931050044369773,1,0,0,1,0,0,0,0,1,0
0,0,1,1,1.3170100588318177,1,1,1,1,0,1,1,0,1,1.134152252079906,1.119387395357478,0.13557893383004802,1.0487571711839567,1.2180086305941509,1,0,0,0,1.1607014366572665,0,1,0,0,0,1,0,1,0,0
0,0,0,0,-1.0300131903824803,1,1,0,0,0,0,0,0,1,0.3014607423885652,0.2732188610447106,0.32378176379452367,-1.1015440337934654,-0.49692803731945906,0,0,1,1,-0.43104391757989685,0,1,0,1,0,0,0,0,1,0
1,0,0,0,-0.2611607466743483,1,0,0,0,0,1,1,0,0,-0.1743629774350579,-0.22342945845122658,0.586614534527987,-0.026393431304754394,-0.06819387034105659,1,0,1,0,0.24880121675072184,1,0,0,0,1,0,0,1,0,0
0,0,1,0,0.38629394276407875,1,1,0,0,0,0,0,0,0,-1.3044443120161635,-1.2637569825916495,-0.43644114030737774,-1.1015440337934654,-0.9256622042978615,0,0,0,0,0.055408591055980574,0,0,1,0,0,1,0,0,1,0
1,0,1,0,-0.018365238134938143,1,1,0,1,0,0,1,1,1,1.127543589304578,1.1059092361383527,0.21709297253663382,0.5111818699396011,0.7892744636157483,1,0,0,1,0.7119896105413649,0,1,0,1,0,0,0,1,0,0
0,1,0,0,-0.6658199275733652,1,1,0,0,0,0,1,0,1,0.6616328636439469,0.647122770486985,0.1488678401172331,-0.56396873254911,-0.06819387034105659,0,0,1,1,0.17964838862380605,0,1,0,1,0,0,0,0,1,0
1,0,0,0,0.2648961884943737,1,1,1,1,0,0,1,1,1,1.3770206090732142,1.2804304629763525,1.0954290752089473,1.0487571711839567,1.2180086305941509,0,0,1,0,0.869549076305343,0,1,0,1,0,0,0,0,1,0
1,0,0,0,1.4384078131015228,1,1,1,1,1,0,0,1,1,1.2349343594036595,1.3308752207542052,-1.177867324252921,1.0487571711839567,1.2180086305941509,1,0,1,0,1.228767068804626,0,1,0,0,0,1,1,0,0,0
0,0,0,0,-0.9895472722925787,1,0,0,1,0,1,1,0,1,0.023896905824785163,0.15034433763962185,-1.4970634795008344,0.5111818699396011,0.3605402966373459,0,0,1,0,-0.38006415751553274,1,0,0,1,0,0,0,0,1,0
1,0,0,0,0.3053621065842754,1,1,0,1,1,0,1,1,1,1.314238312707597,1.1919625862261922,1.4015300035748948,1.0487571711839567,1.2180086305941509,1,0,1,1,0.8689567987611136,0,1,0,1,0,0,0,1,0,0
1,0,1,1,-0.949081354202677,1,0,0,1,0,1,1,1,1,1.2151083710776756,1.1866864961115304,0.29438771581337664,1.0487571711839567,0.7892744636157483,0,0,0,0,-0.07071894685452494,0,1,0,1,0,0,0,0,1,0
1,0,1,1,-0.7062858456632669,1,0,0,0,0,0,0,0,1,-1.4944433668068464,-1.6064838473314675,1.3773263256451551,-1.1015440337934654,-1.3543963712762639,0,0,0,0,-0.9064601313899416,0,0,1,0,1,0,0,0,0,1
1,0,0,1,0.10303251613476692,1,0,0,0,1,0,1,0,1,0.6748501891946033,0.7197443495940334,-0.5545123898821763,-0.026393431304754394,-0.06819387034105659,0,0,0,1,0.6884866375210785,0,1,0,0,1,0,0,0,1,0
1,0,0,0,-1.2728086989218905,1,0,0,0,0,0,0,0,0,-1.4597478872363738,-1.4560260477043285,0.006326045598127978,-1.1015440337934654,-1.3543963712762639,1,1,1,0,-2.426036108923032,0,0,1,1,0,0,0,1,0,0
0,0,0,1,-1.1514109446521854,1,0,0,0,0,0,0,0,1,-1.4762695441746942,-1.4288448028811773,-0.5102356712916283,-1.1015440337934654,-1.3543963712762639,1,1,0,0,-1.5509745169403502,0,0,1,1,0,0,1,0,0,0
0,1,0,0,-1.1109450265622838,0,0,0,1,0,0,0,0,0,-1.1987057076109138,-1.269546234735801,0.8796077405664706,-0.56396873254911,-0.9256622042978615,0,1,1,0,-1.284611646862414,1,0,0,1,0,0,0,0,1,0
1,0,0,0,-0.7062858456632669,1,1,0,0,0,0,0,0,1,-1.268096666751859,-1.3015047892551423,0.439068314086905,-1.1015440337934654,-0.9256622042978615,0,0,1,0,-0.6197453601223698,0,0,1,1,0,0,0,0,1,0
1,0,0,0,1.3574759769217193,1,1,1,1,1,1,1,1,1,1.6380627886986738,1.5528304269891646,0.9520267988748565,2.1239077736726677,2.0754769645509556,1,0,1,0,1.2490724986686634,0,1,0,0,1,0,1,0,0,0
1,0,0,0,1.114680468382309,1,1,0,1,0,0,1,0,1,0.8318059301086458,0.8599807460452518,-0.3620896694666391,-0.026393431304754394,0.3605402966373459,1,0,1,1,1.0579859051630316,0,1,0,1,0,0,1,0,0,0
1,0,0,1,0.6695553693933906,1,1,1,1,1,0,1,1,1,1.4695418879278075,1.424143703686335,0.486487764724764,1.5863324724283123,1.6467427975725533,1,0,0,0,1.0392003196515258,0,1,0,0,1,0,0,1,0,0
1,1,1,0,0.42675986085398043,1,1,0,1,0,0,1,1,1,1.1985867141393551,1.2293430233016946,-0.40529136461327797,0.5111818699396011,0.7892744636157483,0,0,0,1,0.9215197159341402,0,1,0,1,0,0,0,0,1,0
0,0,1,1,-0.018365238134938143,1,1,1,0,0,0,1,0,0,0.8218929359456532,0.8545856807848993,-0.41520780827889475,-0.026393431304754394,0.3605402966373459,0,0,0,0,0.6611507374735829,0,1,0,1,0,0,0,0,1,0
1,0,1,1,-0.09929707431474152,1,0,0,1,1,0,0,0,0,0.5724159161770175,0.6895900335478018,-1.4062590770664396,-0.026393431304754394,-0.06819387034105659,1,0,0,1,0.5847727995460956,0,1,0,1,0,0,1,0,0,0
0,0,0,0,-1.0704791084723821,1,0,0,0,0,0,1,1,1,0.8185886045579893,1.0149962089457678,-2.3523142466154763,-0.026393431304754394,-0.06819387034105659,0,1,1,1,-0.3590508007268311,0,1,0,1,0,0,0,0,1,0
0,0,0,0,0.14349843422466863,1,1,0,1,0,0,1,1,1,1.1374565834675705,1.1758872136565408,-0.49399159214415117,0.5111818699396011,0.7892744636157483,0,0,1,1,0.7995837041130076,0,1,0,1,0,0,0,0,1,0
1,0,1,0,-0.34209258285415167,1,0,1,0,0,1,0,1,1,0.8103277760888292,0.9010546271113463,-1.1015201522597728,0.5111818699396011,0.3605402966373459,0,0,0,0,0.48979872842815764,0,1,0,1,0,0,0,0,1,0
1,1,1,0,-0.1802289104945449,1,1,0,1,0,1,1,1,1,1.3571946207472296,1.3945922946578253,-0.48935042667344464,1.0487571711839567,1.2180086305941509,0,0,0,0,0.6816791409580102,0,1,0,1,0,0,0,0,1,0
1,0,0,0,1.519339649281326,0,0,1,0,1,1,0,1,0,-0.5394915957719357,-0.5126603507512258,-0.2988769957556056,1.0487571711839567,0.3605402966373459,1,0,1,0,0.7687569858994138,1,0,0,0,0,1,1,0,0,0
0,0,1,0,-0.2611607466743483,1,0,0,1,0,1,1,1,1,0.27502609128725286,0.34997442418168034,-0.89634493718165,1.0487571711839567,0.7892744636157483,0,0,0,0,0.4140298218058717,1,0,0,1,0,0,0,0,1,0
0,0,0,0,-1.1109450265622838,1,0,0,0,0,0,1,0,1,0.537720436606545,0.43414124381588526,1.2070883761795992,-0.56396873254911,-0.49692803731945906,1,1,1,1,-0.6017589361780983,0,1,0,1,0,0,0,1,0,0
1,0,0,0,1.0742145502924074,1,0,0,0,0,0,0,0,1,-1.4713130470931979,-1.467278273347605,0.003022165093556298,-1.1015440337934654,-1.3543963712762639,1,0,1,0,0.10142531798468275,0,0,1,0,0,1,1,0,0,0
1,0,1,0,0.022100679954963547,1,0,1,1,0,1,0,0,1,-0.12149367523243328,-0.11793005599713989,-0.03797598844044588,0.5111818699396011,0.3605402966373459,0,0,0,0,0.43266789307154035,1,0,0,0,0,1,0,0,0,1
0,0,0,0,-1.232342780831989,1,0,0,0,0,0,0,0,1,-0.6237520461573689,-0.3934864773447871,-2.703186356200971,-1.1015440337934654,-0.9256622042978615,0,1,1,0,-1.4194169469343922,1,0,0,1,0,0,0,0,0,1
0,0,0,0,0.224430270404472,1,1,1,1,1,0,0,0,1,0.047027225538433616,0.05389860491186198,-0.08293089455958322,0.5111818699396011,0.7892744636157483,1,0,1,0,0.5729571752474205,1,0,0,1,0,0,1,0,0,0
1,0,1,1,0.7504872055731939,1,1,0,1,0,1,0,0,0,0.6434590410117947,0.6446335789490358,-0.03609966699881116,-0.026393431304754394,0.3605402966373459,1,0,0,0,0.9086729841691069,0,1,0,0,1,0,1,0,0,0
0,0,0,0,-1.2728086989218905,1,0,0,0,0,0,0,0,1,0.1825048124326595,0.1814380343691354,0.006326045598127978,-1.1015440337934654,-0.9256622042978615,0,1,1,1,-1.6730940133079395,0,1,0,1,0,0,0,0,1,0
1,0,1,1,-1.1109450265622838,1,1,0,1,0,0,0,0,1,0.5096336198114008,0.403830037467644,1.2343784291473627,-0.56396873254911,-0.06819387034105659,0,1,0,1,-0.6092181258112577,0,1,0,1,0,0,0,0,1,0
0,0,0,0,-1.0300131903824803,1,0,0,0,0,1,1,1,1,0.19902646937097979,-0.011301701649571932,2.4819237076735625,0.5111818699396011,0.3605402966373459,1,0,1,0,-0.5101105116210213,1,0,0,1,0,0,0,1,0,0
0,0,0,0,-0.8681495180228737,1,0,0,1,1,1,0,1,1,0.9738921797781999,0.8617928290334615,1.292857114078281,1.0487571711839567,0.7892744636157483,0,0,1,0,-0.009280838300685174,0,1,0,1,0,0,0,0,1,0
0,0,0,0,-1.2728086989218905,1,0,0,0,0,0,0,0,1,-1.4713130470931979,-1.4675574849020288,0.006326045598127978,-1.1015440337934654,-1.3543963712762639,1,1,1,0,-2.4363463246567685,0,0,1,1,0,0,1,0,0,0
0,0,0,0,1.6002714854611295,1,1,1,1,1,1,1,1,1,1.7091059135334512,1.5338880030065785,2.0143649628786946,2.1239077736726677,2.0754769645509556,1,0,1,0,1.3006079452055819,0,1,0,0,0,1,1,0,0,0
1,0,0,0,0.4672257789438821,1,0,0,0,0,0,0,0,0,-1.46470438431787,-1.4550151749629716,-0.06411418852320211,-1.1015440337934654,-1.3543963712762639,1,0,1,0,-0.07162121684518356,0,0,1,0,0,1,0,1,0,0
1,0,0,0,-1.191876862742087,1,0,0,1,0,0,0,0,0,0.3212867307145498,0.2951050581750399,0.2987194702527072,-0.56396873254911,-0.49692803731945906,1,1,1,1,-0.9572292818665593,0,1,0,1,0,0,0,1,0,0
0,0,1,1,0.06256659804486524,1,1,0,0,1,0,1,0,0,0.7508498111108763,0.652046645718986,1.1432204791079938,-0.026393431304754394,0.3605402966373459,0,0,0,1,0.6551244368168064,0,1,0,1,0,0,0,0,1,0
1,0,1,1,0.5076916970337838,1,1,1,1,0,1,1,0,0,0.3014607423885652,0.3350074916527969,-0.4073565033576123,1.0487571711839567,1.2180086305941509,1,0,0,0,0.7554906864706468,1,0,0,0,0,1,0,1,0,0
0,0,0,1,-0.7872176818430703,1,0,0,0,1,1,0,0,0,-0.37262286069490097,-0.31314657423113756,-0.6909198131935614,-0.026393431304754394,-0.06819387034105659,0,0,0,0,-0.21747593265563295,1,0,0,1,0,0,0,0,0,1
0,0,1,1,-0.7062858456632669,1,1,0,0,0,0,0,0,1,-1.3044443120161635,-1.2658122455479741,-0.4121214332408701,-1.1015440337934654,-0.9256622042978615,0,0,0,0,-0.5933523288586887,0,0,1,1,0,0,0,0,1,0
0,0,0,0,-1.2728086989218905,1,0,0,0,0,0,0,0,0,-0.6799256797476578,-0.6784777109450981,0.006326045598127978,-1.1015440337934654,-0.9256622042978615,1,1,1,0,-1.9603411645008757,1,0,0,1,0,0,1,0,0,0
0,0,1,1,1.2765441407419158,1,1,1,0,0,1,1,1,1,1.3109339813199332,1.32716868736923,-0.23733514161402136,1.0487571711839567,1.2180086305941509,1,0,0,0,1.189926551533266,0,1,0,0,1,0,1,0,0,0
1,0,0,0,-1.1514109446521854,0,0,0,0,1,0,0,0,1,-1.1590537309589453,-1.1570323546496668,0.016072493086613397,-0.56396873254911,-0.9256622042978615,0,1,1,0,-1.3474907369156723,1,0,0,1,0,0,0,0,1,0
0,1,0,0,-0.38255850094405336,1,0,1,0,0,0,0,0,1,0.35267787889735835,0.22126088580964134,1.5428746800872657,-0.56396873254911,-0.49692803731945906,1,0,1,0,0.303380479043718,0,1,0,1,0,0,1,0,0,0
0,0,0,0,-0.8681495180228737,1,1,0,0,1,0,1,1,1,1.190325885670195,1.2507167563377224,-0.7556689398653202,0.5111818699396011,0.7892744636157483,0,0,1,1,0.06752429001456381,0,1,0,1,0,0,0,0,1,0
0,0,0,0,0.224430270404472,1,1,0,0,1,1,1,1,1,1.2861514959124527,1.3250444752538644,-0.5045929911667157,1.0487571711839567,1.2180086305941509,0,0,1,0,0.8613717975416537,0,1,0,1,0,0,0,0,1,0
1,0,0,0,-0.9895472722925787,1,0,1,0,1,0,0,1,1,0.0652010481705858,0.2514503316408881,-2.206117534288187,0.5111818699396011,0.3605402966373459,0,0,1,0,-0.3528322982206206,1,0,0,1,0,0,0,0,1,0
1,0,0,0,1.2765441407419158,1,1,0,1,0,1,1,1,1,1.3522381236657337,1.420604216448812,-0.8556254041648502,1.0487571711839567,1.2180086305941509,1,0,1,0,1.2067005941696523,0,1,0,0,1,0,0,1,0,0
0,0,1,1,0.2648961884943737,1,1,0,1,1,1,0,0,1,0.8202407702518213,0.8021081376036054,0.18626046077017883,0.5111818699396011,0.7892744636157483,0,0,0,0,0.774517269216727,0,1,0,0,1,0,0,0,1,0
0,1,0,0,-1.2728086989218905,1,0,0,0,0,0,0,0,1,0.16928748688200312,0.16825924900033468,0.006326045598127978,-1.1015440337934654,-0.9256622042978615,0,1,1,1,-1.6766388251195101,0,1,0,1,0,0,0,0,1,0
0,1,1,0,1.6002714854611295,1,1,1,1,1,1,1,1,1,0.8301537644148134,0.9315992077838274,-1.2290361735674757,2.1239077736726677,2.0754769645509556,1,0,0,0,1.1876511655375452,1,0,0,0,0,1,1,0,0,0
0,1,0,0,-0.6658199275733652,1,0,0,0,0,1,1,0,0,-0.17601514312889008,-0.024686405539760186,-1.7845836804111697,-0.026393431304754394,-0.06819387034105659,0,0,1,0,0.005638897006178987,1,0,0,1,0,0,0,0,1,0
0,0,1,1,-0.7872176818430703,1,0,0,0,0,0,0,0,0,-1.4927912011130144,-1.4607146540374594,-0.3280520759299291,-1.1015440337934654,-1.3543963712762639,0,0,0,0,-0.8429512857585184,0,0,1,0,0,1,0,0,0,1
1,1,1,0,-1.232342780831989,1,1,0,0,0,0,1,0,1,0.7310238227848918,0.44254271948849544,3.3883433241027596,-0.56396873254911,-0.06819387034105659,0,1,0,1,-1.1742398313382054,0,1,0,1,0,0,0,0,0,1
1,0,0,1,-0.8681495180228737,1,1,0,0,1,0,0,0,1,0.43859049497662345,0.41820689423360824,0.2260641344294477,-0.56396873254911,-0.06819387034105659,0,0,0,1,-0.11010586499089549,0,1,0,1,0,0,0,0,0,1
1,0,0,0,0.2648961884943737,0,0,0,0,0,1,0,1,1,-0.7972294440097316,-0.8705416118166877,0.8950021294200815,-0.026393431304754394,-0.49692803731945906,0,0,1,0,0.2435602547871837,1,0,0,1,0,0,0,0,1,0
1,0,1,1,1.5598055673712277,1,1,1,1,1,1,1,1,0,0.848327587046966,0.9611673672985543,-1.3644912025711777,2.1239077736726677,2.0754769645509556,0,0,0,0,1.184890921403367,1,0,0,0,0,1,0,0,1,0
1,0,0,1,-1.2728086989218905,1,0,0,0,0,0,0,0,0,-1.4927912011130144,-1.4889730111263297,0.006326045598127978,-1.1015440337934654,-1.3543963712762639,0,1,0,0,-2.4559536381938125,0,0,1,1,0,0,0,0,0,1
0,0,0,0,-0.949081354202677,1,0,0,0,0,0,0,1,1,0.4898076314854162,0.5151175583597374,-0.31638966013174286,-0.56396873254911,-0.49692803731945906,0,0,1,1,-0.2128522591797473,0,1,0,1,0,0,0,0,1,0
1,0,0,0,-1.2728086989218905,0,0,0,0,0,0,0,1,1,-0.9674025104744302,-0.9651162927165091,0.006326045598127978,-0.56396873254911,-0.9256622042978615,0,1,1,0,-2.0951160491655667,1,0,0,1,0,0,0,0,1,0
1,0,1,1,1.4788737311914244,1,1,0,0,0,0,0,0,0,-1.3308789631174758,-1.3126590075962719,-0.1696750206432285,-1.1015440337934654,-0.9256622042978615,1,0,0,0,0.33133187727760727,0,0,1,0,0,1,1,0,0,0
0,0,1,1,-1.232342780831989,1,0,0,0,0,0,0,0,0,-1.4680087157055342,-1.6075820794455342,1.7022079085946877,-1.1015440337934654,-1.3543963712762639,0,1,0,0,-2.1596350719892508,0,0,1,0,1,0,0,0,0,1
0,0,0,0,-1.2728086989218905,1,0,0,0,0,0,0,0,1,0.17259181826966746,0.1715539453425351,0.006326045598127978,-1.1015440337934654,-0.9256622042978615,0,1,1,1,-1.6757507494645763,0,1,0,1,0,0,0,0,0,1
1,0,1,0,1.155146386472211,1,1,0,1,1,0,1,1,1,1.3489337922780695,1.2596139095002656,1.0103699147398637,1.0487571711839567,1.2180086305941509,0,0,0,1,1.1472901339278834,0,1,0,1,0,0,0,0,1,0
0,1,0,0,-1.1109450265622838,1,0,1,1,0,1,0,0,0,-0.1594934861905698,-0.23632946182184064,0.9146949515250172,0.5111818699396011,0.3605402966373459,1,1,1,0,-0.7917711595780346,1,0,0,1,0,0,0,1,0,0
0,0,0,0,-0.7467517637531685,1,1,0,1,0,0,0,0,1,-0.34618820959358865,-0.31347242331992653,-0.3751777560940397,-0.56396873254911,-0.06819387034105659,0,0,1,0,-0.1709893236788658,1,0,0,0,1,0,0,0,0,1
1,0,0,1,-1.2728086989218905,1,0,0,0,0,1,0,1,1,-0.17105864604739404,-0.17109447424627844,0.006326045598127978,-0.026393431304754394,-0.06819387034105659,0,1,0,0,-1.7755533028259598,1,0,0,1,0,0,0,0,0,1
1,1,0,0,-0.9895472722925787,1,0,1,0,0,1,1,1,0,1.1754563944257068,1.2948394795113913,-1.4532044658026486,1.0487571711839567,0.7892744636157483,1,0,1,0,-0.12463262580737895,0,1,0,1,0,0,0,1,0,0
0,0,0,0,-0.9086154361127753,0,0,0,1,0,1,0,0,0,-0.9409678593731178,-0.9008697140436068,-0.4420105388722262,-0.026393431304754394,-0.49692803731945906,0,0,1,0,-0.6274220241524152,1,0,0,1,0,0,0,0,1,0
1,1,0,0,-0.9895472722925787,1,0,0,0,0,0,0,0,1,0.17259181826966746,0.1843208936685607,-0.14474389047340572,-1.1015440337934654,-0.9256622042978615,1,0,1,1,-0.37078091619818837,0,1,0,1,0,0,0,1,0,0
1,0,0,0,-1.1514109446521854,1,1,0,0,0,0,0,0,1,0.24693927449210862,0.38365002237166834,-1.6262039087232727,-1.1015440337934654,-0.49692803731945906,1,1,1,1,-0.7543240290534143,0,1,0,1,0,0,1,0,0,0
1,1,1,0,1.4788737311914244,1,1,1,0,1,1,1,1,1,1.514150361661272,1.5006774240861827,0.10718058917462926,1.5863324724283123,1.6467427975725533,0,0,0,0,1.268086166696496,0,1,0,0,1,0,0,0,0,1
0,0,1,1,1.6002714854611295,1,1,1,1,1,1,1,1,1,1.6810190967383065,1.6285418833377026,0.56295649105166,2.1239077736726677,2.0754769645509556,1,0,0,0,1.316652491573169,0,1,0,0,0,1,1,0,0,0
1,0,0,0,1.0337486322025058,1,1,0,0,0,0,0,0,1,-1.3027921463223315,-1.295580016350117,-0.040389685467373294,-1.1015440337934654,-0.9256622042978615,1,0,1,0,0.2350188931645892,0,0,1,0,0,1,0,1,0,0
1,0,1,1,1.4384078131015228,1,0,0,0,0,0,0,0,1,-1.479573875562358,-1.501643056618761,0.312192500604438,-1.1015440337934654,-1.3543963712762639,1,0,0,0,0.1574043223156671,0,0,1,0,0,1,1,0,0,0
1,1,0,0,1.519339649281326,0,0,0,1,1,0,1,0,1,-0.6832300111353219,-0.7155901118854524,0.4064873324825364,0.5111818699396011,-0.06819387034105659,1,0,1,0,0.6845384811799162,1,0,0,0,1,0,0,1,0,0
1,0,1,0,0.7504872055731939,1,1,0,1,0,0,0,1,1,0.8466754213531336,0.8480003257185653,-0.04489058041980159,-0.026393431304754394,0.3605402966373459,1,0,0,1,0.9531521593428414,0,1,0,0,1,0,0,1,0,0
1,0,1,1,1.6002714854611295,1,1,1,1,1,1,1,1,1,0.8152842731703255,0.7848021818702438,0.33256130180995075,2.1239077736726677,2.0754769645509556,0,0,0,0,1.1567499153971306,1,0,0,0,0,1,0,0,0,1
0,0,1,0,-1.191876862742087,1,1,0,0,0,0,0,0,1,0.3311997248775418,0.3873565557566434,-0.6759252785958901,-1.1015440337934654,-0.49692803731945906,1,1,0,1,-0.9338548678507236,0,1,0,1,0,0,0,1,0,0
0,0,0,0,1.0337486322025058,1,1,1,1,1,1,0,0,1,0.21059162922780375,0.3090791150747162,-1.1726580161125222,1.0487571711839567,1.2180086305941509,1,0,1,0,0.9085924570076417,1,0,0,0,1,0,0,1,0,0
0,0,0,0,-0.09929707431474152,1,0,0,0,0,1,1,1,1,0.980500842553528,0.7641599940929314,2.526107602954703,0.5111818699396011,0.3605402966373459,1,0,1,0,0.6011846577164833,0,1,0,0,1,0,1,0,0,0
1,0,1,1,1.6002714854611295,1,1,0,1,1,1,1,1,1,1.5703239952515609,1.5467464706754426,0.22480891013168927,1.5863324724283123,1.6467427975725533,1,0,0,0,1.3028116989850853,0,1,0,0,0,1,1,0,0,0
1,1,1,0,-0.1397629924046432,1,1,0,0,1,0,1,1,1,1.115978429447754,1.279935238946137,-1.9785883980914662,0.5111818699396011,0.7892744636157483,0,0,0,1,0.6829690225879792,0,1,0,1,0,0,0,0,1,0
1,0,0,0,0.4672257789438821,1,1,1,1,1,0,1,1,1,1.5455415098440806,1.547351746329218,-0.07474667669245819,1.5863324724283123,1.6467427975725533,0,0,1,0,0.9928794343207409,0,1,0,1,0,0,0,0,1,0
1,0,0,0,-1.191876862742087,1,0,0,0,0,0,0,0,0,-1.4911390354191822,-1.4593207440465283,-0.32505316901039427,-1.1015440337934654,-1.3543963712762639,0,1,1,0,-1.7571083392563105,0,0,1,0,1,0,0,0,0,1
1,0,1,1,0.9528167960227024,1,1,0,0,0,0,0,0,0,-1.340791957280468,-1.3080882985532174,-0.3407171024740344,-1.1015440337934654,-0.9256622042978615,1,0,0,0,0.20347096016659957,0,0,1,0,0,1,1,0,0,0
1,0,0,0,-0.8681495180228737,1,0,0,0,1,0,1,1,1,0.15276582994368287,0.00022973554812832935,1.7996723834795447,0.5111818699396011,0.3605402966373459,0,0,1,0,-0.2226191544386218,1,0,0,1,0,0,0,0,1,0
0,0,0,1,0.10303251613476692,1,0,1,1,0,0,0,0,0,-0.30157973586012393,-0.23491744910375503,-0.7784022121891142,-0.026393431304754394,-0.06819387034105659,1,0,0,0,0.43205959259533544,1,0,0,0,1,0,0,1,0,0
1,0,0,0,-1.2728086989218905,1,0,0,0,0,0,0,0,1,-0.6254042118512011,-0.624115221298796,0.006326045598127978,-1.1015440337934654,-0.9256622042978615,0,1,1,0,-1.9377413457588526,1,0,0,1,0,0,0,0,0,1
0,0,1,1,1.4384078131015228,1,1,0,1,0,1,0,0,1,0.6252852183796426,0.6448273846162239,-0.2528147935074961,-0.026393431304754394,0.3605402966373459,1,0,0,0,1.0898180367187909,0,1,0,0,1,0,1,0,0,0
1,0,1,0,-0.8681495180228737,1,0,0,0,0,0,0,0,1,-0.6220998804635369,-0.5699024905771393,-0.5961816173264599,-1.1015440337934654,-0.9256622042978615,1,0,0,0,-0.4180874155005381,1,0,0,1,0,0,1,0,0,0
0,0,1,1,0.9123508779328007,1,0,0,0,0,0,0,0,0,-1.4448783959918856,-1.4080732400328522,-0.3856583515751619,-1.1015440337934654,-1.3543963712762639,0,0,0,0,0.11085210940913788,0,0,1,0,0,1,0,0,0,1
1,0,1,1,1.2765441407419158,1,1,0,0,0,0,0,0,1,-1.3193138032606517,-1.3532469657167885,0.44704821796810396,-1.1015440337934654,-0.9256622042978615,0,0,0,0,0.25207037927738396,0,0,1,0,0,1,0,0,0,1
1,0,0,0,-1.232342780831989,1,0,0,0,0,0,0,0,0,-1.4861825383376863,-1.4856783147841295,0.045311835552072424,-1.1015440337934654,-1.3543963712762639,0,1,1,0,-2.031893334389536,0,0,1,1,0,0,0,0,0,1
0,0,0,0,-1.1514109446521854,1,0,1,0,0,0,0,0,1,-0.46844847093715863,-0.19209816342780411,-3.2538606393004312,-0.56396873254911,-0.49692803731945906,1,1,1,0,-0.9172754232423396,1,0,0,1,0,0,1,0,0,0
0,0,1,1,0.6695553693933906,1,1,0,1,1,1,1,1,1,1.4282377455820068,1.4259927679600186,-0.02271438977572823,1.5863324724283123,1.6467427975725533,1,0,0,0,1.0395274654120816,0,1,0,0,0,1,1,0,0,0
1,0,0,0,0.10303251613476692,1,1,0,0,0,0,0,0,0,0.35102571320352594,0.34833793764687354,0.01969260215376085,-1.1015440337934654,-0.49692803731945906,1,0,1,1,0.6006953716227842,0,1,0,1,0,0,0,1,0,0
1,1,0,0,-1.2728086989218905,1,1,0,0,0,0,0,0,1,0.35102571320352594,0.3494675478213417,0.006326045598127978,-1.1015440337934654,-0.49692803731945906,0,1,1,1,-1.6295645947293937,0,1,0,1,0,0,0,0,1,0
1,0,0,0,-0.1802289104945449,0,0,0,0,0,1,0,0,1,-1.1441842397144568,-1.1789773856432497,0.4511817559654523,-0.56396873254911,-0.9256622042978615,1,0,1,0,-0.14109038136667804,1,0,0,1,0,0,0,1,0,0
1,0,0,1,1.6002714854611295,1,0,0,0,0,0,0,0,0,-1.4812260412561902,-1.4331233321588954,-0.5180869762129093,-1.1015440337934654,-1.3543963712762639,1,0,0,0,0.25818810599828307,0,0,1,0,0,1,0,1,0,0
1,0,0,0,0.9528167960227024,1,1,0,1,0,1,0,1,1,0.98215300824736,0.8819140102661841,1.1522298003158369,0.5111818699396011,0.7892744636157483,0,0,1,0,1.0191494344907912,0,1,0,1,0,0,0,0,1,0
0,1,1,0,-1.191876862742087,1,0,0,1,0,0,0,0,1,0.32624322779604553,0.49223772265001425,-1.9754516103940236,-0.56396873254911,-0.49692803731945906,1,1,0,1,-0.9082935431449026,0,1,0,1,0,0,1,0,0,0
1,0,1,1,0.7909531236630957,0,0,1,0,1,0,0,1,0,-0.6766213483599938,-0.6909595413184333,0.19300800133912943,0.5111818699396011,-0.06819387034105659,1,0,0,0,0.5082897485754366,1,0,0,0,1,0,1,0,0,0
0,0,1,0,-0.1397629924046432,1,0,0,0,0,0,0,0,0,-1.4828782069500221,-1.4820427877858395,0.041278822798216624,-1.1015440337934654,-1.3543963712762639,0,0,0,0,-0.3593249530083278,0,0,1,1,0,0,0,0,0,1
1,0,0,0,-1.191876862742087,1,0,0,0,1,1,1,1,1,1.122587092223082,1.0918724569304372,0.3247099968886738,1.0487571711839567,0.7892744636157483,0,1,1,0,-0.77925337248145,0,1,0,1,0,0,0,0,1,0
0,0,1,1,1.397941895011621,1,1,1,0,1,1,1,1,1,1.4546723966833193,1.3859445948769118,0.7630576849280425,1.5863324724283123,1.6467427975725533,1,0,0,0,1.2293699773730495,0,1,0,0,0,1,0,1,0,0
0,0,0,0,-1.2728086989218905,1,1,0,0,0,0,1,1,1,0.9623270199213754,0.9589863711283655,0.006326045598127978,-0.026393431304754394,0.3605402966373459,0,1,1,1,-1.492951243762983,0,1,0,1,0,0,0,0,1,0
1,0,0,0,-0.22069482858444658,1,0,1,0,0,0,0,0,0,-0.4750571337124866,-0.41087515248417666,-0.7430674724054581,-0.56396873254911,-0.49692803731945906,0,0,1,0,0.20754099448893093,1,0,0,1,0,0,0,0,0,1
1,1,1,1,0.7504872055731939,1,1,0,1,1,0,0,0,1,0.6434590410117947,0.5453404754595927,1.1388250223974985,-0.026393431304754394,0.3605402966373459,0,0,0,1,0.8857588054904768,0,1,0,1,0,0,0,0,1,0
0,1,1,0,-1.2728086989218905,1,0,0,0,0,0,0,0,0,-0.6187955490758729,-0.6175258286143958,0.006326045598127978,-1.1015440337934654,-0.9256622042978615,0,1,0,0,-1.935056286103641,1,0,0,1,0,0,0,0,1,0
0,0,0,0,-0.30162666476425,1,0,0,1,0,1,0,1,1,0.03546206568160915,0.08048853844412368,-0.5340170031635382,0.5111818699396011,0.3605402966373459,1,0,1,0,0.31705249690426807,1,0,0,1,0,0,1,0,0,0
0,0,1,1,1.6002714854611295,0,0,1,1,1,1,1,1,0,-0.009146408051855348,-0.06108822415392972,0.6149375443235878,2.1239077736726677,1.2180086305941509,1,0,0,0,0.941233049407829,1,0,0,0,0,1,1,0,0,0
1,0,1,1,0.7504872055731939,1,0,0,0,0,0,0,0,0,-1.4977476981945104,-1.4885207979028905,-0.05750363011078028,-1.1015440337934654,-1.3543963712762639,0,0,0,0,-0.010634813668207274,0,0,1,0,1,0,0,0,0,1
1,0,0,1,0.9528167960227024,1,1,0,0,0,0,0,0,1,-1.3193138032606517,-1.295174265569058,-0.24011984089644556,-1.1015440337934654,-0.9256622042978615,0,0,0,0,0.21324380179395463,0,0,1,0,0,1,0,0,0,1
0,0,1,0,1.519339649281326,1,0,0,0,0,0,0,0,0,-1.4960955325006784,-1.519566620018188,0.3293511623593776,-1.1015440337934654,-1.3543963712762639,1,0,0,0,0.15752500186274784,0,0,1,0,0,1,1,0,0,0
1,0,0,0,0.10303251613476692,1,1,1,0,1,0,0,0,1,-0.16940648035356187,-0.16106918394786932,-0.09280924885618656,-0.026393431304754394,0.3605402966373459,0,0,1,0,0.4560797623532926,1,0,0,1,0,0,0,0,1,0
1,0,1,1,1.6002714854611295,1,1,1,0,1,1,1,1,1,0.6219808869919782,0.655187912574662,-0.4143956043215161,1.5863324724283123,1.6467427975725533,1,0,0,0,1.1281450539125044,1,0,0,0,0,1,0,1,0,0
1,1,0,0,-0.8681495180228737,1,0,0,0,0,0,0,1,1,0.47659030593476026,0.3460230925544965,1.5285439351634833,-0.56396873254911,-0.49692803731945906,1,0,1,1,-0.12815581629718525,0,1,0,1,0,0,0,1,0,0
0,0,1,0,-0.30162666476425,1,0,1,1,0,1,0,1,1,0.20893946353397183,0.2887792411980154,-0.9519446714698122,1.0487571711839567,0.7892744636157483,0,0,0,0,0.3736438896355759,1,0,0,1,0,0,0,0,0,1
1,0,0,0,0.9528167960227024,1,1,0,0,0,0,0,0,0,-1.3160094718729878,-1.3482424102237813,0.426815637244236,-1.1015440337934654,-0.9256622042978615,0,0,1,0,0.1720770333983641,0,0,1,0,1,0,0,0,1,0
0,0,0,0,-1.2728086989218905,1,0,0,0,0,0,0,0,1,-0.6303607089326971,-0.6290572658120962,0.006326045598127978,-1.1015440337934654,-0.9256622042978615,0,1,1,0,-1.9397626814754516,1,0,0,1,0,0,0,0,1,0
0,0,1,0,1.5598055673712277,1,1,0,1,1,1,1,1,1,0.6137200585228181,0.6022078806071587,0.11504698096264793,1.5863324724283123,1.6467427975725533,1,0,0,0,1.1072631367472876,1,0,0,0,0,1,0,1,0,0
1,0,1,0,0.3053621065842754,1,0,0,1,1,0,0,0,1,0.5046771227299045,0.47693111256020937,0.3109025296133146,-0.026393431304754394,-0.06819387034105659,0,0,0,1,0.7165450198900402,0,1,0,1,0,0,0,0,1,0
0,0,0,0,0.10303251613476692,1,1,1,1,1,1,1,1,1,1.6017151434343695,1.5513727734559486,0.5404313679671611,2.1239077736726677,2.0754769645509556,0,0,1,0,0.8495106552081184,0,1,0,0,0,1,0,0,0,1
1,0,0,0,-0.30162666476425,1,1,0,0,0,0,1,1,1,0.9904138367165201,0.9798747459379142,0.09053535189864997,-0.026393431304754394,0.3605402966373459,1,0,1,1,0.5316317240759098,0,1,0,1,0,0,1,0,0,0
1,0,1,1,-1.1514109446521854,1,0,0,0,0,0,0,0,1,-1.4614000529302058,-1.49391505563963,0.43516973509151136,-1.1015440337934654,-1.3543963712762639,0,1,0,0,-1.6112773789986228,0,0,1,1,0,0,0,0,0,1
1,0,1,1,0.4672257789438821,1,0,0,0,1,0,1,1,1,0.9325880374323992,0.9541192060773878,-0.28695341973721633,0.5111818699396011,0.3605402966373459,1,0,0,1,0.8822340998160633,0,1,0,1,0,0,1,0,0,0
1,0,0,0,-1.2728086989218905,1,0,1,0,0,0,0,0,1,-0.5345350986904397,-0.5335110718882925,0.006326045598127978,-0.56396873254911,-0.49692803731945906,0,1,1,0,-1.901789178931272,1,0,0,1,0,0,0,0,0,1
0,1,0,0,1.114680468382309,1,1,1,0,0,0,1,1,1,1.2118040396900116,1.2585840918457643,-0.5953546460244074,0.5111818699396011,0.7892744636157483,1,0,1,0,1.1366930829256885,0,1,0,0,1,0,1,0,0,0
1,0,1,0,1.155146386472211,1,0,0,0,0,0,0,0,1,-1.4597478872363738,-1.4568632246437399,0.0162322709142941,-1.1015440337934654,-1.3543963712762639,1,0,0,0,0.13216341511402033,0,0,1,0,1,0,0,1,0,0
1,0,1,0,0.38629394276407875,1,1,0,1,1,1,0,1,1,1.1473695776305626,1.1130134251262218,0.3669446026721079,1.0487571711839567,1.2180086305941509,0,0,0,0,0.8845429944708552,0,1,0,1,0,0,0,0,1,0
0,0,0,0,1.4384078131015228,0,0,0,1,0,1,0,1,0,-0.6534910286463453,-0.638190357878342,-0.15850358104538448,0.5111818699396011,-0.06819387034105659,0,0,1,0,0.6997564299691843,1,0,0,1,0,0,0,0,1,0
1,0,1,0,-0.6253540094834634,0,0,0,0,1,1,1,1,0,-0.33462304973676443,-0.32139076915076076,-0.14503055069365228,1.0487571711839567,0.3605402966373459,0,0,0,0,-0.05162644977936219,1,0,0,0,1,0,0,0,1,0
1,0,1,1,1.4384078131015228,1,0,0,0,0,0,0,0,0,-1.479573875562358,-1.4655709768133491,-0.1146445673471987,-1.1015440337934654,-1.3543963712762639,1,0,0,0,0.19235774881005252,0,0,1,0,0,1,1,0,0,0
0,0,0,0,-0.54442217330366,1,0,0,1,0,0,1,0,0,-0.21566711978085853,-0.32056964513977887,1.2487416149198671,-0.026393431304754394,-0.06819387034105659,0,0,1,0,0.018620485354368548,1,0,0,0,1,0,0,0,1,0
0,0,0,0,0.10303251613476692,1,1,0,1,0,1,0,0,0,0.6798066862760991,0.6132785906503666,0.7637642504176066,-0.026393431304754394,0.3605402966373459,1,0,1,0,0.6645470437512871,0,1,0,1,0,0,0,1,0,0
0,0,1,0,1.3170100588318177,1,0,0,0,0,0,0,0,0,-1.4993998638883423,-1.4640346941976763,-0.36673797519191925,-1.1015440337934654,-1.3543963712762639,1,0,0,0,0.16541530988053407,0,0,1,0,0,1,1,0,0,0
0,0,1,1,-0.2611607466743483,1,0,0,0,0,0,0,0,0,-1.4894868697253503,-1.5059533691976688,0.24623859916085877,-1.1015440337934654,-1.3543963712762639,1,0,0,0,-0.4514686702512527,0,0,1,0,0,1,0,1,0,0
1,0,0,0,-0.2611607466743483,1,0,0,0,0,0,0,0,1,-1.4680087157055342,-1.4852347979688332,0.25448559318957814,-1.1015440337934654,-1.3543963712762639,0,0,1,0,-0.43104391757989685,0,0,1,1,0,0,0,0,1,0
1,0,0,0,-1.0704791084723821,1,0,0,0,0,0,0,0,0,-1.5060085266636707,-1.4499857710769615,-0.6109489620059845,-1.1015440337934654,-1.3543963712762639,0,1,1,0,-1.3171466975844108,0,0,1,0,1,0,0,0,0,1
1,0,0,0,-0.5039562552137584,1,1,1,0,0,1,0,0,0,-0.18262380590421803,-0.17076500461205826,-0.1340227982360698,-0.026393431304754394,0.3605402966373459,1,0,1,0,0.10084463457445131,1,0,0,1,0,0,1,0,0,0
0,0,0,0,-1.2728086989218905,1,0,0,0,0,0,0,0,0,0.2188524576969639,0.2176796941333366,0.006326045598127978,-1.1015440337934654,-0.9256622042978615,0,1,1,1,-1.66344744456185,0,1,0,1,0,0,0,0,1,0
0,0,0,0,-0.9895472722925787,1,0,0,0,0,0,1,0,1,0.5079814541175683,0.664522885544229,-1.869865095935422,-0.56396873254911,-0.49692803731945906,1,0,1,1,-0.2524001999393597,0,1,0,1,0,0,1,0,0,0
1,0,0,0,-0.7872176818430703,1,0,0,0,0,0,1,1,1,0.871457906760614,0.7452112661556111,1.4637948084917216,-0.026393431304754394,-0.06819387034105659,0,0,1,1,0.07082879466263683,0,1,0,1,0,0,0,0,1,0
0,0,0,0,-1.2728086989218905,1,0,0,1,0,1,1,0,0,0.8912838950865986,0.888150399771063,0.006326045598127978,0.5111818699396011,0.3605402966373459,0,1,1,0,-1.5073878975091775,0,1,0,1,0,0,0,0,1,0
0,0,0,0,-1.1514109446521854,1,0,0,0,0,0,0,0,0,-1.466356550011702,-1.4947387297251797,0.3864374976490815,-1.1015440337934654,-1.3543963712762639,0,1,1,0,-1.6120789647656584,0,0,1,1,0,0,0,0,0,1
1,0,1,1,-0.7872176818430703,1,0,0,0,1,0,1,1,1,1.054848298775969,0.8140197320715596,2.813302922282095,0.5111818699396011,0.3605402966373459,0,0,0,1,0.08569104062648197,0,1,0,1,0,0,0,0,0,1
0,0,0,0,-0.7062858456632669,1,0,0,0,1,0,0,1,1,-0.1743629774350579,-0.17241235278315845,-0.017065428374236472,-0.026393431304754394,-0.06819387034105659,0,0,1,0,-0.08064528798552961,1,0,0,1,0,0,0,0,1,0
1,0,1,0,1.4384078131015228,1,1,0,0,0,0,0,0,0,-1.3044443120161635,-1.2957487609396516,-0.057885843737779386,-1.1015440337934654,-0.9256622042978615,1,0,0,0,0.3349837001517234,0,0,1,0,0,1,1,0,0,0
0,0,1,1,1.1956123045621125,1,1,0,1,0,1,1,1,1,1.3654554492163897,1.4291714233184745,-0.801057088286777,1.0487571711839567,1.2180086305941509,1,0,0,0,1.1882290008952219,0,1,0,0,1,0,0,1,0,0
1,0,0,0,-0.5039562552137584,1,0,0,0,0,0,0,0,0,0.19241780659565158,0.3273107149200459,-1.6028124347509054,-1.1015440337934654,-0.9256622042978615,1,0,1,1,0.24316015226157656,0,1,0,1,0,0,0,1,0,0
0,0,0,0,-0.46349033712385673,1,0,0,1,1,0,0,1,1,0.8367624271901415,0.7896232901090783,0.5289212775998009,0.5111818699396011,0.3605402966373459,0,0,1,1,0.3822147925071692,0,1,0,1,0,0,0,0,1,0
0,1,0,0,-1.232342780831989,1,1,0,0,1,0,0,1,1,0.7871974563751808,0.8197854506704102,-0.4127711964067699,-0.026393431304754394,0.3605402966373459,0,1,1,1,-1.088688537092862,0,1,0,1,0,0,0,0,1,0
0,0,1,1,1.6002714854611295,1,1,1,0,1,1,1,1,1,0.6996326746020837,0.6631729752373553,0.4072840658883473,1.5863324724283123,1.6467427975725533,1,0,0,0,1.12994536147646,1,0,0,0,0,1,0,1,0,0
1,0,1,1,0.7100212874832923,1,1,0,1,1,0,1,1,1,1.2927601586877804,1.1734052090787497,1.3677098307898505,1.0487571711839567,1.2180086305941509,1,0,0,1,1.0059037040542986,0,1,0,1,0,0,1,0,0,0
1,0,0,0,1.1956123045621125,1,0,0,0,0,0,0,0,0,-1.4828782069500221,-1.4668932316072305,-0.13798425753784208,-1.1015440337934654,-1.3543963712762639,1,0,1,0,0.13299201183415846,0,0,1,0,0,1,1,0,0,0
1,0,0,0,0.7909531236630957,1,1,1,0,1,1,1,1,1,1.4728462193154714,1.4983028185285094,-0.3520433312862008,1.5863324724283123,1.6467427975725533,0,0,1,0,1.0895983954792632,0,1,0,0,0,1,0,0,1,0
0,0,1,0,1.5598055673712277,1,0,1,1,1,1,1,1,1,0.6632850293377789,0.6725566081392067,-0.1325951495898716,2.1239077736726677,1.6467427975725533,1,0,0,0,1.1232495033226033,1,0,0,0,1,0,1,0,0,0
1,0,0,0,1.6002714854611295,1,1,1,0,1,1,1,1,0,0.6467633723994586,0.6111671086691548,0.39889129166214576,1.5863324724283123,1.6467427975725533,1,0,1,0,1.118126665776447,1,0,0,0,0,1,0,1,0,0
0,0,1,1,0.7909531236630957,1,0,0,0,0,0,0,0,0,-1.474617378480862,-1.449595053882534,-0.2452072722777975,-1.1015440337934654,-1.3543963712762639,1,0,0,0,0.038465143335949484,0,0,1,0,0,1,1,0,0,0
0,0,0,0,-0.42302441903395505,1,1,0,0,0,0,0,0,1,0.37250386722334244,0.5380140339499763,-1.9713167538837495,-1.1015440337934654,-0.49692803731945906,1,0,1,1,0.35483984074938757,0,1,0,0,1,0,0,1,0,0
1,0,0,0,-0.8276835999329719,0,0,1,1,0,1,1,0,1,-0.4552311453865022,-0.4699508882866817,0.18988413996461584,1.0487571711839567,0.3605402966373459,1,0,1,0,-0.32444237373097823,1,0,0,1,0,0,1,0,0,0
0,0,1,1,-0.54442217330366,1,0,0,0,0,0,0,0,0,-1.47296521278703,-1.4607946871469863,-0.09319031296851889,-1.1015440337934654,-1.3543963712762639,0,0,0,0,-0.604829201510759,0,0,1,0,0,1,0,0,0,1
1,0,0,0,0.5076916970337838,1,1,0,0,1,1,1,1,1,1.2861514959124527,1.3430747491546298,-0.7179432966573653,1.0487571711839567,1.2180086305941509,1,0,1,0,0.9710790782029357,0,1,0,1,0,0,1,0,0,0
1,0,1,0,0.10303251613476692,1,1,0,0,0,1,0,1,1,0.8301537644148134,0.8426835902487009,-0.1769071671854079,-0.026393431304754394,0.3605402966373459,1,0,0,0,0.7150434836991678,0,1,0,1,0,0,1,0,0,0
1,0,0,1,0.2648961884943737,1,1,0,0,0,0,0,0,0,-1.2978356492408352,-1.3233934000824257,0.3472017987851753,-1.1015440337934654,-0.9256622042978615,1,0,0,0,-0.03591148880267935,0,0,1,0,1,0,1,0,0,0
0,0,0,1,0.42675986085398043,1,0,1,1,0,1,1,1,1,1.3638032835225578,1.3396004194976483,0.2393341390437884,1.5863324724283123,1.2180086305941509,1,0,0,0,0.9418305745402019,0,1,0,0,1,0,0,1,0,0
0,1,1,0,1.519339649281326,1,1,1,1,1,1,1,1,1,1.5951064806590414,1.626444782967509,-0.4258592830341677,2.1239077736726677,2.0754769645509556,1,0,0,0,1.2985659327325993,0,1,0,0,0,1,0,1,0,0
0,0,1,0,0.993282714112604,1,0,1,1,0,1,1,0,1,0.18580914382032337,0.25103126938683634,-0.7781774820715874,1.0487571711839567,0.7892744636157483,1,0,0,0,0.8825012367393429,1,0,0,0,0,1,0,1,0,0
0,0,1,1,-0.30162666476425,1,0,0,0,0,0,0,0,0,-1.4762695441746942,-1.44765751899514,-0.2876268106546095,-1.1015440337934654,-1.3543963712762639,0,0,0,0,-0.42025860915182667,0,0,1,0,1,0,0,0,0,1
0,0,0,0,-0.7872176818430703,0,0,0,1,0,0,0,0,1,-1.1127930915316486,-1.2530220653887667,1.6977095482153868,-0.56396873254911,-0.9256622042978615,0,0,1,0,-0.6740192022067524,1,0,0,1,0,0,0,0,1,0
0,0,1,1,-1.2728086989218905,0,0,1,0,0,0,0,0,0,-1.1309669141638008,-1.1282037616554155,0.006326045598127978,-0.56396873254911,-0.9256622042978615,1,1,0,0,-2.1870152785596453,1,0,0,1,0,0,1,0,0,0
1,0,1,0,1.6002714854611295,1,1,1,1,1,1,0,1,0,0.4898076314854162,0.5259626004861461,-0.4447178853968078,1.5863324724283123,1.6467427975725533,1,0,0,0,1.0982706599478202,1,0,0,0,0,1,0,1,0,0
1,0,1,0,-0.46349033712385673,1,1,0,1,1,1,1,1,1,1.5356285156810885,1.5022190418363628,0.3423464256773609,1.5863324724283123,1.6467427975725533,0,0,0,0,0.5195258871587459,0,1,0,1,0,0,0,0,1,0
0,0,1,0,-0.1802289104945449,1,0,1,0,0,0,1,1,1,0.9127620491064146,0.929687107228086,-0.23176574304917572,0.5111818699396011,0.3605402966373459,0,0,0,0,0.5927300112015071,0,1,0,1,0,0,0,0,0,1
1,0,0,0,1.0742145502924074,1,1,0,1,1,1,1,1,1,1.5405850127625842,1.507692917881899,0.33605331995436094,1.5863324724283123,1.6467427975725533,0,0,1,0,1.170731439390414,0,1,0,1,0,0,0,0,1,0
0,0,0,0,-0.38255850094405336,1,0,0,0,0,0,0,0,1,-1.4944433668068464,-1.4595356155471066,-0.3614964074456034,-1.1015440337934654,-1.3543963712762639,0,0,1,0,-0.4836383065732499,0,0,1,1,0,0,0,0,0,1
0,0,0,0,-0.5039562552137584,1,0,0,0,0,0,0,0,1,-1.4993998638883423,-1.418548876811802,-0.9049667945753099,-1.1015440337934654,-1.3543963712762639,1,0,1,0,-0.5343319999040288,0,0,1,0,1,0,0,1,0,0
1,1,0,0,-0.7062858456632669,1,1,0,0,0,0,0,0,0,0.36093870736651845,0.38548956116273025,-0.30296122136982817,-1.1015440337934654,-0.49692803731945906,0,0,1,1,0.07686523515176515,0,1,0,1,0,0,0,0,1,0
1,0,1,0,0.224430270404472,1,0,1,1,0,0,0,0,1,0.48650330009775233,0.4793045944646234,0.06839552697217005,-0.026393431304754394,-0.06819387034105659,0,0,0,0,0.6848310139971504,0,1,0,1,0,0,0,0,1,0
1,0,1,0,1.0742145502924074,1,1,0,0,0,0,0,1,0,0.6880675147452592,0.7062999143748813,-0.23948266394199397,-0.56396873254911,-0.06819387034105659,0,0,0,1,1.014222619954923,0,1,0,0,1,0,0,0,1,0
0,0,1,1,1.3170100588318177,1,1,1,1,1,1,1,1,1,0.849979752740798,0.8868325212341828,-0.46540201284459065,2.1239077736726677,2.0754769645509556,0,0,0,0,1.113998173111224,1,0,0,0,0,1,0,0,0,1
1,0,1,0,-0.949081354202677,1,0,0,1,1,0,0,0,1,0.5013727913422407,0.5821097173178066,-0.9726504576897943,-0.026393431304754394,-0.06819387034105659,0,0,0,1,-0.1971435672799423,0,1,0,1,0,0,0,0,1,0
0,0,1,0,-0.30162666476425,1,1,0,0,0,0,0,0,1,-1.2532271755073707,-1.1663563452980932,-0.984692735031125,-1.1015440337934654,-0.9256622042978615,0,0,0,0,-0.20409115661849936,0,0,1,0,1,0,0,0,0,1
0,0,1,1,-1.0704791084723821,1,0,0,0,0,0,0,0,0,-1.5109650237451666,-1.5537687058562657,0.5586247366123336,-1.1015440337934654,-1.3543963712762639,1,1,0,0,-1.4200078860063623,0,0,1,0,1,0,0,1,0,0
1,0,0,0,1.2765441407419158,1,1,0,0,1,1,1,1,1,1.3191948097890933,1.4137574256126773,-1.1644659589562483,1.0487571711839567,1.2180086305941509,1,0,1,0,1.2054864805175352,0,1,0,0,1,0,0,1,0,0
0,1,1,0,0.7504872055731939,1,1,1,0,0,0,0,0,1,0.4220688380383032,0.32653387720406657,1.1158922047775304,-0.56396873254911,-0.06819387034105659,0,0,0,0,0.8321122417545997,0,1,0,1,0,0,0,0,1,0
1,0,0,0,-0.9895472722925787,0,0,0,0,0,0,0,0,1,-1.3044443120161635,-1.3658337353365997,0.7714221734442763,-1.1015440337934654,-1.3543963712762639,1,0,1,0,-1.0645310318241505,1,0,0,1,0,0,0,1,0,0
0,0,1,0,-1.1514109446521854,1,0,0,0,0,0,0,0,0,-1.47296521278703,-1.3802480318337254,-1.0462902831583583,-1.1015440337934654,-1.3543963712762639,0,1,0,0,-1.5094288896851542,0,0,1,1,0,0,0,0,1,0
1,0,1,1,1.5598055673712277,1,1,1,1,1,1,1,1,0,0.8450232556593017,0.7844834754263437,0.6872046307092564,2.1239077736726677,2.0754769645509556,1,0,0,0,1.1478761652538507,1,0,0,0,0,1,0,1,0,0
1,0,0,1,-1.232342780831989,1,0,0,0,0,0,0,0,0,-1.5027041952760065,-1.3365933052995738,-1.913724109633609,-1.1015440337934654,-1.3543963712762639,0,1,0,0,-1.9043357770840539,0,0,1,1,0,0,0,0,0,1
0,0,1,1,-0.09929707431474152,1,0,0,0,1,0,0,1,0,0.7178064972342358,0.6542818710805574,0.7269133965801893,-0.026393431304754394,-0.06819387034105659,0,0,0,1,0.5768501456521771,0,1,0,0,1,0,0,0,1,0
1,0,1,0,-0.1802289104945449,1,0,1,1,0,1,0,0,0,-0.1264501723139293,-0.03195238765157639,-1.1138192407571545,0.5111818699396011,0.3605402966373459,0,0,0,0,0.35556271004638795,1,0,0,1,0,0,0,0,0,1
1,1,1,1,1.2765441407419158,1,1,0,0,0,0,0,0,1,-1.332531128811308,-1.335846850659544,0.0852113549580602,-1.1015440337934654,-0.9256622042978615,1,0,0,0,0.2659558019306372,0,0,1,0,0,1,1,0,0,0
0,0,1,0,-1.191876862742087,1,0,0,0,0,0,0,0,0,-1.4498348930733815,-1.342359023898424,-1.221726337951104,-1.1015440337934654,-1.3543963712762639,0,1,0,0,-1.657815902408211,0,0,1,1,0,0,0,0,0,1
1,1,0,0,-0.9895472722925787,0,0,0,0,1,0,0,0,1,-1.1673145594281054,-1.2192197481086942,0.6544648035824444,-0.56396873254911,-0.9256622042978615,0,0,1,0,-0.9549653853693417,1,0,0,1,0,0,0,0,1,0
1,0,1,0,0.5886235332135872,1,1,0,1,1,1,1,1,1,1.4811070477846315,1.4592194157653893,0.20789087450894306,1.5863324724283123,1.6467427975725533,0,0,0,0,1.0191432922966477,0,1,0,1,0,0,0,0,1,0
0,0,1,1,-1.0300131903824803,1,1,0,0,0,0,0,0,0,-0.5262742702212795,-0.48667931673844766,-0.45036463671950294,-1.1015440337934654,-0.49692803731945906,0,0,0,0,-0.6694255301207933,1,0,0,1,0,0,0,0,1,0
0,1,1,0,1.519339649281326,1,0,0,0,0,0,0,0,1,-1.4927912011130144,-1.4449417478673552,-0.5146911901435073,-1.1015440337934654,-1.3543963712762639,1,0,0,0,0.22974753098454442,0,0,1,0,0,1,0,1,0,0
1,0,0,0,-0.6253540094834634,1,0,1,1,0,0,0,0,1,-0.304884067247788,-0.32265050598748435,0.22074789034482104,-0.026393431304754394,-0.06819387034105659,1,0,1,0,-0.052063949032890695,1,0,0,1,0,0,0,1,0,0
1,0,0,0,-0.46349033712385673,1,1,0,0,0,0,0,0,1,0.29650424530706937,0.31236299139608803,-0.1978852351130046,-1.1015440337934654,-0.49692803731945906,0,0,1,1,0.2700260800676178,0,1,0,1,0,0,0,0,1,0
0,1,1,0,-0.2611607466743483,1,0,0,0,1,0,0,1,0,-0.13305883508925725,-0.10887540101472976,-0.28156901867714895,-0.026393431304754394,-0.06819387034105659,0,0,0,0,0.28545846157645033,1,0,0,0,1,0,0,0,0,1
0,0,1,0,1.397941895011621,1,1,1,1,1,0,0,0,0,0.03050556860011336,-0.007343148581704678,0.44680728433149486,0.5111818699396011,0.7892744636157483,0,0,0,0,0.9120458586532922,1,0,0,0,0,1,0,0,0,1
0,0,1,0,0.14349843422466863,1,1,1,1,1,1,0,1,1,1.3654554492163897,1.3761315357880377,-0.1734417636339512,1.5863324724283123,1.6467427975725533,1,0,0,0,0.8365686886086781,0,1,0,0,0,1,0,1,0,0
0,1,0,0,0.1839643523145703,1,1,0,0,0,0,1,1,1,1.051543967388305,1.0550223172111455,-0.07744071930291906,-0.026393431304754394,0.3605402966373459,0,0,1,1,0.7934078290442884,0,1,0,1,0,0,0,0,1,0
1,1,0,0,-0.7872176818430703,1,1,0,1,1,0,1,1,1,1.3935422660115344,1.3245709460224953,0.7680484031598024,1.0487571711839567,1.2180086305941509,0,0,1,1,0.1862081006771102,0,1,0,1,0,0,0,0,1,0
0,0,0,0,0.34582802467417706,1,0,0,0,0,0,0,0,0,-1.4779217098685262,-1.4819416469813902,0.09856071939160559,-1.1015440337934654,-1.3543963712762639,0,0,1,0,-0.1415170887658536,0,0,1,0,0,1,0,0,0,1
0,0,1,1,1.155146386472211,1,1,1,1,0,0,0,0,0,-0.16279781757823392,-0.16626045256387004,0.0465900581735125,-0.026393431304754394,0.3605402966373459,0,0,0,0,0.8040767923902248,1,0,0,1,0,0,0,0,1,0
1,0,0,0,-1.191876862742087,1,0,0,1,1,1,1,1,1,1.4282377455820068,1.3658813693900815,0.6885773697921461,1.5863324724283123,1.2180086305941509,0,1,1,0,-0.7280745224660269,0,1,0,1,0,0,0,0,1,0
0,0,1,0,0.022100679954963547,0,0,1,0,1,1,1,1,0,-0.17105864604739404,-0.1200266809421763,-0.597953698688004,1.5863324724283123,0.7892744636157483,1,0,0,0,0.4320127759002302,1,0,0,0,0,1,1,0,0,0
1,0,0,0,-0.54442217330366,1,0,0,0,0,0,0,0,1,-1.487834704031518,-1.462875547994692,-0.24400376357982745,-1.1015440337934654,-1.3543963712762639,1,0,1,0,-0.6067760586195614,0,0,1,0,1,0,0,1,0,0
1,0,0,0,-1.2728086989218905,1,0,0,0,0,0,0,0,0,-0.6088825549128808,-0.6076417395877954,0.006326045598127978,-1.1015440337934654,-0.9256622042978615,0,1,1,0,-1.931050044369773,1,0,0,1,0,0,0,0,0,1
1,0,0,0,0.7504872055731939,1,1,1,0,0,1,0,0,0,-0.1594934861905698,-0.16686305051266834,0.09270632530000265,-0.026393431304754394,0.3605402966373459,1,0,1,0,0.6911808886793626,1,0,0,0,1,0,0,1,0,0
0,1,0,0,1.3170100588318177,1,1,0,1,1,0,1,0,1,1.0151963221240006,1.0213575072680159,-0.10793230803612347,0.5111818699396011,0.7892744636157483,1,0,1,1,1.141435031411501,0,1,0,1,0,0,1,0,0,0
1,0,0,0,0.1839643523145703,1,1,0,1,0,1,1,1,1,1.314238312707597,1.2310659569011357,0.938823994496514,1.0487571711839567,1.2180086305941509,1,0,1,0,0.8272409260440186,0,1,0,0,1,0,0,1,0,0
1,0,1,1,0.1839643523145703,1,0,0,0,0,0,0,0,0,-1.4845303726438543,-1.4865242503314513,0.0748145955172192,-1.1015440337934654,-1.3543963712762639,1,0,0,0,-0.210509792896303,0,0,1,0,0,1,1,0,0,0
1,0,0,0,0.5076916970337838,1,1,1,0,1,1,1,1,1,1.4447594025203272,1.50184250511154,-0.7253072792042184,1.5863324724283123,1.6467427975725533,1,0,1,0,0.9991938790322177,0,1,0,1,0,0,0,1,0,0
1,0,0,0,-1.191876862742087,1,0,0,0,0,0,0,0,1,-1.4894868697253503,-1.382444496061859,-1.2152287062921137,-1.1015440337934654,-1.3543963712762639,0,1,1,0,-1.6901124961930774,0,0,1,1,0,0,0,0,0,1
1,0,0,0,-1.0704791084723821,1,0,1,0,0,0,0,1,1,-0.1842759715980502,-0.28421238199514937,1.1888950075344253,-0.026393431304754394,-0.06819387034105659,1,1,1,0,-0.6933887896295898,1,0,0,1,0,0,1,0,0,0
0,1,1,1,0.9123508779328007,1,1,1,0,1,1,1,0,0,0.3807646956925026,0.3556376155167352,0.28418840308805193,1.0487571711839567,1.2180086305941509,0,0,0,0,0.8870480375182891,1,0,0,0,1,0,0,0,1,0
1,0,1,0,1.3574759769217193,1,1,1,1,0,1,1,1,0,0.6781545205822672,0.6316383216741638,0.5270226189981487,1.5863324724283123,1.6467427975725533,0,0,0,0,1.0680285491495471,1,0,0,0,0,1,0,0,1,0
0,1,0,0,-0.018365238134938143,1,0,0,1,0,1,0,0,0,-0.3329708840429325,-0.2488287160700627,-0.9841566804192584,-0.026393431304754394,-0.06819387034105659,1,0,1,0,0.37103594756410335,1,0,0,1,0,0,1,0,0,0
0,0,1,0,1.6002714854611295,1,0,0,0,0,0,0,0,0,-1.4762695441746942,-1.4816285838635084,0.1143491719288476,-1.1015440337934654,-1.3543963712762639,1,0,0,0,0.2130007679160092,0,0,1,0,0,1,1,0,0,0
1,1,1,0,1.3170100588318177,1,1,0,1,1,0,1,1,1,1.3092818156261008,1.201425334278261,1.2310796315358723,1.0487571711839567,1.2180086305941509,0,0,0,1,1.1763837383581954,0,1,0,1,0,0,0,0,1,0
1,0,0,0,0.10303251613476692,1,0,0,0,0,0,0,0,0,-1.4300089047473974,-1.4690165647107176,0.5109135555734586,-1.1015440337934654,-1.3543963712762639,1,0,1,0,-0.22865088280443183,0,0,1,0,0,1,1,0,0,0
1,0,0,0,0.3053621065842754,1,1,0,0,1,1,1,1,0,1.324151306870589,1.2702939917620002,0.5916002172817102,1.0487571711839567,1.2180086305941509,1,0,1,0,0.8836143584796762,0,1,0,1,0,0,1,0,0,0
0,0,1,0,-0.1802289104945449,1,0,0,0,0,0,0,0,0,-1.4614000529302058,-1.470558011927961,0.15878833131087308,-1.1015440337934654,-1.3543963712762639,0,0,0,0,-0.3703900920894516,0,0,1,1,0,0,0,0,0,1
0,0,0,0,-1.2728086989218905,1,0,0,0,0,0,0,0,0,-0.6254042118512011,-0.624115221298796,0.006326045598127978,-1.1015440337934654,-0.9256622042978615,0,1,1,0,-1.9377413457588526,1,0,0,1,0,0,0,0,1,0
1,1,0,0,-0.46349033712385673,1,1,0,1,1,0,1,1,1,1.3092818156261008,1.4312261801770503,-1.4881292359697194,1.0487571711839567,1.2180086305941509,0,0,1,1,0.5071134744177531,0,1,0,1,0,0,0,0,1,0
1,0,1,1,1.5598055673712277,1,0,1,1,1,1,1,0,0,1.1721520630380429,1.2121907456525205,-0.5142166146319943,1.5863324724283123,1.2180086305941509,1,0,0,0,1.2339979402212924,0,1,0,0,0,1,0,1,0,0
0,0,0,0,-0.46349033712385673,1,1,0,1,0,0,1,1,1,1.1605869031812184,0.9930315666644334,1.9426202799773418,0.5111818699396011,0.7892744636157483,1,0,1,1,0.4245558746251383,0,1,0,1,0,0,0,1,0,0
1,0,1,1,1.1956123045621125,1,1,0,0,1,0,1,0,1,0.805371279007333,0.7426789282102103,0.7140438938749633,-0.026393431304754394,0.3605402966373459,1,0,0,1,1.0534595848538888,0,1,0,0,0,1,0,1,0,0
1,1,1,1,1.5598055673712277,1,1,1,1,0,0,1,1,1,1.334064301033581,1.369547299122952,-0.46589619891443357,1.0487571711839567,1.2180086305941509,1,0,0,0,1.2629360709443525,0,1,0,1,0,0,0,1,0,0
1,1,1,0,1.0742145502924074,1,1,0,0,0,0,1,1,1,0.9623270199213754,0.9799830800210307,-0.24212576834565133,-0.026393431304754394,0.3605402966373459,1,0,0,1,1.07215252093659,0,1,0,1,0,0,1,0,0,0
1,0,1,1,0.8314190417529973,1,1,0,0,1,1,1,1,1,0.46337298038410385,0.31770170195597847,1.7077247656636412,1.0487571711839567,1.2180086305941509,0,0,0,0,0.854061653755482,1,0,0,0,1,0,0,0,0,1
0,0,0,0,-0.22069482858444658,1,0,1,1,0,0,0,0,1,-0.2652320905958193,-0.11606084275249084,-1.7559760521347811,-0.026393431304754394,-0.06819387034105659,0,0,1,0,0.30696919151974617,1,0,0,1,0,0,0,0,0,1
0,0,0,0,-0.1397629924046432,1,1,1,1,0,1,0,0,0,0.08998353357806618,-0.08685249708278209,2.0893771329648914,0.5111818699396011,0.7892744636157483,0,0,1,0,0.36098414292180697,1,0,0,1,0,0,0,0,0,1
1,0,1,1,1.1956123045621125,1,0,0,0,0,0,0,0,0,-1.479573875562358,-1.471596144934403,-0.04334939643996234,-1.1015440337934654,-1.3543963712762639,1,0,0,0,0.12853490511086466,0,0,1,0,1,0,1,0,0,0
1,0,1,0,1.5598055673712277,1,0,1,0,1,1,1,1,1,0.5889375731153377,0.5735068990909503,0.16226920541390574,1.5863324724283123,1.2180086305941509,0,0,0,0,1.1006225980372792,1,0,0,0,0,1,0,0,1,0
0,0,0,0,-1.232342780831989,1,1,0,0,0,0,0,0,1,0.3576343759788541,0.6064538625129521,-2.9565939909016112,-1.1015440337934654,-0.49692803731945906,0,1,1,1,-1.135632495486783,0,1,0,1,0,0,0,0,1,0
0,1,1,1,1.3170100588318177,1,1,0,1,1,0,1,1,1,1.4117160886436866,1.439125003458992,-0.37303567972293905,1.0487571711839567,1.2180086305941509,0,0,0,1,1.2197338727829259,0,1,0,0,1,0,0,0,1,0
1,1,1,0,-0.54442217330366,1,0,1,0,1,0,1,0,0,0.05528805400759374,0.09698976496642668,-0.4953595145986722,0.5111818699396011,0.3605402966373459,1,0,0,0,0.1490455354114913,1,0,0,1,0,0,1,0,0,0
0,0,0,1,0.5481576151236855,1,0,0,1,1,0,1,1,1,1.1589347374873864,1.012095443687961,1.6975465641436729,1.0487571711839567,0.7892744636157483,0,0,0,1,0.9219284067468377,0,1,0,1,0,0,0,0,1,0
0,0,0,0,-0.6253540094834634,1,0,0,0,0,0,0,0,0,-1.4927912011130144,-1.5887829297282745,1.1873661530264275,-1.1015440337934654,-1.3543963712762639,0,0,1,0,-0.8072179435126867,0,0,1,0,1,0,0,0,0,1
1,0,0,0,-1.191876862742087,1,0,1,0,0,1,0,0,1,0.5806767446461776,0.22152350653257033,4.229786623942048,-0.026393431304754394,-0.06819387034105659,0,1,1,0,-0.9765159329523194,0,1,0,1,0,0,0,0,0,1
0,1,0,0,0.2648961884943737,1,1,0,0,1,0,1,1,1,1.1572825717935546,1.2765021711837294,-1.4506428994755451,0.5111818699396011,0.7892744636157483,0,0,1,1,0.86882423934349,0,1,0,1,0,0,0,0,1,0
1,0,1,1,-1.2728086989218905,1,0,1,0,0,0,0,0,1,-0.5279264359151115,-0.5269216792038922,0.006326045598127978,-0.56396873254911,-0.49692803731945906,0,1,0,0,-1.8992528390062997,1,0,0,1,0,0,0,0,0,1
0,0,1,1,-1.232342780831989,0,0,0,1,0,0,0,0,1,-1.139227742632961,-1.0829016869501638,-0.6271930411534602,-0.56396873254911,-0.9256622042978615,0,1,0,0,-1.7333266094849251,1,0,0,1,0,0,0,0,0,1
1,0,1,0,-0.8681495180228737,1,1,0,1,0,0,0,0,1,0.5211987796682247,0.5532894442638133,-0.39770850483365233,-0.56396873254911,-0.06819387034105659,1,0,0,1,-0.07765793229532149,0,1,0,1,0,0,1,0,0,0
1,0,0,0,0.10303251613476692,0,0,0,0,1,0,1,1,0,-0.5130569446706231,-0.5312518515393552,0.23300056718748866,0.5111818699396011,-0.06819387034105659,0,0,1,0,0.3252411866516294,1,0,0,1,0,0,0,0,1,0
1,0,0,1,0.6695553693933906,1,1,0,0,0,1,1,1,1,1.185369388588699,1.2756806521847452,-1.109542738287716,0.5111818699396011,0.7892744636157483,1,0,0,0,1.012362751717143,0,1,0,0,1,0,1,0,0,0
0,0,0,0,-1.1514109446521854,0,0,1,0,1,1,0,1,0,-0.5444480928534317,-0.4672053080015149,-0.8952203470868245,1.0487571711839567,0.3605402966373459,0,1,1,0,-1.0130731629721765,1,0,0,1,0,0,0,0,0,1
0,0,1,1,0.4672257789438821,1,0,0,0,0,0,0,0,0,-1.4911390354191822,-1.5488391412533524,0.734208464851876,-1.1015440337934654,-1.3543963712762639,0,0,0,0,-0.1652816102597926,0,0,1,1,0,0,0,0,0,1
0,1,1,0,1.5598055673712277,1,1,1,0,0,0,0,0,1,0.5278074424435529,0.5008147607802959,0.3011904006018998,-0.56396873254911,-0.06819387034105659,1,0,0,0,1.0834836766009834,0,1,0,0,0,1,0,1,0,0
0,0,1,0,1.5598055673712277,1,1,0,0,0,0,0,0,1,-1.3242703003421479,-1.3395051672076448,0.22596429885978203,-1.1015440337934654,-0.9256622042978615,1,0,0,0,0.32837669435991323,0,0,1,0,0,1,1,0,0,0
1,1,1,1,1.3574759769217193,1,1,1,1,1,1,1,1,1,1.702497250758123,1.7917208716194482,-1.1145154155777588,2.1239077736726677,2.0754769645509556,0,0,0,0,1.2886077621779388,0,1,0,0,1,0,0,0,1,0
1,0,0,0,-0.949081354202677,1,0,0,0,0,0,0,0,1,-1.47296521278703,-1.533817489117387,0.7708807041393614,-1.1015440337934654,-1.3543963712762639,0,0,1,0,-1.1454946151211034,0,0,1,0,1,0,0,0,0,1
1,0,0,0,-0.9895472722925787,0,0,1,0,0,0,0,0,1,-1.1326190798576328,-1.200481162662431,0.8420839177358005,-0.56396873254911,-0.9256622042978615,0,0,1,0,-0.9422420161296581,1,0,0,1,0,0,0,0,1,0
0,0,0,0,-0.018365238134938143,1,1,1,0,0,0,1,1,0,0.3311997248775418,0.21742229598160223,1.3348886688723745,0.5111818699396011,0.7892744636157483,0,0,1,0,0.5101810127173794,1,0,0,0,1,0,0,0,0,1
0,0,0,0,-1.2728086989218905,1,0,0,1,0,0,0,0,0,-0.4882744592631427,-0.48738532309749055,0.006326045598127978,-0.56396873254911,-0.49692803731945906,0,1,1,0,-1.8842456809104389,1,0,0,1,0,0,0,0,1,0
0,0,0,0,-0.1802289104945449,1,1,0,0,0,1,0,0,1,-0.32471005557377236,-0.36201036050412505,0.4525741056066637,-0.56396873254911,-0.06819387034105659,1,0,1,0,0.2480282994201572,1,0,0,1,0,0,0,1,0,0
0,0,1,1,-0.38255850094405336,1,1,0,1,0,1,1,0,1,0.15772232702517913,0.23350856134260248,-0.9022123637633452,0.5111818699396011,0.7892744636157483,1,0,0,0,0.30664552014102026,1,0,0,1,0,0,0,1,0,0
1,1,1,0,-0.7467517637531685,1,1,0,0,0,0,0,0,1,0.3427648847343658,0.2516856670939023,1.065904122560674,-1.1015440337934654,-0.49692803731945906,0,0,0,1,-0.000876066494030235,0,1,0,1,0,0,0,0,1,0
0,1,0,0,-1.1109450265622838,1,0,0,0,0,0,0,1,0,0.469981643159432,0.3603400457506021,1.2811613770920973,-0.56396873254911,-0.49692803731945906,0,1,1,1,-0.6200771891339851,0,1,0,1,0,0,0,0,1,0
1,0,1,0,0.3053621065842754,1,1,0,0,0,0,1,1,1,1.069717790020457,0.9202325054032365,1.7319345734345677,-0.026393431304754394,0.3605402966373459,1,0,0,1,0.8152900893818362,0,1,0,1,0,0,1,0,0,0
0,0,1,1,-0.22069482858444658,1,0,1,0,0,0,0,0,0,0.3196345650207178,0.27368953195073886,0.5326342099763739,-0.56396873254911,-0.49692803731945906,0,0,0,0,0.4181433359976779,0,1,0,1,0,0,0,0,0,1
1,1,1,1,0.34582802467417706,1,1,0,1,1,1,1,1,1,1.5604110010885688,1.511089083788999,0.5297815911992586,1.5863324724283123,1.6467427975725533,0,0,0,0,0.9421915939103256,0,1,0,0,1,0,0,0,1,0
0,1,1,0,0.9528167960227024,1,1,1,1,1,1,0,0,1,0.1230268474547067,0.22850512497199443,-1.2523580300577744,1.0487571711839567,1.2180086305941509,1,0,0,0,0.8653835447982937,1,0,0,0,1,0,0,1,0,0
0,0,0,1,-1.1514109446521854,1,1,0,0,1,1,0,0,1,0.739284651254052,0.6793490190841297,0.683704146047902,-0.026393431304754394,0.3605402966373459,0,1,0,0,-0.6845940681239661,0,1,0,1,0,0,0,0,0,1
0,0,0,0,-0.949081354202677,1,0,0,0,1,0,0,1,1,0.6798066862760991,0.7274424337459677,-0.5871243125896859,-0.026393431304754394,-0.06819387034105659,1,0,1,1,-0.16435545351657543,0,1,0,1,0,0,0,1,0,0
1,1,0,0,-0.8276835999329719,1,0,0,1,1,1,0,0,1,0.6302417154611384,0.6941751526240303,-0.7782629772249939,0.5111818699396011,0.3605402966373459,0,0,1,0,0.009222616338960092,0,1,0,1,0,0,0,0,0,1
0,1,1,0,1.6002714854611295,1,1,1,1,1,1,1,1,0,0.805371279007333,0.7737512212224472,0.3463687690853044,2.1239077736726677,2.0754769645509556,1,0,0,0,1.154361097923393,1,0,0,0,0,1,0,1,0,0
0,0,0,0,-1.2728086989218905,1,0,0,0,0,0,0,0,0,-1.4944433668068464,-1.4906203592974296,0.006326045598127978,-1.1015440337934654,-1.3543963712762639,0,1,1,0,-2.457487489220233,0,0,1,1,0,0,0,0,0,1
1,1,0,0,-1.2728086989218905,1,1,0,0,1,0,1,0,1,0.7954582848443409,0.7926042058472591,0.006326045598127978,-0.026393431304754394,0.3605402966373459,0,1,1,1,-1.5274002346468722,0,1,0,1,0,0,0,0,1,0
0,0,0,0,-1.0704791084723821,1,0,0,0,0,1,0,0,1,-0.498187453426135,-0.6650243675477807,1.991352517419769,-0.56396873254911,-0.49692803731945906,1,1,1,0,-0.8381227823552684,1,0,0,1,0,0,1,0,0,0
1,0,0,0,-0.6658199275733652,1,0,1,0,0,0,1,1,1,0.9755443454720317,0.9212003224537579,0.6093874839481976,0.5111818699396011,0.3605402966373459,0,0,1,0,0.2388057982552845,0,1,0,1,0,0,0,0,1,0
1,0,1,0,-0.8276835999329719,1,0,0,0,0,0,0,0,0,-1.4845303726438543,-1.5777925333514746,1.154782441324725,-1.1015440337934654,-1.3543963712762639,1,0,0,0,-1.0130731629721765,0,0,1,0,1,0,1,0,0,0
1,1,0,0,-1.2728086989218905,1,1,0,0,0,0,0,0,1,0.36424303875418235,0.36264633319014244,0.006326045598127978,-1.1015440337934654,-0.49692803731945906,0,1,1,1,-1.6262744734092773,0,1,0,1,0,0,0,0,1,0
0,1,1,0,-0.5039562552137584,1,1,0,0,1,0,1,0,0,0.8615449125976219,1.0808901357897702,-2.6252147762930846,-0.026393431304754394,0.3605402966373459,0,0,0,1,0.4112939774774608,0,1,0,1,0,0,0,0,1,0
1,0,1,1,0.8314190417529973,1,0,0,0,0,0,0,0,0,-1.4713130470931979,-1.4690805049092721,0.024347778690044935,-1.1015440337934654,-1.3543963712762639,1,0,0,0,0.032253317002303585,0,0,1,0,1,0,0,1,0,0
0,0,1,0,1.155146386472211,1,0,1,1,0,1,0,1,0,0.9573705228398796,1.0323608790116257,-0.920385354946436,1.0487571711839567,0.7892744636157483,1,0,0,0,1.1036428738085258,0,1,0,0,1,0,1,0,0,0
0,1,1,0,-0.05883115622483983,0,0,1,1,1,0,0,1,1,-0.47340496801865467,-0.4537475362488991,-0.21627023897761594,1.0487571711839567,0.3605402966373459,1,0,0,0,0.27860645638466885,1,0,0,0,1,0,0,1,0,0
1,1,1,0,1.6002714854611295,1,1,0,1,0,0,1,1,0,1.1110219323662576,1.0377845253126519,0.8282764504604454,0.5111818699396011,0.7892744636157483,1,0,0,1,1.209094565403654,0,1,0,0,0,1,1,0,0,0
1,0,0,0,0.9528167960227024,1,1,1,0,0,1,1,1,1,1.3423251295027412,1.2760126432702472,0.7383538694654866,1.0487571711839567,1.2180086305941509,0,0,1,0,1.0964859845508392,0,1,0,1,0,0,0,0,0,1
1,0,0,0,-1.191876862742087,1,0,0,0,0,1,0,1,0,-0.13471100078308942,0.029332886570896347,-1.9364658204400793,-0.026393431304754394,-0.06819387034105659,0,1,1,0,-1.02986889202057,1,0,0,1,0,0,0,0,0,1
1,0,0,0,-1.232342780831989,1,0,0,0,0,0,0,0,0,0.19737430367714784,0.1847327307113353,0.14277631043693492,-1.1015440337934654,-0.9256622042978615,1,1,1,1,-1.2402017978050113,0,1,0,1,0,0,0,1,0,0
0,0,1,1,0.06256659804486524,1,1,0,0,0,0,0,0,1,-1.2928791521593392,-1.2443418077179702,-0.5297285662685991,-1.1015440337934654,-0.9256622042978615,1,0,0,0,-0.06361553196395728,0,0,1,0,1,0,0,1,0,0
1,0,0,0,-0.7872176818430703,1,0,0,0,1,0,1,0,1,0.6104157271351542,0.5548791928485112,0.6360964987003033,-0.026393431304754394,-0.06819387034105659,0,0,1,1,0.027791185185373594,0,1,0,1,0,0,0,0,1,0
1,0,1,0,0.7504872055731939,1,1,0,0,0,0,1,1,1,0.9887616710226882,0.9760412698409312,0.11640357017396916,-0.026393431304754394,0.3605402966373459,0,0,0,1,0.9796258380077396,0,1,0,1,0,0,0,0,1,0
1,1,1,0,1.4788737311914244,0,0,1,1,0,0,1,1,0,-0.2701885876773156,-0.24572650878046393,-0.2801347588460688,1.0487571711839567,0.3605402966373459,1,0,0,0,0.8556881718515131,1,0,0,0,0,1,0,1,0,0
1,0,0,0,1.397941895011621,0,0,1,0,1,1,1,0,1,-0.5081004475891271,-0.4998264898822166,-0.08037369623974505,1.0487571711839567,0.3605402966373459,1,0,1,0,0.746150728433578,1,0,0,0,1,0,1,0,0,0
1,0,0,0,-0.34209258285415167,1,1,0,0,0,1,0,0,0,-0.33462304973676443,-0.42773759140224255,1.1133600394986611,-0.56396873254911,-0.06819387034105659,1,0,1,0,0.12724477700906156,1,0,0,0,1,0,1,0,0,0
1,0,1,0,-1.232342780831989,1,0,0,0,0,0,0,0,0,-1.4779217098685262,-1.5070938410084302,0.39618394513756694,-1.1015440337934654,-1.3543963712762639,0,1,0,0,-2.052539299922389,0,0,1,1,0,0,0,0,0,1
1,0,0,1,0.022100679954963547,1,1,1,0,1,0,0,1,1,1.0102398250425042,1.1368001343240757,-1.532431270008296,0.5111818699396011,0.7892744636157483,1,0,0,0,0.7373335429896085,0,1,0,1,0,0,1,0,0,0
1,0,1,0,-0.7467517637531685,1,1,0,0,0,0,0,1,1,0.6748501891946033,0.5478553347123928,1.4794319660007207,-0.56396873254911,-0.06819387034105659,0,0,0,1,0.07276455039029502,0,1,0,1,0,0,0,0,1,0
1,0,1,1,0.06256659804486524,1,1,0,0,1,0,1,1,0,0.4121558438753112,0.5354240854884611,-1.4728406908897442,0.5111818699396011,0.7892744636157483,1,0,0,0,0.6282007924112167,1,0,0,0,1,0,1,0,0,0
0,0,1,1,1.0337486322025058,0,0,1,0,1,1,1,1,0,-0.16444998327206584,-0.07427016536213844,-1.061414080985317,1.5863324724283123,0.7892744636157483,0,0,0,0,0.8011052283190315,1,0,0,0,0,1,0,0,0,1
1,1,1,0,1.2765441407419158,1,0,1,0,1,0,0,0,0,0.5145901168928966,0.45000726588879264,0.7464469017550316,-0.026393431304754394,-0.06819387034105659,1,0,0,0,1.0058786125768515,0,1,0,0,1,0,0,1,0,0
0,0,1,0,-1.191876862742087,1,1,0,0,0,0,1,1,1,1.0069354936548403,1.083086600017904,-0.9358305449555179,-0.026393431304754394,0.3605402966373459,0,1,0,1,-0.780965239051552,0,1,0,1,0,0,0,0,1,0
1,0,0,0,-1.2728086989218905,1,0,0,0,0,0,1,0,1,0.5030249570360725,0.501023579562548,0.006326045598127978,-0.56396873254911,-0.49692803731945906,0,1,1,1,-1.5927280336979066,0,1,0,1,0,0,0,0,1,0
1,0,1,1,0.6695553693933906,1,1,0,0,0,0,1,0,0,0.6533720351747868,0.7278197175674671,-0.9034749913882999,-0.56396873254911,-0.06819387034105659,0,0,0,1,0.9020649052572004,0,1,0,1,0,0,0,0,1,0
0,0,1,1,0.2648961884943737,1,0,0,0,0,0,0,0,0,-1.4861825383376863,-1.4927745838288682,0.1292812292990268,-1.1015440337934654,-1.3543963712762639,0,0,0,0,-0.18351570544583787,0,0,1,0,0,1,0,0,0,1
0,1,0,0,0.9123508779328007,1,1,0,0,1,0,1,1,1,1.170499897344211,1.1075472243766624,0.7045261020460344,0.5111818699396011,0.7892744636157483,0,0,1,1,1.0532385218739142,0,1,0,0,1,0,0,0,1,0
1,0,0,0,-0.54442217330366,1,0,0,0,0,0,1,0,1,0.46172081469027193,0.459493065143762,0.010429812961702244,-0.56396873254911,-0.49692803731945906,1,0,1,1,0.24381282018766862,0,1,0,1,0,0,1,0,0,0
1,0,1,1,-0.8276835999329719,1,0,0,0,0,0,0,0,1,-1.4399218989103897,-1.2928012997511638,-1.6911802253131796,-1.1015440337934654,-1.3543963712762639,0,0,0,0,-0.7532978789974676,0,0,1,1,0,0,0,0,1,0
0,0,1,0,-0.34209258285415167,1,0,0,0,0,0,0,0,0,-1.47296521278703,-1.5059269693872346,0.4408551627931272,-1.1015440337934654,-1.3543963712762639,0,0,0,0,-0.501734956942894,0,0,1,0,1,0,0,0,0,1
0,0,0,0,-0.8276835999329719,1,1,1,1,1,0,0,1,1,1.1556304060997227,1.2671777581383359,-1.3598010107046543,1.0487571711839567,1.2180086305941509,1,0,1,0,0.12531731505126656,0,1,0,1,0,0,1,0,0,0
0,1,1,0,1.114680468382309,0,0,0,1,0,0,1,1,1,-0.504796116201463,-0.5365037543991241,0.39261024772512254,0.5111818699396011,-0.06819387034105659,1,0,0,0,0.6623967347057356,1,0,0,0,0,1,0,1,0,0
1,0,0,0,-0.018365238134938143,1,1,1,0,0,1,0,0,0,0.7574584738862046,0.7151788418055562,0.47415552504545583,-0.026393431304754394,0.3605402966373459,1,0,1,0,0.6310741209789449,0,1,0,1,0,0,1,0,0,0
1,1,0,0,0.871884959842899,1,0,0,0,1,1,0,1,0,0.017288243049456968,0.0206385490012012,-0.04024031462463661,0.5111818699396011,0.3605402966373459,1,0,1,0,0.784492736825853,1,0,0,0,1,0,1,0,0,0
0,1,0,0,0.9123508779328007,1,1,0,0,1,0,1,1,1,1.1655434002627147,1.1671812281704848,-0.05959538105126905,0.5111818699396011,0.7892744636157483,0,0,1,1,1.0647178117174887,0,1,0,0,1,0,0,0,1,0
1,0,1,1,-0.09929707431474152,1,0,0,0,0,0,0,0,0,-1.4366175675227255,-1.3512547040223641,-0.9605215452596807,-1.1015440337934654,-1.3543963712762639,0,0,0,0,-0.22292820459696844,0,0,1,0,0,1,0,0,0,1
1,0,0,0,-1.1109450265622838,1,0,0,0,0,0,0,0,1,0.16598315549433926,0.005830719329868604,1.8893397003736172,-1.1015440337934654,-0.9256622042978615,0,1,1,1,-0.7163634805612884,0,1,0,1,0,0,0,0,1,0
1,0,1,1,-1.1109450265622838,1,1,1,1,0,1,0,0,0,-0.01079857374568728,-0.04490760434001358,0.4039811031283597,0.5111818699396011,0.7892744636157483,1,1,0,0,-0.7314326399458477,1,0,0,1,0,0,0,1,0,0
1,0,1,1,-1.0704791084723821,1,0,0,0,0,0,0,0,1,-1.46470438431787,-1.5422372686585648,0.9679755311287433,-1.1015440337934654,-1.3543963712762639,1,1,0,0,-1.4077131613595828,0,0,1,0,0,1,0,1,0,0
1,0,0,0,0.5076916970337838,1,0,1,1,1,1,1,1,0,1.568671829557729,1.5510066960845932,0.15490522286704714,2.1239077736726677,1.6467427975725533,1,0,1,0,1.0076513720428486,0,1,0,0,1,0,0,1,0,0
0,0,0,0,1.155146386472211,1,1,0,1,1,1,1,1,0,0.7905017877628451,0.740996298388698,0.5585182180605506,1.5863324724283123,1.6467427975725533,1,0,1,0,1.0428546790010766,1,0,0,0,0,1,0,1,0,0
1,1,0,0,0.7100212874832923,1,1,0,0,0,0,1,1,1,1.0234571505931607,1.040826628268617,-0.24084386270987643,-0.026393431304754394,0.3605402966373459,0,0,1,1,0.9801422919170798,0,1,0,1,0,0,0,0,1,0
1,0,0,0,-0.8276835999329719,1,1,0,0,1,0,1,0,1,0.8202407702518213,0.672210510342696,1.7233252114864075,-0.026393431304754394,0.3605402966373459,0,0,1,1,0.0043166608841240855,0,1,0,1,0,0,0,0,1,0
1,0,1,0,1.6002714854611295,1,1,1,1,1,1,0,1,0,0.46667731177176774,0.50411235738336,-0.459066821977075,1.5863324724283123,1.6467427975725533,1,0,0,0,1.0930761860442053,1,0,0,0,0,1,1,0,0,0
1,0,0,0,0.42675986085398043,1,1,0,0,0,0,0,0,0,-1.2647923353641948,-1.2825564542452332,0.25384047949177196,-1.1015440337934654,-0.9256622042978615,1,0,1,0,0.056457882360354296,0,0,1,0,0,1,1,0,0,0
0,0,1,1,1.6002714854611295,1,1,1,1,1,1,1,1,1,1.7471057244915875,1.6690391925439128,0.8634719552799757,2.1239077736726677,2.0754769645509556,1,0,0,0,1.3233941467600758,0,1,0,0,0,1,1,0,0,0
0,0,1,0,-1.232342780831989,1,0,0,0,0,0,0,0,1,0.18580914382032337,-0.1521499702786276,3.992623068388889,-1.1015440337934654,-0.9256622042978615,0,1,0,1,-1.3383368503634894,0,1,0,1,0,0,0,0,1,0
0,0,1,0,-1.0300131903824803,1,0,0,0,1,0,0,0,1,0.3444170504281982,0.2056775860296076,1.6298057272516528,-0.56396873254911,-0.49692803731945906,1,0,0,1,-0.4489343720624656,0,1,0,1,0,0,1,0,0,0
0,0,1,0,-0.46349033712385673,1,0,1,0,1,1,1,1,0,0.5344161052188812,0.5575040882859785,-0.29163677762129686,1.5863324724283123,1.2180086305941509,0,0,0,0,0.33014045996004615,1,0,0,0,1,0,0,0,0,1
1,0,1,1,0.1839643523145703,1,0,0,0,0,0,0,0,0,-1.4845303726438543,-1.5302012383273744,0.5916397299066647,-1.1015440337934654,-1.3543963712762639,1,0,0,0,-0.25448611851610614,0,0,1,0,1,0,0,1,0,0
1,0,1,1,-0.38255850094405336,1,0,1,0,0,1,1,1,1,1.1605869031812184,1.206446715961006,-0.5826983895755947,1.0487571711839567,0.7892744636157483,0,0,0,0,0.5233711453665619,0,1,0,1,0,0,0,0,1,0
0,0,1,1,-0.6658199275733652,1,0,1,1,0,1,0,1,0,0.11641818467937849,0.1625964896621782,-0.550439767181631,1.0487571711839567,0.7892744636157483,1,0,0,0,0.05917224155781029,1,0,0,0,0,1,1,0,0,0
1,0,1,1,1.4384078131015228,1,0,1,1,1,0,1,1,1,1.2729341703617965,1.294560883864808,-0.29982706962843,1.5863324724283123,1.2180086305941509,1,0,0,0,1.2221322875791651,0,1,0,0,0,1,0,1,0,0
1,0,0,0,-0.9086154361127753,1,1,0,1,0,0,0,0,1,0.5278074424435529,0.4657703287010063,0.7158674227599098,-0.56396873254911,-0.06819387034105659,1,0,1,1,-0.15842820333616806,0,1,0,1,0,0,1,0,0,0
1,0,1,0,-0.7467517637531685,1,0,0,0,0,0,0,0,0,-0.6650561885031695,-0.6239975535722887,-0.4628957834904112,-1.1015440337934654,-0.9256622042978615,0,0,0,0,-0.2886402303218071,1,0,0,0,1,0,0,0,1,0
0,0,1,1,1.5598055673712277,1,1,1,1,1,0,1,1,1,1.4629332251524794,1.4223088447719878,0.4302278743931234,1.5863324724283123,1.6467427975725533,1,0,0,0,1.272348705862033,0,1,0,0,0,1,1,0,0,0
1,0,1,1,1.0337486322025058,1,1,0,0,1,1,0,1,0,0.9788486768596957,1.027351320229018,-0.6077001461764894,0.5111818699396011,0.7892744636157483,1,0,0,0,1.0708977961958341,0,1,0,0,0,1,1,0,0,0
0,0,0,0,-1.0704791084723821,1,1,0,1,0,0,1,0,1,0.8268494330271494,0.9016037431683801,-0.9130888341490492,-0.026393431304754394,0.3605402966373459,0,1,1,1,-0.38210791003199857,0,1,0,1,0,0,0,0,1,0
1,1,0,0,-1.191876862742087,1,1,0,0,1,0,1,0,0,0.869805741066782,1.0419028957404024,-2.0664184536198933,-0.026393431304754394,0.3605402966373459,0,1,1,1,-0.7890522438108637,0,1,0,1,0,0,0,0,1,0
0,0,0,0,-0.9895472722925787,1,0,1,1,0,1,0,0,0,-0.21566711978085853,-0.200540822804692,-0.17154662106673993,0.5111818699396011,0.3605402966373459,1,0,1,0,-0.4849090346230546,1,0,0,0,1,0,1,0,0,0
0,0,1,0,1.6002714854611295,1,1,1,1,0,0,0,0,1,0.6385025439302985,0.6364035674569792,0.002806495116176065,-0.026393431304754394,0.3605402966373459,1,0,0,0,1.1238895377635039,0,1,0,0,0,1,1,0,0,0
1,1,1,0,-1.0300131903824803,1,1,0,0,0,0,1,1,1,1.0201528192054963,0.8996818369687632,1.390321588963135,-0.026393431304754394,0.3605402966373459,1,0,0,1,-0.2856083804774911,0,1,0,1,0,0,1,0,0,0
0,0,1,0,1.0337486322025058,1,1,0,0,1,1,1,1,1,1.2349343594036595,1.2101217595571028,0.2509954859987416,1.0487571711839567,1.2180086305941509,1,0,0,0,1.1062904964248308,0,1,0,1,0,0,0,1,0,0
1,0,0,0,-1.0704791084723821,1,0,1,1,0,0,0,0,1,-0.2982754044724598,-0.28997810059399975,-0.08788961345723384,-0.026393431304754394,-0.06819387034105659,1,1,1,0,-0.6953495765977807,1,0,0,1,0,0,1,0,0,0
1,0,0,0,-0.05883115622483983,1,1,0,1,1,0,1,1,1,1.2795428331371246,1.1259530793088943,1.773262654801074,1.0487571711839567,1.2180086305941509,0,0,1,1,0.6958887911026367,0,1,0,0,1,0,0,0,1,0
0,1,1,0,-0.8681495180228737,1,1,0,0,1,0,1,1,1,1.1506739090182263,1.255059765152441,-1.2748887787973955,0.5111818699396011,0.7892744636157483,0,0,0,1,0.06833118910703184,0,1,0,1,0,0,0,0,1,0
0,1,0,0,0.9528167960227024,1,1,0,1,1,1,1,0,1,1.1622390688750508,1.2241505928122225,-0.7726935786601428,1.0487571711839567,1.2180086305941509,1,0,1,0,1.08683536353109,0,1,0,0,0,1,1,0,0,0
1,0,1,0,1.4788737311914244,1,1,1,1,1,1,1,1,1,1.580236989414553,1.5944568967830095,-0.22278609681237196,2.1239077736726677,2.0754769645509556,1,0,0,0,1.284127710276535,0,1,0,0,0,1,1,0,0,0
0,0,0,0,0.7909531236630957,1,0,0,0,1,0,0,1,1,-0.1743629774350579,-0.20461167357366064,0.36394569575257857,-0.026393431304754394,-0.06819387034105659,0,0,1,0,0.6912015690707062,1,0,0,1,0,0,0,0,1,0
0,0,1,0,1.2765441407419158,1,0,1,0,1,0,1,1,1,1.1325000863860741,1.1491521256297295,-0.2361168356779617,1.0487571711839567,0.7892744636157483,1,0,0,0,1.1566758647161057,0,1,0,0,0,1,1,0,0,0
0,0,1,0,-0.6658199275733652,0,0,0,0,0,1,1,1,1,-0.4882744592631427,-0.4647342857448647,-0.2617012603352363,0.5111818699396011,-0.06819387034105659,0,0,0,0,-0.14159470300754987,1,0,0,1,0,0,0,0,1,0
1,1,1,0,-0.9086154361127753,1,0,0,1,1,1,1,0,1,0.9177185461879108,0.944489707222685,-0.3484446429827601,1.0487571711839567,0.7892744636157483,0,0,0,0,-0.05209761541626771,0,1,0,1,0,0,0,0,0,1
1,0,1,1,0.7909531236630957,1,1,0,0,0,0,0,0,0,-1.287922655077843,-1.2803617090745234,-0.045030235398893476,-1.1015440337934654,-0.9256622042978615,0,0,0,0,0.17764136260987545,0,0,1,0,0,1,0,0,0,1
0,0,0,0,-0.8276835999329719,1,1,0,1,0,0,1,0,1,0.8268494330271494,0.7563625460830579,0.8055347396539767,-0.026393431304754394,0.3605402966373459,1,0,1,1,0.022908802909328396,0,1,0,1,0,0,1,0,0,0
0,0,1,0,1.4384078131015228,1,0,1,0,0,1,0,0,0,-0.29166674169713186,-0.26828801634118205,-0.26657448407948037,-0.026393431304754394,-0.06819387034105659,1,0,0,0,0.8389282644985546,1,0,0,0,1,0,1,0,0,0
1,0,0,0,-1.2728086989218905,1,0,0,0,0,0,0,0,1,0.15276582994368287,0.15178576728933404,0.006326045598127978,-1.1015440337934654,-0.9256622042978615,0,1,1,1,-1.6810980897564927,0,1,0,1,0,0,0,0,1,0
1,0,0,0,-1.2728086989218905,1,0,0,0,0,0,0,0,1,-0.632012874626529,-0.6307046139831962,0.006326045598127978,-1.1015440337934654,-0.9256622042978615,0,1,1,0,-1.9404379046339595,1,0,0,1,0,0,0,0,1,0
1,0,1,1,0.871884959842899,1,1,0,0,0,0,0,0,1,-1.3440962886681322,-1.382078418690503,0.49581429724208914,-1.1015440337934654,-0.9256622042978615,1,0,0,0,0.12147015574289688,0,0,1,0,0,1,1,0,0,0
0,0,0,0,-0.949081354202677,1,0,0,0,0,0,0,0,0,-1.469660881399366,-1.4516331192480614,-0.162612377535629,-1.1015440337934654,-1.3543963712762639,0,0,1,0,-1.065035488148343,0,0,1,1,0,0,0,0,0,1
1,0,0,0,-1.2728086989218905,1,0,0,0,0,0,0,0,1,-0.6287085432388649,-0.627409917640996,0.006326045598127978,-1.1015440337934654,-0.9256622042978615,0,1,1,0,-1.9390881816413013,1,0,0,1,0,0,0,0,0,1
0,1,0,0,-0.949081354202677,1,0,0,0,1,0,0,0,0,0.3559822102850222,0.20029101899394725,1.8299946645548364,-0.56396873254911,-0.49692803731945906,1,0,1,1,-0.2924260306772138,0,1,0,1,0,0,0,1,0,0
0,0,1,0,-0.1397629924046432,1,1,0,0,0,0,0,0,1,0.33780838765287,0.3084542588718855,0.33568875382972024,-1.1015440337934654,-0.49692803731945906,0,0,0,1,0.47214078728450615,0,1,0,1,0,0,0,0,1,0
1,0,0,1,0.3053621065842754,1,0,0,0,0,0,0,0,1,-1.46470438431787,-1.4289271702897322,-0.3728107617039764,-1.1015440337934654,-1.3543963712762639,1,0,0,0,-0.10782120027508516,0,0,1,0,1,0,1,0,0,0
0,0,1,1,0.3053621065842754,1,1,0,0,1,1,0,0,1,0.6649371950316108,0.5875505422495787,0.8927654446759243,-0.026393431304754394,0.3605402966373459,0,0,0,0,0.7426729599367671,0,1,0,1,0,0,0,0,1,0
0,0,1,1,-0.949081354202677,1,0,1,0,0,0,0,0,0,-0.5328829329966075,-0.5871414067918833,0.6604209659365198,-0.56396873254911,-0.49692803731945906,0,0,0,0,-0.5511372428260078,1,0,0,0,1,0,0,0,0,1
1,0,1,0,1.2765441407419158,1,0,0,1,1,1,1,1,1,1.246499519260484,1.2924199368850882,-0.5863797922954264,1.5863324724283123,1.2180086305941509,1,0,0,0,1.183572479563226,0,1,0,0,1,0,0,1,0,0
1,0,1,0,-0.7467517637531685,1,0,0,0,1,0,0,0,0,-0.4800136307939826,-0.5590449685403435,0.9517314519812691,-0.56396873254911,-0.49692803731945906,1,0,0,0,-0.26214715729126553,1,0,0,1,0,0,0,1,0,0
0,1,1,0,-0.42302441903395505,1,1,0,0,0,0,0,0,0,-1.2928791521593392,-1.3112091675721684,0.26150576166030814,-1.1015440337934654,-0.9256622042978615,1,0,0,0,-0.38650166624469,0,0,1,0,1,0,1,0,0,0
0,0,0,0,-0.54442217330366,1,0,0,0,0,0,0,1,1,-0.28175374753413956,-0.23707510362560172,-0.5189561769392229,-0.56396873254911,-0.49692803731945906,0,0,1,0,0.04695070937193189,1,0,0,1,0,0,0,0,1,0
1,0,0,0,-1.2728086989218905,1,0,0,0,0,0,0,0,1,-0.6898386739106499,-0.6883617999716984,0.006326045598127978,-1.1015440337934654,-0.9256622042978615,1,1,1,0,-1.9645388169475624,1,0,0,1,0,0,1,0,0,0
1,0,0,0,-0.5039562552137584,1,1,0,0,1,0,1,0,1,0.792153953456677,0.7686352899577534,0.250961877559125,-0.026393431304754394,0.3605402966373459,0,0,1,1,0.3469759370048213,0,1,0,1,0,0,0,0,1,0
0,1,0,0,-1.2728086989218905,0,0,0,0,0,0,1,0,1,-0.9343591965977897,-0.9321693292945079,0.006326045598127978,-0.56396873254911,-0.9256622042978615,0,1,1,0,-2.078074534400444,1,0,0,1,0,0,0,0,1,0
1,0,0,0,-0.54442217330366,1,0,0,1,0,0,0,0,1,0.3014607423885652,0.3370690852704309,-0.43175112046329606,-0.56396873254911,-0.49692803731945906,1,0,1,1,0.21337632619931987,0,1,0,1,0,0,0,1,0,0
1,0,1,1,0.9123508779328007,1,0,0,0,0,0,0,0,0,-1.4614000529302058,-1.4274520448819743,-0.35127997316123033,-1.1015440337934654,-1.3543963712762639,0,0,0,0,0.09380763550069626,0,0,1,0,0,1,0,0,0,1
1,0,0,0,-0.8276835999329719,1,0,0,1,0,1,0,0,1,-0.3627098665319089,-0.35216549405302705,-0.11225573217845154,-0.026393431304754394,-0.06819387034105659,0,0,1,0,-0.2814269353024677,1,0,0,1,0,0,0,0,0,1
1,0,1,1,-0.42302441903395505,1,0,0,1,1,0,1,1,1,1.1671955659565467,0.9972497763752809,1.9706782348684344,1.0487571711839567,0.7892744636157483,0,0,0,1,0.45468126794003394,0,1,0,0,1,0,0,0,0,1
0,0,1,1,0.224430270404472,1,0,0,0,0,0,0,0,1,-1.4713130470931979,-1.4862418812637164,0.22741651231062576,-1.1015440337934654,-1.3543963712762639,0,0,0,0,-0.19346648607654593,0,0,1,0,0,1,0,0,0,1
1,0,0,1,0.871884959842899,1,0,0,1,1,1,0,0,1,-0.1231458409262652,-0.13000228931161556,0.08538056411584673,0.5111818699396011,0.3605402966373459,0,0,0,0,0.738850021795354,1,0,0,0,1,0,0,0,1,0
0,1,1,0,0.7909531236630957,1,1,0,1,1,0,1,1,1,1.380324940460878,1.4288924369346594,-0.6223198174092217,1.0487571711839567,1.2180086305941509,0,0,0,1,1.0774489829169653,0,1,0,0,1,0,0,0,1,0
1,0,0,0,-1.2728086989218905,1,0,0,0,0,0,0,0,0,-1.469660881399366,-1.4659101367309286,0.006326045598127978,-1.1015440337934654,-1.3543963712762639,0,1,1,0,-2.434863060048651,0,0,1,1,0,0,0,0,0,1
0,0,1,1,-0.09929707431474152,1,0,0,0,0,0,0,0,0,-1.5010520295821745,-1.4709620044556357,-0.3042607477016251,-1.1015440337934654,-1.3543963712762639,0,0,0,0,-0.32740688550495195,0,0,1,0,0,1,0,0,0,1
1,0,0,0,-1.2728086989218905,1,0,0,0,0,0,0,0,1,-1.4630522186240378,-1.4593207440465283,0.006326045598127978,-1.1015440337934654,-1.3543963712762639,0,1,1,0,-2.428964698086198,0,0,1,1,0,0,0,0,0,1
1,0,1,1,-0.9895472722925787,1,1,0,0,0,0,0,0,0,-1.332531128811308,-1.2931444972868096,-0.4200810320231333,-1.1015440337934654,-0.9256622042978615,0,0,0,0,-1.007828657348124,0,0,1,0,1,0,0,0,0,1
1,1,0,1,0.9528167960227024,1,0,1,0,0,0,1,1,0,0.9937181681041839,0.9641049172314268,0.3161238407678567,0.5111818699396011,0.3605402966373459,1,0,0,0,1.0360809383237108,0,1,0,0,1,0,0,1,0,0
1,0,0,1,-0.05883115622483983,1,1,0,1,0,1,1,1,1,0.48650330009775233,0.6171350554933103,-1.5625375985162242,1.0487571711839567,1.2180086305941509,0,0,0,0,0.5890437501886437,1,0,0,0,1,0,0,0,0,1
0,0,0,0,1.1956123045621125,0,0,0,1,1,0,0,1,1,-0.69809950237981,-0.6724197208965367,-0.2797793484187157,0.5111818699396011,-0.06819387034105659,1,0,1,0,0.6270340404274968,1,0,0,0,0,1,0,1,0,0
1,0,1,1,-0.7872176818430703,1,0,1,0,0,0,0,1,0,0.6385025439302985,0.642822241367238,-0.07314498776952834,-0.026393431304754394,-0.06819387034105659,0,0,0,0,0.04804289617651657,0,1,0,1,0,0,0,0,1,0
0,0,1,0,-0.42302441903395505,1,0,0,0,0,0,0,0,1,0.149461498556019,0.19416754296399963,-0.5341587696724592,-1.1015440337934654,-0.9256622042978615,0,0,0,1,0.2681258416751666,0,1,0,1,0,0,0,0,1,0
0,1,1,0,1.6002714854611295,1,1,1,1,1,0,1,1,1,1.5752804923330572,1.5491259735892537,0.2551311912069809,1.5863324724283123,1.6467427975725533,0,0,0,0,1.3032186666860035,0,1,0,0,0,1,0,0,1,0
1,0,0,0,-1.2728086989218905,1,0,0,0,0,0,1,1,1,-0.06366787594831237,-0.06401684312477426,0.006326045598127978,-0.026393431304754394,-0.06819387034105659,0,1,1,0,-1.7426330917550876,1,0,0,1,0,0,0,0,0,1
1,1,0,0,1.2765441407419158,1,1,1,1,0,0,1,1,1,1.2811949988309566,1.238134666684306,0.4653228070090165,1.0487571711839567,1.2180086305941509,1,0,1,0,1.1735158661279483,0,1,0,1,0,0,1,0,0,0
0,0,0,0,1.2765441407419158,1,1,1,1,1,1,1,1,1,0.716154331540404,0.6684610772657653,0.539639469108721,2.1239077736726677,2.0754769645509556,1,0,1,0,1.0569860777191908,1,0,0,0,0,1,0,1,0,0
0,0,1,0,-0.7062858456632669,1,0,1,0,1,0,1,1,0,1.2233691995468357,1.5336912364194748,-3.7142178423399184,1.0487571711839567,0.7892744636157483,0,0,0,0,0.313200637420951,0,1,0,1,0,0,0,0,1,0
1,0,0,0,-1.2728086989218905,1,0,0,0,0,0,1,0,1,0.5228509453620567,0.5207917576157485,0.006326045598127978,-0.56396873254911,-0.49692803731945906,0,1,1,1,-1.5880783224634096,0,1,0,1,0,0,0,0,1,0
1,1,1,0,0.022100679954963547,1,1,0,0,0,0,1,1,1,0.9838051739411919,0.9674727101916084,0.15931573647799807,-0.026393431304754394,0.3605402966373459,0,0,0,1,0.7038639999003311,0,1,0,1,0,0,0,0,1,0
0,0,0,0,-0.1397629924046432,0,0,1,1,0,1,0,0,0,-0.8335770892740362,-0.902971503089493,0.8498978799463973,0.5111818699396011,-0.06819387034105659,1,0,1,0,0.04079339386481835,1,0,0,0,1,0,0,1,0,0
0,0,0,0,-0.7062858456632669,1,1,0,0,0,0,0,0,0,-1.3110529747914916,-1.3223711994224097,0.17916304772727853,-1.1015440337934654,-0.9256622042978615,1,0,1,0,-0.6357036174938151,0,0,1,0,0,1,1,0,0,0
1,0,0,0,-1.0300131903824803,1,1,0,0,0,0,1,1,0,1.0399788075314809,0.8777956398384339,1.8832133619522846,-0.026393431304754394,0.3605402966373459,0,0,1,1,-0.290161647452705,0,1,0,1,0,0,0,0,1,0
1,0,0,0,1.3170100588318177,1,1,0,1,1,0,1,1,0,1.334064301033581,1.2284418442843024,1.2037895785681088,1.0487571711839567,1.2180086305941509,1,0,1,1,1.1814638584070163,0,1,0,0,0,1,0,1,0,0
1,1,1,1,0.5481576151236855,1,1,1,1,1,0,1,0,1,1.188673719976363,1.1194953820603328,0.7775666729478881,1.0487571711839567,1.2180086305941509,0,0,0,0,0.9430655141154562,0,1,0,1,0,0,0,0,1,0
0,0,0,0,-1.191876862742087,1,0,0,1,0,1,1,1,1,0.349373547509694,0.5476984444103827,-2.3588118782744667,1.0487571711839567,0.7892744636157483,0,1,1,0,-0.8951849177711347,1,0,0,1,0,0,0,0,1,0
1,0,1,0,1.2360782226520142,1,0,1,1,1,1,1,1,1,1.4992808704167837,1.3737781812578944,1.4333297223250256,2.1239077736726677,1.6467427975725533,1,0,0,0,1.1884355775161577,0,1,0,0,0,1,0,1,0,0
1,1,1,0,-1.0300131903824803,1,1,0,0,1,0,1,1,1,1.2299778623221638,1.1656108988749168,0.7192090618988138,0.5111818699396011,0.7892744636157483,0,0,0,1,-0.23276418218866418,0,1,0,1,0,0,0,0,1,0
0,1,0,0,-1.232342780831989,1,0,0,0,0,0,0,1,1,0.4914597971792481,1.0800664617042206,-6.981876803646319,-0.56396873254911,-0.49692803731945906,0,1,1,1,-1.0357826008792854,0,1,0,1,0,0,0,0,1,0
0,0,0,0,0.10303251613476692,1,0,0,0,0,0,0,0,0,-1.5027041952760065,-1.5516663758093379,0.6312125645742003,-1.1015440337934654,-1.3543963712762639,1,0,1,0,-0.3122128692150567,0,0,1,1,0,0,1,0,0,0
0,0,1,1,1.2765441407419158,1,0,0,0,0,0,0,0,0,-1.4713130470931979,-1.4753051692692338,0.09800356728669887,-1.1015440337934654,-1.3543963712762639,0,0,0,0,0.1449718927508246,0,0,1,0,0,1,0,0,0,1
1,0,0,0,-0.9086154361127753,1,0,0,0,0,0,0,0,0,-1.4779217098685262,-1.522249444182551,0.5755185789257091,-1.1015440337934654,-1.3543963712762639,0,0,1,0,-1.067563850004962,0,0,1,1,0,0,0,0,1,0
0,0,1,0,0.6695553693933906,1,1,1,0,0,0,1,1,1,1.193630217057859,1.126209020170238,0.7566035951199385,0.5111818699396011,0.7892744636157483,0,0,0,0,0.9841353811990236,0,1,0,1,0,0,0,0,0,1
0,0,1,1,-0.8276835999329719,1,0,0,0,0,0,0,0,0,-1.4845303726438543,-1.5027009125521635,0.2662313119577544,-1.1015440337934654,-1.3543963712762639,1,0,0,0,-0.9335817619973997,0,0,1,0,1,0,1,0,0,0
1,0,1,1,1.6002714854611295,1,1,0,0,0,0,0,0,0,-1.2945313178531714,-1.2784327629254575,-0.14582682908323696,-1.1015440337934654,-0.9256622042978615,1,0,0,0,0.3838342000160616,0,0,1,0,0,1,0,1,0,0
1,0,0,0,0.10303251613476692,1,0,0,0,0,0,1,0,0,-0.32140572418610824,-0.24047136579489253,-0.9465980488475568,-0.56396873254911,-0.49692803731945906,0,0,1,0,0.43021550656319474,1,0,0,1,0,0,0,0,0,1
1,0,1,1,0.7100212874832923,1,1,0,0,1,1,1,0,1,0.1626788241066754,0.1350816568343797,0.320941370526456,0.5111818699396011,0.7892744636157483,0,0,0,0,0.7686381322417147,1,0,0,0,1,0,0,0,1,0
1,0,1,0,0.224430270404472,1,1,1,0,0,0,1,0,0,0.8912838950865986,0.8833384090607447,0.06326581776770084,-0.026393431304754394,0.3605402966373459,1,0,0,0,0.7753500978798344,0,1,0,1,0,0,1,0,0,0
0,0,0,0,1.4384078131015228,1,0,0,0,0,0,0,0,0,-1.4762695441746942,-1.4611134464680195,-0.12840425791917887,-1.1015440337934654,-1.3543963712762639,1,0,1,0,0.19654538726460621,0,0,1,0,0,1,1,0,0,0
1,0,0,0,1.1956123045621125,1,1,1,1,1,0,0,0,0,0.858240581209958,0.8355681089548203,0.23866877766236286,0.5111818699396011,0.7892744636157483,1,0,1,0,1.0734723674781865,0,1,0,1,0,0,1,0,0,0
0,0,0,0,-1.0300131903824803,1,1,0,0,0,0,0,0,1,0.35102571320352594,0.5245571248639772,-2.0654902205257484,-1.1015440337934654,-0.49692803731945906,0,0,1,1,-0.3686065503888972,0,1,0,1,0,0,0,0,1,0
0,0,0,0,1.0337486322025058,1,1,0,0,0,0,0,0,1,-1.3226181346483157,-1.2702165350261108,-0.5744277909571746,-1.1015440337934654,-0.9256622042978615,1,0,1,0,0.2537918283593581,0,0,1,0,0,1,0,1,0,0
1,0,1,1,1.1956123045621125,1,0,0,0,0,0,0,0,0,-1.4630522186240378,-1.443670936421078,-0.17885645668310468,-1.1015440337934654,-1.3543963712762639,1,0,0,0,0.1545495501492813,0,0,1,0,0,1,1,0,0,0
1,1,1,1,1.4384078131015228,1,1,0,1,1,0,0,0,1,0.6583285322562831,0.6206985790512881,0.42255668540052715,-0.026393431304754394,0.3605402966373459,0,0,0,1,1.084326041545971,0,1,0,1,0,0,0,0,1,0
1,1,1,1,1.3170100588318177,1,1,1,1,0,0,0,0,1,0.6946761775205874,0.750254685940979,-0.6816232017430041,-0.026393431304754394,0.3605402966373459,0,0,0,0,1.0848630149247884,0,1,0,1,0,0,0,0,1,0
0,0,1,0,-0.5848880913935618,1,0,0,0,0,1,0,0,1,-0.47670929940631873,-0.4697220899295843,-0.06623084126060327,-0.56396873254911,-0.49692803731945906,0,0,0,0,-0.06940256596523237,1,0,0,1,0,0,0,0,0,1
0,0,0,0,0.7909531236630957,0,0,1,1,1,0,1,1,1,-0.19749329714870634,-0.20787469014333917,0.12965609266396727,1.5863324724283123,0.7892744636157483,1,0,1,0,0.6901356446660509,1,0,0,0,0,1,1,0,0,0
0,0,0,1,-1.2728086989218905,1,0,1,0,0,1,0,0,0,-0.3379273811244285,-0.3374766395273848,0.006326045598127978,-0.026393431304754394,-0.06819387034105659,0,1,0,0,-1.8303868967502783,1,0,0,1,0,0,0,0,1,0
1,0,1,1,0.7100212874832923,1,0,0,1,1,1,1,1,1,1.2778906674432926,1.3173834392328954,-0.5114052449902424,1.5863324724283123,1.2180086305941509,1,0,0,0,1.032735674391931,0,1,0,0,1,0,1,0,0,0
1,0,1,1,-0.2611607466743483,1,1,0,0,1,1,1,1,1,0.5707637504831855,0.5065992195262711,0.7395587874242271,1.0487571711839567,1.2180086305941509,1,0,0,0,0.45252481639677455,1,0,0,0,1,0,0,1,0,0
0,0,0,0,0.5886235332135872,1,0,0,0,1,1,1,1,0,0.3212867307145498,0.32763142206399454,-0.08616151993091142,1.0487571711839567,0.7892744636157483,0,0,1,0,0.7809789260772421,1,0,0,0,0,1,0,0,0,1
0,0,0,0,-1.2728086989218905,1,0,0,0,0,0,0,1,1,-0.28010158184030765,-0.27981945353888255,0.006326045598127978,-0.56396873254911,-0.49692803731945906,0,1,1,0,-1.8108397893234938,1,0,0,1,0,0,0,0,1,0
0,0,0,0,-0.7872176818430703,1,0,0,0,0,0,0,0,1,-1.4680087157055342,-1.435117397840366,-0.3385482501482982,-1.1015440337934654,-1.3543963712762639,0,0,1,0,-0.8195123535153386,0,0,1,1,0,0,0,0,0,1
1,0,0,0,-1.0704791084723821,1,0,0,0,0,0,0,0,0,-1.4564435558487099,-1.532902295688998,0.9549802678107628,-1.1015440337934654,-1.3543963712762639,0,1,1,0,-1.3979331802757962,0,0,1,1,0,0,0,0,0,1
1,0,0,0,-0.34209258285415167,1,0,0,0,0,0,0,0,0,-1.4531392244610457,-1.4644687070812161,0.18419871226299725,-1.1015440337934654,-1.3543963712762639,0,0,1,0,-0.46151556759408374,0,0,1,0,0,1,0,0,0,1
1,0,0,0,-1.2728086989218905,1,0,0,0,0,0,1,0,1,0.48815546579158425,0.48619744602264725,0.006326045598127978,-0.56396873254911,-0.49692803731945906,0,1,1,1,-1.596237990024554,0,1,0,1,0,0,0,0,1,0
1,1,0,0,-1.2728086989218905,1,0,0,0,0,0,0,0,0,-0.6848821768291539,-0.6834197554583983,0.006326045598127978,-1.1015440337934654,-0.9256622042978615,0,1,1,0,-1.9624364926740356,1,0,0,1,0,0,0,0,1,0
0,0,0,0,0.3053621065842754,1,1,0,1,1,0,1,0,1,0.9474575286768875,0.9609631889336856,-0.19250148316698232,0.5111818699396011,0.7892744636157483,1,0,1,1,0.8236316747316292,0,1,0,1,0,0,1,0,0,0
0,0,1,1,-1.1514109446521854,1,1,0,1,0,0,1,1,1,1.0978046068156018,1.0339407129134186,0.7178167122576051,0.5111818699396011,0.7892744636157483,0,1,0,1,-0.6100342575327372,0,1,0,1,0,0,0,0,1,0
1,0,0,0,0.1839643523145703,1,0,0,0,0,0,0,0,0,-1.47296521278703,-1.4334084025443599,-0.41724929390147963,-1.1015440337934654,-1.3543963712762639,1,0,1,0,-0.16086443596754718,0,0,1,0,1,0,0,1,0,0
1,0,1,0,-0.1397629924046432,1,1,0,1,0,0,0,0,1,0.5096336198114008,0.4404693329972833,0.8008295581078155,-0.56396873254911,-0.06819387034105659,1,0,0,1,0.50528242268528,0,1,0,1,0,0,1,0,0,0
1,1,0,0,0.10303251613476692,1,0,0,0,1,1,1,1,1,0.27337392559342094,0.19320480701985027,0.9392003052103552,1.0487571711839567,0.7892744636157483,0,0,1,0,0.560062959424279,1,0,0,0,1,0,0,0,1,0
0,0,0,0,1.114680468382309,1,1,0,0,0,0,0,0,0,-1.3127051404853236,-1.3066390243884043,-0.02648699427977404,-1.1015440337934654,-0.9256622042978615,0,0,1,0,0.24798649306366047,0,0,1,0,0,1,0,0,0,1
0,0,1,1,-0.8681495180228737,1,0,0,0,0,0,0,0,0,-1.4580957215425419,-1.432513896534991,-0.2523978331871362,-1.1015440337934654,-1.3543963712762639,0,0,0,0,-0.9219488820266508,0,0,1,0,1,0,0,0,0,1
1,0,0,0,0.7100212874832923,1,1,1,1,1,1,1,1,0,1.6397149543925058,1.682897051436578,-0.5675447825239294,2.1239077736726677,2.0754769645509556,1,0,1,0,1.0961219192219471,0,1,0,0,1,0,0,1,0,0
0,0,0,0,-0.1397629924046432,1,1,0,0,0,0,1,1,1,0.2072872978401399,0.23012001308060953,-0.2773291847564273,-0.026393431304754394,0.3605402966373459,1,0,1,0,0.45161780740246976,1,0,0,0,1,0,0,1,0,0
0,0,0,0,-1.232342780831989,1,0,0,0,0,0,1,0,1,0.5261552767497211,0.2415662426142878,3.349357534148818,-0.56396873254911,-0.49692803731945906,0,1,1,1,-1.2250553320765074,0,1,0,1,0,0,0,0,1,0
1,0,0,0,0.1839643523145703,1,1,1,1,1,1,0,0,0,0.08998353357806618,0.04257103583775431,0.5579222899464973,1.0487571711839567,1.2180086305941509,0,0,1,0,0.552903962855953,1,0,0,0,1,0,0,0,1,0
1,0,1,1,1.4384078131015228,1,1,0,0,0,0,0,0,1,-1.345748454361964,-1.3267092162729734,-0.17885645668310468,-1.1015440337934654,-0.9256622042978615,1,0,0,0,0.3112752875810531,0,0,1,0,0,1,1,0,0,0
1,1,0,1,-1.2728086989218905,1,0,0,0,1,0,0,0,1,-0.48166579648781477,-0.48079593041309043,0.006326045598127978,-0.56396873254911,-0.49692803731945906,0,1,0,0,-1.8817788979904917,1,0,0,1,0,0,0,0,0,1
1,0,1,0,1.397941895011621,1,1,0,0,0,0,0,0,0,-1.2928791521593392,-1.2553692055498862,-0.3992425454152884,-1.1015440337934654,-0.9256622042978615,1,0,0,0,0.3552983419294051,0,0,1,0,0,1,0,1,0,0
1,0,1,1,1.0742145502924074,1,0,0,0,0,0,0,0,0,-1.4828782069500221,-1.4695398869384375,-0.10666666765821796,-1.1015440337934654,-1.3543963712762639,0,0,0,0,0.09928469816744834,0,0,1,0,0,1,0,0,0,1
1,0,1,0,1.0742145502924074,1,1,0,0,1,0,1,1,1,1.1490217433243946,1.1957298481242549,-0.5923371018302356,0.5111818699396011,0.7892744636157483,1,0,0,1,1.1143362094773495,0,1,0,0,1,0,1,0,0,0
0,0,0,0,0.34582802467417706,0,0,0,1,0,0,0,1,1,-0.8054902724788917,-0.7847919368165803,-0.21712909194276891,-0.026393431304754394,-0.49692803731945906,0,0,1,0,0.3163777762188124,1,0,0,1,0,0,0,0,1,0
0,0,0,0,-0.2611607466743483,0,0,0,0,1,0,1,1,1,-0.4750571337124866,-0.5142497701954301,0.4801533388845227,0.5111818699396011,-0.06819387034105659,1,0,1,0,0.14484878285993094,1,0,0,1,0,0,0,1,0,0
1,0,0,0,-1.2728086989218905,1,0,0,0,0,0,0,0,1,0.14450500147452275,0.14354902643383372,0.006326045598127978,-1.1015440337934654,-0.9256622042978615,0,1,1,1,-1.6833396212621978,0,1,0,1,0,0,0,0,1,0
0,0,1,1,0.6290894513034889,1,1,1,1,0,0,1,1,1,1.3390207981150775,1.2971732227537829,0.4489772023668678,1.0487571711839567,1.2180086305941509,1,0,0,0,1.0033392089418371,0,1,0,1,0,0,0,1,0,0
0,0,1,1,-1.0300131903824803,1,0,0,0,0,0,0,0,0,-1.4630522186240378,-1.4235497551883556,-0.41694824533040553,-1.1015440337934654,-1.3543963712762639,0,0,0,0,-1.1970570481153329,0,0,1,1,0,0,0,0,0,1
0,0,0,0,-1.2728086989218905,1,0,0,0,0,0,0,0,1,0.18415697812649146,0.18308538254023535,0.006326045598127978,-1.1015440337934654,-0.9256622042978615,0,1,1,1,-1.6726523117570535,0,1,0,1,0,0,0,0,1,0
0,0,1,1,1.6002714854611295,1,1,1,1,1,0,1,1,1,0.6236330526858102,0.5938699528726045,0.33066615924273945,1.5863324724283123,1.6467427975725533,1,0,0,0,1.11414608635255,1,0,0,0,0,1,0,1,0,0
1,0,0,0,-1.2728086989218905,1,0,0,0,0,0,0,0,1,-0.6749691826661618,-0.673535666431798,0.006326045598127978,-1.1015440337934654,-0.9256622042978615,0,1,1,0,-1.9582527860193288,1,0,0,1,0,0,0,0,0,1
1,0,1,1,0.871884959842899,1,1,0,1,0,1,1,1,1,1.3373686324212455,1.3067293674685443,0.3164074675466236,1.0487571711839567,1.2180086305941509,0,0,0,0,1.0792381151683796,0,1,0,0,1,0,0,0,1,0
1,0,0,0,-0.5039562552137584,1,1,0,0,0,0,1,0,1,0.6781545205822672,0.7242392567466063,-0.5687143562225422,-0.56396873254911,-0.06819387034105659,0,0,1,1,0.3372735210552071,0,1,0,1,0,0,0,0,1,0
1,0,0,0,-1.1514109446521854,1,0,0,0,0,0,0,0,0,-0.6667083541970017,-0.3148256021747589,-4.140787360752654,-1.1015440337934654,-0.9256622042978615,0,1,1,0,-0.9582223019540502,1,0,0,1,0,0,0,0,0,1
0,0,1,1,0.34582802467417706,1,0,0,0,0,0,0,0,0,-1.487834704031518,-1.4868033330473198,0.03913116153498245,-1.1015440337934654,-1.3543963712762639,1,0,0,0,-0.1462300556051861,0,0,1,0,0,1,1,0,0,0
1,0,0,0,-1.1109450265622838,1,1,0,0,0,0,0,0,0,-0.5807957381177363,-0.6626631685025374,0.9887679524375125,-1.1015440337934654,-0.49692803731945906,0,1,1,0,-0.9514442625873436,1,0,0,1,0,0,0,0,1,0
0,0,0,0,1.6002714854611295,1,1,0,0,0,0,0,0,0,-1.2978356492408352,-1.2790047588182007,-0.1780442527257316,-1.1015440337934654,-0.9256622042978615,1,0,1,0,0.38341288023603387,0,0,1,0,0,1,0,1,0,0
0,1,0,0,-1.2728086989218905,1,0,0,0,0,0,0,0,1,0.161026658412843,0.16002250814483435,0.006326045598127978,-1.1015440337934654,-0.9256622042978615,0,1,1,1,-1.6788645097804624,0,1,0,1,0,0,0,0,1,0
0,0,0,0,-0.7062858456632669,1,1,0,1,0,0,1,1,1,1.170499897344211,0.9749107367823328,2.273999494585868,0.5111818699396011,0.7892744636157483,0,0,1,1,0.20916611689488807,0,1,0,1,0,0,0,0,1,0
1,0,0,0,-1.2728086989218905,1,1,0,0,0,0,0,0,1,0.31467806793922154,0.3132258880571405,0.006326045598127978,-1.1015440337934654,-0.49692803731945906,0,1,1,1,-1.638702091349913,0,1,0,1,0,0,0,0,0,1
0,0,0,0,-0.9895472722925787,1,1,0,0,0,0,0,0,1,0.32624322779604553,0.1274873817656082,2.340600219090517,-1.1015440337934654,-0.49692803731945906,1,0,1,1,-0.3863871540074065,0,1,0,1,0,0,0,1,0,0
1,0,0,0,0.022100679954963547,0,0,0,1,0,0,1,0,1,-0.8467944148246923,-0.8261899302870706,-0.2145934308075526,-0.026393431304754394,-0.49692803731945906,0,0,1,0,0.16017411683749666,1,0,0,0,1,0,0,0,1,0
1,0,0,0,-1.2728086989218905,1,0,0,0,0,0,0,0,0,-1.5142693551328308,-1.5103885373506305,0.006326045598127978,-1.1015440337934654,-1.3543963712762639,0,1,1,0,-2.4761912070624588,0,0,1,1,0,0,0,0,0,1
1,0,0,0,-0.7872176818430703,1,0,0,0,0,0,0,0,0,-1.5010520295821745,-1.4750339112170217,-0.25607830986110847,-1.1015440337934654,-1.3543963712762639,1,0,1,0,-0.8564540226740409,0,0,1,0,1,0,0,1,0,0
1,0,0,0,0.871884959842899,1,0,1,1,0,1,1,1,1,1.3439772951965736,1.3101155831535827,0.3543103188907437,1.5863324724283123,1.2180086305941509,1,0,1,0,1.079857534750662,0,1,0,0,1,0,0,1,0,0
0,0,1,0,1.397941895011621,1,0,0,0,0,0,0,0,1,-1.4498348930733815,-1.480342873692656,0.41102182041854496,-1.1015440337934654,-1.3543963712762639,1,0,0,0,0.16895645891688954,0,0,1,0,1,0,1,0,0,0
0,0,1,1,-0.2611607466743483,0,0,1,1,0,1,0,0,0,-0.8550552432938524,-0.8340253940239694,-0.21934170009681792,0.5111818699396011,-0.06819387034105659,1,0,0,0,0.006406364416678214,1,0,0,1,0,0,0,1,0,0
1,0,1,1,0.4672257789438821,0,0,0,0,1,1,1,1,1,-0.3445360438997567,-0.3980541245464737,0.6451613764343457,1.0487571711839567,0.3605402966373459,0,0,0,0,0.5195258871587459,1,0,0,0,1,0,0,0,1,0
1,1,0,1,-1.0300131903824803,1,0,0,0,0,0,0,0,1,-0.627056377545033,-0.5130368874760488,-1.3275449106832378,-1.1015440337934654,-0.9256622042978615,0,0,0,0,-0.679557975774601,1,0,0,1,0,0,0,0,0,1
1,1,1,0,1.6002714854611295,0,0,1,1,1,1,1,1,1,-0.053754881785320084,0.011006138167407947,-0.7644555099496375,2.1239077736726677,1.2180086305941509,1,0,0,0,0.9627641181799417,1,0,0,0,0,1,1,0,0,0
0,0,0,0,0.9528167960227024,1,1,0,1,1,0,1,1,1,1.39023793462387,1.3465838622429094,0.46858612648060466,1.0487571711839567,1.2180086305941509,0,0,1,1,1.1093848985101806,0,1,0,0,1,0,0,0,1,0
1,1,0,0,0.5886235332135872,1,1,0,1,0,1,0,0,0,-0.16940648035356187,-0.20253428934152853,0.39784291492284224,-0.026393431304754394,0.3605402966373459,1,0,1,0,0.6282465033651708,1,0,0,0,0,1,1,0,0,0
0,0,1,0,-1.2728086989218905,0,0,0,1,0,0,0,0,1,-1.1524450681836171,-1.1496192878797165,0.006326045598127978,-0.56396873254911,-0.9256622042978615,0,1,0,0,-2.200143888834256,1,0,0,1,0,0,0,0,1,0
1,0,1,0,1.3574759769217193,1,1,0,1,0,1,1,1,1,1.2993688214631087,1.3063771566642852,-0.1277614440919517,1.0487571711839567,1.2180086305941509,0,0,0,0,1.2055047552141651,0,1,0,0,1,0,0,0,1,0
0,0,1,1,0.7909531236630957,1,1,1,1,1,0,0,1,0,1.10441326959093,1.0307093761162605,0.8340243553895575,1.0487571711839567,1.2180086305941509,1,0,0,0,1.002822532734084,0,1,0,1,0,0,1,0,0,0
1,0,0,1,-0.09929707431474152,1,1,0,0,0,0,0,0,0,-1.3011399806284993,-1.3387348579220038,0.48974984102703306,-1.1015440337934654,-0.9256622042978615,1,0,0,0,-0.212939184773171,0,0,1,0,1,0,1,0,0,0
0,0,1,1,0.7909531236630957,1,1,0,0,1,0,1,1,0,1.2068475426085152,1.225666696211449,-0.2643253038898293,0.5111818699396011,0.7892744636157483,1,0,0,1,1.0404663215501395,0,1,0,0,1,0,1,0,0,0
1,0,0,0,-1.0300131903824803,1,0,0,0,0,0,0,0,0,-1.5027041952760065,-1.6045227185563484,1.2566560234067579,-1.1015440337934654,-1.3543963712762639,0,0,1,0,-1.3810364901127214,0,0,1,1,0,0,0,0,1,0
1,0,1,0,1.155146386472211,1,1,1,1,0,0,1,1,1,1.3704119462978859,1.3102496114808007,0.6646106956401322,1.0487571711839567,1.2180086305941509,0,0,0,0,1.1566166179002568,0,1,0,1,0,0,0,0,1,0
1,0,1,0,1.5598055673712277,1,1,0,1,1,0,0,1,1,0.9425010315953912,0.9618170257322277,-0.26108352774793814,0.5111818699396011,0.7892744636157483,1,0,0,1,1.1850230858401432,0,1,0,1,0,0,1,0,0,0
1,0,0,0,-1.2728086989218905,0,0,0,0,0,0,0,0,0,-1.3193138032606517,-1.316001453160823,0.006326045598127978,-1.1015440337934654,-1.3543963712762639,1,1,1,0,-2.3127007466714256,1,0,0,1,0,0,1,0,0,0
1,0,0,0,-0.9895472722925787,1,0,0,0,0,0,0,0,1,-1.487834704031518,-1.4374933807794528,-0.54434823750133,-1.1015440337934654,-1.3543963712762639,1,0,1,0,-1.1259224668095578,0,0,1,1,0,0,1,0,0,0
1,0,0,0,-1.2728086989218905,1,1,0,0,0,0,0,0,1,-1.3127051404853236,-1.3094120604764226,0.006326045598127978,-1.1015440337934654,-0.9256622042978615,0,1,1,0,-2.3078385948275857,0,0,1,1,0,0,0,0,0,1
1,0,0,0,-1.232342780831989,1,0,0,0,0,1,0,0,1,-0.4800136307939826,-0.3333582690996347,-1.7187951598638882,-0.56396873254911,-0.49692803731945906,1,1,1,0,-1.3982186690745968,1,0,0,1,0,0,0,1,0,0
1,0,0,0,-0.8276835999329719,1,0,1,0,0,1,0,0,0,-0.26688425628965146,-0.33514289628499305,0.816905595057211,-0.026393431304754394,-0.06819387034105659,0,0,1,0,-0.2754463429372639,1,0,0,1,0,0,0,0,0,1
0,0,0,0,-0.09929707431474152,1,0,0,0,0,0,0,0,0,-1.4977476981945104,-1.4977588680388634,0.05180946721106131,-1.1015440337934654,-1.3543963712762639,1,0,1,0,-0.35337533019474293,0,0,1,0,0,1,0,1,0,0
1,1,1,0,0.3053621065842754,1,0,1,1,1,1,1,0,1,1.10441326959093,1.2578153293659173,-1.8532961352049941,1.5863324724283123,1.2180086305941509,1,0,0,0,0.881302049762157,0,1,0,0,1,0,0,1,0,0
0,0,1,0,1.4384078131015228,1,1,1,1,1,0,1,1,1,1.522411190130432,1.5267400731563234,-0.10375147897771875,1.5863324724283123,1.6467427975725533,1,0,0,0,1.2633946407776235,0,1,0,0,0,1,1,0,0,0
1,0,1,1,1.1956123045621125,1,1,1,1,1,1,1,1,0,1.6793669310444745,1.6712518940748078,0.038080600318677875,2.1239077736726677,2.0754769645509556,1,0,0,0,1.2296206525793019,0,1,0,0,0,1,1,0,0,0
1,0,1,1,-0.05883115622483983,1,1,1,0,1,0,1,0,0,1.1011089382032657,1.142585981810647,-0.5287853616729414,0.5111818699396011,0.7892744636157483,1,0,0,0,0.6990930488969872,0,1,0,0,1,0,1,0,0,0
1,0,0,1,-0.54442217330366,0,0,0,0,0,0,0,0,1,-1.3011399806284993,-1.1514400411214585,-1.7264897236705894,-1.1015440337934654,-1.3543963712762639,1,0,0,0,-0.3669945680020165,1,0,0,1,0,0,0,1,0,0
0,0,1,0,0.022100679954963547,1,1,0,0,1,1,0,1,1,1.0003268308795121,0.8702292484551561,1.504916183676244,0.5111818699396011,0.7892744636157483,1,0,0,0,0.6838065539752465,0,1,0,1,0,0,0,1,0,0
1,0,1,0,0.9528167960227024,1,1,0,1,1,0,0,0,0,-0.17271081174122596,-0.13905943570470738,-0.39223403919888844,-0.026393431304754394,0.3605402966373459,1,0,0,0,0.7588892768545527,1,0,0,0,0,1,0,1,0,0
1,0,0,0,1.6002714854611295,1,1,1,1,1,1,1,1,0,0.7244151600095641,0.7153618804912342,0.08213174828635159,2.1239077736726677,2.0754769645509556,1,0,1,0,1.1415867520092504,1,0,0,0,0,1,1,0,0,0
1,0,1,0,1.3170100588318177,1,1,0,1,0,0,0,1,1,0.8565884155161261,0.8731975471410777,-0.22608924066576574,-0.026393431304754394,0.3605402966373459,0,0,0,1,1.1111493569939683,0,1,0,1,0,0,0,0,1,0
0,0,1,1,1.2360782226520142,1,0,0,0,0,0,0,0,0,-1.4779217098685262,-1.500687487009708,0.32037824244934326,-1.1015440337934654,-1.3543963712762639,1,0,0,0,0.1103060724880344,0,0,1,0,0,1,0,1,0,0
1,0,1,1,0.38629394276407875,1,0,0,0,0,0,0,0,0,-1.4993998638883423,-1.4527313513621283,-0.5004892238031414,-1.1015440337934654,-1.3543963712762639,0,0,0,0,-0.09876454879168639,0,0,1,0,0,1,0,0,0,1
0,1,0,0,-1.1514109446521854,1,1,0,0,0,0,0,0,1,0.3361562219590381,0.5170852242307734,-2.152512073101513,-1.1015440337934654,-0.49692803731945906,0,1,1,1,-0.7218990750179726,0,1,0,1,0,0,0,0,1,0
0,1,1,1,-0.8681495180228737,1,1,0,0,1,0,0,0,1,0.44189482636428734,0.45729397356607343,-0.19746331097930903,-0.56396873254911,-0.06819387034105659,1,0,0,1,-0.10054367122865013,0,1,0,1,0,0,0,1,0,0
0,0,1,1,1.5598055673712277,1,0,0,0,1,0,0,0,0,0.37415603291717436,0.38965356236141674,-0.19629024303575063,-0.56396873254911,-0.49692803731945906,0,0,0,1,1.0563379429262747,0,1,0,0,0,1,0,0,1,0
1,0,0,0,-1.232342780831989,1,0,0,0,0,0,0,0,0,-1.4762695441746942,-1.577929812365733,1.2538713241243322,-1.1015440337934654,-1.3543963712762639,0,1,1,0,-2.126095724904173,0,0,1,1,0,0,0,0,0,1
0,0,0,0,-1.2728086989218905,0,0,0,0,0,0,0,0,1,-1.3077486434038275,-1.3044700159631224,0.006326045598127978,-1.1015440337934654,-1.3543963712762639,0,1,1,0,-2.3042164628733874,1,0,0,1,0,0,0,0,0,1
0,0,1,0,0.6290894513034889,0,0,0,1,1,0,0,0,0,-0.9921849958819106,-1.0317652541389326,0.502582663553539,-0.026393431304754394,-0.49692803731945906,0,0,0,0,0.288249117100206,1,0,0,0,1,0,0,0,0,1
0,1,0,0,-0.9895472722925787,1,1,0,1,1,0,1,1,1,1.3472816265842376,1.2833080423136907,0.7105068766412418,1.0487571711839567,1.2180086305941509,0,0,1,1,-0.1267517545555827,0,1,0,1,0,0,0,0,1,0
1,0,1,1,1.5598055673712277,1,1,1,0,0,0,1,0,1,0.04867939123226554,0.04445291321174426,0.048331861534419276,-0.026393431304754394,0.3605402966373459,0,0,0,0,0.9637038777908107,1,0,0,0,1,0,0,0,1,0
1,0,0,0,-0.6253540094834634,1,0,1,0,0,0,1,1,0,0.9623270199213754,1.0175156826192149,-0.686245046524877,0.5111818699396011,0.3605402966373459,0,0,1,0,0.2964895719946556,0,1,0,1,0,0,0,0,1,0
1,0,1,0,0.224430270404472,1,0,0,0,0,0,0,0,0,-1.46470438431787,-1.4884527959144034,0.3315496091612916,-1.1015440337934654,-1.3543963712762639,1,0,0,0,-0.19561941112561243,0,0,1,0,0,1,1,0,0,0
0,0,0,0,0.3053621065842754,1,0,0,0,1,0,0,0,1,-0.4783614651001507,-0.4663404502116874,-0.12573831787085596,-0.56396873254911,-0.49692803731945906,0,0,1,0,0.43427161035691425,1,0,0,0,1,0,0,0,0,1
0,0,0,0,-0.6658199275733652,1,0,0,1,0,1,0,0,1,-0.35775336945041286,-0.41541679987255664,0.6946688994724498,-0.026393431304754394,-0.06819387034105659,0,0,1,0,-0.1232740853187675,1,0,0,1,0,0,0,0,0,1
1,0,0,0,0.4672257789438821,1,0,0,0,0,0,0,0,0,0.13624417300536262,0.0825597043719702,0.6305417052016133,-1.1015440337934654,-0.9256622042978615,1,0,1,1,0.6734266769790405,0,1,0,1,0,0,0,1,0,0
0,0,0,0,0.38629394276407875,1,0,0,0,0,0,0,0,1,-1.4531392244610457,-1.470656068366717,0.25741309756340947,-1.1015440337934654,-1.3543963712762639,1,0,1,0,-0.11555609149236433,0,0,1,0,0,1,1,0,0,0
0,0,0,0,-0.7062858456632669,1,0,0,0,0,0,1,0,0,-0.2834059132279717,-0.08620113182892175,-2.323724667315919,-0.56396873254911,-0.49692803731945906,0,0,1,0,-0.05358072121646438,1,0,0,0,1,0,0,0,0,1
0,0,1,1,1.397941895011621,1,1,1,0,0,1,1,1,0,1.3869336032362063,1.3138054973544109,0.8174632276249609,1.0487571711839567,1.2180086305941509,1,0,0,0,1.2163301330297116,0,1,0,0,0,1,0,1,0,0
0,0,1,0,0.1839643523145703,1,1,0,0,1,0,1,1,1,1.1490217433243946,1.2168186213672973,-0.841878303399841,0.5111818699396011,0.7892744636157483,0,0,0,1,0.8245693949719163,0,1,0,1,0,0,0,0,1,0
0,0,0,0,-1.2728086989218905,1,0,0,0,0,0,0,0,0,0.21059162922780375,0.2094429532778363,0.006326045598127978,-1.1015440337934654,-0.9256622042978615,0,1,1,1,-1.6656269051490211,0,1,0,1,0,0,0,0,0,1
1,0,0,0,0.2648961884943737,1,0,0,0,1,1,0,0,0,0.5674594190955217,0.5869391226399203,-0.2500804960220388,-0.026393431304754394,-0.06819387034105659,0,0,1,0,0.7265951267813863,0,1,0,0,1,0,0,0,1,0
1,0,1,1,-0.05883115622483983,1,1,1,1,0,1,0,1,1,0.3477213818158621,0.3586608134213518,-0.1414426743885934,1.0487571711839567,1.2180086305941509,1,0,0,0,0.5269246718628073,1,0,0,0,1,0,1,0,0,0
0,0,1,0,0.7100212874832923,1,1,1,1,0,1,1,1,1,1.4844113791722957,1.429007751306636,0.6043680634916296,1.5863324724283123,1.6467427975725533,1,0,0,0,1.0527786950233513,0,1,0,1,0,0,1,0,0,0
0,1,1,0,1.3170100588318177,1,0,1,1,1,0,0,1,0,0.980500842553528,0.972114468861132,0.06540451191295743,1.0487571711839567,0.7892744636157483,0,0,0,0,1.1315299068777511,0,1,0,1,0,0,0,0,1,0
1,0,0,0,-0.6658199275733652,1,0,0,0,0,0,0,0,0,-1.4779217098685262,-1.565368782561095,1.0857451049479498,-1.1015440337934654,-1.3543963712762639,0,0,1,0,-0.8188293172505987,0,0,1,1,0,0,0,0,0,1
1,1,1,0,1.6002714854611295,1,1,1,1,1,1,1,1,1,1.6446714514740022,1.6795867968060956,-0.46989620807540133,2.1239077736726677,2.0754769645509556,0,0,0,0,1.3251382397322125,0,1,0,0,0,1,0,0,0,1
0,0,0,0,-1.2728086989218905,1,0,1,0,0,0,0,0,1,-0.5328829329966075,-0.5318637237171924,0.006326045598127978,-0.56396873254911,-0.49692803731945906,1,1,1,0,-1.9011541354735402,1,0,0,1,0,0,0,1,0,0
1,0,1,1,1.6002714854611295,1,0,0,0,0,0,0,0,0,-1.4448783959918856,-1.4495510541984766,0.10514419374527711,-1.1015440337934654,-1.3543963712762639,1,0,0,0,0.24324440550292478,0,0,1,0,0,1,1,0,0,0
0,0,0,0,-1.232342780831989,0,0,0,0,0,0,1,1,1,-0.6435780344833533,-0.7246034597358999,0.9809707944467253,-0.026393431304754394,-0.49692803731945906,0,1,1,0,-1.5509745169403502,1,0,0,1,0,0,0,0,1,0
1,0,0,0,-0.7872176818430703,1,0,0,1,0,1,1,1,0,0.28493908545024493,0.22781722134010618,0.6660855678956404,1.0487571711839567,0.7892744636157483,0,0,1,0,-0.053816992292960046,1,0,0,1,0,0,0,0,0,1
1,1,1,0,-1.232342780831989,1,0,0,0,1,0,1,1,1,1.0168484878178323,0.8593218067768118,1.8289117259450036,0.5111818699396011,0.3605402966373459,1,1,0,1,-1.0803602300357018,0,1,0,1,0,0,0,1,0,0
0,1,0,0,-0.8681495180228737,1,0,0,0,0,0,1,1,0,0.8251972673333176,1.0049623609945222,-2.1556132154842156,-0.026393431304754394,-0.06819387034105659,1,0,1,1,0.020093200468280944,0,1,0,1,0,0,1,0,0,0
1,0,1,1,-0.9895472722925787,1,0,0,0,1,0,1,1,1,0.992066002410352,0.9950221123711793,-0.0692089224376361,0.5111818699396011,0.3605402966373459,0,0,0,1,-0.18218969922236714,0,1,0,1,0,0,0,0,1,0
1,0,0,0,-0.5848880913935618,1,0,1,0,1,1,1,0,1,0.11972251606704236,0.24605069041339336,-1.4989586220680402,1.0487571711839567,0.7892744636157483,0,0,1,0,0.1557365782296595,1,0,0,1,0,0,0,0,1,0
1,0,0,0,-0.7062858456632669,1,1,0,1,0,1,0,0,1,-0.20244979423020237,-0.06906871084948098,-1.5712989212048016,-0.026393431304754394,0.3605402966373459,1,0,1,0,-0.048338125629342796,1,0,0,1,0,0,0,1,0,0
0,0,0,0,-1.2728086989218905,1,0,0,0,0,0,0,0,0,-1.479573875562358,-1.475794225757529,0.006326045598127978,-1.1015440337934654,-1.3543963712762639,1,1,1,0,-2.4438155170479847,0,0,1,1,0,0,0,1,0,0
0,0,0,0,-0.7467517637531685,1,0,1,0,0,1,0,0,0,-0.2982754044724598,-0.26181629138328905,-0.42112529425404116,-0.026393431304754394,-0.06819387034105659,0,0,1,0,-0.153386089129613,1,0,0,0,1,0,0,0,0,1
1,0,0,0,-0.05883115622483983,1,0,1,1,1,1,1,0,1,0.2552001029612687,0.15858772102807014,1.1343987420074066,1.5863324724283123,1.2180086305941509,1,0,1,0,0.4742457960251071,1,0,0,1,0,0,1,0,0,0
1,0,0,0,-1.232342780831989,1,0,1,0,1,0,0,0,1,-0.3181013927984442,-0.26581699408453213,-0.6077001461764866,-0.026393431304754394,-0.06819387034105659,0,1,1,0,-1.3752281659309555,1,0,0,1,0,0,0,0,0,1
1,0,1,1,-0.949081354202677,1,0,0,0,0,0,0,0,0,-1.4911390354191822,-1.4104494149705598,-0.9033423866605623,-1.1015440337934654,-1.3543963712762639,0,0,0,0,-1.0282800808445425,0,0,1,0,0,1,0,0,0,1
0,0,0,0,-1.2728086989218905,1,0,0,0,0,0,0,0,0,-1.4465305616857176,-1.4428472623355277,0.006326045598127978,-1.1015440337934654,-1.3543963712762639,0,1,1,0,-2.41445609453194,0,0,1,1,0,0,0,0,0,1
1,0,1,0,1.3574759769217193,1,1,0,1,1,0,1,1,1,1.3307599696459171,1.4278066847309794,-1.194259076847189,1.0487571711839567,1.2180086305941509,1,0,0,1,1.227347736459929,0,1,0,1,0,0,0,1,0,0
0,0,0,0,-1.0300131903824803,1,0,0,0,0,0,1,0,1,0.49476412856691243,0.6252806987540952,-1.5614596504068963,-0.56396873254911,-0.49692803731945906,0,0,1,1,-0.3452249891611771,0,1,0,1,0,0,0,0,1,0
1,0,0,0,-1.2728086989218905,1,0,0,0,0,0,0,0,1,-0.6287085432388649,-0.627409917640996,0.006326045598127978,-1.1015440337934654,-0.9256622042978615,0,1,1,0,-1.9390881816413013,1,0,0,1,0,0,0,0,0,1
0,0,1,0,1.6002714854611295,1,1,1,1,1,1,1,1,1,1.616584634678858,1.5845210794321956,0.3236270582788412,2.1239077736726677,2.0754769645509556,1,0,0,0,1.309241458116809,0,1,0,0,0,1,0,1,0,0
1,0,0,0,0.022100679954963547,1,1,0,1,0,0,0,0,1,-0.3329708840429325,-0.47056240389565057,1.6395943671535038,-0.56396873254911,-0.06819387034105659,1,0,1,0,0.3116154832858443,1,0,0,1,0,0,1,0,0,0
0,0,0,0,-0.8276835999329719,1,0,0,1,0,1,0,0,1,-0.3445360438997567,-0.3361038493848015,-0.08788961345723662,-0.026393431304754394,-0.06819387034105659,0,0,1,0,-0.27578244838961635,1,0,0,1,0,0,0,0,1,0
0,0,0,0,-1.1514109446521854,1,1,0,0,0,0,0,0,1,0.36093870736651845,0.3572924516340674,0.03069216431934291,-1.1015440337934654,-0.49692803731945906,0,1,1,1,-0.7609312899189635,0,1,0,1,0,0,0,0,1,0
0,0,0,0,-0.46349033712385673,1,0,0,1,0,1,1,1,1,1.1374565834675705,0.9363157224879887,2.3408322773640546,1.0487571711839567,0.7892744636157483,1,0,1,0,0.4130334198733397,0,1,0,1,0,0,1,0,0,0
0,0,1,0,0.8314190417529973,1,0,1,1,1,0,1,1,1,1.3671076149102217,1.4536259710318828,-1.0709322447330203,1.5863324724283123,1.2180086305941509,1,0,0,0,1.09379672302056,0,1,0,0,1,0,1,0,0,0
1,0,1,1,-0.949081354202677,1,0,0,0,1,1,1,1,0,1.2679776732803,1.4195117042936727,-1.836835468335557,1.0487571711839567,0.7892744636157483,0,0,0,0,-0.028085248503992914,0,1,0,1,0,0,0,0,1,0
1,1,1,0,-0.8681495180228737,1,0,0,0,0,0,0,0,0,-1.479573875562358,-1.4898715646742025,0.17290169358316043,-1.1015440337934654,-1.3543963712762639,0,0,0,0,-0.9754936623474395,0,0,1,1,0,0,0,0,0,1
0,0,1,0,0.5886235332135872,1,1,0,0,0,0,0,0,0,-1.2499228441197066,-1.2562412695070866,0.11789176365781799,-1.1015440337934654,-0.9256622042978615,0,0,0,0,0.13158526279664634,0,0,1,0,1,0,0,0,1,0
0,0,0,0,-0.8276835999329719,1,0,1,0,0,1,1,1,1,1.1291957549984104,0.9445720746312404,2.1456712693207978,1.0487571711839567,0.7892744636157483,1,0,1,0,0.06260494088432403,0,1,0,1,0,0,1,0,0,0
0,1,1,0,-1.191876862742087,0,0,0,1,0,0,0,0,1,-1.1227060856946407,-1.223200839522186,1.2278807974883712,-0.56396873254911,-0.9256622042978615,0,1,0,0,-1.5705658909584228,1,0,0,1,0,0,0,0,1,0
0,0,1,1,-0.38255850094405336,1,0,1,1,0,1,0,0,1,-0.23053661102534687,-0.2954334492475702,0.7758716386020645,0.5111818699396011,0.3605402966373459,0,0,0,0,0.14747809463011124,1,0,0,0,1,0,0,0,0,1
1,0,1,0,1.2360782226520142,1,1,0,1,0,1,0,1,0,0.08337487080273799,0.08123742815238193,0.022415419229918444,0.5111818699396011,0.7892744636157483,0,0,0,0,0.8989949044576196,1,0,0,0,0,1,0,0,0,1
1,0,0,1,-0.22069482858444658,1,0,1,1,0,0,0,0,0,-0.28175374753413956,-0.22027086779837668,-0.717798904842716,-0.026393431304754394,-0.06819387034105659,0,0,0,0,0.2735886967707523,1,0,0,0,1,0,0,0,0,1
1,0,0,1,-0.09929707431474152,1,0,0,1,1,0,1,0,0,-0.007494242358023416,-0.01355307748340898,0.07195212535393478,0.5111818699396011,0.3605402966373459,1,0,0,0,0.4044671224558583,1,0,0,0,1,0,0,1,0,0
1,0,1,1,1.114680468382309,1,1,0,1,0,1,1,1,1,1.2894558273001167,1.1451092586598213,1.6635470002236925,1.0487571711839567,1.2180086305941509,1,0,0,0,1.1152701474070672,0,1,0,1,0,0,1,0,0,0
0,0,1,1,0.9528167960227024,1,1,1,0,1,0,0,1,1,0.13293984161769876,0.10730736666963249,0.2987194702527072,0.5111818699396011,0.7892744636157483,1,0,0,0,0.8322196989670753,1,0,0,0,1,0,1,0,0,0
0,0,0,0,-1.232342780831989,1,0,0,0,0,0,0,0,0,-1.466356550011702,-1.5548669379703324,1.0979281643085572,-1.1015440337934654,-1.3543963712762639,1,1,1,0,-2.1011912427396635,0,0,1,1,0,0,0,1,0,0
0,0,0,0,0.871884959842899,1,0,1,0,1,1,1,1,0,0.5245031110558886,0.49043784224084935,0.3849935795026352,1.5863324724283123,1.2180086305941509,0,0,1,0,0.9087022642200308,1,0,0,0,0,1,0,0,1,0
1,0,1,1,0.7504872055731939,1,0,1,0,0,1,1,1,1,0.38572119277399886,0.4292185798693042,-0.5280086049471046,1.0487571711839567,0.7892744636157483,1,0,0,0,0.8578582827751101,1,0,0,0,1,0,1,0,0,0
0,0,1,0,1.2765441407419158,0,0,1,0,1,1,0,1,0,-0.5576654184040879,-0.512764780858501,-0.5120631301957191,1.0487571711839567,0.3605402966373459,0,0,0,0,0.7123096641924876,1,0,0,0,0,1,0,0,1,0
1,0,0,0,-1.2728086989218905,1,0,0,0,0,0,0,1,1,0.4798946373224241,0.4779607051671469,0.006326045598127978,-0.56396873254911,-0.49692803731945906,0,1,1,1,-1.5981964536096376,0,1,0,1,0,0,0,0,1,0
1,0,0,0,-0.7872176818430703,1,0,0,0,0,0,0,0,0,-1.4960955325006784,-1.4482961832091665,-0.5139843049410469,-1.1015440337934654,-1.3543963712762639,0,0,1,0,-0.831470918896682,0,0,1,0,1,0,0,0,0,1
0,0,1,1,1.397941895011621,0,0,1,0,0,1,0,0,0,-0.9591416820052701,-0.881249059707221,-0.8886014909565814,-0.026393431304754394,-0.49692803731945906,1,0,0,0,0.5787443763852511,1,0,0,0,0,1,0,1,0,0
1,1,0,0,0.38629394276407875,1,1,0,1,0,0,0,0,1,0.483198968710088,0.4901981487238901,-0.09949252713400576,-0.56396873254911,-0.06819387034105659,1,0,1,1,0.7504475710079516,0,1,0,1,0,0,1,0,0,0
1,0,0,0,0.34582802467417706,1,1,0,0,1,0,0,1,0,0.00902741458029684,-0.09857097549418996,1.2728887826384492,-0.026393431304754394,0.3605402966373459,0,0,1,0,0.5752983306002682,1,0,0,0,1,0,0,0,0,1
1,0,0,0,-1.2728086989218905,1,1,0,0,0,0,0,0,1,-0.4717528023248225,-0.4709118413864899,0.006326045598127978,-1.1015440337934654,-0.49692803731945906,0,1,1,0,-1.8780967498654029,1,0,0,1,0,0,0,0,1,0
0,0,1,1,-1.2728086989218905,0,0,0,0,0,1,1,0,0,-0.8137511009480518,-0.8119129128042032,0.006326045598127978,-0.026393431304754394,-0.49692803731945906,0,1,0,0,-2.0195166108793137,1,0,0,1,0,0,0,0,1,0
1,0,1,1,-0.30162666476425,1,1,0,0,0,0,1,0,0,-0.1446239949460815,-0.28192805919789043,1.6296943392803493,-0.56396873254911,-0.06819387034105659,0,0,0,0,0.20454693271931212,1,0,0,1,0,0,0,0,1,0
0,0,0,0,-0.1397629924046432,1,1,0,0,1,0,1,1,1,1.119282760835418,1.1993287887809299,-0.9857950918505115,0.5111818699396011,0.7892744636157483,1,0,1,1,0.6679251286046738,0,1,0,1,0,0,0,1,0,0
0,0,1,1,-0.34209258285415167,1,1,0,0,0,0,0,0,0,-1.3226181346483157,-1.3481933820044032,0.34826391165251014,-1.1015440337934654,-0.9256622042978615,0,0,0,0,-0.3607524722724915,0,0,1,0,0,1,0,0,0,1
0,0,0,0,-1.232342780831989,1,0,1,1,0,0,1,0,1,0.8731100724544464,0.6426955222771533,2.6963455524202584,0.5111818699396011,0.3605402966373459,0,1,1,0,-1.1274066054695207,0,1,0,1,0,0,0,0,1,0
1,0,0,0,0.6695553693933906,1,1,0,0,0,1,1,0,1,0.047027225538433616,0.017879894524200645,0.34327465877150004,-0.026393431304754394,0.3605402966373459,1,0,1,0,0.7225254494587238,1,0,0,0,0,1,1,0,0,0
1,0,1,0,1.6002714854611295,0,0,1,1,1,0,0,0,0,-0.7476644731947708,-0.7776846785824576,0.3810228045999238,0.5111818699396011,-0.06819387034105659,1,0,0,0,0.6740751440609488,1,0,0,0,0,1,1,0,0,0
0,0,0,0,-1.191876862742087,1,0,0,0,0,0,0,0,0,-1.5175736865204947,-1.5180761621490972,0.058307098870052976,-1.1015440337934654,-1.3543963712762639,0,1,1,0,-1.8135953540496,0,0,1,1,0,0,0,0,0,1
0,0,1,1,-1.1109450265622838,1,0,0,0,0,0,1,0,1,0.5327639395250487,0.2133965888884766,3.760657618162923,-0.56396873254911,-0.49692803731945906,0,1,0,1,-0.6582180951700092,0,1,0,1,0,0,0,0,1,0
0,0,1,0,1.6002714854611295,1,0,0,0,0,0,0,0,0,-1.4614000529302058,-1.445661482127824,-0.135809646942292,-1.1015440337934654,-1.3543963712762639,1,0,0,0,0.24681478668232695,0,0,1,0,0,1,0,1,0,0
0,1,1,0,1.397941895011621,1,1,1,1,1,1,0,1,1,1.3439772951965736,1.32664006071731,0.15877794064190767,1.5863324724283123,1.6467427975725533,1,0,0,0,1.2186699422962584,0,1,0,0,1,0,0,1,0,0
1,1,0,0,-1.2728086989218905,1,0,0,0,0,0,0,0,1,0.16598315549433926,0.16496455265813473,0.006326045598127978,-1.1015440337934654,-0.9256622042978615,0,1,1,1,-1.6775281551190062,0,1,0,1,0,0,0,0,1,0
0,0,0,0,-1.232342780831989,0,0,0,1,0,0,1,1,0,-0.44036165414201417,-0.5384531164015927,1.1758997442164447,0.5111818699396011,-0.06819387034105659,0,1,1,0,-1.4736665354600718,1,0,0,1,0,0,0,0,1,0
0,0,1,1,1.4788737311914244,1,0,0,0,0,0,0,0,0,-1.4713130470931979,-1.4585567564889168,-0.10017861246445875,-1.1015440337934654,-1.3543963712762639,1,0,0,0,0.2081202862463234,0,0,1,0,0,1,1,0,0,0
0,0,1,1,-0.6253540094834634,1,1,1,0,1,0,1,1,1,1.3043253185446049,1.2459156614005593,0.646151657195207,1.0487571711839567,1.2180086305941509,0,0,0,0,0.3405303155660361,0,1,0,1,0,0,0,0,1,0
0,1,0,0,0.14349843422466863,1,1,0,0,0,0,0,0,1,0.3361562219590381,0.30082501710247034,0.40647186193097423,-1.1015440337934654,-0.49692803731945906,1,0,1,1,0.6062579205023391,0,1,0,1,0,0,1,0,0,0
0,0,0,0,-1.0300131903824803,1,0,0,0,0,0,0,0,0,-1.5010520295821745,-1.450848667738014,-0.5422597130395101,-1.1015440337934654,-1.3543963712762639,0,0,1,0,-1.2215945440579605,0,0,1,1,0,0,0,0,0,1
0,0,1,0,1.6002714854611295,1,1,0,1,1,1,1,1,1,1.4711940536216395,1.5779316867477955,-1.313776119786809,1.5863324724283123,1.6467427975725533,0,0,0,0,1.308124569957048,0,1,0,0,1,0,0,0,1,0
1,1,0,0,0.9123508779328007,0,0,0,0,1,0,1,1,1,-0.4849701278754789,-0.4896616587521018,0.072247472247525,0.5111818699396011,-0.06819387034105659,1,0,1,0,0.6258307095884403,1,0,0,0,1,0,1,0,0,0
0,1,0,0,-0.2611607466743483,1,1,1,1,0,0,0,1,1,1.0003268308795121,1.0313429715666838,-0.40152529545851434,0.5111818699396011,0.7892744636157483,0,0,1,0,0.5666375955598659,0,1,0,1,0,0,0,0,1,0
1,0,1,1,0.2648961884943737,1,1,0,0,1,0,1,1,0,1.1655434002627147,1.1071632271339817,0.6505912154780457,0.5111818699396011,0.7892744636157483,0,0,0,1,0.8367574521878556,0,1,0,0,1,0,0,0,1,0
1,0,0,0,-1.232342780831989,1,0,1,1,0,0,1,1,0,1.1721520630380429,1.1368999736071725,0.37669105016059606,1.0487571711839567,0.7892744636157483,0,1,1,0,-1.0247987445645512,0,1,0,1,0,0,0,0,1,0
1,0,0,0,1.4384078131015228,1,1,0,1,1,1,1,1,0,1.4447594025203272,1.344054006123006,1.1417871780067417,1.5863324724283123,1.6467427975725533,0,0,1,0,1.231157702341298,0,1,0,0,1,0,0,0,1,0
0,0,0,0,0.38629394276407875,1,1,1,1,0,0,0,0,1,-0.15123265772140967,-0.23345836929506644,0.9781860951642997,-0.026393431304754394,0.3605402966373459,1,0,1,0,0.5472891367236368,1,0,0,0,1,0,1,0,0,0
0,0,1,1,-0.34209258285415167,1,1,1,0,1,0,1,1,0,0.4584164833026076,0.40197677077515676,0.6520281917103182,1.0487571711839567,1.2180086305941509,1,0,0,0,0.37670129797207375,1,0,0,0,0,1,0,1,0,0
1,0,0,0,-1.191876862742087,1,1,0,0,0,0,0,0,0,0.3229388964083817,0.25501958601160496,0.7925394763359961,-1.1015440337934654,-0.49692803731945906,0,1,1,1,-0.967662870743816,0,1,0,1,0,0,0,0,1,0
0,0,0,1,-0.7467517637531685,1,1,1,0,0,1,0,0,1,0.7029370059897475,0.6063361947864448,1.118813408926741,-0.026393431304754394,0.3605402966373459,0,0,0,0,0.08633990894098935,0,1,0,1,0,0,0,0,0,1
1,0,0,0,0.6695553693933906,1,1,0,1,0,1,1,1,1,1.3852814375423743,1.3418771531826235,0.4658014271981818,1.0487571711839567,1.2180086305941509,1,0,1,0,1.0244705694016076,0,1,0,0,1,0,1,0,0,0
0,0,0,0,-0.5039562552137584,1,1,1,0,0,0,1,0,1,0.805371279007333,0.962692904513341,-1.8893579909123983,-0.026393431304754394,0.3605402966373459,1,0,1,0,0.3877139151033258,0,1,0,1,0,0,1,0,0,0
1,0,0,0,0.3053621065842754,1,1,0,0,0,0,1,0,1,0.6665893607254432,0.641913031895881,0.2689928054128243,-0.56396873254911,-0.06819387034105659,0,0,1,1,0.7551264622873729,0,1,0,1,0,0,0,0,1,0
1,0,1,0,-0.1802289104945449,1,0,1,0,0,1,0,0,0,-0.34288387820592453,-0.45461486126524997,1.3339314284940382,-0.026393431304754394,-0.06819387034105659,0,0,0,0,0.21423705560879888,1,0,0,0,1,0,0,0,0,1
1,0,0,0,0.871884959842899,1,1,1,1,0,1,1,1,1,1.4298899112758388,1.381653202805984,0.5214438443414422,1.5863324724283123,1.6467427975725533,1,0,1,0,1.092803039909081,0,1,0,0,0,1,0,1,0,0
0,1,1,0,-0.6658199275733652,1,1,0,0,0,0,0,1,1,0.6814588519699311,0.6986024008338619,-0.22637038818947905,-0.56396873254911,-0.06819387034105659,1,0,0,1,0.191192097995867,0,1,0,1,0,0,0,1,0,0
0,0,1,1,0.10303251613476692,0,0,1,0,0,1,1,0,1,-0.6072303892190486,-0.5685289872968196,-0.43699808016386177,0.5111818699396011,-0.06819387034105659,1,0,0,0,0.31042399329440556,1,0,0,0,0,1,0,1,0,0
1,1,1,0,-0.1397629924046432,1,1,0,0,0,0,0,0,1,-0.43375299136668594,-0.494826792422115,0.7376456916307308,-1.1015440337934654,-0.49692803731945906,0,0,0,0,0.22105904090622117,1,0,0,1,0,0,0,0,1,0
0,0,1,1,0.5076916970337838,1,0,1,0,1,1,1,1,1,0.537720436606545,0.4540558528176281,0.971440934680207,1.5863324724283123,1.2180086305941509,0,0,0,0,0.7851432753988078,1,0,0,0,0,1,0,0,0,1
0,1,1,0,-0.54442217330366,1,1,0,0,0,0,1,1,1,0.9986746651856803,0.9192766099513219,0.9050510982206263,-0.026393431304754394,0.3605402966373459,0,0,0,1,0.34654708399737466,0,1,0,1,0,0,0,0,1,0
1,0,0,0,0.7504872055731939,1,1,1,1,1,1,1,0,1,0.5426769336880413,0.5325170004806373,0.10149723872099309,1.5863324724283123,1.6467427975725533,1,0,1,0,0.8827377491176543,1,0,0,0,1,0,0,1,0,0
1,1,1,0,0.224430270404472,0,0,0,0,0,0,0,0,1,-1.3176616375668195,-1.3044266646954619,-0.11114429518415007,-1.1015440337934654,-1.3543963712762639,0,0,0,0,-0.03768587985736549,1,0,0,1,0,0,0,0,1,0
0,0,1,1,1.6002714854611295,1,1,1,1,1,0,1,1,0,1.4811070477846315,1.4760935380038176,0.008221188165333708,1.5863324724283123,1.6467427975725533,1,0,0,0,1.2906064482194899,0,1,0,0,0,1,0,1,0,0
0,0,0,0,0.14349843422466863,1,1,0,1,1,0,1,1,1,1.324151306870589,1.423767353735681,-1.2244336844756856,1.0487571711839567,1.2180086305941509,1,0,1,1,0.8450561113443913,0,1,0,0,1,0,1,0,0,0
0,0,1,0,1.2360782226520142,1,1,0,1,1,1,1,1,1,1.4546723966833193,1.4605908150365008,-0.12022306623649724,1.5863324724283123,1.6467427975725533,0,0,0,0,1.2038304205396642,0,1,0,1,0,0,0,0,1,0
0,0,0,0,-0.8276835999329719,1,0,0,0,1,0,1,1,0,1.0168484878178323,0.928647708977273,1.0085857289974327,0.5111818699396011,0.3605402966373459,0,0,1,1,0.0593415011112401,0,1,0,0,1,0,0,0,0,1
1,0,0,1,-0.30162666476425,0,0,1,0,0,0,1,0,1,-0.7955772783158996,-0.854019132057521,0.7189862859562235,-0.026393431304754394,-0.49692803731945906,1,0,0,0,-0.02802043681737202,1,0,0,0,1,0,0,1,0,0
1,0,0,0,-1.2728086989218905,1,0,0,0,0,0,0,0,0,-1.4927912011130144,-1.4889730111263297,0.006326045598127978,-1.1015440337934654,-1.3543963712762639,0,1,1,0,-2.4559536381938125,0,0,1,1,0,0,0,0,0,1
0,1,1,0,1.3574759769217193,0,0,0,1,1,0,1,0,0,-0.6336650403203612,-0.6218937972498884,-0.11742430281628585,0.5111818699396011,-0.06819387034105659,1,0,0,0,0.6877904774652976,1,0,0,0,1,0,1,0,0,0
1,0,0,0,0.42675986085398043,1,0,1,0,0,0,0,0,1,0.3460692161220301,0.3177082074994361,0.32365224289767114,-0.56396873254911,-0.49692803731945906,0,0,1,0,0.7224467388473369,0,1,0,1,0,0,0,0,1,0
0,0,1,1,-0.7467517637531685,1,1,0,1,0,0,0,1,1,0.8648492439852863,0.8297872074235179,0.38504514800787004,-0.026393431304754394,0.3605402966373459,1,0,0,1,0.1356711987545097,0,1,0,1,0,0,1,0,0,0
1,0,0,0,0.14349843422466863,1,0,1,0,1,1,1,1,1,0.4782424716285922,0.4797453323525051,-0.03428415227055988,1.5863324724283123,1.2180086305941509,1,0,1,0,0.6509056168697912,1,0,0,1,0,0,0,1,0,0
0,1,0,0,-0.018365238134938143,1,0,0,0,0,0,0,1,1,0.48815546579158425,0.6107781514620896,-1.4678241370353753,-0.56396873254911,-0.49692803731945906,0,0,1,1,0.6075700642317419,0,1,0,1,0,0,0,0,1,0
1,1,1,0,1.5598055673712277,1,1,0,0,0,0,0,0,0,-1.3176616375668195,-1.2509428014458288,-0.7440131371070029,-1.1015440337934654,-0.9256622042978615,1,0,0,0,0.39495560528517915,0,0,1,0,0,1,1,0,0,0
1,0,0,0,-1.2728086989218905,1,1,0,1,0,0,0,0,0,-0.3445360438997567,-0.34406603221178517,0.006326045598127978,-0.56396873254911,-0.06819387034105659,0,1,1,0,-1.8326599877929122,1,0,0,1,0,0,0,0,1,0
0,0,0,0,-0.5848880913935618,1,0,0,0,0,0,0,0,1,0.1676353211881712,0.10300595755620487,0.7589683794312065,-1.1015440337934654,-0.9256622042978615,0,0,1,1,0.11672448034828725,0,1,0,1,0,0,0,0,1,0
1,0,1,0,0.5886235332135872,1,0,0,0,0,0,0,0,0,-1.4812260412561902,-1.472078929882282,-0.0571295486886118,-1.1015440337934654,-1.3543963712762639,1,0,0,0,-0.04616652876298308,0,0,1,0,1,0,1,0,0,0
1,0,1,0,1.155146386472211,1,1,0,1,1,0,1,1,1,0.49806845995457627,0.5214669003088223,-0.29405627044045585,1.0487571711839567,1.2180086305941509,0,0,0,0,0.992834605789813,1,0,0,0,1,0,0,0,1,0
1,0,0,0,-1.2728086989218905,1,0,0,0,0,0,0,1,0,0.4914597971792481,0.48949214236484717,0.006326045598127978,-0.56396873254911,-0.49692803731945906,0,1,1,1,-1.5954563070750365,0,1,0,1,0,0,0,0,1,0
0,1,1,1,1.6002714854611295,1,1,1,1,1,1,1,1,1,0.8202407702518213,0.8178864243065033,-0.00044232071332184496,2.1239077736726677,2.0754769645509556,1,0,0,0,1.1638478236653604,1,0,0,0,0,1,0,1,0,0
1,1,1,1,0.5886235332135872,1,0,0,1,0,0,1,0,1,0.6682415264192751,0.6835637769048698,-0.2043631171316957,-0.026393431304754394,-0.06819387034105659,1,0,0,1,0.8660183590283833,0,1,0,0,1,0,1,0,0,0
1,1,1,0,1.1956123045621125,1,1,0,1,0,0,0,1,1,0.8285015987209814,0.8584715625594698,-0.38321745240942456,-0.026393431304754394,0.3605402966373459,1,0,0,1,1.0783106374170932,0,1,0,1,0,0,1,0,0,0
1,0,0,1,-1.2728086989218905,1,0,0,0,0,0,0,0,0,-1.4828782069500221,-1.4790889220997292,0.006326045598127978,-1.1015440337934654,-1.3543963712762639,0,1,0,0,-2.4468281808575076,0,0,1,1,0,0,0,0,0,1
0,0,1,1,0.224430270404472,1,0,0,0,0,0,0,0,1,-1.479573875562358,-1.477268168857987,0.023767056893313068,-1.1015440337934654,-1.3543963712762639,0,0,0,0,-0.1848029424545953,0,0,1,0,0,1,0,0,0,1
1,1,0,0,-0.7872176818430703,1,0,0,1,0,0,1,0,1,-0.1594934861905698,-0.13510625266224605,-0.28306847213691916,-0.026393431304754394,-0.06819387034105659,0,0,1,0,-0.1587870552481517,1,0,0,1,0,0,0,0,1,0
0,0,0,0,-0.6658199275733652,1,0,0,0,0,0,0,0,0,-1.474617378480862,-1.477029736885854,0.07942440176177278,-1.1015440337934654,-1.3543963712762639,1,0,1,0,-0.7280745224660269,0,0,1,0,1,0,1,0,0,0
1,0,1,0,-1.0704791084723821,1,1,0,0,0,0,1,0,1,0.5988505672783297,0.3942205064695602,2.4007033119361814,-0.56396873254911,-0.06819387034105659,0,1,0,1,-0.4970764767246827,0,1,0,1,0,0,0,0,1,0
1,0,0,0,1.2360782226520142,1,1,1,0,1,1,0,1,1,0.23702628032911655,0.20939065651050007,0.3188311872924411,1.0487571711839567,1.2180086305941509,1,0,1,0,0.9344117994358629,1,0,0,0,0,1,1,0,0,0
0,0,0,1,0.1839643523145703,1,0,0,0,0,0,0,0,0,-1.4680087157055342,-1.4604338171351097,-0.038981764348347325,-1.1015440337934654,-1.3543963712762639,1,0,0,0,-0.1856348167134863,0,0,1,0,1,0,1,0,0,0
1,1,0,0,-1.1109450265622838,1,0,0,0,1,0,0,0,0,-0.4750571337124866,-0.5697527316524937,1.1369139542625004,-0.56396873254911,-0.49692803731945906,0,1,1,0,-0.913032691434479,1,0,0,1,0,0,0,0,1,0
0,0,0,0,1.5598055673712277,1,1,1,1,1,0,1,1,1,1.388585768930038,1.2466458447241207,1.6316491197343794,1.5863324724283123,1.6467427975725533,1,0,1,0,1.2404489935603928,0,1,0,0,0,1,0,1,0,0
1,0,0,0,-1.2728086989218905,0,0,0,0,0,1,0,0,0,-1.1755753878972655,-1.1726821622751173,0.006326045598127978,-0.56396873254911,-0.9256622042978615,0,1,1,0,-2.2145954043363445,1,0,0,1,0,0,0,0,0,1
1,0,1,1,1.4384078131015228,1,0,0,1,1,1,1,1,0,1.3555424550533977,1.414768848938316,-0.7475903336582882,1.5863324724283123,1.2180086305941509,1,0,0,0,1.2438326285105694,0,1,0,0,1,0,0,1,0,0
1,1,1,0,0.5076916970337838,1,1,0,1,1,1,1,0,1,1.122587092223082,1.180499788535621,-0.7240077528724215,1.0487571711839567,1.2180086305941509,1,0,0,0,0.9409271194614568,0,1,0,0,1,0,1,0,0,0
1,0,0,0,-1.1514109446521854,1,1,1,0,0,0,0,0,1,0.5079814541175683,0.6356942925499779,-1.5287394338384128,-0.56396873254911,-0.06819387034105659,0,1,1,0,-0.6944151069472332,0,1,0,1,0,0,0,0,1,0
1,0,1,1,-1.2728086989218905,1,0,0,0,0,0,0,0,0,-0.6667083541970017,-0.6652989255762977,0.006326045598127978,-1.1015440337934654,-0.9256622042978615,0,1,0,0,-1.9547874743832747,1,0,0,1,0,0,0,0,1,0
1,0,1,1,-1.0300131903824803,1,0,1,0,0,0,0,0,1,-0.49488312203847096,-0.5737534343537368,0.9503391023400549,-0.56396873254911,-0.49692803731945906,0,0,0,0,-0.7035385195206665,1,0,0,0,1,0,0,0,1,0
0,0,1,1,-1.1109450265622838,1,0,1,0,0,0,0,0,1,-0.5064482818952951,-0.6007228772691748,1.133015375267104,-0.56396873254911,-0.49692803731945906,0,1,0,0,-0.9255779729664203,1,0,0,1,0,0,0,0,0,1
1,1,1,0,-0.7872176818430703,1,1,0,0,0,0,1,1,1,1.0085876593486722,0.9934539636313825,0.1442757638966968,-0.026393431304754394,0.3605402966373459,0,0,0,1,0.12287416209882901,0,1,0,1,0,0,0,0,1,0
0,0,1,1,-0.09929707431474152,1,1,0,0,0,0,0,0,1,-1.3094008090976594,-1.2659769803650844,-0.46865082867408714,-1.1015440337934654,-0.9256622042978615,0,0,0,0,-0.15783057092983008,0,0,1,0,0,1,0,0,0,1
1,1,1,0,-0.09929707431474152,1,1,1,1,1,1,1,0,1,1.3538902893595657,1.3612687945110014,-0.1340227982360698,1.5863324724283123,1.6467427975725533,1,0,0,0,0.7191319765578605,0,1,0,1,0,0,1,0,0,0
1,0,0,0,-0.34209258285415167,1,0,1,0,0,0,0,0,1,-0.5014917848137992,-0.47146095744352323,-0.338048432328379,-0.56396873254911,-0.49692803731945906,1,0,1,0,0.11090408823733164,1,0,0,1,0,0,1,0,0,0
0,0,1,0,0.224430270404472,1,1,0,0,1,1,1,1,1,1.3307599696459171,1.3579047361405443,-0.3671167844870194,1.0487571711839567,1.2180086305941509,0,0,0,0,0.8673251569589516,0,1,0,1,0,0,0,0,1,0
0,0,0,0,1.155146386472211,0,0,1,1,1,1,0,0,0,-0.6947951709921459,-0.6766413228199373,-0.190839793759113,1.0487571711839567,0.3605402966373459,1,0,1,0,0.6149776751445736,1,0,0,0,1,0,0,1,0,0
1,0,0,0,-1.191876862742087,1,0,0,0,0,0,0,0,1,-1.4614000529302058,-1.2879965342521216,-2.0014421370299833,-1.1015440337934654,-1.3543963712762639,0,1,1,0,-1.6165060209609148,0,0,1,1,0,0,0,0,1,0
1,0,1,1,1.397941895011621,0,0,1,0,0,0,1,1,0,-0.4568833110803344,-0.519348795074059,0.7549114004600488,0.5111818699396011,-0.06819387034105659,1,0,0,0,0.7385815448549393,1,0,0,0,0,1,0,1,0,0
1,0,1,1,0.7504872055731939,1,0,1,1,0,1,0,0,0,-0.13966749786458546,-0.1165704798773194,-0.2684855522144759,0.5111818699396011,0.3605402966373459,1,0,0,0,0.7070784438719366,1,0,0,0,0,1,0,1,0,0
0,0,1,0,-0.5848880913935618,1,1,0,0,0,1,1,0,1,0.7971104505381729,0.7859232938200202,0.1048734590928148,-0.026393431304754394,0.3605402966373459,0,0,0,0,0.28441370096690566,0,1,0,1,0,0,0,0,1,0
0,0,1,0,1.114680468382309,0,0,0,1,1,1,1,1,0,-0.1297545037015934,-0.15437389030961277,0.29579553600616126,1.5863324724283123,0.7892744636157483,1,0,0,0,0.7974648431525402,1,0,0,0,0,1,0,1,0,0
0,0,0,0,0.2648961884943737,1,0,0,0,0,1,0,1,0,-0.17931947451655417,-0.2668096269568615,1.0414487506573287,-0.026393431304754394,-0.06819387034105659,0,0,1,0,0.48949966690887325,1,0,0,0,1,0,0,0,1,0
1,0,0,0,-1.2728086989218905,1,0,0,0,0,0,0,0,0,-1.5076606923575024,-1.5037991446662302,0.006326045598127978,-1.1015440337934654,-1.3543963712762639,0,1,1,0,-2.469894699241541,0,0,1,1,0,0,0,0,0,1
1,0,0,0,-1.2728086989218905,1,0,0,0,0,0,0,0,1,0.1626788241066754,0.1616698563159348,0.006326045598127978,-1.1015440337934654,-0.9256622042978615,0,1,1,1,-1.6784187430114244,0,1,0,1,0,0,0,0,1,0
1,0,1,0,0.1839643523145703,1,1,0,0,1,1,1,0,0,0.9771965111658637,0.9487460987134192,0.30293415024772774,0.5111818699396011,0.7892744636157483,0,0,0,0,0.7720667184479495,0,1,0,0,0,1,0,0,0,1
0,0,0,0,0.2648961884943737,1,0,1,0,1,1,1,0,1,1.0185006535116643,0.9866111327668129,0.34220362058595105,1.0487571711839567,0.7892744636157483,0,0,1,0,0.8128912099790147,0,1,0,0,1,0,0,0,1,0
0,0,1,0,-0.09929707431474152,1,0,0,0,0,0,0,0,0,-1.4894868697253503,-1.4128106140158034,-0.8559096755499321,-1.1015440337934654,-1.3543963712762639,1,0,0,0,-0.27448702907001926,0,0,1,1,0,0,1,0,0,0
0,0,1,0,1.4384078131015228,0,0,1,0,1,0,1,1,1,-0.3412317125120926,-0.32892496446270364,-0.13385080210392022,1.0487571711839567,0.3605402966373459,0,0,0,0,0.8181195429051473,1,0,0,0,1,0,0,0,1,0
1,0,1,1,1.4384078131015228,1,1,0,1,0,1,0,1,0,0.2006786350648117,0.2216284846022972,-0.2548214150492469,0.5111818699396011,0.7892744636157483,1,0,0,0,0.9857695954460202,1,0,0,0,0,1,0,1,0,0
1,0,0,0,0.5076916970337838,1,0,0,0,0,0,0,0,0,-1.5159215208266628,-1.4980883376730834,-0.15871379854023399,-1.1015440337934654,-1.3543963712762639,1,0,1,0,-0.09876454879168639,0,0,1,0,1,0,1,0,0,0
0,0,0,0,1.519339649281326,1,1,0,1,1,1,0,0,1,0.8433710899654697,0.8725947263268181,-0.3748992861657963,0.5111818699396011,0.7892744636157483,1,0,1,0,1.1576772794299737,0,1,0,0,1,0,1,0,0,0
1,1,0,0,0.5886235332135872,1,0,1,0,0,0,0,1,0,0.6864153490514273,0.7005630080321791,-0.19109135884950443,-0.026393431304754394,-0.06819387034105659,0,0,1,0,0.8698060760758102,0,1,0,1,0,0,0,0,0,1
1,0,0,0,0.38629394276407875,1,0,0,0,0,0,0,0,0,-1.4845303726438543,-1.4663808076369576,-0.16354061062976946,-1.1015440337934654,-1.3543963712762639,1,0,1,0,-0.11151025192803292,0,0,1,0,1,0,1,0,0,0
0,0,1,0,-1.2728086989218905,1,0,0,0,0,0,0,0,1,0.15441799563751527,0.15343311546043448,0.006326045598127978,-1.1015440337934654,-0.9256622042978615,0,1,0,1,-1.6806507394464014,0,1,0,1,0,0,0,0,0,1
0,0,0,0,1.4384078131015228,1,1,0,1,1,0,1,1,1,0.5261552767497211,0.44947127209047494,0.8892395239668632,1.0487571711839567,1.2180086305941509,0,0,1,0,1.04391261401062,1,0,0,0,0,1,0,0,1,0
0,0,1,0,-1.2728086989218905,1,0,0,0,0,0,0,0,1,-0.6518388629525134,-0.650472792036397,0.006326045598127978,-1.1015440337934654,-0.9256622042978615,0,1,0,0,-1.9485975721951037,1,0,0,1,0,0,0,0,1,0
1,0,1,1,1.5598055673712277,1,0,1,1,1,1,1,1,0,1.4728462193154714,1.4784810971978086,-0.11749501967813457,2.1239077736726677,1.6467427975725533,1,0,0,0,1.282217532091464,0,1,0,0,0,1,0,1,0,0
0,1,1,0,-1.2728086989218905,1,0,0,1,0,0,0,0,1,0.38572119277399886,0.38406185941444343,0.006326045598127978,-0.56396873254911,-0.49692803731945906,0,1,0,1,-1.6209644244517298,0,1,0,1,0,0,0,0,0,1
1,0,1,1,0.42675986085398043,1,1,0,0,0,0,0,0,0,-1.337487625892804,-1.3071517455439832,-0.3128134442574125,-1.1015440337934654,-0.9256622042978615,0,0,0,0,0.03799845833939261,0,0,1,0,0,1,0,0,0,1
0,0,1,1,-0.9086154361127753,1,0,0,1,1,0,0,0,1,-0.3032319015539561,-0.31672005257152414,0.17006636340469297,-0.026393431304754394,-0.06819387034105659,0,0,0,0,-0.383645089641191,1,0,0,1,0,0,0,0,0,1
1,0,1,0,1.2360782226520142,1,0,0,0,0,0,0,0,0,-1.5027041952760065,-1.485835205086139,-0.1477606480293647,-1.1015440337934654,-1.3543963712762639,0,0,0,0,0.12491078065356488,0,0,1,0,0,1,0,0,0,1
0,0,0,0,1.4788737311914244,1,1,1,1,0,1,0,0,1,0.071809710945914,0.052825503967453384,0.22216041896634345,0.5111818699396011,0.7892744636157483,0,0,1,0,0.9481324722319101,1,0,0,0,0,1,0,0,0,1
1,0,1,1,0.06256659804486524,1,0,0,0,0,0,1,0,0,0.4485034891396155,0.35179321582760087,1.1288874680955108,-0.56396873254911,-0.49692803731945906,0,0,0,1,0.5833263242068194,0,1,0,1,0,0,0,0,1,0
1,1,0,0,-1.232342780831989,1,0,1,0,1,0,1,0,0,0.05528805400759374,-0.5755184502513441,7.4623583742899005,0.5111818699396011,0.3605402966373459,1,1,1,0,-1.4883214763229502,1,0,0,1,0,0,1,0,0,0
1,0,1,0,1.397941895011621,1,0,1,1,0,0,1,1,1,1.1952823827516914,1.1779115668817235,0.16430577653090278,1.0487571711839567,0.7892744636157483,1,0,0,0,1.1910074080126827,0,1,0,0,1,0,0,1,0,0
1,0,0,0,-0.09929707431474152,1,0,0,0,0,0,1,1,1,0.8433710899654697,0.8929277094672531,-0.6154973041672767,-0.026393431304754394,-0.06819387034105659,0,0,1,1,0.6285549655347685,0,1,0,1,0,0,0,0,1,0
0,0,1,0,1.6002714854611295,1,1,1,1,1,1,1,0,0,0.4782424716285922,0.33880554438061095,1.6334413068703706,1.5863324724283123,1.6467427975725533,1,0,0,0,1.0523243590671412,1,0,0,0,0,1,0,1,0,0
0,0,0,0,-0.9895472722925787,1,0,0,0,0,0,0,0,0,-1.5043563609698385,-1.487119744433842,-0.15205372608976908,-1.1015440337934654,-1.3543963712762639,0,0,1,0,-1.1722422232699954,0,0,1,1,0,0,0,0,0,1
1,0,1,0,-1.191876862742087,0,0,0,1,0,0,0,0,0,-1.1540972338774491,-1.096355030347481,-0.6434371203009372,-0.56396873254911,-0.9256622042978615,1,1,0,0,-1.4893107075318759,1,0,0,1,0,0,0,1,0,0
1,0,0,0,-0.5039562552137584,1,0,0,0,0,0,1,0,0,0.46502514607793577,0.5707064072000805,-1.2665599963981402,-0.56396873254911,-0.49692803731945906,0,0,1,1,0.30251843625200764,0,1,0,1,0,0,0,0,1,0
0,0,1,1,-1.191876862742087,1,0,0,1,0,0,1,0,1,-0.19914546284253828,-0.2814668017099828,0.9809707944467281,-0.026393431304754394,-0.06819387034105659,1,1,0,0,-1.127035242713272,1,0,0,1,0,0,0,1,0,0
1,0,1,0,1.5598055673712277,1,1,0,0,1,0,1,1,1,1.1209349265292503,1.0979668717606108,0.23310254209078696,0.5111818699396011,0.7892744636157483,1,0,0,1,1.2121262776350146,0,1,0,0,1,0,0,1,0,0
0,0,1,1,-0.05883115622483983,1,1,0,0,1,1,1,1,1,1.3043253185446049,1.314069612395805,-0.16030676630179153,1.0487571711839567,1.2180086305941509,0,0,0,0,0.7312114313109482,0,1,0,1,0,0,0,0,1,0
1,0,0,1,0.42675986085398043,0,0,1,1,1,0,0,0,1,-0.8021859410912277,-0.6674443092409862,-1.5667052467296052,0.5111818699396011,-0.06819387034105659,0,0,0,0,0.3988663059547114,1,0,0,1,0,0,0,0,1,0
1,0,0,0,-1.2728086989218905,1,0,1,0,0,0,0,0,0,-0.49488312203847096,-0.4939747157818909,0.006326045598127978,-0.56396873254911,-0.49692803731945906,0,1,1,0,-1.8867221660497266,1,0,0,1,0,0,0,0,1,0
1,0,1,1,1.0337486322025058,1,1,0,0,1,1,1,1,1,1.3324121353397491,1.2779754626736215,0.5981706672265309,1.0487571711839567,1.2180086305941509,1,0,0,0,1.1189396904181692,0,1,0,0,1,0,1,0,0,0
0,0,0,0,-1.1514109446521854,1,1,0,0,0,1,1,1,1,1.193630217057859,1.1554326405320483,0.41080361637029367,0.5111818699396011,0.7892744636157483,0,1,1,0,-0.5863922269518461,0,1,0,1,0,0,0,0,0,1
0,0,0,0,-0.5848880913935618,1,0,0,0,0,0,0,0,0,-1.4894868697253503,-1.4161236142265714,-0.8167072978740206,-1.1015440337934654,-1.3543963712762639,0,0,1,0,-0.5983828126203785,0,0,1,1,0,0,0,0,0,1
1,0,0,1,1.114680468382309,1,0,0,0,0,0,0,0,0,-1.479573875562358,-1.479692949762466,0.05245923037696117,-1.1015440337934654,-1.3543963712762639,0,0,0,0,0.10015768121399614,0,0,1,0,0,1,0,0,0,1
1,0,0,0,-0.42302441903395505,1,1,0,0,0,0,1,1,1,0.9887616710226882,1.018665302599582,-0.3879620573451697,-0.026393431304754394,0.3605402966373459,1,0,1,1,0.4589721400310317,0,1,0,1,0,0,0,1,0,0
0,0,1,1,1.4788737311914244,1,0,0,0,0,0,0,0,0,-1.487834704031518,-1.4660772590091562,-0.20611825907843623,-1.1015440337934654,-1.3543963712762639,1,0,0,0,0.2010657996374488,0,0,1,0,0,1,1,0,0,0
1,0,0,1,1.3574759769217193,1,0,0,1,1,1,1,1,1,0.48815546579158425,0.46078834847446765,0.3069891832732387,1.5863324724283123,1.2180086305941509,1,0,0,0,1.0278720314329826,1,0,0,0,0,1,0,1,0,0
0,0,0,0,0.42675986085398043,1,1,0,0,0,0,0,0,1,-1.289574820771675,-1.222677263746875,-0.7470970114187889,-1.1015440337934654,-0.9256622042978615,1,0,1,0,0.09925822523192011,0,0,1,0,0,1,0,1,0,0
1,0,1,1,0.5481576151236855,1,0,0,0,0,0,0,0,1,-1.4713130470931979,-1.52743500972984,0.7148504021524126,-1.1015440337934654,-1.3543963712762639,1,0,0,0,-0.11470021551150893,0,0,1,0,1,0,1,0,0,0
0,0,0,0,-1.191876862742087,1,1,0,0,0,0,0,0,1,-0.4651441395494945,-0.47146095744352323,0.09079525716500438,-1.1015440337934654,-0.49692803731945906,0,1,1,0,-1.1947790976337993,1,0,0,1,0,0,0,0,0,1
0,0,0,0,-0.46349033712385673,1,0,1,1,0,1,1,0,0,0.20893946353397183,0.25925562416586195,-0.6025948641587078,1.0487571711839567,0.7892744636157483,1,0,1,0,0.25621048384719075,1,0,0,0,0,1,0,1,0,0
0,1,1,0,1.6002714854611295,1,1,1,1,0,0,1,1,1,1.391890100317702,1.3800668675301095,0.09187819577483979,1.0487571711839567,1.2180086305941509,1,0,0,0,1.2736292411175594,0,1,0,0,1,0,1,0,0,0
0,0,0,0,-0.54442217330366,1,1,1,1,0,0,0,1,1,1.0052833279610085,0.9695640804375344,0.3879764104104239,0.5111818699396011,0.7892744636157483,0,0,1,0,0.35683013417971393,0,1,0,1,0,0,0,0,1,0
0,0,1,0,-1.0300131903824803,1,0,0,0,1,0,1,0,1,0.7111978344589077,0.630222743267396,0.9336309066455041,-0.026393431304754394,-0.06819387034105659,0,0,0,1,-0.34409980856695144,0,1,0,1,0,0,0,0,1,0
0,0,1,1,0.5481576151236855,1,0,0,0,0,0,0,0,1,-1.5027041952760065,-1.5141129766939871,0.18684720342834585,-1.1015440337934654,-1.3543963712762639,0,0,0,0,-0.10101652830032802,0,0,1,0,0,1,0,0,0,1
0,1,0,0,0.6695553693933906,1,1,1,0,0,0,1,1,0,1.2167605367715073,1.2761849424412044,-0.7451449464732993,0.5111818699396011,0.7892744636157483,1,0,1,0,1.0124558757210838,0,1,0,1,0,0,0,1,0,0
0,0,1,1,1.4788737311914244,1,1,1,1,1,1,1,0,1,1.334064301033581,1.3214745926039062,0.10294300331007039,1.5863324724283123,1.6467427975725533,1,0,0,0,1.2362470191334343,0,1,0,0,1,0,0,1,0,0
0,0,0,0,-1.0704791084723821,1,0,0,0,1,1,0,1,1,0.8103277760888292,0.5413836097544993,3.1544285843790987,0.5111818699396011,0.3605402966373459,0,1,1,0,-0.46151556759408374,0,1,0,1,0,0,0,0,1,0
1,0,0,0,1.6002714854611295,1,1,0,1,1,0,1,1,1,1.1952823827516914,1.2801506249857488,-1.0454780792009795,1.0487571711839567,1.2180086305941509,1,0,1,1,1.2554645495311323,0,1,0,0,0,1,1,0,0,0
1,0,0,0,-0.7872176818430703,1,0,1,0,0,0,0,0,1,0.2981564110009013,0.29143020456258556,0.06930309090834827,-0.56396873254911,-0.49692803731945906,1,0,1,0,-0.03709386040143314,0,1,0,1,0,0,0,1,0,0
0,0,1,1,0.9528167960227024,1,1,0,0,1,0,1,1,1,1.1589347374873864,1.111866164792777,0.516970276512731,0.5111818699396011,0.7892744636157483,1,0,0,1,1.0654201619914256,0,1,0,0,1,0,0,1,0,0
1,1,1,0,-0.5039562552137584,1,1,0,0,0,0,1,1,1,0.9854573396350238,0.9962988072037822,-0.16228749595268113,-0.026393431304754394,0.3605402966373459,0,0,0,1,0.39450853731525454,0,1,0,1,0,0,0,0,1,0
0,0,0,0,-0.05883115622483983,1,1,0,0,0,1,0,0,1,0.49972062564840825,0.4220571478769128,0.9017416084112855,-0.56396873254911,-0.06819387034105659,1,0,1,0,0.542737383863853,0,1,0,1,0,0,0,1,0,0
1,1,1,0,0.871884959842899,1,1,0,0,1,0,1,1,1,1.134152252079906,1.0979737464530301,0.3889643544053549,0.5111818699396011,0.7892744636157483,1,0,0,1,1.039824723221457,0,1,0,1,0,0,0,1,0,0
1,0,0,0,-1.1109450265622838,1,0,0,0,1,0,1,1,1,0.17424398396349938,0.15606887253419405,0.2090521533586402,0.5111818699396011,0.3605402966373459,0,1,1,0,-0.6737480564902387,1,0,0,0,1,0,0,0,0,1
1,0,1,1,0.224430270404472,1,1,1,0,1,1,1,1,1,0.6831110176637635,0.7254964435087616,-0.525111827984576,1.5863324724283123,1.6467427975725533,1,0,0,0,0.7415189679031222,1,0,0,0,0,1,1,0,0,0
1,0,1,0,-1.0704791084723821,1,1,0,0,0,0,0,0,0,-1.3094008090976594,-1.194097688499418,-1.3191908128359637,-1.1015440337934654,-0.9256622042978615,0,1,0,0,-1.1181876188914655,0,0,1,0,1,0,0,0,0,1
0,0,1,0,1.6002714854611295,1,1,0,1,1,1,1,1,1,1.5009330361106161,1.5271384514722102,-0.3618730817446748,1.5863324724283123,1.6467427975725533,0,0,0,0,1.2994480761797411,0,1,0,0,0,1,0,0,1,0
1,0,0,0,0.6290894513034889,1,0,0,0,0,0,0,0,0,-1.479573875562358,-1.4436022969139488,-0.3745976104101986,-1.1015440337934654,-1.3543963712762639,1,0,1,0,-0.006393702599330697,0,0,1,0,1,0,1,0,0,0
1,0,0,0,-1.232342780831989,1,0,1,0,1,0,0,0,0,-0.37262286069490097,-0.16450508156187807,-2.449778721500336,-0.026393431304754394,-0.06819387034105659,0,1,1,0,-1.3422436604257815,1,0,0,1,0,0,0,0,1,0
0,0,0,0,-0.7062858456632669,1,1,0,0,0,0,0,0,0,-0.5246221045274474,-0.746238632383014,2.6404659201529372,-1.1015440337934654,-0.49692803731945906,0,0,1,0,-0.2983717361890686,1,0,0,1,0,0,0,0,0,1
0,0,0,0,1.3170100588318177,0,0,1,0,1,1,1,1,0,-0.15784132049673763,-0.1455732495032358,-0.13972072138318378,1.5863324724283123,0.7892744636157483,1,0,1,0,0.8506434655330143,1,0,0,0,0,1,0,1,0,0
1,0,1,0,1.114680468382309,1,1,0,1,1,0,1,1,0,1.248151684954316,1.2481508867621307,-0.0430559550102059,1.0487571711839567,1.2180086305941509,1,0,0,1,1.1347535432580453,0,1,0,0,1,0,1,0,0,0
1,0,0,0,-1.232342780831989,1,0,1,0,0,0,0,0,1,-0.55931758409792,-0.6101127618444454,0.6203522373727427,-0.56396873254911,-0.49692803731945906,0,1,1,0,-1.5023141751724025,1,0,0,1,0,0,0,0,1,0
1,0,1,0,0.38629394276407875,1,1,1,0,1,0,0,1,1,0.980500842553528,1.0161728862108395,-0.4559340352843486,0.5111818699396011,0.7892744636157483,0,0,0,0,0.8654776317461392,0,1,0,1,0,0,0,0,1,0
0,1,1,1,-1.191876862742087,1,0,1,0,0,1,1,0,1,0.7789366279060206,0.8733242662311623,-1.143754758043218,0.5111818699396011,0.3605402966373459,0,1,0,0,-0.8232823552806103,0,1,0,1,0,0,0,0,0,1
1,0,0,0,0.42675986085398043,1,1,0,0,0,0,0,0,1,0.35102571320352594,0.2892052530971467,0.719403343244098,-1.1015440337934654,-0.49692803731945906,1,0,1,1,0.7150833056980412,0,1,0,1,0,0,0,1,0,0
1,0,1,0,1.155146386472211,1,1,1,0,1,0,0,1,1,0.17093965257583552,0.14981435062555884,0.24407545318611487,0.5111818699396011,0.7892744636157483,0,0,0,0,0.8978863274540692,1,0,0,0,0,1,0,0,0,1
0,0,0,0,-0.5848880913935618,0,0,1,1,0,1,0,0,1,-0.8104467695603877,-0.8299422233434651,0.2586507416889329,0.5111818699396011,-0.06819387034105659,0,0,1,0,-0.22288404528601485,1,0,0,0,1,0,0,0,0,1
0,0,1,1,-0.5039562552137584,1,1,0,1,1,0,1,1,1,1.3588467864410616,1.556397185377804,-2.384477523327484,1.0487571711839567,1.2180086305941509,1,0,0,1,0.4981293467108726,0,1,0,1,0,0,1,0,0,0
1,0,0,0,0.5076916970337838,1,1,0,1,0,0,1,1,1,1.193630217057859,1.3373273344243468,-1.741536870670357,0.5111818699396011,0.7892744636157483,1,0,1,1,0.9700373929124716,0,1,0,1,0,0,0,1,0,0
0,0,1,1,1.6002714854611295,1,1,1,1,1,1,0,1,0,0.5327639395250487,0.5323003149777393,-0.012896114726388856,1.5863324724283123,1.6467427975725533,1,0,0,0,1.0997693464999017,1,0,0,0,0,1,1,0,0,0
0,0,1,1,-1.1514109446521854,1,0,0,1,0,1,0,0,0,-0.2718407533711475,-0.19662837089832938,-0.880600675854095,-0.026393431304754394,-0.06819387034105659,0,1,0,0,-0.9187404901930519,1,0,0,1,0,0,0,0,0,1
1,1,0,0,-0.2611607466743483,1,1,0,0,0,0,1,1,1,0.9540661914522153,0.913367498697902,0.44866481622941534,-0.026393431304754394,0.3605402966373459,0,0,1,1,0.5427242942004259,0,1,0,1,0,0,0,0,1,0
1,0,0,0,0.5481576151236855,0,0,1,0,1,1,1,1,1,-0.13140666939542534,-0.06072214678257409,-0.8318684384116651,1.5863324724283123,0.7892744636157483,1,0,1,0,0.6593260544558456,1,0,0,0,0,1,1,0,0,0
1,0,1,1,-1.1514109446521854,1,0,0,0,0,0,0,0,0,-1.4944433668068464,-1.3353577941712487,-1.8308793059814774,-1.1015440337934654,-1.3543963712762639,1,1,0,0,-1.4733447130482784,0,0,1,0,0,1,0,1,0,0
0,0,1,0,-0.22069482858444658,1,0,1,0,0,1,1,1,1,1.2283256966283318,1.1386083346734985,1.0192346253274507,1.0487571711839567,0.7892744636157483,1,0,0,0,0.6113728021126577,0,1,0,0,1,0,0,1,0,0
1,0,1,1,0.38629394276407875,0,0,1,0,1,1,1,0,0,-0.5477524242410958,-0.5388453421566164,-0.08649726381602521,1.0487571711839567,0.3605402966373459,1,0,0,0,0.4369870419130266,1,0,0,0,0,1,0,1,0,0
0,0,1,0,-0.6658199275733652,1,1,1,1,1,0,0,0,0,0.858240581209958,0.6980876045303932,1.865460904026826,0.5111818699396011,0.7892744636157483,0,0,0,0,0.19107770226601126,0,1,0,1,0,0,0,0,1,0
0,0,1,1,-0.949081354202677,1,0,1,1,1,1,0,0,0,0.00902741458029684,0.2941898647466507,-3.374608294296671,1.0487571711839567,0.7892744636157483,0,0,0,0,-0.26762278082847196,1,0,0,1,0,0,0,0,0,1
1,0,1,1,1.6002714854611295,0,0,1,0,1,1,1,1,0,-0.12479800662009713,-0.051455813320136,-0.8635443927492462,1.5863324724283123,0.7892744636157483,1,0,0,0,0.9441527518569633,1,0,0,0,0,1,1,0,0,0
1,0,0,0,-0.34209258285415167,1,1,0,1,0,0,1,1,1,1.1539782404058907,1.168268228365203,-0.2089080031059354,0.5111818699396011,0.7892744636157483,1,0,1,1,0.542920610584945,0,1,0,1,0,0,1,0,0,0
0,0,1,0,1.3170100588318177,1,0,1,1,1,0,0,1,0,0.2072872978401399,0.09017494569019197,1.3786258519769514,1.0487571711839567,0.7892744636157483,1,0,0,0,0.9212040537857138,1,0,0,0,0,1,1,0,0,0
1,0,1,0,-1.232342780831989,1,0,0,1,0,1,0,1,1,-0.017407236521015477,0.2333295017587875,-2.9663404383900938,0.5111818699396011,0.3605402966373459,0,1,0,0,-1.2272280241390856,1,0,0,1,0,0,0,0,0,1
1,0,0,0,-1.232342780831989,1,0,0,0,0,0,0,0,0,-1.466356550011702,-1.5861665532212335,1.468293168871024,-1.1015440337934654,-1.3543963712762639,0,1,1,0,-2.135234427200562,0,0,1,1,0,0,0,0,0,1
0,1,1,0,0.1839643523145703,1,0,0,0,0,0,0,0,0,-1.4911390354191822,-1.485010470930981,-0.021069374369507125,-1.1015440337934654,-1.3543963712762639,0,0,0,0,-0.20903936512527918,0,0,1,0,1,0,0,0,0,1
1,0,0,0,-1.2728086989218905,1,0,0,0,0,0,0,0,0,-1.466356550011702,-1.4626154403887286,0.006326045598127978,-1.1015440337934654,-1.3543963712762639,0,1,1,0,-2.431906972295142,0,0,1,1,0,0,0,0,0,1
0,0,0,0,-1.191876862742087,1,1,0,0,0,0,0,0,0,-1.3259224660359796,-1.1847627155298512,-1.6245795008085238,-1.1015440337934654,-0.9256622042978615,0,1,1,0,-1.5448174508555423,0,0,1,1,0,0,0,0,0,1
0,0,0,0,-1.0704791084723821,1,0,1,0,0,0,0,0,1,-0.504796116201463,-0.40556703059952065,-1.1567500213611985,-0.56396873254911,-0.49692803731945906,0,1,1,0,-0.7360046718117401,1,0,0,1,0,0,0,0,1,0
1,0,0,0,-0.7872176818430703,0,0,0,0,0,0,0,0,1,-1.3077486434038275,-1.2920515451348293,-0.1406203934590467,-1.1015440337934654,-1.3543963712762639,1,0,1,0,-0.7024972352294283,1,0,0,1,0,0,1,0,0,0
0,0,1,1,-0.05883115622483983,1,0,1,0,1,1,1,1,1,0.5426769336880413,0.5725503743464411,-0.37221339879339094,1.5863324724283123,1.2180086305941509,0,0,0,0,0.5787567382526496,1,0,0,0,1,0,0,0,0,1
1,0,1,0,-1.0704791084723821,1,1,0,0,0,0,0,0,1,0.3559822102850222,0.2720421837796389,0.9809707944467253,-1.1015440337934654,-0.49692803731945906,0,1,0,1,-0.5282066445322839,0,1,0,1,0,0,0,0,1,0
1,0,1,0,1.519339649281326,0,0,1,0,1,1,0,0,1,-0.8451422491308604,-0.8656870638179697,0.2722648270696737,0.5111818699396011,-0.06819387034105659,1,0,0,0,0.6140900771889423,1,0,0,0,0,1,0,1,0,0
1,0,1,1,1.155146386472211,1,0,0,0,0,0,0,0,0,-1.4597478872363738,-1.4277240660106747,-0.32856828121935727,-1.1015440337934654,-1.3543963712762639,1,0,0,0,0.15870643900553388,0,0,1,0,0,1,0,1,0,0
0,0,1,1,0.022100679954963547,1,1,0,0,0,0,0,0,1,-1.3292267974236438,-1.3939759332595592,0.8120323713129683,-1.1015440337934654,-0.9256622042978615,0,0,0,0,-0.19833157807571783,0,0,1,0,0,1,0,0,0,1
0,1,0,0,-1.2728086989218905,1,0,0,0,0,0,0,0,1,0.1808526467388276,0.1797906861980354,0.006326045598127978,-1.1015440337934654,-0.9256622042978615,0,1,1,1,-1.6735360249336502,0,1,0,1,0,0,0,0,1,0
0,1,1,1,0.993282714112604,1,0,0,1,1,1,1,0,1,1.0102398250425042,1.084994055794967,-0.9194154755012264,1.0487571711839567,0.7892744636157483,1,0,0,0,1.0713276231309727,0,1,0,1,0,0,0,1,0,0
0,0,1,1,1.519339649281326,1,1,1,1,1,1,1,0,0,0.5278074424435529,0.5111194704968611,0.17925587103669438,1.5863324724283123,1.6467427975725533,0,0,0,0,1.077012110230227,1,0,0,0,0,1,0,0,1,0
0,0,1,0,-1.0300131903824803,1,0,1,0,1,1,1,1,0,0.5459812650757051,0.5972757798453947,-0.6258006915122516,1.5863324724283123,1.2180086305941509,1,0,0,0,-0.35163927385463134,1,0,0,1,0,0,1,0,0,0
1,0,0,1,-0.7062858456632669,1,0,1,0,1,0,0,1,0,0.004070917498800575,-0.04479778112860677,0.5781176315893031,0.5111818699396011,0.3605402966373459,0,0,0,0,-0.040985051853856105,1,0,0,0,1,0,0,0,0,1
0,1,1,0,1.4384078131015228,1,1,0,1,0,0,0,1,1,0.8218929359456532,0.8358228696302377,-0.19318946769559178,-0.026393431304754394,0.3605402966373459,1,0,0,1,1.1316788958878017,0,1,0,1,0,0,1,0,0,0
0,0,0,0,-0.949081354202677,1,1,0,0,0,0,0,1,1,0.6137200585228181,0.8076133780728372,-2.3154943338811944,-0.56396873254911,-0.06819387034105659,0,0,1,1,-0.14697332338522284,0,1,0,1,0,0,0,0,1,0
0,0,1,0,0.5481576151236855,1,0,0,1,0,1,1,0,1,-0.017407236521015477,0.02243312394121629,-0.4708261227512293,0.5111818699396011,0.3605402966373459,1,0,0,0,0.6840889695596927,1,0,0,0,0,1,0,1,0,0
0,0,1,1,-0.7467517637531685,1,0,0,0,0,0,0,0,0,-1.5175736865204947,-1.531686395848424,0.21935554070360685,-1.1015440337934654,-1.3543963712762639,0,0,0,0,-0.8664370109648675,0,0,1,0,0,1,0,0,0,1
0,1,0,0,-0.22069482858444658,1,1,0,0,1,0,0,1,0,0.7789366279060206,0.8782052978492367,-1.2015114839009142,-0.026393431304754394,0.3605402966373459,1,0,1,1,0.559170929575674,0,1,0,1,0,0,0,1,0,0
1,0,1,1,-0.05883115622483983,1,1,1,0,1,1,0,0,0,0.8119799417826612,0.8672131359190168,-0.6815845061698501,0.5111818699396011,0.7892744636157483,0,0,0,0,0.6438219675336927,0,1,0,1,0,0,0,0,1,0
1,0,0,0,-1.191876862742087,0,0,0,0,0,0,0,0,0,-1.3094008090976594,-1.2566969190012207,-0.5784608037110289,-1.1015440337934654,-1.3543963712762639,0,1,1,0,-1.59389584646229,1,0,0,1,0,0,0,0,1,0
0,0,0,1,-1.1514109446521854,1,0,0,0,1,1,1,1,1,1.1027611038970975,1.1311342550083223,-0.3737854064528283,1.0487571711839567,0.7892744636157483,1,1,0,0,-0.5910501488352009,0,1,0,1,0,0,1,0,0,0
1,1,1,0,-0.018365238134938143,1,1,0,0,0,0,0,0,1,0.3361562219590381,0.23842598516312813,1.144832942846899,-1.1015440337934654,-0.49692803731945906,0,0,0,1,0.5157799724853206,0,1,0,1,0,0,0,0,1,0
1,0,0,0,-1.2728086989218905,1,0,0,0,0,1,0,0,0,0.30641723947006144,0.30498914720164017,0.006326045598127978,-0.56396873254911,-0.49692803731945906,0,1,1,0,-1.6407974195230735,0,1,0,1,0,0,0,0,1,0
0,0,0,0,-1.2728086989218905,1,0,0,0,0,0,0,0,0,-1.4845303726438543,-1.4807362702708293,0.006326045598127978,-1.1015440337934654,-1.3543963712762639,1,1,1,0,-2.448339935569246,0,0,1,1,0,0,0,1,0,0
1,0,1,0,1.155146386472211,1,1,0,0,0,0,0,0,0,-1.2978356492408352,-1.3020665079757798,0.09484296213290302,-1.1015440337934654,-0.9256622042978615,1,0,0,0,0.26185904061297155,0,0,1,0,0,1,1,0,0,0
0,0,1,0,-0.5848880913935618,1,0,0,0,1,0,1,1,1,1.0317179790623208,1.0618541124792809,-0.3921953628199665,0.5111818699396011,0.3605402966373459,1,0,0,1,0.34125176569935445,0,1,0,1,0,0,0,1,0,0
0,0,1,1,1.6002714854611295,1,1,1,1,1,1,1,1,1,1.598410812046705,1.6414003510065671,-0.5638411324783036,2.1239077736726677,2.0754769645509556,1,0,0,0,1.3188008935060576,0,1,0,0,0,1,1,0,0,0
0,0,0,0,-0.9086154361127753,1,0,0,0,0,0,0,1,1,0.5129379511990646,0.6542269594748535,-1.6895558173984293,-0.56396873254911,-0.49692803731945906,1,0,1,1,-0.11440279201284308,0,1,0,1,0,0,1,0,0,0
0,0,0,0,-0.949081354202677,1,1,0,0,1,0,1,1,0,1.1093697666724258,1.2476383784422325,-1.674394676860789,0.5111818699396011,0.7892744636157483,1,0,1,1,-0.059275841871339933,0,1,0,1,0,0,0,1,0,0
1,0,0,0,-0.42302441903395505,1,1,1,0,0,0,1,1,1,1.2101518739961792,1.3369778969335073,-1.5424730643903688,0.5111818699396011,0.7892744636157483,1,0,1,0,0.5195258871587459,0,1,0,1,0,0,1,0,0,0
0,1,1,0,-0.5848880913935618,0,0,0,0,1,0,1,1,1,-0.5411437614657676,-0.6491915212366525,1.2971888685176032,0.5111818699396011,-0.06819387034105659,0,0,0,0,-0.1412067274361106,1,0,0,1,0,0,0,0,1,0
0,0,0,0,0.34582802467417706,1,1,0,0,0,0,0,0,1,-1.3176616375668195,-1.3598369862015587,0.5445201215476957,-1.1015440337934654,-0.9256622042978615,0,0,1,0,-0.03342263859390901,0,0,1,0,1,0,0,0,0,1
0,0,1,1,0.022100679954963547,1,1,1,0,1,0,1,1,1,1.2878036616062847,1.3283417989456194,-0.5241169752903808,1.0487571711839567,1.2180086305941509,0,0,0,0,0.7731661077521553,0,1,0,0,1,0,0,0,0,1
0,0,0,0,1.6002714854611295,1,1,1,1,1,1,1,1,1,1.5868456521898813,1.6158206946830969,-0.39761005586912407,2.1239077736726677,2.0754769645509556,1,0,1,0,1.314519788239977,0,1,0,0,0,1,0,1,0,0
1,0,1,0,-0.949081354202677,1,1,0,1,1,0,0,1,1,0.1428528357806908,0.26087682395329403,-1.4014941471831803,0.5111818699396011,0.7892744636157483,1,0,0,0,-0.2763109768562741,1,0,0,1,0,0,0,1,0,0
1,0,1,0,1.0337486322025058,1,0,1,1,1,0,0,0,0,-0.14627616063991367,-0.10866565907252068,-0.43999403249530034,0.5111818699396011,0.3605402966373459,1,0,0,0,0.7905001815751994,1,0,0,0,1,0,0,1,0,0
1,0,1,1,1.2765441407419158,1,0,1,0,1,0,1,1,1,0.27502609128725286,0.28061354223239376,-0.07560502860195613,1.0487571711839567,0.7892744636157483,1,0,0,0,0.9631804704824769,1,0,0,0,1,0,0,1,0,0
0,0,1,1,-0.46349033712385673,1,0,0,1,0,0,1,0,1,-0.19418896576104225,-0.22616297025162319,0.38504514800786727,-0.026393431304754394,-0.06819387034105659,1,0,0,0,0.11352345478575257,1,0,0,0,1,0,0,1,0,0
1,0,0,0,1.2765441407419158,1,1,1,0,1,1,0,1,0,1.1407609148552342,1.238546503727081,-1.196446489777843,1.0487571711839567,1.2180086305941509,1,0,1,0,1.1735927688124466,0,1,0,0,0,1,0,1,0,0
0,0,1,0,1.155146386472211,1,0,0,0,0,0,0,0,0,-1.469660881399366,-1.4423881653042376,-0.2720069302206021,-1.1015440337934654,-1.3543963712762639,1,0,0,0,0.14548869160082215,0,0,1,0,0,1,0,1,0,0
0,0,0,0,-0.7062858456632669,1,0,1,1,0,0,1,1,1,1.135804417773738,0.9999504289830539,1.5683566964194775,1.0487571711839567,0.7892744636157483,1,0,1,0,0.2142150003157004,0,1,0,1,0,0,0,1,0,0
0,0,0,0,-0.9086154361127753,1,1,1,0,0,0,1,1,1,1.122587092223082,1.07347706901982,0.5423806574648565,0.5111818699396011,0.7892744636157483,0,0,1,0,-0.026273038281525496,0,1,0,1,0,0,0,0,1,0
0,0,1,0,1.397941895011621,1,1,1,1,1,0,0,1,0,0.3427648847343658,0.35733547938480487,-0.18423882320659943,1.0487571711839567,1.2180086305941509,0,0,0,0,1.011716712891743,1,0,0,0,1,0,0,0,0,1
1,0,0,0,-0.949081354202677,1,0,1,0,0,1,0,1,0,0.007375248886464908,-0.12771430574064355,1.5982458020508405,0.5111818699396011,0.3605402966373459,0,0,1,0,-0.38764793551260446,1,0,0,1,0,0,0,0,0,1
1,0,0,1,-1.2728086989218905,0,0,0,0,0,0,0,0,1,-1.3226181346483157,-1.3192961495030229,0.006326045598127978,-1.1015440337934654,-1.3543963712762639,0,1,0,0,-2.3151459751230905,1,0,0,1,0,0,0,0,1,0
1,0,0,0,-0.949081354202677,1,0,1,0,1,1,1,0,1,0.15772232702517913,0.2583142823538049,-1.1957358113151402,1.0487571711839567,0.7892744636157483,0,0,1,0,-0.2769842917302089,1,0,0,1,0,0,0,0,0,1
0,1,0,0,-0.9895472722925787,1,0,0,0,1,0,0,0,1,0.30806940516389336,0.3385538661878039,-0.37134879458070347,-0.56396873254911,-0.49692803731945906,1,0,1,1,-0.33028067203163103,0,1,0,1,0,0,1,0,0,0
0,0,0,0,-1.191876862742087,1,1,0,0,0,0,0,0,0,0.37580819861100634,0.695959779809389,-3.801286106570397,-1.1015440337934654,-0.49692803731945906,0,1,1,1,-0.8614257320743385,0,1,0,1,0,0,0,0,1,0
1,0,0,0,-1.2728086989218905,1,1,0,0,0,0,0,1,1,0.7227629943157317,0.7201208863188562,0.006326045598127978,-0.56396873254911,-0.06819387034105659,0,1,1,1,-1.5430179482446744,0,1,0,1,0,0,0,0,1,0
0,0,1,0,1.519339649281326,1,1,0,0,1,1,1,1,1,1.3076296499322688,1.2503316619600624,0.6328833841436564,1.0487571711839567,1.2180086305941509,1,0,0,0,1.2322051360006823,0,1,0,0,0,1,1,0,0,0
0,0,1,0,0.4672257789438821,1,0,1,1,1,0,0,0,1,-0.10662418398794495,-0.09471742267709357,-0.1372125446868469,0.5111818699396011,0.3605402966373459,0,0,0,0,0.6209364552063447,1,0,0,0,1,0,0,0,0,1
1,0,1,1,1.6002714854611295,0,0,1,1,1,1,1,1,1,0.017288243049456968,-0.08357910265658729,1.1929560273212936,2.1239077736726677,1.2180086305941509,1,0,0,0,0.9343626086529209,1,0,0,0,0,1,0,1,0,0
0,0,0,0,-1.2728086989218905,1,0,0,0,0,0,0,0,1,-1.4680087157055342,-1.4642627885598287,0.006326045598127978,-1.1015440337934654,-1.3543963712762639,0,1,1,0,-2.4333832813770204,0,0,1,1,0,0,0,0,0,1
0,0,0,0,1.3574759769217193,0,0,1,1,1,1,1,1,1,-0.07358087011130443,-0.06821009301484732,-0.061013046140499315,2.1239077736726677,1.2180086305941509,1,0,1,0,0.8842919411457066,1,0,0,0,0,1,1,0,0,0
0,0,1,0,1.114680468382309,1,1,1,1,0,0,0,1,1,0.9705878483905355,0.8738184706824923,1.1115731907924349,0.5111818699396011,0.7892744636157483,1,0,0,0,1.0608896797733811,0,1,0,1,0,0,0,1,0,0
0,0,0,0,-1.1514109446521854,1,0,0,0,0,0,0,0,0,-1.47296521278703,-1.4370815437366775,-0.37378540645282554,-1.1015440337934654,-1.3543963712762639,0,1,1,0,-1.558296059144403,0,0,1,1,0,0,0,0,0,1
0,0,0,0,-0.2611607466743483,1,1,0,0,0,0,0,0,1,0.33780838765287,0.19214579748128588,1.7119543560831731,-1.1015440337934654,-0.49692803731945906,1,0,1,1,0.37270147305472545,0,1,0,1,0,0,1,0,0,0
0,0,0,1,-1.2728086989218905,0,0,0,0,0,0,0,0,0,-1.3226181346483157,-1.3192961495030229,0.006326045598127978,-1.1015440337934654,-1.3543963712762639,0,1,0,0,-2.3151459751230905,1,0,0,1,0,0,0,0,0,1
1,0,0,0,-1.2728086989218905,1,0,0,0,1,0,1,0,1,0.6649371950316108,0.662463700330354,0.006326045598127978,-0.026393431304754394,-0.06819387034105659,0,1,1,1,-1.5557238240265123,0,1,0,1,0,0,0,0,1,0
1,0,0,0,-0.7062858456632669,1,1,0,0,0,0,0,0,1,0.37250386722334244,0.35078542635822196,0.2441393643171855,-1.1015440337934654,-0.49692803731945906,0,0,1,1,0.0681365150150336,0,1,0,1,0,0,0,0,0,1
0,0,1,0,0.7504872055731939,1,0,1,1,0,1,0,0,1,-0.13966749786458546,-0.1012598321694481,-0.4496548114122165,0.5111818699396011,0.3605402966373459,1,0,0,0,0.7118395293713567,1,0,0,0,1,0,1,0,0,0
0,0,1,1,1.6002714854611295,1,1,0,0,0,0,0,0,0,-1.3308789631174758,-1.3510076017966994,0.284099799019979,-1.1015440337934654,-0.9256622042978615,1,0,0,0,0.32799021115496,0,0,1,0,0,1,1,0,0,0
1,0,0,0,1.6002714854611295,0,0,1,0,1,1,1,1,1,-0.116537178150937,-0.12412217153421684,0.09377333834204551,1.5863324724283123,0.7892744636157483,1,0,1,0,0.9217850366693763,1,0,0,0,0,1,0,1,0,0
0,0,1,0,1.519339649281326,1,1,0,0,1,0,1,1,1,1.2233691995468357,1.194227689961455,0.302618049248098,0.5111818699396011,0.7892744636157483,0,0,0,1,1.221678270829557,0,1,0,0,1,0,0,0,1,0
0,1,0,0,-0.5848880913935618,1,0,0,1,0,0,0,0,1,-0.49157879065080684,-0.5484287247710319,0.6896603084019788,-0.56396873254911,-0.49692803731945906,1,0,1,0,-0.09988953174759395,1,0,0,1,0,0,0,1,0,0
1,0,1,1,0.4672257789438821,1,1,0,0,0,0,0,0,0,-1.289574820771675,-1.301549716932536,0.1861923037947326,-1.1015440337934654,-0.9256622042978615,0,0,0,0,0.05671285119759713,0,0,1,0,1,0,0,0,0,1
0,0,0,0,-0.5039562552137584,1,0,0,0,0,0,0,0,0,-1.487834704031518,-1.4626978077972836,-0.24610694435365907,-1.1015440337934654,-1.3543963712762639,0,0,1,0,-0.5743941637986072,0,0,1,0,0,1,0,0,0,1
0,0,0,0,-0.6253540094834634,1,0,0,0,0,0,0,0,0,-1.487834704031518,-1.47346855775127,-0.11865781043069344,-1.1015440337934654,-1.3543963712762639,1,0,1,0,-0.6866198378984762,0,0,1,1,0,0,0,1,0,0
1,0,0,0,-1.2728086989218905,0,0,0,0,0,0,0,0,1,-1.337487625892804,-1.3341222830429236,0.006326045598127978,-1.1015440337934654,-1.3543963712762639,0,1,1,0,-2.326268560349628,1,0,0,1,0,0,0,0,1,0
0,0,1,1,-0.38255850094405336,1,0,0,0,0,0,0,0,0,-1.4762695441746942,-1.5384650800928577,0.7868893618499176,-1.1015440337934654,-1.3543963712762639,0,0,0,0,-0.5619391466588831,0,0,1,0,1,0,0,0,0,1
0,0,1,1,0.34582802467417706,1,1,0,1,1,1,1,1,1,1.466237556540143,1.4462799959845016,0.18556559209369694,1.5863324724283123,1.6467427975725533,1,0,0,0,0.9308955362537736,0,1,0,0,1,0,1,0,0,0
0,0,0,0,0.224430270404472,1,0,1,1,1,0,0,0,1,0.6335460468488027,0.6705270361152122,-0.4594515501674099,0.5111818699396011,0.3605402966373459,1,0,1,0,0.7292969490033285,0,1,0,1,0,0,0,1,0,0
0,0,0,0,0.5481576151236855,1,1,1,0,1,0,1,1,0,0.4782424716285922,0.44093118323415875,0.4249995290165673,1.0487571711839567,1.2180086305941509,0,0,1,0,0.7957768664740145,1,0,0,0,0,1,0,0,0,1
0,0,0,0,1.519339649281326,0,0,1,1,1,1,0,0,1,-0.6650561885031695,-0.6937039147551228,0.36193214396374346,1.0487571711839567,0.3605402966373459,1,0,1,0,0.6941827678148653,1,0,0,0,0,1,1,0,0,0
1,0,0,0,-1.0300131903824803,1,0,0,0,0,0,1,0,0,-0.3263622212676043,-0.38972111009655835,0.7609795511351866,-0.56396873254911,-0.49692803731945906,0,0,1,0,-0.6334958223916918,1,0,0,1,0,0,0,0,0,1
1,0,0,1,-0.38255850094405336,0,0,1,1,0,1,0,0,0,-0.7955772783158996,-0.7759577483741064,-0.20470573045691523,0.5111818699396011,-0.06819387034105659,1,0,0,0,-0.04320520787054549,1,0,0,0,1,0,1,0,0,0
1,1,1,1,1.3574759769217193,1,1,0,1,1,1,1,1,1,1.4447594025203272,1.3994024086898904,0.48685544146984616,1.5863324724283123,1.6467427975725533,0,0,0,0,1.2223057957384913,0,1,0,0,1,0,0,0,1,0
0,1,0,0,0.10303251613476692,1,1,1,0,0,0,1,1,1,1.134152252079906,1.2130074591119957,-0.9722172822458657,0.5111818699396011,0.7892744636157483,0,0,1,0,0.7888730982244854,0,1,0,1,0,0,0,0,1,0
0,0,1,1,1.2765441407419158,0,0,0,1,1,1,0,1,0,-0.49157879065080684,-0.48040983318548885,-0.1151999715239304,1.0487571711839567,0.3605402966373459,0,0,0,0,0.7247547722339472,1,0,0,0,0,1,0,0,1,0
1,0,1,0,1.6002714854611295,1,0,0,0,0,0,0,0,0,-1.5010520295821745,-1.5360139533455204,0.46549201616680164,-1.1015440337934654,-1.3543963712762639,1,0,0,0,0.15815216292709394,0,0,1,0,0,1,0,1,0,0
1,0,1,1,0.2648961884943737,1,0,0,1,0,0,1,0,1,0.7128500001527396,0.6260108420826781,1.0029627785233104,-0.026393431304754394,-0.06819387034105659,0,0,0,1,0.7355725378466965,0,1,0,1,0,0,0,0,0,1
1,1,0,0,-0.05883115622483983,1,1,0,1,0,0,1,0,1,0.858240581209958,0.8907542726866727,-0.41434320406620173,-0.026393431304754394,0.3605402966373459,0,0,1,1,0.6487413151850763,0,1,0,1,0,0,0,0,1,0
1,0,0,0,0.10303251613476692,1,0,0,0,0,0,0,0,1,-1.4713130470931979,-1.4888318098545212,0.2580628607293079,-1.1015440337934654,-1.3543963712762639,0,0,1,0,-0.2476975461273459,0,0,1,0,0,1,0,0,0,1
0,0,0,0,0.38629394276407875,1,0,1,1,0,1,0,1,1,0.09824436204722631,0.12789921880838329,-0.3542925114758519,1.0487571711839567,0.7892744636157483,0,0,1,0,0.6568958080994566,1,0,0,0,1,0,0,0,0,1
0,0,1,1,-0.38255850094405336,0,0,1,0,0,1,0,0,0,-0.9954893272695746,-0.9678379983905007,-0.29284751643974544,-0.026393431304754394,-0.49692803731945906,0,0,0,0,-0.13907712454363508,1,0,0,0,0,1,0,0,0,1
0,1,0,0,-0.42302441903395505,1,0,0,0,0,0,0,0,1,-1.4762695441746942,-1.508591430254885,0.4333976537299687,-1.1015440337934654,-1.3543963712762639,0,0,1,0,-0.5590705971189496,0,0,1,0,1,0,0,0,0,1
0,0,0,1,1.519339649281326,1,1,1,1,0,1,0,0,0,0.04207072845693735,0.16920059081239222,-1.505765664758412,0.5111818699396011,0.7892744636157483,0,0,0,0,0.9898431050075375,1,0,0,0,0,1,0,0,1,0
1,0,0,0,-0.8276835999329719,1,1,0,0,0,0,1,1,0,0.9854573396350238,1.0889895976310124,-1.2590877199903023,-0.026393431304754394,0.3605402966373459,0,0,1,1,0.09145331760679734,0,1,0,1,0,0,0,0,1,0
0,0,1,1,-0.42302441903395505,1,0,0,1,0,1,0,0,0,-0.3164492271046122,-0.32691863533987986,0.13480194430998801,-0.026393431304754394,-0.06819387034105659,0,0,0,0,0.10863903332131039,1,0,0,1,0,0,0,0,1,0
1,0,1,1,1.519339649281326,0,0,1,0,1,1,1,1,0,-0.17271081174122596,-0.18224937471915573,0.11882789660807815,1.5863324724283123,0.7892744636157483,1,0,0,0,0.8855689897034631,1,0,0,0,0,1,1,0,0,0
0,0,0,0,-0.38255850094405336,1,1,1,0,0,0,1,0,1,0.8367624271901415,0.9751017336717361,-1.6658253365569051,-0.026393431304754394,0.3605402966373459,1,0,1,0,0.47818832204654366,0,1,0,1,0,0,1,0,0,0
0,0,0,0,0.10303251613476692,1,1,0,0,0,0,0,0,0,-1.3688787740756125,-1.3827425876356771,0.21127991278457625,-1.1015440337934654,-0.9256622042978615,1,0,1,0,-0.1518457919296906,0,0,1,0,0,1,1,0,0,0
1,0,1,1,-0.7467517637531685,1,0,1,1,0,0,1,0,1,0.023896905824785163,0.07341906143557415,-0.5868149015583044,0.5111818699396011,0.3605402966373459,0,0,0,0,-0.04974530508316404,1,0,0,1,0,0,0,0,1,0
0,0,0,0,-1.191876862742087,1,1,0,0,0,0,0,0,1,0.31467806793922154,0.17649598985583548,1.624236328686796,-1.1015440337934654,-0.49692803731945906,0,1,1,1,-0.9886163601631675,0,1,0,1,0,0,0,0,1,0
1,0,0,0,0.34582802467417706,1,0,0,1,0,1,1,1,1,1.1539782404058907,1.258321587584353,-1.2744997853277833,1.0487571711839567,0.7892744636157483,1,0,1,0,0.8969398897125861,0,1,0,0,0,1,0,1,0,0
0,0,0,0,-0.7062858456632669,1,1,1,0,0,0,0,1,1,-0.0025377452765271515,0.051407352063636794,-0.6382390149737398,-0.026393431304754394,0.3605402966373459,1,0,1,0,-0.012655439894042043,1,0,0,1,0,0,1,0,0,0
0,0,0,0,0.38629394276407875,0,0,1,1,1,1,0,1,1,-0.3296665526552684,-0.29084099725505225,-0.44804405398414415,1.5863324724283123,0.7892744636157483,0,0,1,0,0.5279841508561677,1,0,0,0,1,0,0,0,1,0
0,0,0,0,-1.232342780831989,1,0,0,0,0,0,0,0,1,-1.4630522186240378,-1.4337868473944775,-0.29581382654493804,-1.1015440337934654,-1.3543963712762639,0,1,1,0,-1.9845066000711111,0,0,1,1,0,0,0,0,0,1
0,0,1,1,1.6002714854611295,1,0,0,0,0,0,0,0,1,-1.474617378480862,-1.5261985038260493,0.6612331698938942,-1.1015440337934654,-1.3543963712762639,1,0,0,0,0.16841113674681912,0,0,1,0,0,1,0,1,0,0
0,0,1,1,0.7504872055731939,1,0,1,1,1,1,1,1,0,0.6864153490514273,0.7235770873837133,-0.4634145019841953,2.1239077736726677,1.6467427975725533,1,0,0,0,0.9263140579115198,1,0,0,0,0,1,0,1,0,0
1,0,1,1,1.6002714854611295,1,1,1,1,1,1,0,0,0,0.24363494310444428,0.1625164102371944,0.9514607173288068,1.0487571711839567,1.2180086305941509,1,0,0,0,1.005746865913149,1,0,0,0,0,1,0,1,0,0
1,0,1,1,1.6002714854611295,1,1,0,0,0,0,0,0,1,-1.3094008090976594,-1.3136219502470117,0.09512701160433491,-1.1015440337934654,-0.9256622042978615,1,0,0,0,0.3573750459705102,0,0,1,0,0,1,0,1,0,0
0,0,0,0,-1.191876862742087,0,0,1,0,0,1,0,0,0,-1.007054487126399,-0.6026996950744953,-4.749940328783025,-0.026393431304754394,-0.49692803731945906,0,1,1,0,-1.246229296216494,1,0,0,1,0,0,0,0,0,1
1,0,0,0,-1.191876862742087,0,0,0,1,0,0,0,0,1,-1.1607058966527772,-1.260540731400454,1.2213831658293794,-0.56396873254911,-0.9256622042978615,0,1,1,0,-1.5966291957127938,1,0,0,1,0,0,0,0,1,0
1,0,0,0,-1.232342780831989,1,0,0,0,0,0,0,0,0,-0.6634040228093376,-0.8992223658725066,2.8133029222820864,-1.1015440337934654,-0.9256622042978615,0,1,1,0,-1.6332866481392165,1,0,0,1,0,0,0,0,0,1
1,1,0,0,-1.2728086989218905,1,0,0,0,0,0,0,0,1,0.1626788241066754,0.1616698563159348,0.006326045598127978,-1.1015440337934654,-0.9256622042978615,0,1,1,1,-1.6784187430114244,0,1,0,1,0,0,0,0,1,0
0,0,1,1,1.0337486322025058,1,0,0,0,0,0,0,0,0,-1.4680087157055342,-1.4737208392663168,0.11824214951763984,-1.1015440337934654,-1.3543963712762639,1,0,0,0,0.08455390957830713,0,0,1,0,0,1,0,1,0,0
1,0,1,1,1.6002714854611295,0,0,1,1,1,1,0,1,1,-0.3065362329416199,-0.22069795806495804,-1.0051386159847484,1.5863324724283123,0.7892744636157483,1,0,0,0,0.890771951426119,1,0,0,0,0,1,0,1,0,0
1,0,0,0,1.6002714854611295,1,1,1,1,1,1,1,1,0,1.6083238062096976,1.6027791883285547,0.010116330732539437,2.1239077736726677,2.0754769645509556,1,0,1,0,1.312325858905464,0,1,0,0,0,1,1,0,0,0
0,0,0,1,-0.9895472722925787,0,0,1,0,0,0,0,1,1,-0.8666204031506767,-0.7707292085267016,-1.1047689680892734,-0.026393431304754394,-0.49692803731945906,0,0,0,0,-0.7044866382587174,1,0,0,1,0,0,0,0,1,0
1,1,1,0,-0.34209258285415167,0,0,0,0,1,1,0,0,0,-1.007054487126399,-0.9961413499388938,-0.0943872451162269,-0.026393431304754394,-0.49692803731945906,0,0,0,0,-0.12777603129564327,1,0,0,1,0,0,0,0,0,1
0,1,0,0,-0.6658199275733652,1,0,0,0,0,1,1,1,1,0.98215300824736,0.9787545491815665,0.006326045598127978,0.5111818699396011,0.3605402966373459,0,0,1,0,0.2505524338565932,0,1,0,1,0,0,0,0,1,0
0,0,0,0,-1.2728086989218905,1,0,0,0,0,0,0,1,1,0.5410247679942088,0.5389125874978491,0.006326045598127978,-0.56396873254911,-0.49692803731945906,0,1,1,1,-1.5838460420099965,0,1,0,1,0,0,0,0,1,0
1,0,1,0,0.4672257789438821,1,0,0,1,1,1,1,0,1,0.20563513214630796,0.3008333370427287,-1.1335652902143443,1.0487571711839567,0.7892744636157483,0,0,0,0,0.7325684474136644,1,0,0,0,1,0,0,0,1,0
0,0,0,0,0.224430270404472,1,1,1,1,1,0,1,1,0,0.6401547096241303,0.6306872211351872,0.08994030563092524,1.5863324724283123,1.6467427975725533,1,0,1,0,0.7202882054899298,1,0,0,0,1,0,1,0,0,0
0,0,0,0,-1.232342780831989,1,1,0,0,1,0,0,0,0,0.5245031110558886,0.43348230454744535,1.0589423743546087,-0.56396873254911,-0.06819387034105659,0,1,1,1,-1.176444544997653,0,1,0,1,0,0,0,0,0,1
0,0,0,0,-1.2728086989218905,1,0,0,0,0,0,0,0,0,-0.6914908396044821,-0.6900091481427987,0.006326045598127978,-1.1015440337934654,-0.9256622042978615,0,1,1,0,-1.9652411544827013,1,0,0,1,0,0,0,0,1,0
0,0,1,1,0.42675986085398043,1,1,0,0,0,0,0,0,1,-1.3308789631174758,-1.3721262222459762,0.533994179393368,-1.1015440337934654,-0.9256622042978615,1,0,0,0,-0.013541507034241564,0,0,1,0,1,0,1,0,0,0
1,0,1,1,1.6002714854611295,1,1,0,0,0,0,0,0,0,-1.3209659689544837,-1.28236809466753,-0.41114678849202096,-1.1015440337934654,-0.9256622042978615,1,0,0,0,0.38092980117348946,0,0,1,0,0,1,0,1,0,0
0,0,1,0,-0.018365238134938143,1,0,1,0,0,0,0,0,1,0.3559822102850222,0.26040778732124453,1.1186393652215918,-0.56396873254911,-0.49692803731945906,1,0,0,0,0.5215868330815348,0,1,0,1,0,0,1,0,0,0
1,0,1,1,1.155146386472211,0,0,1,0,1,0,0,0,0,-1.0285326411462152,-0.9895564582057808,-0.4257132004488555,-0.026393431304754394,-0.49692803731945906,1,0,0,0,0.462743688930673,1,0,0,1,0,0,1,0,0,0
1,0,0,1,-1.2728086989218905,1,0,0,0,0,0,0,0,1,-0.6716648512784977,-0.6702409700895978,0.006326045598127978,-1.1015440337934654,-0.9256622042978615,0,1,0,0,-1.9568643719287082,1,0,0,1,0,0,0,0,1,0
0,0,1,0,-0.34209258285415167,1,0,0,1,1,0,1,1,1,1.1424130805490662,1.2046471671436625,-0.7758263653528691,1.0487571711839567,0.7892744636157483,1,0,0,1,0.5498181235181815,0,1,0,1,0,0,0,1,0,0
1,0,1,1,-0.1802289104945449,1,0,0,1,1,1,1,0,0,0.9309358717385673,1.124368360734161,-2.320986379688196,1.0487571711839567,0.7892744636157483,1,0,0,0,0.63151763345249,0,1,0,0,1,0,1,0,0,0
1,0,1,1,-1.0300131903824803,0,0,1,0,1,1,0,1,0,-0.498187453426135,-0.6949511926560987,2.3454734428347614,1.0487571711839567,0.3605402966373459,1,0,0,0,-0.7543240290534143,1,0,0,0,0,1,0,1,0,0
1,0,1,1,-1.0704791084723821,1,1,0,0,0,0,0,0,0,-1.2994878149346674,-1.291291230594322,-0.05215263933278869,-1.1015440337934654,-0.9256622042978615,0,1,0,0,-1.1865644274968252,0,0,1,0,0,1,0,0,0,1
1,0,1,0,0.06256659804486524,1,1,0,1,0,0,0,1,0,0.7971104505381729,0.7742411188811734,0.24310738752428238,-0.026393431304754394,0.3605402966373459,0,0,0,1,0.6821513554557648,0,1,0,1,0,0,0,0,0,1
0,0,1,0,0.9528167960227024,1,1,0,1,0,0,1,1,1,1.1077176009785938,1.1076889605017737,-0.03788105551036688,0.5111818699396011,0.7892744636157483,0,0,0,1,1.0646092486942162,0,1,0,0,1,0,0,0,1,0
0,0,0,0,-1.2728086989218905,1,0,0,0,0,0,0,0,0,-1.4614000529302058,-1.4576733958754284,0.006326045598127978,-1.1015440337934654,-1.3543963712762639,0,1,1,0,-2.427498700834962,0,0,1,1,0,0,0,0,0,1
0,0,1,1,-1.232342780831989,1,0,0,0,0,0,0,0,1,0.22876545185995642,0.10318899624188234,1.4780396163595122,-1.1015440337934654,-0.9256622042978615,0,1,0,1,-1.2625905482403563,0,1,0,1,0,0,0,0,1,0
0,0,0,1,0.06256659804486524,1,1,1,1,1,1,1,1,1,1.6991929193704591,1.691571793099924,0.03155214498009089,2.1239077736726677,2.0754769645509556,1,0,0,0,0.8547717788741507,0,1,0,0,0,1,0,1,0,0
1,0,0,0,-0.1397629924046432,1,0,0,0,1,1,1,1,1,1.125891423610746,1.0560663030045727,0.7873861822616249,1.0487571711839567,0.7892744636157483,1,0,1,0,0.640266849335271,0,1,0,1,0,0,0,1,0,0
1,1,1,1,-1.2728086989218905,1,0,0,0,0,1,0,0,1,-0.5114047789767912,-0.5104481974928915,0.006326045598127978,-0.56396873254911,-0.49692803731945906,1,1,0,0,-1.892956331185382,1,0,0,1,0,0,0,1,0,0
0,0,1,0,1.0337486322025058,1,1,1,0,1,1,1,1,1,0.6467633723994586,0.6596802499722881,-0.17515952832540088,1.5863324724283123,1.6467427975725533,0,0,0,0,0.9930395101678055,1,0,0,0,0,1,0,0,1,0
0,0,1,0,1.5598055673712277,1,1,1,1,0,0,1,0,0,1.0218049848993287,1.0488248516706111,-0.35497888101729125,0.5111818699396011,0.7892744636157483,0,0,0,0,1.2024776404144348,0,1,0,0,1,0,0,0,0,1
0,0,1,1,-0.46349033712385673,1,0,0,1,0,0,0,0,1,0.30806940516389336,0.3233453125367554,-0.19138760345401984,-0.56396873254911,-0.49692803731945906,1,0,0,1,0.27284563361797104,0,1,0,1,0,0,1,0,0,0
1,0,1,1,1.397941895011621,1,1,0,1,1,0,1,1,1,1.3439772951965736,1.3039459956139463,0.427314389354524,1.0487571711839567,1.2180086305941509,0,0,0,1,1.2145267694571058,0,1,0,0,1,0,0,0,1,0
0,0,1,1,1.5598055673712277,1,1,1,1,1,1,0,0,0,0.21059162922780375,0.2915087347029198,-0.9647495816349682,1.0487571711839567,1.2180086305941509,0,0,0,0,1.031357636908122,1,0,0,0,0,1,0,0,0,1
1,0,0,0,1.0337486322025058,1,0,0,1,1,1,1,0,0,0.17754831535116325,0.16692432893065032,0.11958648710225613,1.0487571711839567,0.7892744636157483,1,0,1,0,0.8708408010008626,1,0,0,0,0,1,1,0,0,0
1,0,1,1,0.06256659804486524,1,0,0,0,1,0,1,0,1,0.6385025439302985,0.6867378601456813,-0.5927938147235078,-0.026393431304754394,-0.06819387034105659,0,0,0,1,0.6629160746385797,0,1,0,1,0,0,0,0,0,1
0,0,1,0,1.5598055673712277,1,1,0,0,0,0,0,0,1,-1.332531128811308,-1.3324285306979895,0.044762739918916813,-1.1015440337934654,-0.9256622042978615,1,0,0,0,0.333963322860519,0,0,1,0,0,1,0,1,0,0
0,0,1,1,0.10303251613476692,1,1,0,0,0,0,0,0,1,-1.287922655077843,-1.302304929795391,0.21462155192348584,-1.1015440337934654,-0.9256622042978615,0,0,0,0,-0.08780203834468082,0,0,1,1,0,0,0,0,1,0
0,0,0,0,0.7504872055731939,1,0,0,0,0,0,0,0,1,-1.4828782069500221,-1.4890376130153924,0.12404784271395813,-1.1015440337934654,-1.3543963712762639,1,0,1,0,-0.011139362628919795,0,0,1,0,1,0,1,0,0,0
1,0,1,1,0.1839643523145703,0,0,1,0,1,1,0,0,1,-0.8104467695603877,-0.7748253174926802,-0.3935417189294841,0.5111818699396011,-0.06819387034105659,0,0,0,0,0.2564167762069966,1,0,0,0,1,0,0,0,1,0
0,0,0,0,-0.22069482858444658,1,1,0,0,0,0,1,1,1,0.9854573396350238,1.1916285406248301,-2.4736033709166376,-0.026393431304754394,0.3605402966373459,0,0,1,1,0.6214911275678359,0,1,0,1,0,0,0,0,0,1
1,0,1,1,1.6002714854611295,1,1,1,1,1,1,1,0,1,1.3671076149102217,1.321128410741863,0.49689723585191903,1.5863324724283123,1.6467427975725533,1,0,0,0,1.2629777729144032,0,1,0,0,0,1,0,1,0,0
0,0,1,0,-1.232342780831989,1,0,1,0,0,1,0,0,1,0.5096336198114008,1.0718297208487202,-6.669990484014763,-0.026393431304754394,-0.06819387034105659,0,1,0,0,-1.0373904810558108,0,1,0,1,0,0,0,0,1,0
1,0,0,0,-0.949081354202677,0,0,0,0,0,0,1,1,1,-0.6386215374018572,-0.5999541147893285,-0.4355129072132359,-0.026393431304754394,-0.49692803731945906,0,0,1,0,-0.556365026083367,1,0,0,1,0,0,0,0,1,0
0,0,1,1,0.9528167960227024,1,0,0,0,0,0,1,1,0,0.7987626162320052,0.7897801804110874,0.07872822694117122,-0.026393431304754394,-0.06819387034105659,1,0,0,1,0.9996121765835906,0,1,0,0,1,0,1,0,0,0
1,0,1,0,-1.1109450265622838,1,1,0,1,0,0,0,0,1,0.5476334307695371,0.6100780284893722,-0.7577954374991753,-0.56396873254911,-0.06819387034105659,0,1,0,1,-0.5601259113237961,0,1,0,1,0,0,0,0,1,0
0,0,1,0,1.0337486322025058,1,0,1,1,0,0,1,0,1,0.017288243049456968,0.020736380022856694,-0.04139793865583759,0.5111818699396011,0.3605402966373459,1,0,0,0,0.8295028491473647,1,0,0,1,0,0,0,1,0,0
1,0,1,1,1.3574759769217193,0,0,0,1,1,0,1,1,1,-0.2635799249019874,-0.28186615884237054,0.22547344064226726,1.0487571711839567,0.3605402966373459,1,0,0,0,0.8155362651824469,1,0,0,0,0,1,0,1,0,0
1,0,0,0,-0.8276835999329719,1,0,0,0,0,1,0,0,0,-0.4783614651001507,-0.502897851708683,0.30684150982644637,-0.56396873254911,-0.49692803731945906,1,0,1,0,-0.33701998116233517,1,0,0,1,0,0,1,0,0,0
1,1,1,0,0.1839643523145703,1,1,0,0,0,0,1,1,1,0.9177185461879108,0.9598323066756874,-0.529991983768291,-0.026393431304754394,0.3605402966373459,0,0,0,1,0.7743270125013316,0,1,0,1,0,0,0,0,1,0
0,1,1,0,1.6002714854611295,1,1,1,1,1,0,1,1,1,0.6401547096241303,0.6718215531356307,-0.396797851911751,1.5863324724283123,1.6467427975725533,1,0,0,0,1.131889475386338,1,0,0,0,0,1,0,1,0,0
1,0,1,1,1.6002714854611295,1,1,1,1,1,1,1,1,1,0.7541541424985403,0.8244300573194838,-0.8575882303951694,2.1239077736726677,2.0754769645509556,1,0,0,0,1.1652422692020106,1,0,0,0,0,1,1,0,0,0
1,1,0,0,-0.9086154361127753,1,0,0,1,0,0,0,0,1,0.2684174285119247,0.13580649002966344,1.5599097752627917,-0.56396873254911,-0.49692803731945906,0,0,1,1,-0.24380532105198813,0,1,0,1,0,0,0,0,1,0
0,0,1,1,-0.54442217330366,1,1,0,0,0,0,0,0,0,-1.2928791521593392,-1.2905109077764327,0.016585464007062258,-1.1015440337934654,-0.9256622042978615,0,0,0,0,-0.46300096212925,0,0,1,0,0,1,0,0,0,1
0,0,0,0,0.224430270404472,1,1,0,1,0,1,0,1,0,0.11311385329171464,0.1699932997067563,-0.676951220436785,0.5111818699396011,0.7892744636157483,1,0,1,0,0.6055119720590588,1,0,0,1,0,0,0,1,0,0
0,0,1,1,-0.5848880913935618,1,0,0,0,0,0,0,0,0,-1.4993998638883423,-1.5670390105679048,0.8521010998767441,-1.1015440337934654,-1.3543963712762639,0,0,0,0,-0.7467698253434354,0,0,1,0,0,1,0,0,0,1
1,1,1,0,1.2765441407419158,1,1,0,0,1,1,1,1,0,1.2349343594036595,1.2328837443889247,-0.018344649607103247,1.0487571711839567,1.2180086305941509,0,0,0,0,1.1725345326891778,0,1,0,0,0,1,0,0,1,0
0,0,1,1,0.6290894513034889,1,1,1,1,0,0,1,1,1,1.2729341703617965,1.3246633453590153,-0.6560262816402327,1.0487571711839567,1.2180086305941509,1,0,0,0,1.0083640792995372,0,1,0,0,1,0,0,1,0,0
0,0,0,0,-0.7062858456632669,1,0,0,0,0,0,0,0,0,-1.4911390354191822,-1.404738607977413,-0.9709177559140659,-1.1015440337934654,-1.3543963712762639,0,0,1,0,-0.7029703328059476,0,0,1,0,0,1,0,0,0,1
0,1,0,0,-0.5848880913935618,1,0,0,1,0,0,0,0,1,0.2915477482255731,0.3552332664201923,-0.7636433059922672,-0.56396873254911,-0.49692803731945906,0,0,1,1,0.1839674079742896,0,1,0,1,0,0,0,0,1,0
1,1,0,0,-1.1109450265622838,1,0,0,0,0,0,0,0,1,0.22215678908462821,0.31553217549668083,-1.1125661260800634,-1.1015440337934654,-0.9256622042978615,0,1,1,1,-0.6314647060014779,0,1,0,1,0,0,0,0,0,1
0,0,1,0,1.5598055673712277,1,1,0,0,0,0,0,0,1,-1.3308789631174758,-1.3527535588371962,0.30475952221740227,-1.1015440337934654,-0.9256622042978615,1,0,0,0,0.3177826293242585,0,0,1,0,0,1,0,1,0,0
1,0,0,0,-0.1397629924046432,1,0,0,0,1,0,0,0,0,-0.5213177731397832,-0.6292276811401408,1.2948736204552038,-0.56396873254911,-0.49692803731945906,1,0,1,0,0.16720025674606082,1,0,0,1,0,0,1,0,0,0
1,0,0,0,-1.2728086989218905,1,0,0,0,0,0,0,0,1,0.1676353211881712,0.16661190082923472,0.006326045598127978,-1.1015440337934654,-0.9256622042978615,0,1,1,1,-1.6770833331047679,0,1,0,1,0,0,0,0,1,0
0,0,1,1,0.34582802467417706,0,0,1,0,1,0,0,0,0,-0.9690546761682624,-0.9981034353621957,0.3771664866234458,-0.026393431304754394,-0.49692803731945906,1,0,0,0,0.20800892536897628,1,0,0,0,1,0,0,1,0,0
1,0,1,1,1.519339649281326,1,1,0,0,0,0,0,0,0,-1.2994878149346674,-1.2943270579382062,-0.01623001858951184,-1.1015440337934654,-0.9256622042978615,0,0,0,0,0.35429272954699687,0,0,1,0,0,1,0,0,0,1
0,1,1,1,0.06256659804486524,1,1,0,1,0,0,0,0,1,0.4914597971792481,0.501023579562548,-0.13012421924067896,-0.56396873254911,-0.06819387034105659,0,0,0,1,0.62003406916806,0,1,0,1,0,0,0,0,0,1
0,0,1,1,0.224430270404472,1,0,1,1,0,1,1,1,0,0.5145901168928966,0.518840950571025,-0.06805473786663689,1.5863324724283123,1.2180086305941509,1,0,0,0,0.6942856712495854,1,0,0,0,1,0,0,1,0,0
1,1,1,0,-0.38255850094405336,1,1,0,0,0,0,0,1,0,0.7293716570910599,0.6972728834240334,0.3546556036648899,-0.56396873254911,-0.06819387034105659,0,0,0,1,0.4192591073252424,0,1,0,1,0,0,0,0,1,0
1,0,0,0,0.7909531236630957,1,0,1,0,1,0,1,0,0,0.8764144038421102,0.8690791767133275,0.05655773650032525,0.5111818699396011,0.3605402966373459,0,0,1,0,0.969811577817819,0,1,0,0,1,0,0,0,1,0
1,1,1,0,-0.7062858456632669,1,1,0,0,0,0,0,1,1,0.6897196804390912,0.822366296138467,-1.593390868845372,-0.56396873254911,-0.06819387034105659,1,0,0,1,0.1775010985115079,0,1,0,1,0,0,1,0,0,0
1,0,1,1,0.14349843422466863,1,0,0,0,0,0,0,0,0,-1.4960955325006784,-1.4425727043070113,-0.5817096195405255,-1.1015440337934654,-1.3543963712762639,1,0,0,0,-0.18638444439839363,0,0,1,0,0,1,0,1,0,0
0,0,0,0,-0.05883115622483983,1,0,0,0,0,0,0,0,0,-1.4481827273795498,-1.4004413319955973,-0.5149516942699291,-1.1015440337934654,-1.3543963712762639,1,0,1,0,-0.24316655016462774,0,0,1,0,0,1,0,1,0,0
1,0,0,0,-1.1109450265622838,1,0,0,0,0,1,1,1,1,1.0366744761438165,0.8545444970806213,2.1193558611018872,0.5111818699396011,0.3605402966373459,0,1,1,0,-0.5064974397097228,0,1,0,1,0,0,0,0,1,0
1,1,0,0,-0.949081354202677,1,1,0,0,0,0,0,0,1,0.30806940516389336,0.35056577993540883,-0.5134844871211276,-1.1015440337934654,-0.49692803731945906,0,0,1,1,-0.25318740166678727,0,1,0,1,0,0,0,0,1,0
0,0,0,0,-0.9086154361127753,1,0,0,0,0,0,0,0,1,-1.4845303726438543,-1.4799125961852793,-0.0034204018903574405,-1.1015440337934654,-1.3543963712762639,0,0,1,0,-1.0255882688497764,0,0,1,0,1,0,0,0,0,1
0,1,0,0,-0.9086154361127753,1,0,0,0,1,0,0,1,1,0.6566763665624507,0.718638272964866,-0.7558461480014744,-0.026393431304754394,-0.06819387034105659,1,0,1,1,-0.10003483735833872,0,1,0,1,0,0,0,1,0,0
1,1,1,0,-1.232342780831989,1,0,0,0,0,0,0,0,0,0.17754831535116325,0.2003825383367862,-0.27632093156796855,-1.1015440337934654,-0.9256622042978615,0,1,0,1,-1.23599454980928,0,1,0,1,0,0,0,0,1,0
0,0,1,0,0.7100212874832923,1,0,0,0,0,0,0,0,1,-1.4828782069500221,-1.5116405219606663,0.3915056503430935,-1.1015440337934654,-1.3543963712762639,1,0,0,0,-0.046066481804010545,0,0,1,0,1,0,1,0,0,0
1,0,0,0,-0.22069482858444658,1,1,0,0,0,0,0,0,0,-0.5196656074459514,-0.5573061010264045,0.46332613894713776,-1.1015440337934654,-0.49692803731945906,0,0,1,0,0.15163305656504394,1,0,0,1,0,0,0,0,0,1
1,0,0,0,-1.232342780831989,1,0,0,1,0,0,0,0,0,-0.5114047789767912,-0.5351584200593925,0.2987194702527072,-0.56396873254911,-0.49692803731945906,0,1,1,0,-1.472380231570491,1,0,0,1,0,0,0,0,0,1
1,1,1,1,-0.2611607466743483,1,1,0,1,1,0,1,1,0,1.3555424550533977,1.3013179929919674,0.5948615285567049,1.0487571711839567,1.2180086305941509,0,0,0,1,0.6181673520697695,0,1,0,1,0,0,0,0,1,0
0,0,0,0,-0.949081354202677,1,0,0,0,0,0,1,1,1,0.8615449125976219,0.831225368525272,0.3290417513279933,-0.026393431304754394,-0.06819387034105659,1,0,1,1,-0.14194408553846072,0,1,0,1,0,0,1,0,0,0
1,0,1,1,-1.191876862742087,1,0,1,1,0,0,1,0,0,0.8301537644148134,0.5949224253152514,2.754824237351171,0.5111818699396011,0.3605402966373459,0,1,0,0,-0.8842342846273126,0,1,0,1,0,0,0,0,1,0
1,0,1,0,1.1956123045621125,0,0,1,1,0,1,0,0,1,-0.8633160717630126,-0.8866546935349205,0.30595070548609893,0.5111818699396011,-0.06819387034105659,1,0,0,0,0.5272064795258765,1,0,0,0,0,1,0,1,0,0
1,0,0,0,-0.1397629924046432,0,0,1,0,0,1,0,0,0,-0.9624460133929341,-0.9145029402871936,-0.5340976634186096,-0.026393431304754394,-0.49692803731945906,0,0,1,0,0.03486857931365202,1,0,0,0,1,0,0,0,0,1
1,0,0,1,-0.9895472722925787,1,0,0,0,0,0,0,0,0,-1.4960955325006784,-1.4774415739286293,-0.16911000919461927,-1.1015440337934654,-1.3543963712762639,1,0,0,0,-1.1629374351232564,0,0,1,1,0,0,1,0,0,0
0,1,0,0,-0.8276835999329719,1,1,0,1,0,0,1,0,1,0.8780665695359422,0.8719514760885788,0.04206301972257728,-0.026393431304754394,0.3605402966373459,0,0,1,1,0.04758325893740496,0,1,0,1,0,0,0,0,1,0
0,1,1,1,0.3053621065842754,1,1,0,0,0,0,1,1,1,0.9854573396350238,0.8654581787141592,1.3859356875933204,-0.026393431304754394,0.3605402966373459,1,0,0,1,0.8038952623642643,0,1,0,1,0,0,0,1,0,0
0,0,0,0,-0.949081354202677,0,0,1,0,1,1,1,1,0,-0.2057541256178665,-0.15681745676341108,-0.5719631720520401,1.5863324724283123,0.7892744636157483,0,0,1,0,-0.3968357863345642,1,0,0,1,0,0,0,0,0,1
1,0,0,0,-0.09929707431474152,1,1,0,0,0,1,0,1,1,0.8318059301086458,0.8575646353943053,-0.33350009016708415,-0.026393431304754394,0.3605402966373459,1,0,1,0,0.6211560714470058,0,1,0,1,0,0,0,1,0,0
0,0,0,0,1.155146386472211,1,1,0,0,1,1,1,1,1,1.383629271848542,1.3389836844980214,0.4805466381526562,1.0487571711839567,1.2180086305941509,0,0,1,0,1.1618482876657883,0,1,0,0,0,1,0,0,1,0
1,0,0,0,-1.2728086989218905,1,0,0,0,0,0,0,0,0,-1.4680087157055342,-1.4642627885598287,0.006326045598127978,-1.1015440337934654,-1.3543963712762639,0,1,1,0,-2.4333832813770204,0,0,1,1,0,0,0,0,0,1
1,1,1,0,1.2765441407419158,1,1,0,1,1,0,0,1,1,0.9755443454720317,0.9975960938885232,-0.29459552060887423,0.5111818699396011,0.7892744636157483,0,0,0,1,1.1269143782365856,0,1,0,1,0,0,0,0,1,0
0,0,1,0,0.8314190417529973,1,0,0,0,0,0,0,0,0,-1.4514870587672137,-1.4978935568830414,0.5992042852750868,-1.1015440337934654,-1.3543963712762639,1,0,0,0,0.004347442118270626,0,0,1,0,1,0,1,0,0,0
0,0,1,1,0.993282714112604,1,0,0,0,0,0,0,0,0,-1.4944433668068464,-1.4581936110873546,-0.3773762028959509,-1.1015440337934654,-1.3543963712762639,1,0,0,0,0.08825557184959924,0,0,1,0,0,1,1,0,0,0
0,0,1,0,1.6002714854611295,1,1,0,0,0,0,0,0,0,-1.2647923353641948,-1.2570172367011567,-0.048362354198377235,-1.1015440337934654,-0.9256622042978615,1,0,0,0,0.3994089125051656,0,0,1,0,0,1,0,1,0,0
0,0,1,1,-1.2728086989218905,1,0,0,0,0,0,0,0,1,-0.6733170169723296,-0.6718883182606977,0.006326045598127978,-1.1015440337934654,-0.9256622042978615,1,1,0,0,-1.9575581962798696,1,0,0,1,0,0,1,0,0,0
0,0,1,1,1.6002714854611295,1,1,1,0,1,1,1,1,1,0.6434590410117947,0.6063394633344033,0.41703051337682995,1.5863324724283123,1.6467427975725533,1,0,0,0,1.1170182132337023,1,0,0,0,0,1,1,0,0,0
0,0,0,0,-1.232342780831989,1,0,0,0,0,0,0,0,1,0.17920048104499567,-0.09366911020457537,3.222653716798502,-1.1015440337934654,-0.9256622042978615,0,1,1,1,-1.3201665860350515,0,1,0,1,0,0,0,0,1,0
0,1,0,0,1.397941895011621,1,1,0,1,0,0,0,0,0,-0.32471005557377236,-0.30108745604636855,-0.26832011646547665,-0.56396873254911,-0.06819387034105659,0,0,1,0,0.8184322045113759,1,0,0,1,0,0,0,0,1,0
0,1,1,0,0.7100212874832923,1,1,0,0,0,0,0,0,0,-1.3060964777099955,-1.2723137796632493,-0.3546823693753918,-1.1015440337934654,-0.9256622042978615,0,0,0,0,0.15887503492295196,0,0,1,0,1,0,0,0,1,0
0,0,1,1,-0.7467517637531685,1,0,0,0,0,0,0,0,1,-1.487834704031518,-1.5126242241542662,0.3446670084127128,-1.1015440337934654,-1.3543963712762639,0,0,0,0,-0.8468647181989531,0,0,1,0,0,1,0,0,0,1
1,0,1,1,-1.232342780831989,1,1,1,0,0,0,0,0,0,-0.2652320905958193,-0.26252229774233193,-0.02291329686732828,-0.56396873254911,-0.06819387034105659,0,1,0,0,-1.3741278676431496,1,0,0,1,0,0,0,0,0,1
0,0,0,0,1.114680468382309,1,0,0,0,0,0,0,0,0,-1.4828782069500221,-1.5136283220871274,0.41502707694864066,-1.1015440337934654,-1.3543963712762639,1,0,1,0,0.06660483490266668,0,0,1,0,0,1,1,0,0,0
0,0,1,1,1.6002714854611295,1,0,1,1,1,1,0,1,1,0.31798239932688543,0.2635308848956217,0.633347500690726,1.5863324724283123,1.2180086305941509,0,0,0,0,1.0328558839295088,1,0,0,0,0,1,0,0,1,0
1,1,0,0,-1.2728086989218905,0,0,0,0,0,0,0,0,1,-1.3094008090976594,-1.3061173641342225,0.006326045598127978,-1.1015440337934654,-1.3543963712762639,0,1,1,0,-2.305421526466042,1,0,0,1,0,0,0,0,1,0
0,1,1,0,0.1839643523145703,1,1,0,0,0,0,0,0,1,0.3890255241616627,0.42088231718470687,-0.39038070893322,-1.1015440337934654,-0.49692803731945906,0,0,0,1,0.6538090895739047,0,1,0,1,0,0,0,0,1,0
0,0,0,0,-0.9086154361127753,1,0,0,0,0,1,0,1,1,-0.12479800662009713,-0.05891006379436403,-0.7753390429784452,-0.026393431304754394,-0.06819387034105659,0,0,1,0,-0.3002163778183172,1,0,0,1,0,0,0,0,0,1
0,0,0,0,-1.191876862742087,1,1,0,0,0,0,1,0,1,-0.14792832633374559,-0.2606003915427151,1.3383405356912101,-0.56396873254911,-0.06819387034105659,0,1,1,0,-1.1200206493999414,1,0,0,1,0,0,0,0,1,0
1,0,1,0,1.6002714854611295,1,1,0,0,0,0,0,0,0,-1.2994878149346674,-1.3107390909475864,0.17797181525646374,-1.1015440337934654,-0.9256622042978615,0,0,0,0,0.35958500777586655,0,0,1,0,0,1,0,0,0,1
0,0,0,0,-1.2728086989218905,1,0,0,0,0,0,1,0,1,-0.3693185293072371,-0.36877625477828613,0.006326045598127978,-0.56396873254911,-0.49692803731945906,0,1,1,0,-1.8412579211403244,1,0,0,1,0,0,0,0,0,1
0,0,1,1,1.3170100588318177,1,1,1,1,0,1,1,1,1,0.5872854074215058,0.5103247607747592,0.8904038054767912,1.5863324724283123,1.6467427975725533,1,0,0,0,1.0301697455728047,1,0,0,0,0,1,1,0,0,0
1,0,1,0,1.519339649281326,1,0,1,1,1,1,1,1,1,1.4794548820907996,1.413254396081859,0.7322971485262115,2.1239077736726677,1.6467427975725533,1,0,0,0,1.2618132502559716,0,1,0,0,1,0,1,0,0,0
0,0,1,0,1.519339649281326,1,1,1,1,1,1,1,1,1,0.9937181681041839,1.095269131968944,-1.2359283042914726,2.1239077736726677,2.0754769645509556,1,0,0,0,1.2026704171506584,1,0,0,0,0,1,0,1,0,0
0,0,0,1,1.2360782226520142,1,0,0,0,0,0,0,0,0,-1.4944433668068464,-1.4976281261205222,0.08924820200810496,-1.1015440337934654,-1.3543963712762639,1,0,0,0,0.11334226554914109,0,0,1,0,0,1,0,1,0,0
0,0,0,0,0.993282714112604,1,0,0,0,1,0,1,1,1,1.0085876593486722,1.0255739182549366,-0.2357962288526817,0.5111818699396011,0.3605402966373459,0,0,1,1,1.0595950062714834,0,1,0,0,0,1,0,0,1,0
0,1,1,0,-0.22069482858444658,1,0,1,0,0,0,0,0,1,0.3460692161220301,0.22121844205644045,1.4654053325781424,-0.56396873254911,-0.49692803731945906,1,0,0,0,0.40427144363058143,0,1,0,1,0,0,1,0,0,0
0,0,0,0,-0.1802289104945449,1,0,0,0,0,0,0,1,1,0.5245031110558886,0.5084954801957516,0.1713194780817813,-0.56396873254911,-0.49692803731945906,0,0,1,1,0.49961694216738634,0,1,0,1,0,0,0,0,1,0
0,0,0,0,0.7504872055731939,1,1,1,1,1,0,1,1,0,1.4117160886436866,1.536882569739174,-1.5297905213126548,1.5863324724283123,1.6467427975725533,1,0,1,0,1.084026909363437,0,1,0,0,1,0,1,0,0,0
0,0,0,0,-0.2611607466743483,1,0,0,1,1,0,0,0,1,-0.3296665526552684,-0.3502752676259313,0.25523531991946047,-0.026393431304754394,-0.06819387034105659,1,0,1,0,0.2055539898220329,1,0,0,1,0,0,0,1,0,0
1,0,1,1,1.155146386472211,1,0,1,1,1,1,0,0,1,0.1098095219040503,0.11284353675283772,-0.039689968773742416,1.0487571711839567,0.7892744636157483,1,0,0,0,0.8876084090565454,1,0,0,0,0,1,1,0,0,0
1,0,0,0,-0.7062858456632669,1,0,0,0,0,0,0,0,0,-1.4845303726438543,-1.4640431421370153,-0.19120195683518815,-1.1015440337934654,-1.3543963712762639,0,0,1,0,-0.7562783335161372,0,0,1,0,1,0,0,0,0,1
1,1,0,0,-0.22069482858444658,1,1,0,1,0,0,0,0,1,0.5525899278510333,0.4563621402571684,1.119586936505192,-0.56396873254911,-0.06819387034105659,0,0,1,1,0.46418372768136973,0,1,0,1,0,0,0,0,1,0
1,0,0,0,-1.191876862742087,1,0,0,0,1,0,0,1,0,0.6930240118267555,0.6866248068398215,0.05180946721106547,-0.026393431304754394,-0.06819387034105659,1,1,1,1,-0.8634987414213452,0,1,0,1,0,0,0,1,0,0
0,1,0,0,-1.2728086989218905,1,0,0,0,0,0,0,0,1,0.17920048104499567,0.17814333802693544,0.006326045598127978,-1.1015440337934654,-0.9256622042978615,0,1,1,1,-1.673978347069836,0,1,0,1,0,0,0,0,1,0
0,0,0,0,-0.2611607466743483,1,0,1,0,1,1,0,0,1,0.7409368169478844,0.7486326815878956,-0.1166291381027667,0.5111818699396011,0.3605402966373459,1,0,1,0,0.507736481517329,0,1,0,0,1,0,0,1,0,0
0,0,0,0,-1.2728086989218905,1,0,0,0,0,0,0,0,1,-0.6386215374018572,-0.6372940066675965,0.006326045598127978,-1.1015440337934654,-0.9256622042978615,0,1,1,0,-1.943146061647438,1,0,0,1,0,0,0,0,0,1
0,0,0,0,-0.9086154361127753,1,1,0,1,0,0,0,0,1,0.5063292884237365,0.603818105439192,-1.1710448110109815,-0.56396873254911,-0.06819387034105659,1,0,1,1,-0.12588053484646894,0,1,0,1,0,0,1,0,0,0
1,0,1,1,1.6002714854611295,1,1,0,0,0,0,0,1,1,0.6533720351747868,0.6723706691926645,-0.24735232375496907,-0.56396873254911,-0.06819387034105659,1,0,0,1,1.1320127087636054,0,1,0,0,0,1,0,1,0,0
1,0,1,1,1.6002714854611295,0,0,1,1,1,1,1,1,1,0.002418751804968643,0.02665594579285837,-0.2868795830138243,2.1239077736726677,1.2180086305941509,1,0,0,0,0.9673422590206447,1,0,0,0,0,1,0,1,0,0
0,0,1,1,0.5481576151236855,1,0,0,0,0,0,0,0,1,-1.479573875562358,-1.4690615854060765,-0.07334056865558447,-1.1015440337934654,-1.3543963712762639,0,0,0,0,-0.056828765568845155,0,0,1,0,0,1,0,0,0,1
0,0,1,1,1.5598055673712277,1,0,0,0,0,0,0,0,0,-1.487834704031518,-1.476072650800532,-0.0878438554878064,-1.1015440337934654,-1.3543963712762639,1,0,0,0,0.20954396868427574,0,0,1,0,0,1,0,1,0,0
1,1,1,0,-0.6658199275733652,1,1,0,0,1,0,1,1,1,1.124239257916914,1.1359733402609287,-0.17763815074704364,0.5111818699396011,0.7892744636157483,0,0,0,1,0.2815663212742871,0,1,0,1,0,0,0,0,1,0
1,0,1,0,1.3574759769217193,1,1,1,1,1,1,1,1,0,1.6876277595136346,1.8316066652166887,-1.7619158063280984,2.1239077736726677,2.0754769645509556,1,0,0,0,1.2949734250422078,0,1,0,0,1,0,1,0,0,0
0,1,1,0,1.4384078131015228,1,0,0,1,1,1,0,0,1,-0.13471100078308942,-0.20670626559211797,0.8565602588584039,0.5111818699396011,0.3605402966373459,1,0,0,0,0.8593800471007798,1,0,0,0,1,0,1,0,0,0
0,0,0,0,-1.1514109446521854,0,0,1,0,0,0,0,0,1,-1.1755753878972655,-1.2266328148786443,0.644718356093959,-0.56396873254911,-0.9256622042978615,0,1,1,0,-1.3936663091810582,1,0,0,1,0,0,0,0,0,1
0,0,1,0,-0.34209258285415167,1,0,0,1,0,0,1,1,1,0.1560701613313472,0.08266578361026064,0.8632012206275217,0.5111818699396011,0.3605402966373459,1,0,0,0,0.2919833441631957,1,0,0,1,0,0,1,0,0,0
1,0,1,1,0.10303251613476692,1,1,0,1,0,0,1,0,1,0.8235451016394856,0.8430601269735241,-0.2593342659451744,-0.026393431304754394,0.3605402966373459,1,0,0,1,0.7151231251785257,0,1,0,1,0,0,1,0,0,0
1,0,0,0,0.4672257789438821,1,0,0,0,0,0,0,0,0,-1.4762695441746942,-1.5001674907435778,0.3337180771431795,-1.1015440337934654,-1.3543963712762639,0,0,1,0,-0.11496057637086256,0,0,1,0,0,1,0,0,0,1
0,0,1,0,0.42675986085398043,1,1,0,0,0,1,1,0,1,0.004070917498800575,0.09520127313317606,-1.078476226027311,-0.026393431304754394,0.3605402966373459,1,0,0,0,0.6625374315728859,1,0,0,0,1,0,1,0,0,0
0,0,1,1,-0.7872176818430703,1,0,0,0,0,0,0,0,1,-1.4861825383376863,-1.5078541555489382,0.30771619101131026,-1.1015440337934654,-1.3543963712762639,1,0,0,0,-0.8885408691468696,0,0,1,0,0,1,1,0,0,0
1,0,0,0,-1.2728086989218905,1,0,0,0,0,0,0,0,1,-1.4861825383376863,-1.4823836184419295,0.006326045598127978,-1.1015440337934654,-1.3543963712762639,0,1,1,0,-2.4498553286833173,0,0,1,1,0,0,0,0,0,1
1,0,1,1,-0.9895472722925787,1,0,0,0,0,0,1,0,1,-0.3412317125120926,-0.17644835580235346,-1.9380902283548254,-0.56396873254911,-0.49692803731945906,0,0,0,0,-0.47712444478088545,1,0,0,1,0,0,0,0,1,0
0,0,1,0,1.397941895011621,1,1,1,0,1,1,1,1,1,1.5372806813749205,1.5607356120164693,-0.33058100489938247,1.5863324724283123,1.6467427975725533,0,0,0,0,1.259888533366889,0,1,0,0,1,0,0,0,1,0
0,0,1,1,1.6002714854611295,1,1,1,1,1,1,0,1,1,0.48815546579158425,0.45768917072833226,0.34366142256072557,1.5863324724283123,1.6467427975725533,1,0,0,0,1.0818956388358034,1,0,0,0,0,1,1,0,0,0
0,0,0,0,-0.09929707431474152,0,0,0,0,0,1,0,1,1,-0.8054902724788917,-0.8294297150235672,0.31106497040478925,-0.026393431304754394,-0.49692803731945906,1,0,1,0,0.0986490403151506,1,0,0,0,1,0,0,1,0,0
0,0,1,1,-0.6253540094834634,1,1,0,0,0,0,0,0,0,-1.3424441229743,-1.3386767162218474,0.0017394820741359809,-1.1015440337934654,-0.9256622042978615,0,0,0,0,-0.5698574052614576,0,0,1,1,0,0,0,0,0,1
0,0,0,0,1.0337486322025058,1,1,0,0,0,0,0,0,0,-1.33418329450514,-1.3242665965709974,-0.07130944991360338,-1.1015440337934654,-0.9256622042978615,1,0,1,0,0.21308915472576523,0,0,1,0,0,1,0,1,0,0
0,1,0,0,0.5076916970337838,1,1,0,0,1,0,1,1,1,1.170499897344211,1.1321775755166859,0.41307778745094387,0.5111818699396011,0.7892744636157483,1,0,1,1,0.9316794109898754,0,1,0,0,1,0,1,0,0,0
1,0,0,1,-1.191876862742087,1,0,0,0,0,0,0,0,0,0.1626788241066754,0.2841227370343725,-1.4426458143567817,-1.1015440337934654,-0.9256622042978615,0,1,0,1,-0.960070647405694,0,1,0,1,0,0,0,0,1,0
0,0,0,0,-1.2728086989218905,1,0,0,0,0,0,0,0,0,-1.4894868697253503,-1.4856783147841295,0.006326045598127978,-1.1015440337934654,-1.3543963712762639,0,1,1,0,-2.4528971004684124,0,0,1,1,0,0,0,0,0,1
1,0,0,0,0.7909531236630957,1,1,1,0,0,1,1,1,1,0.49641629426074435,0.5392927447681031,-0.5244804791594145,1.0487571711839567,1.2180086305941509,1,0,1,0,0.8965594234500143,1,0,0,0,0,1,0,1,0,0
1,0,1,1,1.397941895011621,1,1,0,1,1,0,0,0,0,0.7491976454170445,0.777458437587593,-0.360256755461344,-0.026393431304754394,0.3605402966373459,0,0,0,1,1.1098530681197345,0,1,0,0,1,0,0,0,1,0
0,0,1,1,0.9528167960227024,1,0,0,0,0,0,0,0,1,-1.4845303726438543,-1.4742057114496827,-0.07094935948915383,-1.1015440337934654,-1.3543963712762639,1,0,0,0,0.062015398239907406,0,0,1,0,0,1,0,1,0,0
1,0,0,0,-0.2611607466743483,1,1,0,0,0,0,0,1,1,0.6351982125426346,0.7234155826610561,-1.0657831781353235,-0.56396873254911,-0.06819387034105659,0,0,1,1,0.5022048272177928,0,1,0,1,0,0,0,0,1,0
0,1,0,0,-0.018365238134938143,1,0,0,0,0,0,1,1,0,0.8665014096791182,0.8506217492481893,0.15800513463769425,-0.026393431304754394,-0.06819387034105659,0,0,1,1,0.6603150807612291,0,1,0,1,0,0,0,0,1,0
1,0,0,0,0.4672257789438821,1,0,0,0,0,0,0,0,0,-1.4944433668068464,-1.5074682383200442,0.20568519877170482,-1.1015440337934654,-1.3543963712762639,1,0,1,0,-0.12225710011612476,0,0,1,0,1,0,0,1,0,0
1,1,1,0,-0.018365238134938143,1,1,0,0,0,0,0,1,1,0.669893692113107,0.5871490011328733,0.9559955227574778,-0.56396873254911,-0.06819387034105659,0,0,0,1,0.6021263577161884,0,1,0,1,0,0,0,0,1,0
0,0,0,0,0.10303251613476692,1,1,0,0,0,0,1,0,1,0.7178064972342358,0.7183323368759476,-0.030988924786358896,-0.56396873254911,-0.06819387034105659,0,0,1,1,0.6881750192220119,0,1,0,1,0,0,0,0,1,0
0,0,0,1,0.7100212874832923,1,0,0,0,0,0,0,0,0,-1.47296521278703,-1.4933549572614557,0.29209188596053554,-1.1015440337934654,-1.3543963712762639,1,0,0,0,-0.027826041775702488,0,0,1,0,0,1,0,1,0,0
0,0,1,0,1.155146386472211,1,1,0,0,1,1,1,1,1,1.2745863360556282,1.3875669526916121,-1.3808650543204875,1.0487571711839567,1.2180086305941509,1,0,0,0,1.1705962404652002,0,1,0,0,1,0,1,0,0,0
0,0,1,0,-0.46349033712385673,1,1,0,0,0,0,1,1,1,0.9771965111658637,0.9236860531762213,0.5994669927545604,-0.026393431304754394,0.3605402966373459,0,0,0,1,0.41043860130035426,0,1,0,1,0,0,0,0,1,0
0,0,0,1,-0.9895472722925787,1,0,0,0,0,0,0,0,0,-1.4762695441746942,-1.4593207440465283,-0.14961711421764703,-1.1015440337934654,-1.3543963712762639,0,0,0,0,-1.145877029669735,0,0,1,1,0,0,0,0,0,1
0,0,1,1,1.2765441407419158,1,1,0,1,1,0,0,1,1,0.9292837060447349,0.9457818459443917,-0.2272841176415224,0.5111818699396011,0.7892744636157483,0,0,0,1,1.116407994693162,0,1,0,0,1,0,0,0,1,0
1,0,1,1,-0.54442217330366,1,1,0,0,0,0,0,1,1,0.6252852183796426,0.408598676910302,2.5424542762862705,-0.56396873254911,-0.06819387034105659,0,0,0,1,0.23133787142955928,0,1,0,1,0,0,0,0,1,0
1,0,0,0,-0.7467517637531685,1,1,0,0,0,1,1,0,1,0.8334580958024776,0.6401068322939963,2.2591477650795984,-0.026393431304754394,0.3605402966373459,0,0,1,0,0.09404792256086453,0,1,0,1,0,0,0,0,1,0
1,0,0,0,-0.8276835999329719,1,1,0,0,0,0,1,1,1,1.0350223104499845,1.019114579373518,0.15252275792541756,-0.026393431304754394,0.3605402966373459,0,0,1,1,0.07766025955320095,0,1,0,1,0,0,0,0,1,0
0,1,0,0,-0.6253540094834634,1,1,0,0,1,0,0,0,1,0.5922419045030021,0.715954064474309,-1.4843070996997227,-0.56396873254911,-0.06819387034105659,1,0,1,1,0.23318107228313859,0,1,0,1,0,0,0,1,0,0
1,0,1,1,0.4672257789438821,1,1,0,0,0,0,0,0,0,-1.3176616375668195,-1.3741079159232616,0.7133865088537478,-1.1015440337934654,-0.9256622042978615,0,0,0,0,-0.000720901128162954,0,0,1,0,1,0,0,0,1,0
1,1,1,0,1.114680468382309,1,1,0,0,0,1,1,1,1,1.1325000863860741,1.1714393735945705,-0.499839460637243,0.5111818699396011,0.7892744636157483,0,0,0,0,1.1203063512563975,0,1,0,1,0,0,0,0,1,0
1,0,0,0,-0.9086154361127753,1,1,1,0,0,0,0,0,1,-0.3379273811244285,-0.2610396843883416,-0.8981442813333731,-0.56396873254911,-0.06819387034105659,1,0,1,0,-0.3646672651263398,1,0,0,1,0,0,0,1,0,0
1,0,1,1,0.993282714112604,1,0,0,0,0,0,0,0,0,-1.4531392244610457,-1.4838864623874943,0.41396693704638227,-1.1015440337934654,-1.3543963712762639,0,0,0,0,0.06383838607368154,0,0,1,0,0,1,0,0,0,1
0,0,1,0,1.4384078131015228,1,1,0,1,1,1,0,0,0,0.8417189242716377,0.918214503893639,-0.9342061370407662,0.5111818699396011,0.7892744636157483,1,0,0,0,1.1489116556237473,0,1,0,0,0,1,0,1,0,0
1,1,1,0,-1.2728086989218905,1,1,0,0,0,0,0,0,1,0.2915477482255731,0.2901630136617395,0.006326045598127978,-1.1015440337934654,-0.49692803731945906,0,1,0,1,-1.644586671891972,0,1,0,1,0,0,0,0,1,0
1,0,0,0,-1.1109450265622838,1,0,0,0,1,1,0,0,0,-0.2834059132279717,-0.21260764815799998,-0.8279698594162714,-0.026393431304754394,-0.06819387034105659,0,1,1,0,-0.7839722505622534,1,0,0,1,0,0,0,0,1,0
1,0,0,0,0.7504872055731939,1,0,0,0,0,0,0,0,0,-1.5076606923575024,-1.4820283080520842,-0.251285938999501,-1.1015440337934654,-1.3543963712762639,0,0,1,0,-0.004330621504809963,0,0,1,0,1,0,0,0,1,0
0,0,1,0,0.10303251613476692,1,0,1,0,0,0,1,0,1,-0.08514602996812866,-0.04759042850437664,-0.4414535990157394,-0.026393431304754394,-0.06819387034105659,1,0,0,0,0.4912919090579607,1,0,0,0,1,0,1,0,0,0
1,0,1,1,-0.8681495180228737,1,1,1,0,0,0,1,0,1,0.013983911661793103,0.03347621681942073,-0.23113285684862128,-0.026393431304754394,0.3605402966373459,1,0,0,0,-0.2128957204763969,1,0,0,1,0,0,1,0,0,0
1,0,0,0,-0.2611607466743483,1,0,0,0,0,0,0,0,0,-0.636969371708025,-0.5704496866479591,-0.7651427594520318,-1.1015440337934654,-0.9256622042978615,0,0,1,0,0.12261912096808739,1,0,0,1,0,0,0,0,1,0
0,0,0,0,-1.232342780831989,1,0,0,0,0,0,0,0,1,0.19737430367714784,0.36511735544679264,-1.9916956895414966,-1.1015440337934654,-0.9256622042978615,0,1,1,1,-1.1933337719475932,0,1,0,1,0,0,0,0,1,0
1,0,1,1,-0.018365238134938143,1,1,1,0,0,0,1,1,1,1.1506739090182263,1.166397801795933,-0.22576123522144648,0.5111818699396011,0.7892744636157483,1,0,0,0,0.7236361870716503,0,1,0,1,0,0,0,1,0,0
0,0,1,1,1.1956123045621125,1,0,0,0,0,0,0,0,0,-1.4680087157055342,-1.4443086195840844,-0.22978950484874183,-1.1015440337934654,-1.3543963712762639,1,0,0,0,0.15396733115810643,0,0,1,0,0,1,1,0,0,0
1,0,0,0,-1.2728086989218905,1,0,0,0,0,0,0,0,0,-1.487834704031518,-1.4840309666130294,0.006326045598127978,-1.1015440337934654,-1.3543963712762639,0,1,1,0,-2.4513743777553683,0,0,1,1,0,0,0,0,0,1
1,0,0,0,-0.9895472722925787,1,0,0,0,1,0,1,1,1,0.9904138367165201,0.9157434816369888,0.849393753352168,0.5111818699396011,0.3605402966373459,0,0,1,1,-0.19833157807571783,0,1,0,1,0,0,0,0,1,0
0,0,0,1,-0.42302441903395505,0,0,0,0,1,0,1,1,1,-0.504796116201463,-0.5884725972331764,1.0075520148698696,0.5111818699396011,-0.06819387034105659,1,0,0,0,0.010229732015659784,1,0,0,0,1,0,0,1,0,0
0,0,1,0,-0.8681495180228737,1,1,0,0,1,0,1,1,1,1.1490217433243946,1.0326677620539324,1.3371591481168463,0.5111818699396011,0.7892744636157483,0,0,0,1,0.025622603670983735,0,1,0,1,0,0,0,0,1,0
0,0,0,0,-0.949081354202677,1,1,0,0,0,0,0,0,1,0.3311997248775418,0.45361655997200184,-1.4599728321140986,-1.1015440337934654,-0.49692803731945906,0,0,1,1,-0.2276267428873841,0,1,0,1,0,0,0,0,1,0
1,1,1,1,1.4384078131015228,1,1,0,0,1,1,1,1,1,1.4018030944806945,1.4425315107630317,-0.5303018867090992,1.0487571711839567,1.2180086305941509,1,0,0,0,1.248739883092695,0,1,0,0,1,0,0,1,0,0
1,1,0,0,-0.018365238134938143,1,1,0,0,0,0,1,1,1,1.038326641837649,0.9755113324697131,0.70746111180109,-0.026393431304754394,0.3605402966373459,1,0,1,1,0.6861248852632481,0,1,0,1,0,0,0,1,0,0
0,0,1,1,0.871884959842899,1,1,0,1,1,0,0,0,1,-0.16279781757823392,-0.15233300896430554,-0.11821189453252551,-0.026393431304754394,0.3605402966373459,1,0,0,0,0.7317933677977592,1,0,0,0,0,1,1,0,0,0
1,0,0,0,-0.38255850094405336,1,0,0,0,0,0,0,0,0,-1.47296521278703,-1.5520736084628146,0.9869034146571077,-1.1015440337934654,-1.3543963712762639,1,0,1,0,-0.5764812603562038,0,0,1,0,1,0,1,0,0,0
1,0,1,1,-0.05883115622483983,0,0,1,0,0,1,0,0,0,-0.9690546761682624,-0.9879134657939908,0.2565896649798964,-0.026393431304754394,-0.49692803731945906,1,0,0,0,0.03773579594179875,1,0,0,1,0,0,1,0,0,0
1,0,0,1,-0.46349033712385673,1,1,0,0,0,0,0,0,0,-1.3226181346483157,-1.4001731001889357,0.9633343656580368,-1.1015440337934654,-0.9256622042978615,0,0,0,0,-0.48772714594171157,0,0,1,1,0,0,0,0,0,1
1,0,0,1,-0.9086154361127753,1,1,0,0,0,0,0,0,0,-1.3193138032606517,-1.395403635007846,0.9458835834881758,-1.1015440337934654,-0.9256622042978615,1,0,0,0,-0.9493410019690084,0,0,1,1,0,0,0,1,0,0
1,1,1,0,-0.1397629924046432,1,1,0,0,0,0,0,1,1,0.6467633723994586,0.5455587852915977,1.1752275754241353,-0.56396873254911,-0.06819387034105659,0,0,0,1,0.5304716029996545,0,1,0,1,0,0,0,0,1,0
0,0,1,1,0.9123508779328007,1,1,1,0,0,0,1,1,0,1.1952823827516914,1.1308197612665674,0.7215380831168419,0.5111818699396011,0.7892744636157483,0,0,0,0,1.0577433183816778,0,1,0,0,1,0,0,0,0,1
0,0,0,0,-1.1109450265622838,0,0,0,1,0,0,1,1,1,-0.4552311453865022,-0.6214794642250357,1.9829055962630833,0.5111818699396011,-0.06819387034105659,1,1,1,0,-0.9341280922138595,1,0,0,1,0,0,0,1,0,0
0,0,0,0,-0.9086154361127753,1,1,0,0,0,0,0,1,0,0.7178064972342358,0.6043123098905221,1.318197877548338,-0.56396873254911,-0.06819387034105659,0,0,1,1,-0.1257669863141122,0,1,0,1,0,0,0,0,1,0
1,0,1,0,-0.9895472722925787,1,1,0,0,0,0,0,1,1,0.6913718461329236,0.5827732325533886,1.261181159740697,-0.56396873254911,-0.06819387034105659,1,0,0,1,-0.2710455509421144,0,1,0,1,0,0,1,0,0,0
1,0,1,1,1.397941895011621,1,0,1,1,0,0,0,0,1,-0.34784037528742057,-0.24566771309622604,-1.196996545816139,-0.026393431304754394,-0.06819387034105659,1,0,0,0,0.8371922138030605,1,0,0,0,0,1,1,0,0,0
1,1,1,1,0.224430270404472,1,1,0,1,0,0,1,1,0,1.2035432112208515,1.1111926718844793,1.051247810547916,0.5111818699396011,0.7892744636157483,0,0,0,1,0.8211887284228426,0,1,0,1,0,0,0,0,1,0
1,0,1,0,1.6002714854611295,1,1,1,1,1,1,1,1,1,0.8433710899654697,0.781553245199463,0.7023848370674998,2.1239077736726677,2.0754769645509556,1,0,0,0,1.156048553024915,1,0,0,0,0,1,0,1,0,0
1,1,1,0,0.7909531236630957,1,1,1,0,1,0,1,1,1,1.3043253185446049,1.3949950803370232,-1.1178891858622355,1.0487571711839567,1.2180086305941509,0,0,0,0,1.0714293812847735,0,1,0,1,0,0,0,0,1,0
1,0,1,1,1.5598055673712277,1,1,0,1,0,1,0,0,1,0.6632850293377789,0.7218842449245405,-0.7162838076327159,-0.026393431304754394,0.3605402966373459,0,0,0,0,1.134221678901887,0,1,0,0,0,1,0,0,1,0
1,0,1,0,1.0742145502924074,1,1,1,1,1,1,1,1,0,1.6198889660665217,1.5308674768990693,0.9974901969695823,2.1239077736726677,2.0754769645509556,0,0,0,0,1.1747259937498247,0,1,0,0,0,1,0,0,1,0
0,0,1,1,1.0742145502924074,1,0,0,0,0,0,0,0,0,-1.4580957215425419,-1.4149540280485962,-0.46018188164736973,-1.1015440337934654,-1.3543963712762639,0,0,0,0,0.14902107413315402,0,0,1,0,0,1,0,0,0,1
0,0,1,0,0.7504872055731939,1,1,0,0,0,0,0,0,0,-1.2961834835470034,-1.305374442410001,0.1534782919929167,-1.1015440337934654,-0.9256622042978615,0,0,0,0,0.14669290856058917,0,0,1,0,0,1,0,0,0,1
0,0,0,0,1.0742145502924074,1,1,1,1,1,0,0,1,1,1.1473695776305626,1.0073178911991147,1.617628567677661,1.0487571711839567,1.2180086305941509,1,0,1,0,1.0776561114472125,0,1,0,1,0,0,1,0,0,0
0,0,0,0,-1.0704791084723821,1,0,0,0,0,0,0,0,1,-1.4465305616857176,-1.5318040635749313,1.058942374354613,-1.1015440337934654,-1.3543963712762639,0,1,1,0,-1.3967925177628098,0,0,1,1,0,0,0,0,0,1
0,0,0,0,-0.5848880913935618,1,0,0,0,0,0,0,0,1,0.21059162922780375,0.15077905451810636,0.7004896945002941,-1.1015440337934654,-0.9256622042978615,0,0,1,1,0.1300241157452726,0,1,0,1,0,0,0,0,1,0
0,0,1,1,1.6002714854611295,1,1,1,0,1,1,1,1,1,0.6137200585228181,0.6320335188364221,-0.2378766109189349,1.5863324724283123,1.6467427975725533,1,0,0,0,1.1228953836819977,1,0,0,0,0,1,1,0,0,0
1,0,1,0,1.6002714854611295,1,1,1,1,1,1,1,1,1,0.739284651254052,0.7177871430764646,0.22886992991855473,2.1239077736726677,2.0754769645509556,1,0,0,0,1.1421225388481413,1,0,0,0,0,1,1,0,0,0
0,1,1,0,0.2648961884943737,1,1,0,0,0,1,1,1,1,1.2068475426085152,1.2031318180247343,0.002327503038746362,0.5111818699396011,0.7892744636157483,0,0,0,0,0.8551305262844613,0,1,0,1,0,0,0,0,1,0
1,0,1,1,1.5598055673712277,1,1,0,1,1,0,1,1,1,1.3638032835225578,1.451033028375113,-1.0792360211476062,1.0487571711839567,1.2180086305941509,1,0,0,1,1.2774145409690014,0,1,0,0,0,1,1,0,0,0
0,0,1,0,0.10303251613476692,1,0,0,0,0,0,0,0,1,0.18415697812649146,0.1417134099003226,0.4958761794483627,-1.1015440337934654,-0.9256622042978615,0,0,0,1,0.5459752472345156,0,1,0,1,0,0,0,0,1,0
1,1,0,0,1.2360782226520142,1,1,1,1,1,0,1,1,1,1.4761505507031356,1.5441349008565757,-0.8553836767965821,1.5863324724283123,1.6467427975725533,1,0,1,0,1.2182984845153986,0,1,0,1,0,0,1,0,0,0
0,1,1,0,1.114680468382309,1,0,1,1,1,1,1,1,1,1.4959765390291198,1.5286119128919162,-0.43778707829388336,2.1239077736726677,1.6467427975725533,1,0,0,0,1.1849192446895958,0,1,0,0,0,1,1,0,0,0
1,1,0,0,0.10303251613476692,1,1,0,0,1,0,1,1,1,1.134152252079906,1.0635223793573156,0.7966237019502159,0.5111818699396011,0.7892744636157483,0,0,1,1,0.7601045852829287,0,1,0,1,0,0,0,0,1,0
0,0,0,0,-1.2728086989218905,1,0,0,0,0,0,0,0,1,0.17920048104499567,0.17814333802693544,0.006326045598127978,-1.1015440337934654,-0.9256622042978615,0,1,1,1,-1.673978347069836,0,1,0,1,0,0,0,0,0,1
0,1,1,0,1.3574759769217193,1,1,0,1,0,0,1,1,1,1.191978051364027,1.2069122708789253,-0.2178422466370505,0.5111818699396011,0.7892744636157483,0,0,0,1,1.1870304590652525,0,1,0,1,0,0,0,0,1,0
0,0,1,1,-1.2728086989218905,1,0,0,0,0,0,0,0,1,0.1676353211881712,0.16661190082923472,0.006326045598127978,-1.1015440337934654,-0.9256622042978615,0,1,0,1,-1.6770833331047679,0,1,0,1,0,0,0,0,1,0
0,1,0,0,-1.232342780831989,1,1,0,0,0,0,1,0,1,0.6880675147452592,0.9548680007006153,-3.180762283136784,-0.56396873254911,-0.06819387034105659,0,1,1,1,-1.0606769020779478,0,1,0,1,0,0,0,0,1,0
1,0,0,0,0.8314190417529973,0,0,0,0,1,1,1,1,0,-0.32471005557377236,-0.2397236206951262,-0.9944318267101881,1.0487571711839567,0.3605402966373459,1,0,1,0,0.6916253674751626,1,0,0,0,1,0,0,1,0,0
0,0,0,1,-0.7062858456632669,1,0,0,0,0,0,0,0,0,-1.4894868697253503,-1.5387229258935513,0.633997263856623,-1.1015440337934654,-1.3543963712762639,0,0,0,0,-0.8305429223617614,0,0,1,0,1,0,0,0,0,1
1,0,1,1,0.7504872055731939,0,0,1,1,1,0,1,1,0,-0.17931947451655417,-0.18556529739633384,0.0800932756090212,1.5863324724283123,0.7892744636157483,0,0,0,0,0.6851651708804419,1,0,0,0,1,0,0,0,1,0
0,1,0,0,-0.5039562552137584,1,1,0,0,0,0,0,1,1,-0.10331985260028084,-0.1985228212950946,1.1300914410205636,-0.56396873254911,-0.06819387034105659,0,0,1,0,0.09188203069878714,1,0,0,1,0,0,0,0,0,1
0,0,0,0,-1.0300131903824803,1,0,0,0,0,0,0,0,0,-1.4812260412561902,-1.3181194722379515,-1.878915368603303,-1.1015440337934654,-1.3543963712762639,0,0,1,0,-1.1103658346413359,0,0,1,0,1,0,0,0,0,1
0,0,1,0,1.4384078131015228,1,1,1,1,1,1,1,1,1,0.8912838950865986,0.9797720289343048,-1.0778229073858119,2.1239077736726677,2.0754769645509556,0,0,0,0,1.1614858340802525,1,0,0,0,0,1,0,0,1,0
0,0,0,0,-0.7872176818430703,1,0,1,0,0,0,1,1,1,0.2386784460229485,0.20830248146707492,0.3512003413445556,0.5111818699396011,0.3605402966373459,0,0,1,0,-0.0590375138751578,1,0,0,1,0,0,0,0,1,0
1,0,1,1,-0.7872176818430703,1,0,0,1,1,1,0,0,0,-0.09671118982495289,-0.2320463565769806,1.6047434337098252,0.5111818699396011,0.3605402966373459,1,0,0,0,-0.19006219327727597,1,0,0,1,0,0,1,0,0,0
1,0,0,0,-0.8681495180228737,1,0,0,1,0,0,0,0,0,0.33780838765287,0.30948191494100413,0.32352860931430744,-0.56396873254911,-0.49692803731945906,0,0,1,1,-0.1374942752515758,0,1,0,1,0,0,0,0,1,0
1,0,1,0,1.6002714854611295,1,1,1,1,1,0,1,0,1,1.0978046068156018,1.1223712779314983,-0.3285727194923448,1.0487571711839567,1.2180086305941509,1,0,0,0,1.2256686217886463,0,1,0,0,0,1,0,1,0,0
1,1,1,0,-1.0300131903824803,0,0,1,0,0,0,0,0,0,-1.1540972338774491,-1.0954921336864287,-0.6536476843364922,-0.56396873254911,-0.9256622042978615,1,0,0,0,-0.9590747102994454,1,0,0,1,0,0,1,0,0,0
1,0,0,1,0.8314190417529973,1,0,0,0,0,0,0,0,0,-1.4861825383376863,-1.4789024298539444,-0.034866487183397285,-1.1015440337934654,-1.3543963712762639,1,0,0,0,0.02287891585414466,0,0,1,0,0,1,1,0,0,0
1,1,1,0,-1.191876862742087,0,0,0,0,0,0,1,0,1,-0.9343591965977897,-1.104042655145948,2.0400847548622014,-0.56396873254911,-0.9256622042978615,0,1,0,0,-1.4939477813515902,1,0,0,1,0,0,0,0,0,1
0,0,0,0,-0.34209258285415167,1,1,0,1,1,0,1,1,1,1.302673152850773,1.2915447831691913,0.08673423737813614,1.0487571711839567,1.2180086305941509,0,0,1,1,0.5659945661321841,0,1,0,1,0,0,0,0,1,0
1,0,0,0,1.397941895011621,1,1,1,1,1,1,1,1,1,0.7954582848443409,0.7697626170270807,0.27660812669673773,2.1239077736726677,2.0754769645509556,1,0,1,0,1.1081862886802851,1,0,0,0,1,0,1,0,0,0
0,0,1,1,0.42675986085398043,1,0,0,0,0,0,1,0,0,-0.2834059132279717,-0.21810136275650563,-0.7629633212837666,-0.56396873254911,-0.49692803731945906,0,0,0,0,0.5671666565586562,1,0,0,1,0,0,0,0,1,0
0,0,0,0,-1.191876862742087,1,0,0,0,0,0,0,0,0,-0.6600996914216735,-0.5071535011506914,-1.7870202922832916,-1.1015440337934654,-0.9256622042978615,0,1,1,0,-1.2083608287266832,1,0,0,1,0,0,0,0,0,1
0,1,1,0,1.6002714854611295,1,1,1,1,1,1,1,1,1,1.6859755938198027,1.7307232296173267,-0.5876657818946049,2.1239077736726677,2.0754769645509556,1,0,0,0,1.3335260567496972,0,1,0,0,0,1,0,1,0,0
0,0,1,1,-1.3132746170117922,0,0,1,0,1,1,1,0,1,-0.40236184318387763,-0.4017232182002874,0.006326045598127978,1.0487571711839567,0.3605402966373459,1,1,0,0,-4.359284532484085,1,0,0,0,0,1,1,0,0,0
0,0,0,0,-0.22069482858444658,1,0,0,1,1,1,1,1,0,0.4451991577519517,0.40376902457241803,0.4748774841186776,1.5863324724283123,1.2180086305941509,0,0,1,0,0.4512697739091698,1,0,0,0,1,0,0,0,0,1
1,1,1,0,1.6002714854611295,1,1,1,1,1,1,1,1,1,1.6958885879827947,1.712968477106581,-0.26061832172540367,2.1239077736726677,2.0754769645509556,1,0,0,0,1.3306264223233202,0,1,0,0,0,1,1,0,0,0
0,0,0,0,1.1956123045621125,1,1,0,0,0,0,1,1,1,0.9672835170028716,0.9263051090242838,0.45151861474961585,-0.026393431304754394,0.3605402966373459,1,0,1,1,1.092425903546962,0,1,0,0,1,0,1,0,0,0
0,0,1,1,-0.6253540094834634,1,1,0,0,0,0,0,1,1,0.6847631833575953,0.6801969188780779,0.030405504099099125,-0.56396873254911,-0.06819387034105659,0,0,0,1,0.2252340783994188,0,1,0,1,0,0,0,0,1,0
1,0,0,0,-1.2728086989218905,1,0,1,0,0,0,0,1,1,0.6566763665624507,0.6542269594748535,0.006326045598127978,-0.026393431304754394,-0.06819387034105659,0,1,1,0,-1.5575600619419958,0,1,0,1,0,0,0,0,0,1
1,0,0,0,0.7504872055731939,1,0,0,1,1,0,1,1,1,1.1325000863860741,1.121653927788364,0.08926640265701073,1.0487571711839567,0.7892744636157483,0,0,1,1,1.0084390542087769,0,1,0,1,0,0,0,0,1,0
1,0,1,0,-0.09929707431474152,1,1,0,0,0,0,0,0,0,-0.4899266249569749,-0.5494903491479629,0.7217152912529959,-1.1015440337934654,-0.49692803731945906,0,0,0,0,0.2210372232886245,1,0,0,1,0,0,0,0,1,0
0,0,0,1,-0.5848880913935618,0,0,0,0,0,0,0,1,1,-0.9822720017189185,-1.1208822142283041,1.6740515047390614,-0.56396873254911,-0.9256622042978615,0,0,0,0,-0.38170999382277526,1,0,0,1,0,0,0,0,1,0
0,0,1,0,-0.5848880913935618,1,0,0,0,0,0,0,0,0,-1.474617378480862,-1.4549278155902619,-0.1821052725125998,-1.1015440337934654,-1.3543963712762639,0,0,0,0,-0.6333263122183794,0,0,1,0,0,1,0,0,0,1
0,0,1,1,1.4384078131015228,1,1,1,1,1,1,0,1,1,0.4534599862211118,0.4509974917195828,0.013492551104366687,1.5863324724283123,1.6467427975725533,0,0,0,0,1.0442845373512468,1,0,0,0,1,0,0,0,1,0
0,0,1,0,1.3170100588318177,1,0,1,0,1,0,0,0,1,-0.3164492271046122,-0.2712532430491623,-0.5238806977755087,-0.026393431304754394,-0.06819387034105659,0,0,0,0,0.8095242049309885,1,0,0,1,0,0,0,0,0,1
1,0,1,0,0.38629394276407875,1,1,0,0,1,1,1,1,1,1.4398029054388308,1.464526146778573,-0.34222548125201047,1.0487571711839567,1.2180086305941509,0,0,0,0,0.9492659107503998,0,1,0,0,1,0,0,0,1,0
0,0,1,0,1.397941895011621,1,1,0,1,1,1,1,1,1,1.4860635448661277,1.4785157271782812,0.03803836727708657,1.5863324724283123,1.6467427975725533,1,0,0,0,1.2457169801250754,0,1,0,0,1,0,0,1,0,0
1,0,1,0,1.397941895011621,1,0,1,1,0,1,0,1,1,0.1478093328621871,0.16417775950178806,-0.19878575975657112,1.0487571711839567,0.7892744636157483,1,0,0,0,0.9608938558987736,1,0,0,0,0,1,0,1,0,0
1,1,1,0,0.7100212874832923,1,1,1,0,1,0,1,1,1,1.3324121353397491,1.2692149787099298,0.7018325383764838,1.0487571711839567,1.2180086305941509,1,0,0,0,1.023885612120321,0,1,0,0,0,1,0,1,0,0
1,0,0,0,-1.232342780831989,1,0,0,0,1,0,1,1,0,0.9986746651856803,0.8008409467027594,2.30648765288082,0.5111818699396011,0.3605402966373459,0,1,1,1,-1.0927185626230673,0,1,0,1,0,0,0,0,1,0
1,0,0,1,-1.2728086989218905,1,0,0,0,0,0,0,0,1,0.1891134752079877,0.18802742705353573,0.006326045598127978,-1.1015440337934654,-0.9256622042978615,0,1,0,1,-1.6713290632105542,0,1,0,1,0,0,0,0,0,1
1,0,1,1,-0.018365238134938143,1,0,1,1,1,0,0,1,0,0.9937181681041839,1.091134582228799,-1.1870046187733767,1.0487571711839567,0.7892744636157483,0,0,0,0,0.7091118332980313,0,1,0,0,1,0,0,0,0,1
0,0,1,0,1.5598055673712277,1,1,0,0,0,0,0,0,0,-1.3507049514434601,-1.3571619553514078,0.1230088676433842,-1.1015440337934654,-0.9256622042978615,0,0,0,0,0.314217561789997,0,0,1,0,0,1,0,0,0,1
1,0,0,1,-1.2728086989218905,1,0,0,0,0,0,1,1,1,0.8631970782914539,0.8601454808623616,0.006326045598127978,-0.026393431304754394,-0.06819387034105659,0,1,0,1,-1.5131879786712132,0,1,0,1,0,0,0,0,1,0
1,1,0,0,0.993282714112604,1,1,0,1,0,1,1,1,1,1.3274556382582534,1.2852769123866061,0.4532947076139639,1.0487571711839567,1.2180086305941509,1,0,1,0,1.1093369979001615,0,1,0,1,0,0,1,0,0,0
1,0,1,1,-1.0300131903824803,1,0,1,0,1,1,0,1,1,0.2188524576969639,0.29439905181599696,-0.9014859204722827,1.0487571711839567,0.7892744636157483,1,0,0,0,-0.42553677866791084,1,0,0,1,0,0,0,1,0,0
1,1,1,0,0.871884959842899,1,1,0,0,0,0,0,0,0,0.30641723947006144,0.2581007372205144,0.5611515933686057,-1.1015440337934654,-0.49692803731945906,1,0,0,1,0.8503303388618455,0,1,0,1,0,0,1,0,0,0
0,0,0,0,-0.8681495180228737,1,0,0,0,1,1,0,1,0,0.005723083192632976,-0.04469794184550989,0.5964291389919186,0.5111818699396011,0.3605402966373459,1,0,1,0,-0.23600213507950274,1,0,0,0,1,0,0,1,0,0
0,0,1,1,0.14349843422466863,1,1,1,1,1,1,1,1,1,0.9309358717385673,0.9595812468568184,-0.37107805992824394,2.1239077736726677,2.0754769645509556,1,0,0,0,0.7570293078926493,1,0,0,0,0,1,0,1,0,0
0,1,0,0,-1.1514109446521854,1,0,0,0,0,0,1,0,1,0.46667731177176774,0.27863157646403924,2.2090231779959546,-0.56396873254911,-0.49692803731945906,0,1,1,1,-0.7810723854033751,0,1,0,1,0,0,0,0,1,0
1,0,1,0,1.6002714854611295,1,1,0,1,1,1,1,1,1,0.6847631833575953,0.716597391619559,-0.4003174023937029,1.5863324724283123,1.6467427975725533,1,0,0,0,1.1418597569908295,1,0,0,0,0,1,0,1,0,0
1,0,1,0,0.1839643523145703,1,1,1,0,1,0,1,1,0,0.4798946373224241,0.4597508294379597,0.2218015603435748,1.0487571711839567,1.2180086305941509,0,0,0,0,0.6633161070159552,1,0,0,0,1,0,0,0,0,1
1,0,0,0,-1.2728086989218905,1,0,0,0,0,0,0,0,0,-1.5093128580513346,-1.5054464928373303,0.006326045598127978,-1.1015440337934654,-1.3543963712762639,0,1,1,0,-2.4714629330160416,0,0,1,1,0,0,0,0,0,1
1,0,1,1,0.5076916970337838,1,1,0,1,1,0,0,1,1,1.0317179790623208,1.1298712880771455,-1.1970353376469371,0.5111818699396011,0.7892744636157483,1,0,0,1,0.931234628876925,0,1,0,1,0,0,1,0,0,0
0,0,1,1,1.6002714854611295,1,0,1,0,1,1,1,1,1,0.5195466139743928,0.5607170709292154,-0.505091712894926,1.5863324724283123,1.2180086305941509,1,0,0,0,1.1064455782398621,1,0,0,0,0,1,1,0,0,0
1,0,1,0,-1.1514109446521854,1,0,0,0,0,0,0,0,0,0.19076564090181963,0.2901630136617395,-1.1827405479971596,-1.1015440337934654,-0.9256622042978615,0,1,0,1,-0.7780791582080033,0,1,0,1,0,0,0,0,1,0
1,0,1,0,-0.09929707431474152,1,0,0,0,0,0,0,0,0,-1.5093128580513346,-1.432908261703224,-0.8520110965545358,-1.1015440337934654,-1.3543963712762639,0,0,0,0,-0.2922781050251845,0,0,1,0,0,1,0,0,0,1
0,0,1,1,-0.949081354202677,1,0,0,0,0,0,0,0,0,-1.466356550011702,-1.4335122893659609,-0.3380484323283762,-1.1015440337934654,-1.3543963712762639,0,0,0,0,-1.0485981913661004,0,0,1,0,0,1,0,0,0,1
1,0,0,0,0.3053621065842754,1,0,1,1,0,1,0,0,1,-0.09340685843728878,0.047261525833034994,-1.6612911196818207,0.5111818699396011,0.3605402966373459,0,0,1,0,0.6033282555709366,1,0,0,1,0,0,0,0,0,1
0,0,1,0,1.5598055673712277,1,0,0,0,0,0,0,0,1,-1.4481827273795498,-1.4401790223400839,-0.044739848285208036,-1.1015440337934654,-1.3543963712762639,1,0,0,0,0.24301268195576547,0,0,1,0,0,1,1,0,0,0
0,0,1,1,0.14349843422466863,1,1,0,1,1,0,1,0,1,1.0779786184896172,1.0315612099996074,0.5120583763895649,0.5111818699396011,0.7892744636157483,1,0,0,1,0.7715117522209771,0,1,0,1,0,0,1,0,0,0
1,1,0,0,-1.232342780831989,1,0,0,0,0,0,0,0,1,-0.6799256797476578,-0.6068180655022452,-0.8416148859001533,-1.1015440337934654,-0.9256622042978615,0,1,1,0,-1.5009680591386494,1,0,0,1,0,0,0,0,1,0
1,0,1,1,-0.5039562552137584,1,0,0,0,1,0,0,0,1,-0.499839619119967,-0.5849083348266146,1.0238551633960662,-0.56396873254911,-0.49692803731945906,0,0,0,0,-0.04827119546345824,1,0,0,1,0,0,0,0,1,0
1,0,1,1,-0.7872176818430703,1,1,0,1,1,1,1,0,1,0.2667652628180927,0.22401564863756765,0.4966473269419615,1.0487571711839567,1.2180086305941509,0,0,0,0,-0.054830588028536055,1,0,0,1,0,0,0,0,1,0
1,1,1,0,1.5598055673712277,0,0,0,1,1,0,1,1,1,-0.41062267165303773,-0.3859457990967937,-0.2778309445591406,1.0487571711839567,0.3605402966373459,1,0,0,0,0.8250795307756897,1,0,0,1,0,0,1,0,0,0
0,0,0,0,-0.949081354202677,1,0,0,0,0,0,0,0,0,-1.4944433668068464,-1.5826888181933554,1.0957622870888934,-1.1015440337934654,-1.3543963712762639,1,0,1,0,-1.1987189310595687,0,0,1,1,0,0,1,0,0,0
1,0,0,0,0.8314190417529973,1,1,0,0,0,0,1,0,0,0.6847631833575953,0.6750208448798714,0.0916534349312918,-0.56396873254911,-0.06819387034105659,1,0,1,1,0.9397367510439462,0,1,0,1,0,0,1,0,0,0
1,1,1,1,1.6002714854611295,0,0,1,1,1,1,1,1,1,0.002418751804968643,0.03242166439170897,-0.3551047154332305,2.1239077736726677,1.2180086305941509,1,0,0,0,0.9690205866113974,1,0,0,0,0,1,1,0,0,0
1,0,1,0,0.8314190417529973,1,1,1,0,1,0,0,1,0,0.9639791856152078,0.9932698623118256,-0.3798539492286735,0.5111818699396011,0.7892744636157483,0,0,0,0,1.0073197507737037,0,1,0,1,0,0,0,0,1,0
1,0,1,1,-1.2728086989218905,1,0,0,0,0,0,0,0,1,-1.4713130470931979,-1.4675574849020288,0.006326045598127978,-1.1015440337934654,-1.3543963712762639,0,1,0,0,-2.4363463246567685,0,0,1,0,1,0,0,0,1,0
0,0,1,0,-0.2611607466743483,1,0,0,0,0,0,0,0,0,-1.5043563609698385,-1.5506852079975397,0.600109615665888,-1.1015440337934654,-1.3543963712762639,0,0,0,0,-0.49796440787520435,0,0,1,0,1,0,0,0,0,1
1,0,0,0,-0.949081354202677,1,0,0,0,0,0,0,0,0,-1.487834704031518,-1.47158433598694,-0.14095360533899287,-1.1015440337934654,-1.3543963712762639,1,0,1,0,-1.0836436916179772,0,0,1,1,0,0,0,1,0,0
1,0,1,1,-0.8276835999329719,1,1,0,0,0,0,0,0,0,-1.266444501058027,-1.2683656352131794,0.06642913844379082,-1.1015440337934654,-0.9256622042978615,0,0,0,0,-0.7353067826191203,0,0,1,0,1,0,0,0,0,1
0,0,1,1,1.2765441407419158,1,0,0,0,0,0,0,0,0,-1.4845303726438543,-1.4449836669949232,-0.4167306906989665,-1.1015440337934654,-1.3543963712762639,1,0,0,0,0.17332565271960904,0,0,1,0,1,0,1,0,0,0
0,0,0,0,-0.2611607466743483,0,0,0,0,1,1,1,0,1,-0.6700126855846655,-0.6329855576047194,-0.4150203765964183,0.5111818699396011,-0.06819387034105659,1,0,1,0,0.09692423742556767,1,0,0,1,0,0,0,1,0,0
0,0,0,0,-1.1514109446521854,1,1,1,0,0,0,0,0,1,0.5096336198114008,0.501435416605323,0.07942440176177278,-0.56396873254911,-0.06819387034105659,0,1,1,0,-0.7256166946321606,0,1,0,1,0,0,0,0,1,0
1,0,1,0,-0.949081354202677,0,0,0,0,0,1,1,0,0,-0.7955772783158996,-0.9288746329523079,1.6047434337098279,-0.026393431304754394,-0.49692803731945906,0,0,0,0,-0.7080071438100829,1,0,0,1,0,0,0,0,0,1
1,0,1,0,1.6002714854611295,1,1,1,1,1,1,1,1,1,1.7256275704717714,1.7996830544464315,-0.9358305449555123,2.1239077736726677,2.0754769645509556,1,0,0,0,1.3446633219146267,0,1,0,0,0,1,0,1,0,0
0,0,0,0,1.4384078131015228,1,1,1,0,0,0,0,0,0,-0.33957954681826047,-0.3463190230928483,0.09146413101225558,-0.56396873254911,-0.06819387034105659,0,0,1,0,0.8120212745256105,1,0,0,1,0,0,0,0,0,1
1,0,0,0,-0.9086154361127753,1,0,1,1,1,0,1,1,1,1.3109339813199332,1.4299632132458744,-1.4536917881770726,1.5863324724283123,1.2180086305941509,0,0,1,0,0.040037656357917416,0,1,0,1,0,0,0,0,1,0
1,0,0,1,-1.2728086989218905,1,1,0,0,0,0,0,0,1,0.31798239932688543,0.31652058439934044,0.006326045598127978,-1.1015440337934654,-0.49692803731945906,0,1,0,1,-1.637865908577661,0,1,0,1,0,0,0,0,1,0
1,0,0,0,-0.38255850094405336,1,1,0,0,0,1,1,0,1,0.8549362498222938,0.6505025201314971,2.389544335826174,-0.026393431304754394,0.3605402966373459,0,0,1,0,0.4087729355731181,0,1,0,1,0,0,0,0,1,0
1,0,0,0,0.224430270404472,1,1,1,1,1,1,0,0,0,0.17259181826966746,0.1710770813982692,0.011968725723041902,1.0487571711839567,1.2180086305941509,0,0,1,0,0.6058080891177478,1,0,0,1,0,0,0,0,1,0
0,0,1,1,1.155146386472211,0,0,0,1,1,1,1,1,1,-0.10827634968177688,-0.10703693552743651,-0.010929959791321343,1.5863324724283123,0.7892744636157483,1,0,0,0,0.8227512918599187,1,0,0,0,0,1,1,0,0,0
0,0,1,1,-1.0704791084723821,1,0,0,0,0,1,0,0,1,-0.5262742702212795,-0.5002895504377743,-0.2893161948859491,-0.56396873254911,-0.49692803731945906,0,1,0,0,-0.7713959737888798,1,0,0,1,0,0,0,0,0,1
0,0,1,0,1.519339649281326,1,0,1,1,1,1,1,1,0,0.7178064972342358,0.6674998790248599,0.5705061202173475,2.1239077736726677,1.6467427975725533,1,0,0,0,1.11318402859611,1,0,0,0,0,1,0,1,0,0
1,0,0,1,0.2648961884943737,0,0,0,0,1,1,1,1,0,-0.3263622212676043,-0.28155128110337246,-0.5189824831402683,1.0487571711839567,0.3605402966373459,1,0,0,0,0.4845086396807893,1,0,0,0,1,0,1,0,0,0
0,0,0,0,1.4384078131015228,1,0,0,0,0,0,0,0,0,-1.4614000529302058,-1.4427019080851367,-0.17082997051611798,-1.1015440337934654,-1.3543963712762639,1,0,1,0,0.21355298202848408,0,0,1,0,0,1,0,1,0,0
0,0,1,0,0.5886235332135872,1,0,1,0,1,0,1,0,1,0.043722894150769284,-0.015052047485906465,0.6939690215942881,0.5111818699396011,0.3605402966373459,1,0,0,0,0.6865833625128662,1,0,0,0,1,0,0,1,0,0
0,0,1,1,-1.2728086989218905,1,0,0,0,0,0,0,0,1,-0.6287085432388649,-0.627409917640996,0.006326045598127978,-1.1015440337934654,-0.9256622042978615,0,1,0,0,-1.9390881816413013,1,0,0,1,0,0,0,0,1,0
0,0,0,0,-0.7872176818430703,1,1,0,1,1,0,0,0,1,0.6517198694809548,0.5498104292451266,1.1833970115152819,-0.026393431304754394,0.3605402966373459,0,0,1,1,0.026603846468515664,0,1,0,1,0,0,0,0,1,0
1,0,1,0,-0.05883115622483983,1,0,0,0,1,1,0,1,1,0.05528805400759374,0.013567941707680503,0.4917620108311085,0.5111818699396011,0.3605402966373459,1,0,0,0,0.4331042594812408,1,0,0,1,0,0,0,1,0,0
0,0,0,0,-1.0300131903824803,1,1,1,0,0,0,0,0,1,-0.366014197919573,-0.2299283374998519,-1.5976607410784234,-0.56396873254911,-0.06819387034105659,0,0,1,0,-0.578419945104041,1,0,0,1,0,0,0,0,1,0
1,0,0,0,-1.1514109446521854,1,0,0,0,0,0,0,0,0,-1.4547913901548777,-1.5313922265321562,0.9566046757255103,-1.1015440337934654,-1.3543963712762639,0,1,1,0,-1.648823871832428,0,0,1,1,0,0,0,0,0,1
0,1,1,0,-0.8681495180228737,1,0,0,0,0,1,1,0,1,0.6005027329721622,0.5028206866582932,1.1351418729009617,-0.026393431304754394,-0.06819387034105659,0,0,0,0,-0.08958614226692777,0,1,0,1,0,0,0,0,1,0
0,0,1,0,1.2360782226520142,1,1,1,1,0,0,1,1,1,0.49476412856691243,0.36991558384991735,1.4602484820551316,1.0487571711839567,1.2180086305941509,1,0,0,0,0.9761368704974515,1,0,0,0,1,0,0,1,0,0
1,0,1,0,0.9528167960227024,1,0,0,0,0,0,0,1,1,0.5344161052188812,0.5482671717551675,-0.1823373307861332,-0.56396873254911,-0.49692803731945906,0,0,0,1,0.9453209962639862,0,1,0,0,1,0,0,0,1,0
1,0,1,1,1.6002714854611295,1,1,1,1,1,0,1,1,1,1.4431072368264952,1.4211819323004824,0.20964776959404344,1.5863324724283123,1.6467427975725533,1,0,0,0,1.2809543620192756,0,1,0,0,0,1,0,1,0,0
1,1,1,0,-1.191876862742087,1,1,0,0,0,0,1,1,1,0.9871095053288558,0.9370217288470316,0.5586247366123295,-0.026393431304754394,0.3605402966373459,0,1,0,1,-0.8101288277705697,0,1,0,1,0,0,0,0,1,0
1,0,1,1,-0.7872176818430703,1,1,0,0,0,0,0,0,0,-1.3292267974236438,-1.262272558964944,-0.7463995912049433,-1.1015440337934654,-0.9256622042978615,1,0,0,0,-0.6806533292575117,0,0,1,0,1,0,1,0,0,0
0,0,0,0,1.114680468382309,0,0,0,1,0,0,1,1,1,-0.4601876424679985,-0.47069219496367654,0.1401772577733327,0.5111818699396011,-0.06819387034105659,0,0,1,0,0.6878216652771287,1,0,0,1,0,0,0,0,1,0
0,0,0,0,0.8314190417529973,1,1,1,1,1,0,1,0,0,1.119282760835418,1.168976639882178,-0.6266413554465713,1.0487571711839567,1.2180086305941509,0,0,1,0,1.0417416345407617,0,1,0,0,1,0,0,0,0,1
1,0,0,1,-1.2728086989218905,1,0,1,0,0,0,0,0,0,-0.46679630524332644,-0.4659697968731898,0.006326045598127978,-0.56396873254911,-0.49692803731945906,0,1,0,0,-1.8762637193569265,1,0,0,1,0,0,0,0,0,1
1,0,0,0,-0.09929707431474152,1,1,1,0,0,0,0,1,1,-0.007494242358023416,-0.05912971021717717,0.6112555530501557,-0.026393431304754394,0.3605402966373459,0,0,1,0,0.39078723681192373,1,0,0,1,0,0,0,0,0,1
0,0,1,1,-0.8681495180228737,0,0,1,0,0,0,1,1,0,-0.46844847093715863,-0.4397619850602342,-0.3232810876488544,0.5111818699396011,-0.06819387034105659,0,0,0,0,-0.3678278367304942,1,0,0,1,0,0,0,0,1,0
1,0,1,1,1.1956123045621125,1,0,1,0,1,1,0,1,0,0.2205046233907963,0.25147690177268,-0.3740998079847091,1.0487571711839567,0.7892744636157483,1,0,0,0,0.9355491424073645,1,0,0,0,1,0,0,1,0,0
1,0,0,1,-0.1802289104945449,1,0,1,0,0,0,0,0,1,0.3361562219590381,0.3009296106371437,0.40523421780544805,-0.56396873254911,-0.49692803731945906,1,0,0,0,0.4481135732704633,0,1,0,1,0,0,1,0,0,0
0,0,1,0,-1.1109450265622838,1,0,0,0,0,0,0,0,1,0.13954850439302696,0.18308538254023535,-0.5199821187801124,-1.1015440337934654,-0.9256622042978615,0,1,0,1,-0.6663815958277861,0,1,0,1,0,0,0,0,1,0
0,0,1,0,-1.232342780831989,0,0,0,0,0,0,1,1,0,-0.6650561885031695,-0.5335110718882925,-1.533612657582654,-0.026393431304754394,-0.49692803731945906,0,1,0,0,-1.47173806370762,1,0,0,1,0,0,0,0,1,0
0,0,0,0,-1.232342780831989,1,1,0,1,0,0,0,0,0,0.4898076314854162,0.3667647036178926,1.439053826405565,-0.56396873254911,-0.06819387034105659,0,1,1,1,-1.1929214303906384,0,1,0,1,0,0,0,0,1,0
0,0,0,0,-1.2728086989218905,1,1,0,1,0,0,0,0,1,0.5112857855052327,0.5092603204180483,0.006326045598127978,-0.56396873254911,-0.06819387034105659,0,1,1,1,-1.5907864794768884,0,1,0,1,0,0,0,0,0,1
0,0,0,0,0.34582802467417706,1,0,0,0,0,0,0,0,0,0.1825048124326595,0.17163430378990574,0.12233254253425345,-1.1015440337934654,-0.9256622042978615,1,0,1,1,0.6537871438231458,0,1,0,1,0,0,1,0,0,0
1,0,0,0,-1.232342780831989,0,0,0,0,0,1,0,0,0,-1.1524450681836171,-0.8876909286748064,-3.09304425574041,-0.56396873254911,-0.9256622042978615,1,1,1,0,-1.6275062550899673,1,0,0,1,0,0,1,0,0,0
0,0,1,1,1.4384078131015228,1,0,1,1,1,1,1,1,1,0.669893692113107,0.5839481794107173,0.9938705043579561,2.1239077736726677,1.6467427975725533,1,0,0,0,1.0758680849670852,1,0,0,0,0,1,0,1,0,0
0,1,0,0,-0.30162666476425,1,1,1,1,0,0,1,1,1,1.258064679117308,1.3727343377818573,-1.4002812559401636,1.0487571711839567,1.2180086305941509,0,0,1,0,0.6064353970948811,0,1,0,1,0,0,0,0,0,1
1,1,0,0,0.7504872055731939,1,1,0,0,1,0,1,1,1,1.0928481097341054,1.040998469293524,0.5758243498273057,0.5111818699396011,0.7892744636157483,0,0,1,1,0.9926424473560669,0,1,0,1,0,0,0,0,1,0
0,0,0,0,-0.8276835999329719,1,0,0,0,0,0,0,0,1,-0.6518388629525134,-0.693441123499257,0.5147657229141465,-1.1015440337934654,-0.9256622042978615,1,0,1,0,-0.4151441588926219,1,0,0,1,0,0,1,0,0,0
0,1,0,0,1.3574759769217193,1,1,0,1,1,0,1,1,0,1.4331942426635027,1.4803970271023106,-0.6079954930700852,1.0487571711839567,1.2180086305941509,1,0,1,1,1.2365776010984006,0,1,0,0,1,0,1,0,0,0
1,0,1,1,0.5481576151236855,1,1,0,1,0,0,0,0,1,0.5046771227299045,0.5669175064065505,-0.753896858503779,-0.56396873254911,-0.06819387034105659,1,0,0,1,0.8258564842660135,0,1,0,1,0,0,1,0,0,0
1,0,1,0,1.0337486322025058,1,1,0,0,1,0,1,1,0,1.1771085601195388,1.094068921158571,0.9419850044927781,0.5111818699396011,0.7892744636157483,1,0,0,1,1.0840490721770601,0,1,0,0,1,0,0,1,0,0
1,0,0,0,0.6695553693933906,1,1,0,0,0,0,0,0,1,0.32624322779604553,0.36842886146420795,-0.5104345783832325,-1.1015440337934654,-0.49692803731945906,1,0,1,1,0.8175614364314883,0,1,0,1,0,0,1,0,0,0
1,0,0,0,-1.232342780831989,1,0,0,0,0,0,0,0,0,-1.4977476981945104,-1.2995279714498222,-2.2938355616845625,-1.1015440337934654,-1.3543963712762639,0,1,1,0,-1.8762637193569265,0,0,1,1,0,0,0,0,0,1
1,0,0,0,-0.42302441903395505,1,1,0,1,0,0,0,0,1,0.46667731177176774,0.2634310456125248,2.388889436192562,-0.56396873254911,-0.06819387034105659,0,0,1,1,0.2865801406658699,0,1,0,1,0,0,0,0,0,1
1,0,1,1,1.6002714854611295,1,1,1,1,1,1,1,1,1,0.8549362498222938,0.8146832473071423,0.44681132514719696,2.1239077736726677,2.0754769645509556,1,0,0,0,1.163164100445576,1,0,0,0,0,1,0,1,0,0
1,0,1,1,0.10303251613476692,1,1,1,1,1,1,0,0,1,0.14615716716835514,0.21099616726773068,-0.7722758737677763,1.0487571711839567,1.2180086305941509,1,0,0,0,0.5648582038652289,1,0,0,0,0,1,0,1,0,0
1,1,0,0,-0.949081354202677,1,1,0,0,0,0,0,1,1,0.6318938811549702,0.7594742037395799,-1.5314467803629914,-0.56396873254911,-0.06819387034105659,0,0,1,1,-0.15735287308687454,0,1,0,1,0,0,0,0,1,0
0,0,1,1,0.42675986085398043,0,0,1,1,0,1,1,0,1,-0.44531815122351015,-0.48451204140371157,0.4791420795744486,1.0487571711839567,0.3605402966373459,1,0,0,0,0.4728871163152898,1,0,0,0,1,0,1,0,0,0
1,0,0,0,-1.232342780831989,1,0,0,0,0,0,0,0,1,-0.6187955490758729,-0.7410769414469005,1.468293168871024,-1.1015440337934654,-0.9256622042978615,1,1,1,0,-1.558296059144403,1,0,0,1,0,0,0,1,0,0
0,0,0,0,-0.42302441903395505,1,0,0,0,0,0,0,0,1,-1.4762695441746942,-1.4289196823435,-0.5093496306108563,-1.1015440337934654,-1.3543963712762639,0,0,1,0,-0.4836383065732499,0,0,1,1,0,0,0,0,0,1
0,0,0,0,-0.9086154361127753,1,0,0,1,0,0,0,0,0,-0.4469703169173421,-0.4915036935252407,0.5423806574648565,-0.56396873254911,-0.49692803731945906,0,0,1,0,-0.44722946910593947,1,0,0,1,0,0,0,0,1,0
0,0,0,0,-0.8276835999329719,1,1,0,0,0,0,0,1,1,0.7211108286218998,0.7961734602179764,-0.9130888341490546,-0.56396873254911,-0.06819387034105659,0,0,1,1,0.031516734322004,0,1,0,1,0,0,0,0,1,0
1,0,0,1,-0.38255850094405336,1,0,0,1,0,1,0,0,0,-0.34949254098125276,-0.2530321398001249,-1.1293469661037177,-0.026393431304754394,-0.06819387034105659,0,0,0,0,0.16183016391129232,1,0,0,1,0,0,0,0,1,0
0,0,1,1,-0.42302441903395505,1,0,0,0,0,0,0,0,0,-1.5093128580513346,-1.4531057486737418,-0.6130163902611174,-1.1015440337934654,-1.3543963712762639,1,0,0,0,-0.5055974019563195,0,0,1,1,0,0,1,0,0,0
0,0,1,1,0.34582802467417706,1,0,0,1,0,1,0,1,1,0.0585923853952576,0.05957444893141588,-0.013642285841695401,0.5111818699396011,0.3605402966373459,1,0,0,0,0.6224144970469528,1,0,0,0,1,0,1,0,0,0
0,0,0,0,-1.0704791084723821,0,0,0,0,0,0,1,1,0,-0.6518388629525134,-0.49287648366782427,-1.8584942405321876,-0.026393431304754394,-0.49692803731945906,1,1,1,0,-0.7685533254618495,1,0,0,1,0,0,0,1,0,0
0,0,0,0,-0.9086154361127753,1,1,0,1,1,0,0,1,1,0.9953703337980159,1.0082420814442574,-0.18665361467389607,0.5111818699396011,0.7892744636157483,0,0,1,1,-0.03920135226165127,0,1,0,1,0,0,0,0,1,0
0,0,0,0,-0.9895472722925787,1,0,0,0,0,0,0,0,1,-1.4547913901548777,-1.5663983751680326,1.3708286939861642,-1.1015440337934654,-1.3543963712762639,0,0,1,0,-1.2541295947799573,0,0,1,1,0,0,0,0,0,1
1,0,1,1,1.3574759769217193,1,0,0,0,0,0,0,0,0,-1.4779217098685262,-1.4470904318671491,-0.31382998705395637,-1.1015440337934654,-1.3543963712762639,1,0,0,0,0.19075728360875507,0,0,1,0,0,1,0,1,0,0
0,0,1,1,0.6290894513034889,0,0,0,0,0,1,0,0,1,-1.1640102280404412,-1.1563116398248106,-0.05093433339672629,-0.56396873254911,-0.9256622042978615,1,0,0,0,0.21273553301829018,1,0,0,1,0,0,0,1,0,0
0,0,1,1,-1.0704791084723821,1,0,0,0,0,0,0,0,0,-0.6353172060141931,-0.5670071513673272,-0.7863850167987304,-1.1015440337934654,-0.9256622042978615,0,1,0,0,-0.7975743853121806,1,0,0,1,0,0,0,0,0,1
1,0,0,0,0.6695553693933906,1,1,0,1,0,0,1,1,0,1.122587092223082,1.175427749200656,-0.6639908530997876,0.5111818699396011,0.7892744636157483,0,0,1,1,0.9935706703271869,0,1,0,1,0,0,0,0,1,0
1,0,0,0,-0.22069482858444658,1,0,1,0,1,1,1,1,0,0.5608507563201934,0.5667954806160985,-0.08969451114028824,1.5863324724283123,1.2180086305941509,0,0,1,0,0.49046754232557377,1,0,0,0,1,0,0,0,1,0
0,0,1,0,0.3053621065842754,1,0,0,0,0,0,0,0,0,-1.5076606923575024,-1.4905379918888748,-0.15059175896649613,-1.1015440337934654,-1.3543963712762639,0,0,0,0,-0.16540251380961815,0,0,1,0,0,1,0,0,0,1
0,0,0,0,1.114680468382309,1,1,0,0,1,0,0,0,1,0.4782424716285922,0.4834518657374806,-0.07814316596875119,-0.56396873254911,-0.06819387034105659,1,0,1,1,0.9733488843730198,0,1,0,0,1,0,1,0,0,0
0,0,1,1,0.1839643523145703,1,1,0,1,1,0,0,1,1,1.0052833279610085,1.0127700627686056,-0.12327536424876431,0.5111818699396011,0.7892744636157483,0,0,0,1,0.7850096579429304,0,1,0,1,0,0,0,0,1,0
0,0,1,0,1.0742145502924074,1,0,0,1,0,1,1,1,1,1.1671955659565467,1.2369135524017565,-0.8652376315078439,1.0487571711839567,0.7892744636157483,0,0,0,0,1.1220770223779286,0,1,0,0,0,1,0,0,0,1
0,0,0,0,-0.42302441903395505,0,0,0,0,1,0,1,1,1,-0.46679630524332644,-0.5257236078067287,0.7133865088537491,0.5111818699396011,-0.06819387034105659,0,0,1,0,0.03527898193023667,1,0,0,1,0,0,0,0,1,0
1,0,1,0,1.519339649281326,1,1,0,1,1,0,1,0,1,1.0003268308795121,0.9747067793897202,0.26864471800252626,0.5111818699396011,0.7892744636157483,1,0,0,1,1.1787096676424338,0,1,0,0,1,0,1,0,0,0
1,0,1,1,-1.2728086989218905,1,0,0,1,0,0,0,0,0,0.32624322779604553,0.32475732525484075,0.006326045598127978,-0.56396873254911,-0.49692803731945906,1,1,0,1,-1.6357802970816098,0,1,0,1,0,0,0,1,0,0
0,0,1,1,1.4788737311914244,1,0,0,0,0,0,0,0,0,-1.4977476981945104,-1.4902861147409747,-0.03661482449607142,-1.1015440337934654,-1.3543963712762639,0,0,0,0,0.17780496457604386,0,0,1,0,0,1,0,0,0,1
0,0,0,0,-1.2728086989218905,1,0,0,0,0,0,0,0,0,-1.4481827273795498,-1.4444946105066279,0.006326045598127978,-1.1015440337934654,-1.3543963712762639,0,1,1,0,-2.4158920028736723,0,0,1,1,0,0,0,0,0,1
0,0,0,0,-0.34209258285415167,1,1,0,0,0,1,0,1,1,0.8202407702518213,0.9685272626193202,-1.7829592724964234,-0.026393431304754394,0.3605402966373459,0,0,1,0,0.5036410535517049,0,1,0,1,0,0,0,0,1,0
0,0,0,0,0.34582802467417706,1,0,0,0,0,0,0,0,0,-1.4564435558487099,-1.4619725728097628,0.11567643205431233,-1.1015440337934654,-1.3543963712762639,0,0,1,0,-0.12252060526119984,0,0,1,0,0,1,0,0,0,1
1,1,1,0,1.114680468382309,1,0,0,1,1,0,1,1,1,1.0978046068156018,1.0885777605882372,0.0713023621880363,1.0487571711839567,0.7892744636157483,0,0,0,1,1.1043192367592798,0,1,0,0,1,0,0,0,1,0
1,0,1,0,0.7909531236630957,1,1,1,1,1,1,0,1,1,0.5509377621572014,0.6258735630684199,-0.9057165213051909,1.5863324724283123,1.6467427975725533,1,0,0,0,0.9166307645377334,1,0,0,0,1,0,0,1,0,0
0,0,1,1,0.38629394276407875,1,0,0,0,0,0,1,0,1,0.4369383292827915,0.5214977639747914,-1.0156585910516849,-0.56396873254911,-0.49692803731945906,1,0,0,1,0.7579134782581353,0,1,0,1,0,0,0,1,0,0
1,0,1,1,0.9528167960227024,0,0,1,1,0,1,1,0,1,-0.4205356658160298,-0.43578802502410646,0.19498942198239191,1.0487571711839567,0.3605402966373459,0,0,0,0,0.6574742506031234,1,0,0,0,1,0,0,0,0,1
0,1,0,0,-0.1802289104945449,1,1,0,1,1,0,1,1,1,1.3687597806040541,1.576388932111368,-2.5040803575076116,1.0487571711839567,1.2180086305941509,0,0,1,1,0.7133087845782127,0,1,0,1,0,0,0,0,1,0
1,1,1,0,-0.8276835999329719,1,0,0,0,0,0,0,1,1,0.5195466139743928,0.47576424093901365,0.5001460516814169,-0.56396873254911,-0.49692803731945906,0,0,0,1,-0.04134901838358609,0,1,0,1,0,0,0,0,1,0
0,0,0,0,0.2648961884943737,0,0,1,1,0,1,0,0,1,-0.8071424381727239,-0.7557341162000216,-0.5804600749907212,0.5111818699396011,-0.06819387034105659,1,0,1,0,0.2983255281095964,1,0,0,0,1,0,1,0,0,0
1,0,0,0,-1.1514109446521854,1,1,0,0,0,1,0,1,0,0.027201237212449027,-0.17933121510177874,2.442937917719621,-0.026393431304754394,0.3605402966373459,0,1,1,0,-0.913164844973629,1,0,0,1,0,0,0,0,0,1
1,0,0,0,-0.5039562552137584,1,0,0,0,0,0,0,0,1,-1.487834704031518,-1.447954041665938,-0.42056835439755713,-1.1015440337934654,-1.3543963712762639,0,0,1,0,-0.5607297430986449,0,0,1,0,1,0,0,0,0,1
0,0,1,0,1.5598055673712277,1,1,0,0,0,0,0,0,1,-1.281313992302515,-1.2969293377151292,0.22898432484213027,-1.1015440337934654,-0.9256622042978615,1,0,0,0,0.36126359725536716,0,0,1,0,0,1,0,1,0,0
0,0,1,1,1.3574759769217193,1,0,1,1,0,1,0,0,1,-0.21566711978085853,-0.23074844589671997,0.18589695690114239,0.5111818699396011,0.3605402966373459,1,0,0,0,0.8326823820389931,1,0,0,0,0,1,0,1,0,0
1,0,1,1,1.4788737311914244,1,1,1,1,1,1,1,1,1,1.6397149543925058,1.5272737409355372,1.2739292305499068,2.1239077736726677,2.0754769645509556,1,0,0,0,1.272677296588083,0,1,0,0,0,1,1,0,0,0
0,0,1,1,-0.42302441903395505,1,0,0,0,0,0,0,1,1,0.5096336198114008,0.5485720381374815,-0.47833820678385314,-0.56396873254911,-0.49692803731945906,0,0,0,1,0.3573223331768058,0,1,0,1,0,0,0,0,1,0
0,0,1,0,-0.30162666476425,1,0,0,0,0,1,1,1,1,1.0052833279610085,1.0241554647770839,-0.257997610289605,0.5111818699396011,0.3605402966373459,0,0,0,0,0.5405213586808727,0,1,0,1,0,0,0,0,1,0
0,0,0,0,0.871884959842899,1,1,0,0,1,1,0,1,1,1.003631162267176,0.9571254778239751,0.5156681717556681,0.5111818699396011,0.7892744636157483,1,0,1,0,1.0117664317262693,0,1,0,0,0,1,1,0,0,0
1,0,1,0,1.5598055673712277,1,1,1,1,1,1,1,1,1,1.6975407536766267,1.7233559225187949,-0.3640389589643346,2.1239077736726677,2.0754769645509556,1,0,0,0,1.323519155725732,0,1,0,0,0,1,1,0,0,0
1,0,1,1,-0.1397629924046432,0,0,1,1,1,1,0,1,1,-0.30984056432928403,-0.2733436710731788,-0.42117330631063626,1.5863324724283123,0.7892744636157483,1,0,0,0,0.30084846616882727,1,0,0,0,1,0,0,1,0,0
1,0,1,1,1.6002714854611295,1,1,1,1,1,1,1,1,0,0.8251972673333176,0.7677567042664999,0.6512159877529506,2.1239077736726677,2.0754769645509556,1,0,0,0,1.1530614989985173,1,0,0,0,0,1,0,1,0,0
1,0,0,0,-0.9086154361127753,1,0,0,0,0,0,0,0,0,0.17920048104499567,0.2901630136617395,-1.319190812835961,-1.1015440337934654,-0.9256622042978615,0,0,1,1,-0.20242185984090016,0,1,0,1,0,0,0,0,0,1
1,1,0,0,-0.46349033712385673,1,0,0,0,1,0,1,0,1,-0.1545369891090738,-0.19368667773565043,0.4685861264806019,-0.026393431304754394,-0.06819387034105659,1,0,1,0,0.12414782046452434,1,0,0,1,0,0,1,0,0,0
0,0,1,1,0.5076916970337838,1,1,0,0,0,0,0,0,1,-1.2829661579963472,-1.2423466860440824,-0.43637925810110145,-1.1015440337934654,-0.9256622042978615,1,0,0,0,0.11411842400913737,0,0,1,0,1,0,0,1,0,0
1,0,1,1,1.5598055673712277,1,1,1,1,1,1,1,1,0,0.7310238227848918,0.7735784945753995,-0.5287676489105855,2.1239077736726677,2.0754769645509556,1,0,0,0,1.1455187097477149,1,0,0,0,0,1,1,0,0,0
0,0,0,0,1.397941895011621,1,1,1,0,1,1,1,1,1,0.6781545205822672,0.6768472627198099,-0.007929952220851274,1.5863324724283123,1.6467427975725533,0,0,1,0,1.0877063113129846,1,0,0,0,0,1,0,0,0,1
0,0,0,0,1.3574759769217193,1,1,1,1,1,1,1,1,1,0.8367624271901415,0.845094708935493,-0.1274660971983615,2.1239077736726677,2.0754769645509556,1,0,1,0,1.1148482001241913,1,0,0,0,0,1,0,1,0,0
0,0,0,0,0.34582802467417706,1,1,0,0,1,1,0,1,1,0.1279833445362025,0.17886656405327186,-0.606511555019358,0.5111818699396011,0.7892744636157483,0,0,1,0,0.6557592043222139,1,0,0,0,1,0,0,0,1,0
1,0,0,0,1.3170100588318177,1,1,0,1,1,1,0,1,1,0.3130259022453896,0.3027842350341674,0.11038811570596875,1.0487571711839567,1.2180086305941509,1,0,1,0,0.9786964620753662,1,0,0,0,0,1,0,1,0,0
0,0,0,0,-0.018365238134938143,1,1,0,1,1,0,1,1,1,1.2993688214631087,1.384877352988079,-1.0566458836148733,1.0487571711839567,1.2180086305941509,1,0,1,1,0.7639944639020243,0,1,0,0,1,0,0,1,0,0
1,0,0,0,-0.38255850094405336,1,1,0,0,1,0,0,0,1,0.537720436606545,0.613114879030878,-0.910687535492463,-0.56396873254911,-0.06819387034105659,0,0,1,1,0.4002629810787875,0,1,0,1,0,0,0,0,1,0
1,0,0,0,0.6290894513034889,1,0,0,0,0,0,0,0,0,-1.47296521278703,-1.4583941107002845,-0.1215960776882518,-1.1015440337934654,-1.3543963712762639,1,0,1,0,-0.020035052739116994,0,0,1,0,0,1,0,1,0,0
0,0,0,0,-0.46349033712385673,1,1,0,0,0,0,1,1,1,1.0779786184896172,1.192203805065532,-1.3888082948965814,-0.026393431304754394,0.3605402966373459,0,0,1,1,0.4634270045097688,0,1,0,1,0,0,0,0,1,0
0,0,0,0,-1.232342780831989,1,1,0,1,0,0,0,0,0,-0.34949254098125276,-0.45855673010323944,1.3026035615667608,-0.56396873254911,-0.06819387034105659,0,1,1,0,-1.4431913349212213,1,0,0,1,0,0,0,0,0,1
0,0,0,0,-0.018365238134938143,1,1,0,0,0,0,1,0,0,0.6385025439302985,0.7310860475827411,-1.1175611804179106,-0.56396873254911,-0.06819387034105659,0,0,1,1,0.6345795661902568,0,1,0,0,1,0,0,0,1,0
1,1,0,0,-0.38255850094405336,1,1,0,1,1,0,1,1,1,1.3770206090732142,1.4244696652144229,-0.6089714219358543,1.0487571711839567,1.2180086305941509,0,0,1,1,0.5631751492690916,0,1,0,1,0,0,0,0,1,0
1,0,0,0,-1.1514109446521854,1,0,0,0,0,0,0,0,1,-1.4894868697253503,-1.576694301237408,1.0833084930758277,-1.1015440337934654,-1.3543963712762639,0,1,1,0,-1.6974181101012793,0,0,1,1,0,0,0,0,0,1
0,1,0,0,0.06256659804486524,0,0,0,1,1,0,1,1,1,-0.28010158184030765,-0.42183055617106757,1.6867282567012103,1.0487571711839567,0.3605402966373459,0,0,1,0,0.34858153934103425,1,0,0,1,0,0,0,0,1,0
0,0,1,1,-0.34209258285415167,1,1,1,1,0,0,1,1,0,0.45180782052727986,0.38241451124334347,0.8055347396539767,1.0487571711839567,1.2180086305941509,0,0,0,0,0.37182633365802537,1,0,0,0,1,0,0,0,1,0
1,0,1,0,0.5886235332135872,1,1,0,1,0,0,0,0,1,0.4683294774656001,0.4258063630693407,0.487012540881331,-0.56396873254911,-0.06819387034105659,0,0,0,1,0.8056047551860158,0,1,0,0,1,0,0,0,1,0
1,0,0,0,-1.191876862742087,1,1,0,0,0,0,0,0,0,-0.47340496801865467,-0.6257625694698961,1.8191652784565182,-1.1015440337934654,-0.49692803731945906,1,1,1,0,-1.255721619736753,1,0,0,1,0,0,1,0,0,0
0,0,0,0,1.6002714854611295,1,1,1,1,1,1,1,1,1,0.8797187352297741,0.9315305682766979,-0.6434371203009387,2.1239077736726677,2.0754769645509556,1,0,1,0,1.1876370653654482,1,0,0,0,0,1,1,0,0,0
0,0,1,1,0.10303251613476692,1,0,0,0,0,0,0,0,0,-1.4894868697253503,-1.4658630696403259,-0.22814563398201995,-1.1015440337934654,-1.3543963712762639,0,0,0,0,-0.22567214815149914,0,0,1,0,1,0,0,0,0,1
1,1,1,0,0.34582802467417706,1,0,0,1,0,0,1,1,1,0.9854573396350238,0.9618792752337121,0.24499514995032007,0.5111818699396011,0.3605402966373459,0,0,0,1,0.8393615302932259,0,1,0,1,0,0,0,0,1,0
0,1,0,0,0.993282714112604,1,1,1,0,1,1,0,1,0,1.2084997083023472,1.2076203415840472,-0.031291821901292635,1.0487571711839567,1.2180086305941509,1,0,1,0,1.0948705386391042,0,1,0,0,0,1,0,1,0,0
0,0,0,0,-0.30162666476425,0,0,1,1,1,0,1,1,0,-0.12149367523243328,-0.10328962352379957,-0.21121466234488165,1.5863324724283123,0.7892744636157483,0,0,1,0,0.2625130479789296,1,0,0,0,1,0,0,0,1,0
1,0,0,0,0.871884959842899,1,0,1,1,0,1,1,0,1,0.17093965257583552,0.23622761428201905,-0.7784434669932966,1.0487571711839567,0.7892744636157483,0,0,1,0,0.8445457028665694,1,0,0,1,0,0,0,0,0,1
1,1,1,0,1.1956123045621125,1,1,1,1,1,0,0,0,1,0.805371279007333,0.8524932829062843,-0.5853776374125413,0.5111818699396011,0.7892744636157483,0,0,0,0,1.0770513291366068,0,1,0,1,0,0,0,0,1,0
1,0,0,1,0.4672257789438821,1,0,0,0,0,0,0,0,0,-1.4927912011130144,-1.5191119947112284,0.3629574196086372,-1.1015440337934654,-1.3543963712762639,1,0,0,0,-0.1340719667492532,0,0,1,0,0,1,1,0,0,0
1,0,1,0,-0.34209258285415167,1,0,1,0,0,1,1,1,0,0.3196345650207178,0.2183660892046286,1.187270599619679,1.0487571711839567,0.7892744636157483,1,0,0,0,0.32938778943487046,1,0,0,0,1,0,1,0,0,0
1,0,0,0,1.1956123045621125,1,0,0,1,1,1,1,1,1,0.5178944482805609,0.5139100934816366,0.029277357425859837,1.5863324724283123,1.2180086305941509,1,0,1,0,1.0012762744224046,1,0,0,1,0,0,1,0,0,0
0,0,1,1,0.6695553693933906,1,1,0,0,0,0,1,1,1,1.0135441564301686,0.9692738923601334,0.48887464982398676,-0.026393431304754394,0.3605402966373459,1,0,0,1,0.9530703030357055,0,1,0,1,0,0,1,0,0,0
1,0,0,0,1.6002714854611295,1,1,1,1,1,1,1,1,1,1.766931712817572,1.7780616097007431,-0.19266392395845694,2.1239077736726677,2.0754769645509556,0,0,1,0,1.3411925323921061,0,1,0,0,0,1,0,0,1,0
0,0,0,0,1.2360782226520142,1,1,1,1,1,1,0,1,1,0.5145901168928966,0.4793204211178965,0.3995874664827473,1.5863324724283123,1.6467427975725533,1,0,1,0,1.003068321850773,1,0,0,0,0,1,0,1,0,0
0,0,1,0,1.0337486322025058,1,1,0,1,0,1,0,0,1,-0.1594934861905698,-0.14201025825996,-0.20137411122546978,-0.026393431304754394,0.3605402966373459,1,0,0,0,0.7800457720939684,1,0,0,0,0,1,0,1,0,0
0,0,1,0,0.7100212874832923,1,1,1,0,1,0,1,1,1,1.3109339813199332,1.315077151793355,-0.09425729248304,1.0487571711839567,1.2180086305941509,0,0,0,0,1.0323147601874954,0,1,0,0,1,0,0,0,0,1
1,1,0,0,0.993282714112604,1,1,1,0,0,1,0,1,0,0.9590226885337115,1.118576837809323,-1.9210766928266798,0.5111818699396011,0.7892744636157483,0,0,1,0,1.0778631718627558,0,1,0,0,0,1,0,0,1,0
0,0,0,0,-1.2728086989218905,1,0,0,0,0,0,0,0,0,0.17754831535116325,0.176495989855835,0.006326045598127978,-1.1015440337934654,-0.9256622042978615,0,1,1,1,-1.6744209801530685,0,1,0,1,0,0,0,0,1,0
1,0,0,0,-0.9086154361127753,1,0,0,0,0,0,0,0,1,-0.6567953600340094,-0.6985753586325189,0.5170398939947939,-1.1015440337934654,-0.9256622042978615,1,0,1,0,-0.5319468391968278,1,0,0,1,0,0,0,1,0,0
0,1,0,0,1.3574759769217193,1,1,1,1,0,1,0,0,1,-0.0289723963778397,-0.04926558904719626,0.24112682600256252,0.5111818699396011,0.7892744636157483,1,0,1,0,0.8900409926771311,1,0,0,0,1,0,0,1,0,0
0,0,0,0,-1.2728086989218905,1,0,0,1,0,0,1,0,0,0.6467633723994586,0.6443428704482533,0.006326045598127978,-0.026393431304754394,-0.06819387034105659,0,1,1,1,-1.559770639525542,0,1,0,1,0,0,0,0,1,0
0,0,1,1,0.3053621065842754,1,1,0,1,1,0,1,0,1,1.0449353046129766,1.091927368536141,-0.5921058301949149,0.5111818699396011,0.7892744636157483,1,0,0,1,0.8497277341604517,0,1,0,1,0,0,0,1,0,0
0,0,1,1,-0.38255850094405336,1,1,1,0,1,1,1,0,1,0.4105036781814792,0.3872133080895912,0.26142871464458906,1.0487571711839567,1.2180086305941509,1,0,0,0,0.3462431362938185,1,0,0,0,0,1,1,0,0,0
0,0,1,0,1.6002714854611295,1,1,1,1,1,1,1,1,0,1.6661496054938185,1.6877091384830472,-0.3125993749973314,2.1239077736726677,2.0754769645509556,0,0,0,0,1.32647801999163,0,1,0,0,0,1,0,0,1,0
1,0,1,1,1.2765441407419158,1,0,0,0,0,0,0,0,1,-1.487834704031518,-1.4772099155920682,-0.0743867226658965,-1.1015440337934654,-1.3543963712762639,1,0,0,0,0.1431474036683198,0,0,1,0,0,1,1,0,0,0
0,0,1,0,0.7909531236630957,1,1,0,1,1,0,1,0,0,0.9871095053288558,1.0512378687099695,-0.7928826484577262,0.5111818699396011,0.7892744636157483,1,0,0,1,1.0068940184677584,0,1,0,1,0,0,1,0,0,0
0,0,1,1,0.7909531236630957,1,0,0,0,0,0,0,0,0,-1.4993998638883423,-1.4794057198249408,-0.18485427052217296,-1.1015440337934654,-1.3543963712762639,0,0,0,0,0.010412671013111413,0,0,1,0,0,1,0,0,0,1
0,0,1,0,1.6002714854611295,1,1,1,0,1,1,1,1,1,0.650067703787123,0.6566293422243746,-0.10007267281784131,1.5863324724283123,1.6467427975725533,1,0,0,0,1.128470418766489,1,0,0,0,0,1,0,1,0,0
0,1,0,0,-0.7062858456632669,1,1,0,0,0,1,0,0,0,-0.32140572418610824,-0.4701430789066432,1.7710828041799869,-0.56396873254911,-0.06819387034105659,1,0,1,0,-0.1842212837204202,1,0,0,1,0,0,0,1,0,0
0,0,1,0,-0.2611607466743483,0,0,1,1,1,0,1,0,0,-0.5576654184040879,-0.6244953785690498,0.8100331000332789,1.0487571711839567,0.3605402966373459,1,0,0,0,0.1004748297440225,1,0,0,0,1,0,1,0,0,0
0,1,0,0,-1.2728086989218905,1,1,0,0,0,0,0,0,1,0.24363494310444428,0.24238991669983756,0.006326045598127978,-1.1015440337934654,-0.49692803731945906,0,1,1,1,-1.6569539645118463,0,1,0,1,0,0,0,0,1,0
0,0,1,0,-1.232342780831989,1,0,0,1,1,0,0,0,0,0.49476412856691243,0.5850383362886511,-1.0852760731123,-0.026393431304754394,-0.06819387034105659,1,1,0,1,-1.1405442467398208,0,1,0,1,0,0,1,0,0,0
1,0,0,0,-1.2728086989218905,1,0,1,0,0,0,0,0,0,-0.44531815122351015,-0.44455427064888897,0.006326045598127978,-0.56396873254911,-0.49692803731945906,0,1,1,0,-1.8683816790624461,1,0,0,1,0,0,0,0,0,1
0,0,1,0,1.6002714854611295,1,1,1,1,0,0,0,1,1,0.98215300824736,1.0342610306133546,-0.6504762212648425,0.5111818699396011,0.7892744636157483,1,0,0,0,1.2083946107193548,0,1,0,0,0,1,0,1,0,0
1,0,0,0,-1.2728086989218905,1,0,0,0,0,0,1,0,1,0.4898076314854162,0.4878447941937472,0.006326045598127978,-0.56396873254911,-0.49692803731945906,0,1,1,1,-1.5958470272457914,0,1,0,1,0,0,0,0,1,0
0,0,1,1,1.5598055673712277,1,0,1,0,1,1,1,1,1,0.5707637504831855,0.6510946777410721,-0.9702405379665104,1.5863324724283123,1.2180086305941509,1,0,0,0,1.1184152785719796,1,0,0,0,0,1,0,1,0,0
0,0,0,0,-0.1397629924046432,1,1,0,0,0,0,0,0,0,-1.3077486434038275,-1.3355424107766305,0.3740023749913565,-1.1015440337934654,-0.9256622042978615,0,0,1,0,-0.23173333544068553,0,0,1,1,0,0,0,0,1,0
0,1,0,0,-0.2611607466743483,1,1,0,0,0,1,0,1,1,0.043722894150769284,-0.03917990146818842,0.9794713409869551,-0.026393431304754394,0.3605402966373459,0,0,1,0,0.3067597760980796,1,0,0,1,0,0,0,0,1,0
1,0,1,1,-0.7062858456632669,1,0,0,0,0,0,0,0,0,-1.4993998638883423,-1.5206020960114508,0.30261804924810215,-1.1015440337934654,-1.3543963712762639,0,0,0,0,-0.8117018188616036,0,0,1,0,0,1,0,0,0,1
1,0,1,1,0.5886235332135872,1,0,0,0,0,0,0,0,0,-1.4762695441746942,-1.4660503365752777,-0.06998656452448562,-1.1015440337934654,-1.3543963712762639,0,0,0,0,-0.04045602128345578,0,0,1,0,1,0,0,0,0,1
0,0,0,0,1.4384078131015228,1,0,0,0,0,0,0,0,0,-1.4911390354191822,-1.4345862957716289,-0.6177332538852242,-1.1015440337934654,-1.3543963712762639,1,0,1,0,0.22090630170478023,0,0,1,0,0,1,0,1,0,0
0,0,0,0,-1.0300131903824803,1,0,1,1,0,1,1,1,1,0.45511215191494375,0.5546800628498069,-1.1938793451268563,1.5863324724283123,1.2180086305941509,0,0,1,0,-0.3615224791372838,1,0,0,1,0,0,0,0,1,0
1,0,0,0,-0.7872176818430703,1,0,0,0,0,0,0,0,0,-1.479573875562358,-1.5155840200441,0.47715443196498786,-1.1015440337934654,-1.3543963712762639,0,0,1,0,-0.8963420002437142,0,0,1,0,0,1,0,0,0,1
1,1,1,0,0.7504872055731939,1,1,1,0,1,0,1,0,1,0.9606748542275434,0.936117302400153,0.2574403985367653,0.5111818699396011,0.7892744636157483,1,0,0,0,0.9714899701757521,0,1,0,1,0,0,1,0,0,0
0,0,0,0,0.8314190417529973,1,1,1,1,1,0,0,0,0,0.8615449125976219,0.9261326538292565,-0.7939860198715096,0.5111818699396011,0.7892744636157483,0,0,1,0,0.9936538235154179,0,1,0,1,0,0,0,0,1,0
0,0,1,1,-1.191876862742087,1,0,0,0,0,0,0,0,0,-0.6749691826661618,-0.6559639526067305,-0.20159816748957482,-1.1015440337934654,-0.9256622042978615,0,1,0,0,-1.2683724578773734,1,0,0,1,0,0,0,0,0,1
0,1,0,0,-0.6658199275733652,1,1,0,0,0,0,1,1,1,1.038326641837649,1.0158198830313179,0.23049433783330645,-0.026393431304754394,0.3605402966373459,0,0,1,1,0.2580029675610671,0,1,0,1,0,0,0,0,1,0
1,0,1,0,-0.9895472722925787,1,0,1,0,0,0,0,0,1,0.3229388964083817,0.37870797785836796,-0.671052054851646,-0.56396873254911,-0.49692803731945906,0,0,0,0,-0.3201504358379764,0,1,0,1,0,0,0,0,1,0
0,0,0,0,-1.1514109446521854,1,1,0,1,0,0,0,0,0,0.4369383292827915,0.38365002237166834,0.6154790136285013,-0.56396873254911,-0.06819387034105659,1,1,1,1,-0.7543240290534143,0,1,0,1,0,0,1,0,0,0
1,1,0,0,-1.1109450265622838,1,1,0,1,0,0,0,1,1,0.8285015987209814,1.1787426171531146,-4.172950637464662,-0.026393431304754394,0.3605402966373459,0,1,1,1,-0.44176708638624146,0,1,0,1,0,0,0,0,1,0
1,0,1,1,1.3170100588318177,1,1,0,0,1,1,1,1,1,1.3010209871569407,1.263010812059387,0.4048807752042102,1.0487571711839567,1.2180086305941509,1,0,0,0,1.1879049146557765,0,1,0,0,0,1,1,0,0,0
1,0,0,0,-0.54442217330366,1,0,0,0,1,1,0,0,1,-0.32140572418610824,-0.31840208175675244,-0.024452209628670705,-0.026393431304754394,-0.06819387034105659,1,0,1,0,0.019372301007830432,1,0,0,1,0,0,0,1,0,0
1,0,1,1,1.6002714854611295,1,1,0,1,1,0,1,1,1,1.312586147013765,1.2801277451500395,0.3387881988164815,1.0487571711839567,1.2180086305941509,1,0,0,1,1.2554603294009394,0,1,0,0,1,0,0,1,0,0
1,0,0,0,-0.6253540094834634,1,1,1,0,0,0,0,1,0,0.03380989998777722,0.020482427769300014,0.15653600100890813,-0.026393431304754394,0.3605402966373459,1,0,1,0,0.05710926428302713,1,0,0,1,0,0,1,0,0,0
1,0,1,1,-0.30162666476425,1,0,1,0,0,1,0,0,0,-0.3445360438997567,-0.4240612594004042,0.9529010256798847,-0.026393431304754394,-0.06819387034105659,0,0,0,0,0.15428276660486895,1,0,0,1,0,0,0,0,1,0
1,0,1,1,-0.9895472722925787,1,0,0,0,0,0,0,0,0,-1.487834704031518,-1.5966683978119962,1.3391527396485845,-1.1015440337934654,-1.3543963712762639,0,0,0,0,-1.2884378373525238,0,0,1,0,0,1,0,0,0,1
1,1,0,0,-0.2611607466743483,1,0,0,0,0,0,0,0,0,-1.5010520295821745,-1.494168493819799,-0.029660837436281638,-1.1015440337934654,-1.3543963712762639,1,0,1,0,-0.43976979514775705,0,0,1,0,1,0,0,1,0,0
1,0,0,0,-1.2728086989218905,1,1,0,0,0,0,0,0,1,0.349373547509694,0.34782019965024175,0.006326045598127978,-1.1015440337934654,-0.49692803731945906,0,1,1,1,-1.6299770713474644,0,1,0,1,0,0,0,0,1,0
0,1,1,0,1.5598055673712277,1,0,0,1,1,0,1,1,1,1.1391087491614025,1.2143949439096262,-0.9301565567462547,1.0487571711839567,0.7892744636157483,0,0,0,1,1.234412618659282,0,1,0,0,0,1,0,0,1,0
0,1,1,1,1.3574759769217193,1,1,0,1,1,0,1,1,1,1.3274556382582534,1.307100991466738,0.1950527106024529,1.0487571711839567,1.2180086305941509,0,0,0,1,1.2056372309048036,0,1,0,0,1,0,0,0,1,0
0,0,1,0,1.6002714854611295,0,0,0,1,1,0,1,1,1,-0.34784037528742057,-0.33132196372146944,-0.18345894577488783,1.0487571711839567,0.3605402966373459,0,0,0,0,0.8532628037073625,1,0,0,0,0,1,0,0,1,0
1,1,0,0,0.1839643523145703,1,1,0,0,1,0,1,1,1,1.201891045527019,1.2008348918152723,-0.02897189936017416,0.5111818699396011,0.7892744636157483,0,0,1,1,0.8215587173961958,0,1,0,1,0,0,0,0,1,0
0,1,0,0,-0.5848880913935618,1,0,0,1,0,0,0,0,1,0.32954755918370987,0.23653267875814846,1.089264655429906,-0.56396873254911,-0.49692803731945906,0,0,1,1,0.153214500614889,0,1,0,1,0,0,0,0,1,0
0,0,1,1,-0.9895472722925787,1,0,1,1,0,0,0,0,0,-0.3329708840429325,-0.1470020072439399,-2.1890612511833383,-0.026393431304754394,-0.06819387034105659,0,0,0,0,-0.46773882131881134,1,0,0,1,0,0,0,0,0,1
0,0,1,1,0.7100212874832923,1,1,0,0,0,0,1,0,1,0.650067703787123,0.5792067237629567,0.8160609029415474,-0.56396873254911,-0.06819387034105659,1,0,0,1,0.8812026515633631,0,1,0,1,0,0,1,0,0,0
0,0,1,1,1.6002714854611295,1,0,1,1,1,1,1,1,1,1.4513680652956553,1.4024662266899288,0.5285731901895029,2.1239077736726677,1.6467427975725533,1,0,0,0,1.2776305072238379,0,1,0,0,0,1,1,0,0,0
0,0,1,1,-1.2728086989218905,1,0,0,0,0,0,0,0,1,-1.4812260412561902,-1.4774415739286293,0.006326045598127978,-1.1015440337934654,-1.3543963712762639,0,1,0,0,-2.4453200471186056,0,0,1,1,0,0,0,0,1,0
1,0,1,1,0.022100679954963547,1,0,0,0,1,1,1,1,1,0.30311290808239755,0.2680985320973088,0.40386296437091806,1.0487571711839567,0.7892744636157483,0,0,0,0,0.5429729512849039,1,0,0,0,1,0,0,0,0,1
0,0,0,0,1.519339649281326,1,1,1,1,1,1,1,1,0,1.6793669310444745,1.6923387098115117,-0.21143743828747746,2.1239077736726677,2.0754769645509556,1,0,1,0,1.3095048789599484,0,1,0,0,1,0,0,1,0,0
1,0,1,1,0.4672257789438821,1,0,0,1,0,1,0,0,1,-0.32471005557377236,-0.22433377195773962,-1.1765382632317596,-0.026393431304754394,-0.06819387034105659,1,0,0,0,0.5795844309828188,1,0,0,1,0,0,1,0,0,0
1,1,0,0,0.8314190417529973,0,0,0,1,1,0,1,1,1,-0.33957954681826047,-0.35858134534204394,0.2365628806091544,1.0487571711839567,0.3605402966373459,0,0,1,0,0.6508174235004839,1,0,0,1,0,0,0,0,1,0
1,0,0,0,0.7100212874832923,1,0,1,1,0,1,0,1,1,0.9507618600645514,0.9952280308925672,-0.5589679087340595,1.0487571711839567,0.7892744636157483,1,0,1,0,0.971032670323403,0,1,0,1,0,0,0,1,0,0
1,0,0,0,-0.9086154361127753,1,0,0,0,0,0,0,0,1,-1.4828782069500221,-1.49704501716472,0.21879860084712285,-1.1015440337934654,-1.3543963712762639,0,0,1,0,-1.0422389049223477,0,0,1,1,0,0,0,0,0,1
1,0,0,0,0.1839643523145703,1,0,0,1,0,0,1,1,1,1.0366744761438165,1.114237805523661,-0.9535673232679001,0.5111818699396011,0.3605402966373459,1,0,1,1,0.8049922888507911,0,1,0,1,0,0,0,1,0,0
1,0,0,0,-1.2728086989218905,1,1,0,0,0,0,0,0,1,0.3361562219590381,0.3346414142814415,0.006326045598127978,-1.1015440337934654,-0.49692803731945906,0,1,1,1,-1.6332866481392165,0,1,0,1,0,0,0,0,1,0
0,0,0,0,-0.8681495180228737,1,1,0,0,0,1,1,0,0,0.8400667585778059,0.8260004460431968,0.1374600663523055,-0.026393431304754394,0.3605402966373459,0,0,1,0,-0.016843573784186865,0,1,0,1,0,0,0,0,1,0
0,0,0,0,-1.2728086989218905,1,0,0,0,0,0,1,0,0,0.4898076314854162,0.4878447941937472,0.006326045598127978,-0.56396873254911,-0.49692803731945906,0,1,1,1,-1.5958470272457914,0,1,0,1,0,0,0,0,1,0
1,0,1,0,0.42675986085398043,1,1,1,0,1,0,1,1,1,0.5112857855052327,0.6111660444907496,-1.199513504140134,1.0487571711839567,1.2180086305941509,0,0,0,0,0.7936363468081999,1,0,0,0,1,0,0,0,1,0
0,1,0,0,0.5076916970337838,0,0,0,0,0,0,0,1,0,-1.0087066528202309,-0.9641278838138493,-0.4926920658123515,-0.56396873254911,-0.9256622042978615,0,0,1,0,0.2851432447813981,1,0,0,0,1,0,0,0,1,0
0,0,0,1,-0.7872176818430703,0,0,0,1,0,0,0,0,0,-1.142532074020625,-1.164445421419617,0.2987194702527072,-0.56396873254911,-0.9256622042978615,0,0,0,0,-0.6138021489131136,1,0,0,1,0,0,0,0,1,0
0,0,0,0,-0.09929707431474152,1,0,1,0,0,0,0,0,1,-0.5262742702212795,-0.445377944734439,-0.939079360785013,-0.56396873254911,-0.49692803731945906,0,0,1,0,0.26110199680579016,1,0,0,1,0,0,0,0,0,1
1,0,0,0,-0.54442217330366,1,0,0,0,0,1,0,1,1,0.7591106395800366,0.8597986707210777,-1.2176225705875325,-0.026393431304754394,-0.06819387034105659,1,0,1,0,0.3341638846611821,0,1,0,0,1,0,0,1,0,0
0,1,0,0,-1.2728086989218905,1,0,0,0,1,0,0,0,1,0.349373547509694,0.34782019965024175,0.006326045598127978,-0.56396873254911,-0.49692803731945906,1,1,1,1,-1.6299770713474644,0,1,0,1,0,0,1,0,0,0
0,0,1,0,1.4788737311914244,1,0,0,1,0,0,0,1,1,-0.10827634968177688,-0.16047027227324168,0.6213410074078092,-0.026393431304754394,-0.06819387034105659,1,0,0,0,0.8835000873164132,1,0,0,0,0,1,0,1,0,0
0,0,1,0,0.8314190417529973,1,1,0,1,1,1,1,1,1,1.4612810594586474,1.4215803867978423,0.4193547448271752,1.5863324724283123,1.6467427975725533,1,0,0,0,1.0881468385365565,0,1,0,0,1,0,1,0,0,0
1,1,1,0,1.155146386472211,1,1,0,1,0,0,0,0,1,0.5757202475646818,0.5160927644719554,0.6857013688939018,-0.56396873254911,-0.06819387034105659,0,0,0,1,0.9915588577808351,0,1,0,1,0,0,0,0,1,0
1,0,0,0,-1.0300131903824803,1,0,0,0,0,0,0,0,1,0.15937449271901108,0.32075662255359794,-1.915116459274822,-1.1015440337934654,-0.9256622042978615,0,0,1,1,-0.41875004181231584,0,1,0,1,0,0,0,0,1,0
0,0,1,0,0.6290894513034889,1,1,1,0,0,1,0,0,1,-0.13636316647692137,-0.08402525945292695,-0.6146038798141662,-0.026393431304754394,0.3605402966373459,1,0,0,0,0.6789965486805685,1,0,0,0,1,0,1,0,0,0
0,0,0,1,-1.2728086989218905,1,0,0,0,0,0,0,1,1,0.4914597971792481,0.48949214236484717,0.006326045598127978,-0.56396873254911,-0.49692803731945906,0,1,0,1,-1.5954563070750365,0,1,0,1,0,0,0,0,1,0
0,0,0,0,-0.38255850094405336,1,1,1,0,0,0,0,0,0,-0.3412317125120926,-0.34356466537710234,0.03937921534168722,-0.56396873254911,-0.06819387034105659,0,0,1,0,0.13077999282880787,1,0,0,1,0,0,0,0,1,0
1,0,1,1,1.4788737311914244,1,1,0,0,0,0,0,0,1,-1.279661826608683,-1.2752474918844778,-0.008081746341372206,-1.1015440337934654,-0.9256622042978615,1,0,0,0,0.3593923833285858,0,0,1,0,0,1,1,0,0,0
0,0,0,0,-0.5848880913935618,1,0,0,1,1,0,0,0,0,0.43198183220129527,0.3536774375919309,0.911662723417492,-0.026393431304754394,-0.06819387034105659,0,0,1,1,0.18357388673597172,0,1,0,1,0,0,0,0,1,0
1,0,0,1,-1.2728086989218905,1,0,1,1,0,1,0,1,1,0.1891134752079877,0.18802742705353573,0.006326045598127978,1.0487571711839567,0.7892744636157483,1,1,0,0,-1.6713290632105542,1,0,0,1,0,0,1,0,0,0
1,0,0,0,-1.0300131903824803,1,1,0,0,1,0,1,0,1,0.8136321074764931,0.8408479737151898,-0.3501154625522204,-0.026393431304754394,0.3605402966373459,1,0,1,1,-0.297923855528832,0,1,0,1,0,0,0,1,0,0
1,0,0,0,0.42675986085398043,1,1,0,1,0,0,0,0,1,0.4336339978951272,0.4458565710419875,-0.1595902232756354,-0.56396873254911,-0.06819387034105659,0,0,1,1,0.7545283041245896,0,1,0,1,0,0,0,0,1,0
0,0,0,0,0.5481576151236855,1,0,0,0,0,0,0,1,0,-0.29992757016629196,-0.20722869826019075,-1.0865473488716675,-0.56396873254911,-0.49692803731945906,1,0,1,0,0.6131778184713814,1,0,0,0,1,0,0,1,0,0
0,1,0,0,-1.232342780831989,0,0,0,0,1,0,0,0,1,-1.134271245551465,-0.8374468094562542,-3.4731557077913657,-0.56396873254911,-0.9256622042978615,0,1,1,0,-1.602921770608873,1,0,0,1,0,0,0,0,1,0
1,0,1,0,-0.018365238134938143,1,1,1,0,0,1,1,0,1,0.2667652628180927,0.26900488558917335,-0.035705509195971104,0.5111818699396011,0.7892744636157483,1,0,0,0,0.5238434115865624,1,0,0,0,1,0,0,1,0,0
0,1,0,0,-0.09929707431474152,1,1,0,1,0,0,1,1,1,1.1556304060997227,1.1257529176493952,0.3136640230683887,0.5111818699396011,0.7892744636157483,0,0,1,1,0.6752110084175005,0,1,0,1,0,0,0,0,1,0
1,0,0,0,-1.191876862742087,1,0,1,0,0,0,0,1,1,0.7045891716835795,0.555935185265883,1.7346960668896418,-0.026393431304754394,-0.06819387034105659,0,1,1,0,-0.8932611596752831,0,1,0,1,0,0,0,0,0,1
0,0,0,1,-0.1802289104945449,1,0,0,0,0,0,0,0,0,-1.469660881399366,-1.503151972170441,0.4470047070418153,-1.1015440337934654,-1.3543963712762639,0,0,0,0,-0.4020965018746611,0,0,1,1,0,0,0,0,0,1
0,0,0,0,-1.1514109446521854,1,0,0,0,0,0,0,0,1,-0.6187955490758729,-0.5384531164015927,-0.9293329132965248,-1.1015440337934654,-0.9256622042978615,0,1,1,0,-1.0404568116486586,1,0,0,1,0,0,0,0,0,1
0,0,0,0,0.5886235332135872,1,0,0,0,0,0,0,0,0,-1.469660881399366,-1.4111971474737544,-0.6410869131051311,-1.1015440337934654,-1.3543963712762639,1,0,1,0,0.009253158675313363,0,0,1,0,0,1,0,1,0,0
0,0,0,0,-1.2728086989218905,1,0,0,0,0,0,0,0,0,-1.4614000529302058,-1.4576733958754284,0.006326045598127978,-1.1015440337934654,-1.3543963712762639,0,1,1,0,-2.427498700834962,0,0,1,1,0,0,0,0,0,1
0,0,1,1,0.7100212874832923,1,0,0,0,1,1,1,1,0,1.2663255075864681,1.2627573738792173,-0.0014711123926592485,1.0487571711839567,0.7892744636157483,0,0,0,0,1.0226896342744685,0,1,0,0,1,0,0,0,0,1
0,1,0,0,0.022100679954963547,1,1,0,1,1,1,1,1,1,1.5108460302736082,1.5164889279418658,-0.11890103728423417,1.5863324724283123,1.6467427975725533,0,0,1,0,0.8064835949872311,0,1,0,1,0,0,0,0,1,0
1,0,0,0,-1.191876862742087,1,0,0,0,0,1,0,0,1,-0.47010063663099055,-0.5104481974928915,0.49364842002242665,-0.56396873254911,-0.49692803731945906,0,1,1,0,-1.2096294232491036,1,0,0,1,0,0,0,0,0,1
1,0,1,1,1.6002714854611295,1,0,0,0,0,0,0,0,0,-1.4977476981945104,-1.509267425400854,0.18798899739740732,-1.1015440337934654,-1.3543963712762639,1,0,0,0,0.1857236780841361,0,0,1,0,0,1,0,1,0,0
0,0,1,1,0.9123508779328007,1,1,1,0,1,1,1,1,1,0.673198023500771,0.6571921861828338,0.1661677844092966,1.5863324724283123,1.6467427975725533,1,0,0,0,0.9590450518294467,1,0,0,0,0,1,1,0,0,0
0,0,1,1,-0.6658199275733652,1,0,0,1,0,0,0,0,0,0.28163475406258104,0.3291845734646724,-0.5723692740307266,-0.56396873254911,-0.49692803731945906,1,0,0,1,0.10324308631956355,0,1,0,1,0,0,1,0,0,0
1,1,1,0,0.4672257789438821,1,1,0,1,0,0,0,1,0,0.782240959293685,0.7968723351996551,-0.20012143302162097,-0.026393431304754394,0.3605402966373459,0,0,0,1,0.8493256770512981,0,1,0,0,1,0,0,0,0,1
1,0,0,0,-0.6253540094834634,0,0,0,0,0,0,0,0,0,-1.3094008090976594,-1.3911980520298612,1.0130767391146789,-1.1015440337934654,-1.3543963712762639,1,0,1,0,-0.6128170448764987,1,0,0,1,0,0,0,1,0,0
1,0,1,1,1.397941895011621,1,1,0,1,0,0,0,1,1,0.8202407702518213,1.0008585194176705,-2.1655315813137506,-0.026393431304754394,0.3605402966373459,1,0,0,1,1.1564092101317514,0,1,0,1,0,0,1,0,0,0
1,0,0,0,0.42675986085398043,1,1,0,0,0,1,1,1,1,1.1655434002627147,1.0938390586230686,0.8082546784879733,0.5111818699396011,0.7892744636157483,0,0,1,0,0.8956259346696048,0,1,0,0,1,0,0,0,1,0
1,0,0,0,0.871884959842899,1,1,0,1,0,0,0,0,1,0.49972062564840825,0.49550191254460124,0.032677551770699975,-0.56396873254911,-0.06819387034105659,1,0,1,1,0.9099161871391248,0,1,0,1,0,0,1,0,0,0
1,0,0,0,0.7100212874832923,1,0,0,0,0,0,0,0,0,-1.47296521278703,-1.4813622625758474,0.15018361052818086,-1.1015440337934654,-1.3543963712762639,1,0,1,0,-0.016143614047155933,0,0,1,0,1,0,0,1,0,0
0,0,0,0,-0.05883115622483983,1,0,0,0,0,0,0,0,0,-1.4465305616857176,-1.4069244441528297,-0.4187448255126149,-1.1015440337934654,-1.3543963712762639,0,0,1,0,-0.2487548856452793,0,0,1,0,1,0,0,0,0,1
1,0,0,0,-0.34209258285415167,1,1,0,1,0,0,1,0,1,0.8532840841284618,1.0003759939272547,-1.769964009178443,-0.026393431304754394,0.3605402966373459,1,0,1,1,0.5100707299742461,0,1,0,1,0,0,0,1,0,0
1,0,0,0,-1.191876862742087,1,0,1,0,0,0,0,0,1,-0.48166579648781477,-0.3665797905501526,-1.3451813394719276,-0.56396873254911,-0.49692803731945906,0,1,1,0,-1.1564854914922797,1,0,0,1,0,0,0,0,0,1
1,0,0,0,-1.1514109446521854,1,0,0,1,0,0,0,0,0,-0.5114047789767912,-0.41613751469741295,-1.1096421918335149,-0.56396873254911,-0.49692803731945906,0,1,1,0,-0.9941533856954343,1,0,0,1,0,0,0,0,0,1
1,0,0,0,1.5598055673712277,1,1,0,0,0,0,0,0,0,-1.2945313178531714,-1.2522885224870093,-0.4551888340679248,-1.1015440337934654,-0.9256622042978615,1,0,1,0,0.39399484529165735,0,0,1,0,0,1,1,0,0,0
1,0,0,0,0.38629394276407875,1,0,0,0,0,0,0,0,1,-1.4927912011130144,-1.4746175484924577,-0.16354061062976946,-1.1015440337934654,-1.3543963712762639,0,0,1,0,-0.11932833630928782,0,0,1,0,1,0,0,0,0,1
1,0,0,1,-0.8276835999329719,1,0,0,0,0,0,0,0,0,-1.4993998638883423,-1.5501994514855488,0.6528403956676982,-1.1015440337934654,-1.3543963712762639,1,0,0,0,-0.9826846579333727,0,0,1,0,0,1,1,0,0,0
0,0,1,1,1.6002714854611295,1,1,1,1,1,1,1,1,1,1.722323239084107,1.746281517899938,-0.3429216560726231,2.1239077736726677,2.0754769645509556,1,0,0,0,1.3360560420944685,0,1,0,0,0,1,1,0,0,0
0,0,0,1,0.4672257789438821,1,1,0,1,0,0,1,1,1,0.42372100373213517,0.46605487065783285,-0.5155519153762591,0.5111818699396011,0.7892744636157483,0,0,0,0,0.7739100587020524,1,0,0,0,1,0,0,0,0,1
0,0,0,0,-1.2728086989218905,1,0,0,0,0,0,1,0,1,-0.32140572418610824,-0.32100315781638417,0.006326045598127978,-0.56396873254911,-0.49692803731945906,1,1,1,0,-1.8247398137410407,1,0,0,1,0,0,0,1,0,0
1,1,0,0,-1.232342780831989,1,0,0,0,0,0,0,0,0,-1.5043563609698385,-1.5202726263772308,0.2402407853217905,-1.1015440337934654,-1.3543963712762639,0,1,1,0,-2.065589415459634,0,0,1,1,0,0,0,0,1,0
1,0,0,0,1.2360782226520142,1,1,1,1,1,1,0,0,0,0.22380895477846016,0.26017081759425115,-0.43798819546428,1.0487571711839567,1.2180086305941509,0,0,1,0,0.9479124174348975,1,0,0,0,1,0,0,0,1,0
0,0,1,1,1.6002714854611295,1,0,0,0,0,0,0,0,1,-1.4547913901548777,-1.4547905365760034,0.05018505929631513,-1.1015440337934654,-1.3543963712762639,0,0,0,0,0.23840266214728167,0,0,1,0,0,1,0,0,0,1
1,0,0,0,1.3574759769217193,0,0,0,0,0,1,0,0,0,-1.1656623937342732,-1.1431047746576388,-0.22670265344476528,-0.56396873254911,-0.9256622042978615,1,0,1,0,0.4215799442902647,1,0,0,0,1,0,0,1,0,0
1,0,1,1,-1.2728086989218905,1,0,0,0,0,0,0,0,1,0.12467901314853863,0.12378084838063313,0.006326045598127978,-1.1015440337934654,-0.9256622042978615,0,1,0,1,-1.6887520803920468,0,1,0,1,0,0,0,0,1,0
1,0,1,0,0.14349843422466863,1,1,0,0,0,0,1,1,1,1.0135441564301686,1.0464788628823465,-0.4246835211149123,-0.026393431304754394,0.3605402966373459,0,0,0,1,0.7744719752129119,0,1,0,1,0,0,0,0,1,0
1,1,1,1,0.7909531236630957,1,1,0,1,1,0,1,1,1,0.5327639395250487,0.45169817374710947,0.9408604143979525,1.0487571711839567,1.2180086305941509,0,0,0,0,0.8755802990248736,1,0,0,0,1,0,0,0,1,0
1,0,1,1,1.3574759769217193,1,0,1,1,1,1,0,0,0,0.037114231375441085,-0.08785347196417656,1.4774489225723262,1.0487571711839567,0.7892744636157483,0,0,0,0,0.8782748466683071,1,0,0,0,0,1,0,0,0,1
1,0,0,0,-1.1109450265622838,1,0,0,0,1,0,1,1,0,1.049891801694473,1.1125192206748917,-0.7772883324761461,0.5111818699396011,0.3605402966373459,1,1,1,1,-0.4544595637565276,0,1,0,1,0,0,1,0,0,0
1,1,0,0,1.2765441407419158,1,0,0,0,0,0,0,0,1,-1.4762695441746942,-1.5163344346556946,0.5250197978759914,-1.1015440337934654,-1.3543963712762639,1,0,1,0,0.10445202293807823,0,0,1,0,0,1,1,0,0,0
0,0,1,0,1.5598055673712277,1,1,1,1,1,1,1,1,0,0.7673714680491966,0.820701933103628,-0.6575305748852277,2.1239077736726677,2.0754769645509556,1,0,0,0,1.1556431848347055,1,0,0,0,0,1,1,0,0,0
0,0,0,0,0.6290894513034889,1,1,1,1,1,0,1,1,1,0.6186765556043143,0.5355149318949555,0.9626962054058141,1.5863324724283123,1.6467427975725533,1,0,1,0,0.8452828268153679,1,0,0,0,1,0,0,1,0,0
0,0,1,1,-1.1514109446521854,1,0,1,0,0,0,0,0,0,-0.47670929940631873,-0.3448897062973352,-1.5433591050711422,-0.56396873254911,-0.49692803731945906,0,1,0,0,-0.9686724961450613,1,0,0,1,0,0,0,0,1,0
0,0,0,0,-1.0704791084723821,1,1,0,1,1,1,1,1,1,1.492672207641456,1.5429712977833385,-0.646685936130431,1.5863324724283123,1.6467427975725533,1,1,1,0,-0.26158342178993527,0,1,0,1,0,0,0,1,0,0
0,0,1,0,1.5598055673712277,1,1,0,0,1,1,1,1,1,0.5195466139743928,0.49443418687814755,0.2792265752757363,1.0487571711839567,1.2180086305941509,1,0,0,0,1.0819567913297674,1,0,0,0,0,1,1,0,0,0
0,0,0,0,0.10303251613476692,0,0,0,0,1,1,0,0,1,-1.0334891382277112,-1.0262093763190203,-0.05048181976332974,-0.026393431304754394,-0.49692803731945906,0,0,1,0,0.09268508182579742,1,0,0,1,0,0,0,0,0,1
0,0,0,0,-0.46349033712385673,1,0,0,0,0,0,0,0,1,-1.4498348930733815,-1.4502211065299757,0.05459416649348829,-1.1015440337934654,-1.3543963712762639,1,0,1,0,-0.5321632990173176,0,0,1,0,0,1,0,1,0,0
0,0,0,0,0.38629394276407875,1,1,1,0,1,0,1,1,1,1.3373686324212455,1.319088836815739,0.1701591867141102,1.0487571711839567,1.2180086305941509,0,0,1,0,0.9232887967648182,0,1,0,1,0,0,0,0,1,0
0,0,1,0,1.5598055673712277,1,1,0,0,0,0,0,0,0,-1.3209659689544837,-1.2806878768732974,-0.43102862620914445,-1.1015440337934654,-0.9256622042978615,1,0,0,0,0.3733698775396589,0,0,1,0,0,1,1,0,0,0
1,0,1,1,0.5886235332135872,1,1,0,1,0,0,0,0,0,-0.34618820959358865,-0.35380992139403666,0.10213155069771518,-0.56396873254911,-0.06819387034105659,0,0,0,0,0.5768873422574138,1,0,0,1,0,0,0,0,1,0
1,0,0,0,1.6002714854611295,0,0,1,1,1,1,1,1,1,0.028853402906280957,-0.043470750657442714,0.8548084464013201,2.1239077736726677,1.2180086305941509,1,0,1,0,0.9465629010748219,1,0,0,0,0,1,1,0,0,0
0,0,0,0,-1.2728086989218905,1,0,0,0,0,0,0,0,1,-0.6419258687895213,-0.6405887030097968,0.006326045598127978,-1.1015440337934654,-0.9256622042978615,0,1,1,0,-1.9445045207180018,1,0,0,1,0,0,0,0,1,0
1,0,0,0,1.0742145502924074,1,1,0,0,1,0,0,0,0,-0.34949254098125276,-0.3929559753913819,0.5263568370176842,-0.56396873254911,-0.06819387034105659,1,0,1,0,0.7060087848752364,1,0,0,0,0,1,0,1,0,0
0,0,1,0,1.2360782226520142,1,1,0,1,0,0,0,0,1,0.5558942592386972,0.4969444317103,0.6783668057565884,-0.56396873254911,-0.06819387034105659,1,0,0,1,1.0073009745344947,0,1,0,1,0,0,1,0,0,0
1,0,1,0,-1.2728086989218905,1,0,0,0,0,1,1,0,1,0.6632850293377789,0.6608163521592539,0.006326045598127978,-0.026393431304754394,-0.06819387034105659,0,1,0,0,-1.5560906434572002,0,1,0,1,0,0,0,0,1,0
0,0,1,1,-0.09929707431474152,1,1,0,1,1,1,1,1,1,1.4133682543375186,1.4279314838348505,-0.2210910624665429,1.5863324724283123,1.6467427975725533,0,0,0,0,0.7310270392418076,0,1,0,1,0,0,0,0,1,0
1,0,0,0,-1.2728086989218905,1,0,0,0,0,0,0,0,0,0.1874613095141558,0.18638007888243577,0.006326045598127978,-1.1015440337934654,-0.9256622042978615,0,1,1,1,-1.6717698371417262,0,1,0,1,0,0,0,0,1,0
1,0,1,0,-0.949081354202677,1,0,1,1,0,1,1,0,1,0.13954850439302696,0.04086432376859661,1.162904480898464,1.0487571711839567,0.7892744636157483,0,0,0,0,-0.33691412280045724,1,0,0,1,0,0,0,0,0,1
0,0,0,0,1.3574759769217193,1,0,1,1,1,0,0,0,1,-0.11818934384476917,-0.1275895066367722,0.11530904933301718,0.5111818699396011,0.3605402966373459,1,0,1,0,0.8659243528519155,1,0,0,0,0,1,1,0,0,0
0,0,1,1,1.5598055673712277,1,1,0,0,0,0,0,0,0,-1.2978356492408352,-1.2916160598111586,-0.02881607492373689,-1.1015440337934654,-0.9256622042978615,1,0,0,0,0.36524975549949495,0,0,1,0,0,1,1,0,0,0
1,0,1,0,-0.9895472722925787,1,0,0,1,1,0,0,0,1,-0.3296665526552684,-0.29691069081404564,-0.37622201832494756,-0.026393431304754394,-0.06819387034105659,0,0,0,0,-0.5170470874188006,1,0,0,1,0,0,0,0,0,1
0,0,0,0,0.022100679954963547,1,1,0,1,1,0,1,1,0,1.4150204200313505,1.5065549192737173,-1.1319408822995982,1.0487571711839567,1.2180086305941509,0,0,1,1,0.8047678562927328,0,1,0,1,0,0,0,0,1,0
1,0,1,0,1.519339649281326,1,0,1,1,0,1,0,1,0,0.10650519051638643,0.062193560326791866,0.5206600030619496,1.0487571711839567,0.7892744636157483,0,0,0,0,0.9598824094065107,1,0,0,0,0,1,0,0,0,1
1,0,1,1,-1.0300131903824803,0,0,1,1,1,0,1,1,0,-0.19418896576104225,0.05882826334868763,-2.987225683008276,1.5863324724283123,0.7892744636157483,0,0,0,0,-0.4896803721445136,1,0,0,1,0,0,0,0,0,1
0,0,1,1,1.155146386472211,1,0,0,0,0,0,0,0,1,-1.4977476981945104,-1.49437415267092,0.011758491739251068,-1.1015440337934654,-1.3543963712762639,0,0,0,0,0.09625959158201272,0,0,1,1,0,0,0,0,0,1
0,0,0,0,-0.8681495180228737,1,0,1,0,0,0,0,0,0,0.38572119277399886,0.37897005597649774,0.06657681189058733,-0.56396873254911,-0.49692803731945906,0,0,1,0,-0.11985300972156156,0,1,0,1,0,0,0,0,1,0
0,0,0,0,-1.2728086989218905,1,0,0,0,0,0,0,0,1,-1.47296521278703,-1.4692048330731289,0.006326045598127978,-1.1015440337934654,-1.3543963712762639,0,1,1,0,-2.4378330916639057,0,0,1,1,0,0,0,0,0,1
0,1,0,0,-0.2611607466743483,1,0,0,0,0,0,0,1,1,0.46502514607793577,0.40902552016111327,0.6465926729186696,-0.56396873254911,-0.49692803731945906,0,0,1,1,0.4288210463460382,0,1,0,1,0,0,0,0,1,0
1,0,0,0,-0.1802289104945449,1,1,0,1,1,0,1,1,1,1.3538902893595657,1.3728237652540034,-0.2707515330031174,1.0487571711839567,1.2180086305941509,0,0,1,1,0.67778300263061,0,1,0,1,0,0,0,0,1,0
1,0,1,0,0.8314190417529973,1,0,0,1,0,0,1,1,1,0.9755443454720317,0.8930302802024348,0.9427205854353078,0.5111818699396011,0.3605402966373459,1,0,0,1,0.9868049946618023,0,1,0,0,1,0,1,0,0,0
1,1,1,0,0.14349843422466863,1,0,0,0,1,1,0,0,0,-0.3511447066750847,-0.3092429222615865,-0.48370367535074943,-0.026393431304754394,-0.06819387034105659,1,0,0,0,0.4246506199031876,1,0,0,0,1,0,0,1,0,0
1,0,1,1,1.6002714854611295,1,1,1,1,1,1,1,1,1,0.8995447235557587,0.8938703586984934,0.03610685736850609,2.1239077736726677,2.0754769645509556,1,0,0,0,1.1798527633768399,1,0,0,0,0,1,0,1,0,0
1,0,0,0,-1.232342780831989,1,0,1,1,0,0,0,0,1,-0.3594055351442448,-0.35147909898173524,-0.08139198179824633,-0.026393431304754394,-0.06819387034105659,0,1,1,0,-1.40453239643935,1,0,0,1,0,0,0,0,0,1
1,0,1,1,1.114680468382309,1,1,1,0,1,1,1,1,1,1.515802527355104,1.4838589542436977,0.325684641637516,1.5863324724283123,1.6467427975725533,0,0,0,0,1.1771775258382438,0,1,0,0,0,1,0,0,1,0
0,0,0,0,-1.0300131903824803,1,0,0,0,0,0,0,0,0,-1.4779217098685262,-1.4854429793311152,0.13999161115450795,-1.1015440337934654,-1.3543963712762639,1,0,1,0,-1.2541295947799573,0,0,1,1,0,0,1,0,0,0
0,0,1,1,0.022100679954963547,1,1,0,0,0,0,0,0,0,-1.340791957280468,-1.3340723634013751,-0.0332504381429969,-1.1015440337934654,-0.9256622042978615,1,0,0,0,-0.1493262616053133,0,0,1,0,1,0,0,1,0,0
1,1,0,0,-1.2728086989218905,1,0,0,0,0,0,0,0,1,-0.6237520461573689,-0.6224678731276958,0.006326045598127978,-1.1015440337934654,-0.9256622042978615,0,1,1,0,-1.937069006629334,1,0,0,1,0,0,0,0,0,1
1,0,1,0,-0.9086154361127753,1,1,0,0,1,0,1,1,1,1.115978429447754,1.2859849830917285,-2.0501743744724146,0.5111818699396011,0.7892744636157483,0,0,0,1,0.014090641824082024,0,1,0,1,0,0,0,0,1,0
0,0,1,1,0.14349843422466863,1,0,0,0,0,0,0,0,0,-1.5043563609698385,-1.4897966852118798,-0.1203777717521894,-1.1015440337934654,-1.3543963712762639,1,0,0,0,-0.23092776140021426,0,0,1,1,0,0,1,0,0,0
0,0,0,0,0.993282714112604,1,0,1,1,1,1,1,0,1,0.3163302336330535,0.27513457420609033,0.47654938934086627,1.5863324724283123,1.2180086305941509,1,0,1,0,0.8888334301796941,1,0,0,0,0,1,0,1,0,0
0,0,0,0,0.5481576151236855,1,1,0,0,0,0,1,1,0,1.0350223104499845,1.0180044099538639,0.16565927410554732,-0.026393431304754394,0.3605402966373459,1,0,1,1,0.9231099659149788,0,1,0,1,0,0,1,0,0,0
0,1,0,0,-1.232342780831989,1,1,0,0,0,0,1,1,1,0.9623270199213754,0.6814082042980047,3.2908788492178997,-0.026393431304754394,0.3605402966373459,0,1,1,1,-1.1187369679462056,0,1,0,1,0,0,0,0,1,0
0,0,1,0,0.34582802467417706,1,0,0,1,1,1,0,0,1,0.7095456687650757,0.5501225909060667,1.8619545601132885,0.5111818699396011,0.3605402966373459,1,0,0,0,0.7494962952530608,0,1,0,0,1,0,1,0,0,0
0,0,1,1,0.5481576151236855,1,1,0,0,0,0,0,0,0,-1.3143573061791556,-1.2980238709457743,-0.14792207987182487,-1.1015440337934654,-0.9256622042978615,0,0,0,0,0.08733893935250027,0,0,1,0,1,0,0,0,0,1
1,0,0,0,-1.2728086989218905,1,0,0,0,0,0,0,0,0,-1.47296521278703,-1.4692048330731289,0.006326045598127978,-1.1015440337934654,-1.3543963712762639,0,1,1,0,-2.4378330916639057,0,0,1,1,0,0,0,0,0,1
0,0,1,0,-1.232342780831989,1,0,0,0,0,0,0,0,1,-0.6650561885031695,-0.8061471942053531,1.6924614611062023,-1.1015440337934654,-0.9256622042978615,1,1,0,0,-1.5880783224634096,1,0,0,1,0,0,0,1,0,0
1,0,0,1,1.1956123045621125,1,1,0,0,0,0,0,0,1,-1.332531128811308,-1.3822142215863287,0.6338715032438699,-1.1015440337934654,-0.9256622042978615,0,0,0,0,0.20827615839341607,0,0,1,0,0,1,0,0,0,1
0,0,0,0,-0.42302441903395505,1,0,1,0,0,0,0,0,1,-0.5262742702212795,-0.5537285267154298,0.34302150429128103,-0.56396873254911,-0.49692803731945906,1,0,1,0,0.024222430865112252,1,0,0,1,0,0,0,1,0,0
1,0,0,0,0.022100679954963547,1,0,1,0,0,1,1,0,1,0.8004147819258371,0.8896979086590661,-1.084094685537939,0.5111818699396011,0.3605402966373459,0,0,1,0,0.6878736415308594,0,1,0,0,0,1,0,0,1,0
1,0,0,0,-1.1514109446521854,1,1,0,1,0,0,0,1,1,0.8367624271901415,0.8988581628832135,-0.7636433059922672,-0.026393431304754394,0.3605402966373459,0,1,1,1,-0.6374072049371949,0,1,0,1,0,0,0,0,1,0
1,0,1,1,1.2765441407419158,1,1,0,1,1,1,1,1,1,1.4695418879278075,1.3372329551020443,1.514893370925351,1.5863324724283123,1.6467427975725533,1,0,0,0,1.1917549670417102,0,1,0,0,0,1,0,1,0,0
1,0,1,0,0.5076916970337838,1,1,1,0,1,0,0,0,1,0.6550242008686187,0.586099960665582,0.7929726517799303,-0.026393431304754394,0.3605402966373459,0,0,0,0,0.8164776360418486,0,1,0,1,0,0,0,0,0,1
1,0,0,0,-1.232342780831989,1,0,0,0,0,0,0,0,1,-0.5989695607498885,-0.6850671036294983,1.0394494793776405,-1.1015440337934654,-0.9256622042978615,1,1,1,0,-1.5337425488364909,1,0,0,1,0,0,1,0,0,0
0,0,1,1,0.1839643523145703,1,1,0,1,0,0,1,0,1,0.7954582848443409,0.8415348988212854,-0.5726656187178778,-0.026393431304754394,0.3605402966373459,0,0,0,1,0.749779002484358,0,1,0,1,0,0,0,0,1,0
1,0,0,0,1.397941895011621,1,0,0,0,0,0,0,0,1,-1.4845303726438543,-1.4882599798283909,0.09535329728400017,-1.1015440337934654,-1.3543963712762639,0,0,1,0,0.16127863203543946,0,0,1,0,0,1,0,0,0,1
0,0,0,0,1.4384078131015228,1,1,0,0,0,0,0,0,0,-1.2961834835470034,-1.2503982348176028,-0.4970493011601468,-1.1015440337934654,-0.9256622042978615,1,0,1,0,0.36817540571625224,0,0,1,0,0,1,1,0,0,0
1,0,0,1,-1.2728086989218905,1,0,0,0,0,0,0,0,0,-1.4531392244610457,-1.449436655019928,0.006326045598127978,-1.1015440337934654,-1.3543963712762639,0,1,0,0,-2.4202194806295787,0,0,1,1,0,0,0,0,0,1
0,1,1,0,-1.0704791084723821,1,1,0,0,0,0,0,1,1,0.6484155380932906,0.47466600882494653,2.0335871232032114,-0.56396873254911,-0.06819387034105659,0,1,0,1,-0.47738900173224286,0,1,0,1,0,0,0,0,1,0
0,0,0,1,0.8314190417529973,1,1,0,1,1,1,1,1,1,0.6566763665624507,0.6330600895782662,0.2567913565286522,1.5863324724283123,1.6467427975725533,0,0,0,0,0.9302592449561133,1,0,0,0,1,0,0,0,1,0
1,0,1,1,-0.9086154361127753,1,0,0,0,1,0,1,0,0,-0.1495804920275775,-0.2765247571966824,1.5072789588249684,-0.026393431304754394,-0.06819387034105659,0,0,0,0,-0.36988796014004466,1,0,0,1,0,0,0,0,0,1
0,0,1,1,0.6695553693933906,1,1,0,0,0,0,1,1,1,1.0201528192054963,1.083277109670344,-0.7821416655112294,-0.026393431304754394,0.3605402966373459,0,0,0,1,0.9757882240863737,0,1,0,1,0,0,0,0,1,0
0,0,0,0,0.5076916970337838,1,1,1,1,0,0,0,1,0,1.058152630163633,1.1196943371534607,-0.7647262446020943,0.5111818699396011,0.7892744636157483,1,0,1,0,0.929268178644407,0,1,0,0,1,0,1,0,0,0
0,0,0,1,0.5481576151236855,1,1,0,0,1,1,0,0,1,0.6632850293377789,0.7023939875211492,-0.4856576732771882,-0.026393431304754394,0.3605402966373459,1,0,0,0,0.8566747904439308,0,1,0,1,0,0,1,0,0,0
1,0,1,1,0.34582802467417706,1,1,0,1,1,0,1,0,0,0.12467901314853863,0.1490535800787292,-0.2927234895363923,0.5111818699396011,0.7892744636157483,1,0,0,0,0.6475898820489374,1,0,0,0,1,0,1,0,0,0
1,0,0,1,-1.2728086989218905,0,0,0,0,0,0,0,0,1,-1.3027921463223315,-1.2995279714498222,0.006326045598127978,-1.1015440337934654,-1.3543963712762639,0,1,0,0,-2.300615048660434,1,0,0,1,0,0,0,0,1,0
0,0,1,1,0.5481576151236855,1,0,0,0,0,0,0,0,0,-1.4977476981945104,-1.4468223850962256,-0.5509164955913962,-1.1015440337934654,-1.3543963712762639,1,0,0,0,-0.036108396612571377,0,0,1,0,0,1,0,1,0,0
0,0,1,1,-1.1514109446521854,1,0,0,0,1,0,0,0,1,0.2981564110009013,0.5475611653961245,-2.96146721464585,-0.56396873254911,-0.49692803731945906,0,1,0,1,-0.7147218917019039,0,1,0,1,0,0,0,0,1,0
1,1,1,0,1.4384078131015228,1,1,0,0,1,0,0,0,1,0.5162422825867284,0.5750088930116597,-0.7131911072283413,-0.56396873254911,-0.06819387034105659,1,0,0,1,1.073793449952485,0,1,0,1,0,0,0,1,0,0
0,0,0,0,-0.05883115622483983,1,1,0,0,1,0,0,1,1,0.8318059301086458,0.8501019710450098,-0.24519517991118583,-0.026393431304754394,0.3605402966373459,0,0,1,1,0.6402220027871774,0,1,0,1,0,0,0,0,1,0
0,0,0,0,-1.232342780831989,1,1,0,0,0,0,0,0,1,0.3691995358356786,0.22838745724548712,1.6534756711522607,-1.1015440337934654,-0.49692803731945906,0,1,1,1,-1.2285352471725741,0,1,0,1,0,0,0,0,1,0
1,1,0,0,0.5076916970337838,1,1,0,0,0,0,1,1,1,0.9639791856152078,0.9421468120460094,0.22507964478414882,-0.026393431304754394,0.3605402966373459,1,0,1,1,0.8939346658438704,0,1,0,1,0,0,1,0,0,0
0,1,0,0,-0.6253540094834634,1,0,0,1,1,0,1,0,1,0.8070234447011654,0.7679908861143526,0.4340230942105113,0.5111818699396011,0.3605402966373459,0,0,1,1,0.2445699090984835,0,1,0,1,0,0,0,0,1,0
1,1,0,0,-0.7467517637531685,1,1,0,0,0,0,1,1,1,1.0201528192054963,0.863440177204562,1.8191652784565155,-0.026393431304754394,0.3605402966373459,0,0,1,1,0.14277692949659063,0,1,0,1,0,0,0,0,1,0
0,1,1,0,0.224430270404472,1,1,1,1,0,0,0,1,0,1.0003268308795121,0.9806186536909692,0.1986901407656128,0.5111818699396011,0.7892744636157483,1,0,0,0,0.7953300639106424,0,1,0,0,1,0,0,1,0,0
1,0,0,0,0.1839643523145703,1,1,0,0,0,1,1,1,0,1.125891423610746,0.9617467923880472,1.9034588783569324,0.5111818699396011,0.7892744636157483,1,0,1,0,0.7747165241345187,0,1,0,1,0,0,1,0,0,0
0,0,0,0,-0.2611607466743483,1,1,1,1,0,0,1,0,1,0.15772232702517913,0.14792083504175318,0.11053806105194107,0.5111818699396011,0.7892744636157483,1,0,1,0,0.3606171707833002,1,0,0,1,0,0,1,0,0,0
0,0,1,0,1.155146386472211,1,1,0,0,1,1,1,1,1,1.3753684433793818,1.513413550680568,-1.6809278147037128,1.0487571711839567,1.2180086305941509,0,0,0,0,1.1927068193785524,0,1,0,1,0,0,0,0,1,0
0,0,0,0,-1.1514109446521854,1,0,1,0,1,1,0,1,1,0.980500842553528,1.0561799132232694,-0.929332913296522,1.0487571711839567,0.7892744636157483,1,1,1,0,-0.6056396605426807,0,1,0,1,0,0,1,0,0,0
1,0,0,0,0.871884959842899,1,1,1,0,1,1,1,1,0,0.739284651254052,0.755996468711702,-0.22325693968620816,1.5863324724283123,1.6467427975725533,1,0,1,0,0.9693995887453609,1,0,0,0,0,1,1,0,0,0
0,0,0,0,-1.232342780831989,1,0,0,0,1,0,0,1,1,0.7095456687650757,0.8107250357293597,-1.2217263379511012,-0.026393431304754394,-0.06819387034105659,0,1,1,1,-1.0906127227505618,0,1,0,1,0,0,0,0,0,1
0,0,1,0,0.9528167960227024,1,1,0,0,1,1,1,1,0,1.2712820046679645,1.2465368777802075,0.24894297057936665,1.0487571711839567,1.2180086305941509,1,0,0,0,1.0910192163087442,0,1,0,0,0,1,1,0,0,0
1,0,0,0,-0.9895472722925787,1,1,0,0,0,0,0,1,0,0.6533720351747868,0.5959520179221889,0.6569014154545678,-0.56396873254911,-0.06819387034105659,1,0,1,1,-0.26800217108471497,0,1,0,1,0,0,1,0,0,0
1,0,0,0,-0.05883115622483983,1,0,0,1,1,0,1,1,1,1.2118040396900116,1.2080016462823946,0.0031820302792643952,1.0487571711839567,0.7892744636157483,0,0,1,1,0.7115392596694587,0,1,0,1,0,0,0,0,1,0
1,0,0,0,0.3053621065842754,0,0,1,1,1,0,1,1,0,-0.08845036135579276,-0.06438749646327144,-0.28168147768663654,1.5863324724283123,0.7892744636157483,1,0,1,0,0.5702440170051578,1,0,0,0,1,0,0,1,0,0
1,0,1,1,-0.5848880913935618,1,0,0,0,0,0,0,0,0,-1.4845303726438543,-1.506544724951397,0.31171473357068913,-1.1015440337934654,-1.3543963712762639,1,0,0,0,-0.6830331524001119,0,0,1,0,1,0,1,0,0,0
1,0,1,1,-0.7872176818430703,1,0,0,0,1,0,1,1,0,1.0664134586327931,1.2489196492419772,-2.1963710867997044,0.5111818699396011,0.3605402966373459,0,0,0,1,0.17228923770356888,0,1,0,1,0,0,0,0,1,0
0,0,1,0,1.1956123045621125,1,0,1,0,1,1,1,1,0,0.537720436606545,0.5164342560018707,0.2333239516202892,1.5863324724283123,1.2180086305941509,0,0,0,0,1.0018762947889246,1,0,0,0,0,1,0,0,0,1
0,1,1,0,-0.7872176818430703,1,0,0,0,0,0,0,0,1,0.17920048104499567,0.19030837067505896,-0.1376214865395105,-1.1015440337934654,-0.9256622042978615,0,0,0,1,-0.06388990226514135,0,1,0,1,0,0,0,0,1,0
1,0,0,0,0.2648961884943737,1,0,1,0,1,0,1,1,1,1.180412891507203,1.0785669524715524,1.1644039343582315,1.0487571711839567,0.7892744636157483,0,0,1,0,0.8311774172754431,0,1,0,0,0,1,0,0,1,0
1,0,1,0,-0.5848880913935618,1,1,0,0,0,0,1,1,1,0.992066002410352,0.9637453769559884,0.3008853474723669,-0.026393431304754394,0.3605402966373459,0,0,0,1,0.3216252417601773,0,1,0,1,0,0,0,0,1,0
0,0,0,0,-1.0704791084723821,1,0,0,0,1,1,1,1,1,1.1638912345688828,0.8741479403167121,3.3883433241027654,1.0487571711839567,0.7892744636157483,0,1,1,0,-0.3878200560298636,0,1,0,1,0,0,0,0,0,1
0,0,0,0,0.8314190417529973,1,0,0,0,0,0,0,0,0,-1.469660881399366,-1.4813268290491481,0.18875011934488392,-1.1015440337934654,-1.3543963712762639,0,0,1,0,0.020543343853014165,0,0,1,0,0,1,0,0,0,1
1,0,0,0,-0.018365238134938143,1,0,0,0,0,0,0,0,0,-1.466356550011702,-1.4046493766181452,-0.6795801964040717,-1.1015440337934654,-1.3543963712762639,1,0,1,0,-0.22682640243435298,0,0,1,0,1,0,0,1,0,0
1,0,1,0,0.5886235332135872,1,0,0,1,1,0,1,1,0,0.29319991391940503,0.3362887624525415,-0.5199821187801178,1.0487571711839567,0.7892744636157483,0,0,0,0,0.7831896398264933,1,0,0,0,0,1,0,0,1,0
0,0,0,0,-1.2728086989218905,0,0,0,1,0,0,0,0,0,-1.149140736795953,-1.1463245915375162,0.006326045598127978,-0.56396873254911,-0.9256622042978615,1,1,1,0,-2.1981061992403856,1,0,0,1,0,0,1,0,0,0
1,0,1,0,1.5598055673712277,1,1,0,0,0,0,0,0,1,-1.3292267974236438,-1.290293540856895,-0.4148303050310976,-1.1015440337934654,-0.9256622042978615,0,0,0,0,0.3662380333109309,0,0,1,0,0,1,0,0,1,0
0,0,0,0,0.9123508779328007,1,0,0,0,0,0,0,0,0,-0.6501866972586814,-0.6579008346988119,0.11371417610762725,-1.1015440337934654,-0.9256622042978615,1,0,1,0,0.5578560692419707,1,0,0,0,1,0,1,0,0,0
1,0,1,0,1.2765441407419158,1,1,0,1,0,1,0,1,1,0.17920048104499567,0.1735616509260631,0.06054065975283452,0.5111818699396011,0.7892744636157483,0,0,0,0,0.9346225735599363,1,0,0,0,1,0,0,0,0,1
1,0,1,1,0.10303251613476692,1,1,0,0,0,0,0,0,0,-1.2978356492408352,-1.3713052846191824,0.914138011668536,-1.1015440337934654,-0.9256622042978615,1,0,0,0,-0.14233251586229512,0,0,1,0,0,1,1,0,0,0
0,1,0,0,-0.05883115622483983,1,0,1,0,0,0,0,0,1,0.2915477482255731,0.09311891629273866,2.3379278060694775,-0.56396873254911,-0.49692803731945906,1,0,1,0,0.45600465343944024,0,1,0,1,0,0,0,1,0,0
0,0,0,0,-0.09929707431474152,1,0,1,1,1,1,1,1,0,0.6814588519699311,0.6458803954079467,0.39748347146936386,2.1239077736726677,1.6467427975725533,1,0,1,0,0.5749501991001653,1,0,0,0,1,0,1,0,0,0
0,0,0,0,-0.6658199275733652,1,1,0,0,1,0,0,1,1,0.015636077355625035,0.015364746870109981,0.002671127789949063,-0.026393431304754394,0.3605402966373459,1,0,1,0,0.017476003534972154,1,0,0,1,0,0,0,1,0,0
0,0,0,0,0.7909531236630957,1,0,1,0,1,1,0,0,0,-0.22392794825001866,-0.20553038697677387,-0.2099701159732716,0.5111818699396011,0.3605402966373459,1,0,1,0,0.6909016368955188,1,0,0,0,1,0,0,1,0,0
1,0,0,1,0.7909531236630957,1,1,1,1,0,1,1,1,1,0.6748501891946033,0.6939217144438615,-0.2489559059272188,1.5863324724283123,1.6467427975725533,0,0,0,0,0.9319687036827514,1,0,0,0,0,1,0,0,0,1
1,1,0,0,0.10303251613476692,1,1,1,0,0,0,0,1,0,0.8681535753729501,0.8608514872214045,0.05645063268177202,-0.026393431304754394,0.3605402966373459,1,0,1,0,0.7188747482038099,0,1,0,1,0,0,0,1,0,0
1,0,1,1,1.5598055673712277,1,0,0,1,0,1,1,1,1,0.28493908545024493,0.2588169942370046,0.2992685658858586,1.0487571711839567,0.7892744636157483,1,0,0,0,1.0228117769586473,1,0,0,0,0,1,0,1,0,0
0,0,0,0,-0.8276835999329719,1,0,0,0,0,0,0,0,0,-1.4960955325006784,-1.5086039101652722,0.19963058745309986,-1.1015440337934654,-1.3543963712762639,1,0,1,0,-0.9394798027286023,0,0,1,1,0,0,1,0,0,0
0,1,1,0,0.6290894513034889,1,1,1,1,1,1,1,1,0,1.7421492274100916,1.600148007221936,1.620175308899936,2.1239077736726677,2.0754769645509556,0,0,0,0,1.056621583994505,0,1,0,1,0,0,0,0,1,0
0,0,0,0,0.224430270404472,1,0,0,0,0,0,0,0,0,-1.5010520295821745,-1.4780484916758765,-0.22040710123928234,-1.1015440337934654,-1.3543963712762639,0,0,1,0,-0.18555157981271525,0,0,1,0,1,0,0,0,0,1
0,0,0,1,1.397941895011621,1,1,0,1,0,1,1,1,1,1.2977166557692768,1.3283365834606815,-0.4070978911522758,1.0487571711839567,1.2180086305941509,0,0,0,0,1.218978577822343,0,1,0,0,0,1,0,0,1,0
1,0,1,1,0.4672257789438821,1,0,0,0,0,0,0,0,0,-1.4779217098685262,-1.4884862946212318,0.17600283596586047,-1.1015440337934654,-1.3543963712762639,1,0,0,0,-0.10345920823153394,0,0,1,0,1,0,1,0,0,0
1,0,0,0,0.8314190417529973,1,0,0,0,0,0,0,0,0,-1.4944433668068464,-1.480052465369618,-0.11872271463150309,-1.1015440337934654,-1.3543963712762639,1,0,1,0,0.02177209632815632,0,0,1,0,0,1,0,1,0,0
1,0,0,1,-0.949081354202677,1,0,0,0,0,0,0,0,0,-1.474617378480862,-1.4366239470224833,-0.39869299447895534,-1.1015440337934654,-1.3543963712762639,0,0,0,0,-1.05139041560926,0,0,1,0,1,0,0,0,0,1
1,0,1,1,-1.2728086989218905,1,0,0,0,0,0,0,0,0,-1.479573875562358,-1.475794225757529,0.006326045598127978,-1.1015440337934654,-1.3543963712762639,1,1,0,0,-2.4438155170479847,0,0,1,1,0,0,1,0,0,0
0,0,1,1,0.34582802467417706,1,1,1,1,1,0,0,1,1,1.2184127024653393,1.0254428071039636,2.241352857469955,1.0487571711839567,1.2180086305941509,1,0,0,0,0.852158723579162,0,1,0,0,1,0,1,0,0,0
1,0,1,1,-1.2728086989218905,1,0,0,0,0,0,0,0,1,0.17259181826966746,0.1715539453425351,0.006326045598127978,-1.1015440337934654,-0.9256622042978615,1,1,0,1,-1.6757507494645763,0,1,0,1,0,0,0,1,0,0
0,0,1,0,0.9123508779328007,1,1,0,1,0,0,0,0,1,0.43032966650746335,0.42263975840311363,0.07614605124292138,-0.56396873254911,-0.06819387034105659,1,0,0,1,0.9037713928952286,0,1,0,1,0,0,0,1,0,0
1,0,0,0,-1.2728086989218905,0,0,0,0,0,0,0,0,1,-1.3308789631174758,-1.3275328903585233,0.006326045598127978,-1.1015440337934654,-1.3543963712762639,0,1,1,0,-2.3213009169490895,1,0,0,1,0,0,0,0,0,1
1,0,0,1,-1.2728086989218905,1,0,0,0,0,0,0,0,1,-1.469660881399366,-1.4659101367309286,0.006326045598127978,-1.1015440337934654,-1.3543963712762639,0,1,0,0,-2.434863060048651,0,0,1,1,0,0,0,0,0,1
0,0,1,1,-0.5039562552137584,1,0,0,0,0,0,0,0,0,-1.4779217098685262,-1.445071182366513,-0.337723550745427,-1.1015440337934654,-1.3543963712762639,0,0,0,0,-0.5580922437332526,0,0,1,1,0,0,0,0,1,0
1,0,1,0,-0.8276835999329719,1,0,0,1,0,0,0,1,1,0.671545857806939,0.6119450230832854,0.6820797381331558,-0.026393431304754394,-0.06819387034105659,1,0,0,1,-0.009343749379817018,0,1,0,1,0,0,0,1,0,0
0,0,0,0,0.42675986085398043,1,1,0,1,1,1,1,1,0,0.673198023500771,0.6729607561182942,-0.02042001960283742,1.5863324724283123,1.6467427975725533,1,0,1,0,0.8076534765040977,1,0,0,0,1,0,0,1,0,0
1,0,1,0,-0.5039562552137584,1,0,0,0,0,0,0,0,0,-1.4564435558487099,-1.445318284592178,-0.08139198179824633,-1.1015440337934654,-1.3543963712762639,0,0,0,0,-0.5583178827017907,0,0,1,0,1,0,0,0,0,1
0,0,1,1,1.6002714854611295,0,0,1,0,1,0,1,1,1,-0.361057700838077,-0.3244580130085524,-0.4206225013280496,1.0487571711839567,0.3605402966373459,1,0,0,0,0.8556563196915502,1,0,0,0,0,1,0,1,0,0
0,0,1,1,0.9123508779328007,1,0,0,1,1,1,1,1,1,1.2878036616062847,1.255509041926377,0.33770526020665437,1.5863324724283123,1.2180086305941509,1,0,0,0,1.081344998958992,0,1,0,0,1,0,1,0,0,0
0,0,1,0,1.6002714854611295,1,1,0,0,0,0,0,0,0,-1.2912269864655073,-1.2696011463415047,-0.21134461497805884,-1.1015440337934654,-0.9256622042978615,1,0,0,0,0.39030384930419004,0,0,1,0,0,1,1,0,0,0
0,1,0,0,-1.2728086989218905,1,0,0,0,0,0,1,1,1,0.8780665695359422,0.8749716144022622,0.006326045598127978,-0.026393431304754394,-0.06819387034105659,0,1,1,1,-1.510110693254716,0,1,0,1,0,0,0,0,1,0
0,0,0,0,0.34582802467417706,1,1,1,1,1,1,1,1,1,1.6446714514740022,1.5051023794598795,1.5947592679899163,2.1239077736726677,2.0754769645509556,1,0,1,0,0.9411565808554975,0,1,0,1,0,0,1,0,0,0
0,1,0,0,0.224430270404472,1,0,1,1,0,0,0,0,1,-0.2503625993513312,-0.1817155348231075,-0.8036550377871038,-0.026393431304754394,-0.06819387034105659,1,0,1,0,0.5012128962187925,1,0,0,1,0,0,0,1,0,0
1,1,1,0,-1.0300131903824803,1,0,0,0,0,0,0,0,1,0.17754831535116325,0.06753567511021671,1.2956418133606982,-1.1015440337934654,-0.9256622042978615,0,0,0,1,-0.48718938950038376,0,1,0,1,0,0,0,0,0,1
1,0,0,1,1.114680468382309,1,1,1,0,1,1,1,1,1,0.6682415264192751,0.6041750308762639,0.7350354361539257,1.5863324724283123,1.6467427975725533,0,0,0,0,1.0017437079268945,1,0,0,0,0,1,0,0,1,0
0,0,0,0,-0.22069482858444658,1,0,0,0,0,0,0,0,1,-1.469660881399366,-1.4763433418145624,0.1297810471189502,-1.1015440337934654,-1.3543963712762639,1,0,1,0,-0.39875961567752793,0,0,1,0,0,1,1,0,0,0
1,0,0,0,-0.42302441903395505,1,1,0,0,0,0,0,0,1,-1.3176616375668195,-1.3941756118257533,0.950845411300497,-1.1015440337934654,-0.9256622042978615,1,0,1,0,-0.45337611047087767,0,0,1,1,0,0,0,1,0,0
0,0,0,0,-1.191876862742087,1,0,0,0,0,0,0,0,1,0.16928748688200312,0.06173073393586384,1.2668665874423142,-1.1015440337934654,-0.9256622042978615,0,1,1,1,-1.0205523367013718,0,1,0,1,0,0,0,0,1,0
1,0,1,0,1.6002714854611295,1,1,0,1,1,1,1,1,1,1.4364985740511669,1.4547466512866463,-0.26549154546964776,1.5863324724283123,1.6467427975725533,0,0,0,0,1.2868717590365633,0,1,0,0,0,1,0,0,1,0
1,0,1,0,0.5886235332135872,1,1,0,1,1,0,0,0,1,0.61537222421665,0.7164756903657836,-1.2175789134879185,-0.026393431304754394,0.3605402966373459,1,0,0,1,0.8733311623289532,0,1,0,1,0,0,1,0,0,0
1,0,0,1,-1.2728086989218905,1,0,0,1,0,0,0,0,1,0.35102571320352594,0.3494675478213417,0.006326045598127978,-0.56396873254911,-0.49692803731945906,0,1,0,1,-1.6295645947293937,0,1,0,1,0,0,0,0,1,0
0,0,1,0,1.519339649281326,0,0,1,1,1,1,1,1,0,-0.005842076664191485,-0.012760781458260772,0.08206986608007528,2.1239077736726677,1.2180086305941509,1,0,0,0,0.9380133472415813,1,0,0,0,0,1,1,0,0,0
0,0,1,0,0.42675986085398043,1,1,0,1,0,0,0,0,0,0.5195466139743928,0.471179760369828,0.5543937206483409,-0.56396873254911,-0.06819387034105659,0,0,0,1,0.7606789526358357,0,1,0,1,0,0,0,0,1,0
1,0,1,0,-0.949081354202677,1,1,1,0,0,0,0,1,1,0.7706757994368605,0.8002918306457261,-0.37703422228232064,-0.026393431304754394,0.3605402966373459,0,0,0,0,-0.14854097148734843,0,1,0,1,0,0,0,0,1,0
0,0,1,0,1.0742145502924074,1,0,0,0,0,0,0,0,0,-1.466356550011702,-1.4255640671166985,-0.43209889735851115,-1.1015440337934654,-1.3543963712762639,0,0,0,0,0.13965631037998216,0,0,1,0,1,0,0,0,0,1
0,0,0,0,-0.38255850094405336,1,1,0,1,0,0,1,1,1,1.122587092223082,1.088697133644114,0.36228325822109586,0.5111818699396011,0.7892744636157483,1,0,1,1,0.500779309005924,0,1,0,1,0,0,0,1,0,0
1,0,0,0,1.6002714854611295,1,1,0,0,0,0,0,0,0,-1.3209659689544837,-1.3196622268743787,0.030150695014427978,-1.1015440337934654,-0.9256622042978615,1,0,1,0,0.35271934412811135,0,0,1,0,0,1,1,0,0,0
1,0,0,0,-0.46349033712385673,1,0,0,0,0,0,0,0,1,-1.466356550011702,-1.4699108394321718,0.09265172335329087,-1.1015440337934654,-1.3543963712762639,0,0,1,0,-0.5505425362552633,0,0,1,0,1,0,0,0,0,1
1,1,0,0,1.4384078131015228,1,0,0,0,0,0,0,0,1,-1.4779217098685262,-1.456704367539487,-0.20006931298157563,-1.1015440337934654,-1.3543963712762639,1,0,1,0,0.20066028888496587,0,0,1,0,0,1,0,1,0,0
0,0,0,0,-1.1109450265622838,1,0,0,0,0,0,0,1,1,0.5046771227299045,0.5850383362886511,-0.9683187032504693,-0.56396873254911,-0.49692803731945906,0,1,1,1,-0.5658858287969131,0,1,0,1,0,0,0,0,1,0
0,1,0,0,0.7909531236630957,0,0,0,1,1,1,1,0,1,-0.47010063663099055,-0.507090141605649,0.4539129033385985,1.0487571711839567,0.3605402966373459,0,0,1,0,0.5838170272164716,1,0,0,1,0,0,0,0,1,0
1,0,1,1,-1.2728086989218905,1,0,0,0,0,0,0,0,0,-1.4894868697253503,-1.4856783147841295,0.006326045598127978,-1.1015440337934654,-1.3543963712762639,0,1,0,0,-2.4528971004684124,0,0,1,0,1,0,0,0,0,1
1,0,0,0,1.3170100588318177,1,1,1,0,0,1,0,1,0,0.9524140257583833,0.9432732039578727,0.07530090474741238,0.5111818699396011,0.7892744636157483,0,0,1,0,1.1256553613474625,0,1,0,0,1,0,0,0,1,0
1,0,1,0,-1.2728086989218905,1,0,0,0,0,0,0,0,0,-0.6617518571155054,-0.6603568810629973,0.006326045598127978,-1.1015440337934654,-0.9256622042978615,1,1,0,0,-1.9527174050064757,1,0,0,1,0,0,0,1,0,0
0,0,0,0,-1.191876862742087,0,0,0,0,0,0,1,0,1,-0.9888806644942467,-0.8816506520474393,-1.2347216012690874,-0.56396873254911,-0.9256622042978615,1,1,1,0,-1.3719330225972572,1,0,0,1,0,0,0,1,0,0
1,0,0,0,-0.8681495180228737,1,1,0,0,0,0,0,0,0,-1.3738352711571085,-1.3986683795651171,0.341249422929737,-1.1015440337934654,-0.9256622042978615,1,0,1,0,-0.8923654134120753,0,0,1,1,0,0,0,1,0,0
0,0,1,1,1.6002714854611295,1,1,1,0,1,1,0,0,0,0.0701575452520816,0.04452509748215241,0.3008853474723669,0.5111818699396011,0.7892744636157483,1,0,0,0,0.9725292570728367,1,0,0,0,0,1,1,0,0,0
1,0,1,1,-1.1109450265622838,1,1,1,0,1,0,0,0,1,0.6533720351747868,0.8568507845201616,-2.4302858265233653,-0.026393431304754394,0.3605402966373459,0,1,0,0,-0.5060126441355592,0,1,0,1,0,0,0,0,1,0
1,0,0,0,-0.2611607466743483,1,0,0,1,1,0,1,0,0,0.8285015987209814,0.8261847647196836,-0.00117122170070909,0.5111818699396011,0.3605402966373459,0,0,1,1,0.5244500909845861,0,1,0,1,0,0,0,0,1,0
1,0,1,1,-0.54442217330366,1,0,0,0,0,0,0,0,0,-1.4812260412561902,-1.5128162083396202,0.4249103166825785,-1.1015440337934654,-1.3543963712762639,0,0,0,0,-0.6554032459557156,0,0,1,0,1,0,0,0,0,1
0,0,0,0,-1.2728086989218905,1,0,1,1,0,1,0,0,1,0.6170243899104824,0.6146906033684524,0.006326045598127978,0.5111818699396011,0.3605402966373459,0,1,1,0,-1.5664493230204914,0,1,0,1,0,0,0,0,0,1
0,0,0,0,-1.2728086989218905,1,1,0,0,0,0,0,0,1,-1.289574820771675,-1.2863491860810217,0.006326045598127978,-1.1015440337934654,-0.9256622042978615,0,1,1,0,-2.291110784657451,0,0,1,1,0,0,0,0,1,0
0,0,1,1,0.224430270404472,1,0,0,0,0,0,0,0,0,-1.4911390354191822,-1.4714590989914764,-0.1814213112853379,-1.1015440337934654,-1.3543963712762639,1,0,0,0,-0.17925755651607841,0,0,1,0,1,0,0,1,0,0
1,0,1,0,-0.7467517637531685,1,0,0,0,0,1,0,0,0,-0.5262742702212795,-0.5695173961994796,0.5298495106939455,-0.56396873254911,-0.49692803731945906,1,0,0,0,-0.2663440238020731,1,0,0,1,0,0,1,0,0,0
1,1,0,0,1.5598055673712277,1,1,0,1,0,1,1,1,0,1.3555424550533977,1.29286440186259,0.6948919695734156,1.0487571711839567,1.2180086305941509,1,0,1,0,1.2490000205031946,0,1,0,0,1,0,1,0,0,0
0,0,1,0,0.1839643523145703,1,1,1,0,1,1,0,0,0,0.11146168759788223,0.07458301786534748,0.4325355600946201,0.5111818699396011,0.7892744636157483,1,0,0,0,0.5620971517154334,1,0,0,0,1,0,0,1,0,0
0,1,0,0,0.9528167960227024,1,1,1,1,0,0,0,1,1,1.061456961551297,0.9378355972887059,1.4261745922243503,0.5111818699396011,0.7892744636157483,0,0,1,0,1.0307187454751878,0,1,0,1,0,0,0,0,1,0
1,0,0,0,-1.2728086989218905,1,0,0,0,0,0,0,1,0,0.5013727913422407,0.49937623139144793,0.006326045598127978,-0.56396873254911,-0.49692803731945906,0,1,1,1,-1.5931170640068328,0,1,0,1,0,0,0,0,1,0
1,0,1,1,1.2360782226520142,1,1,1,1,1,0,1,1,0,0.6203287212981463,0.7092431587128621,-1.07351845391984,1.5863324724283123,1.6467427975725533,1,0,0,0,1.0561700135145216,1,0,0,0,0,1,0,1,0,0
1,1,1,0,1.4788737311914244,1,1,0,1,1,0,0,1,1,1.0118919907363362,0.9142692243969103,1.120246116528566,0.5111818699396011,0.7892744636157483,1,0,0,1,1.1572877555959036,0,1,0,1,0,0,1,0,0,0
1,0,1,1,-0.1802289104945449,1,0,0,0,1,0,1,0,0,0.6847631833575953,0.5613871232607145,1.436269127123142,-0.026393431304754394,-0.06819387034105659,0,0,0,1,0.5120940983199682,0,1,0,1,0,0,0,0,1,0
0,1,1,0,-0.2611607466743483,1,0,0,0,1,0,1,0,1,0.6930240118267555,0.48619744602264725,2.42344502274265,-0.026393431304754394,-0.06819387034105659,1,0,0,1,0.44764182036120387,0,1,0,1,0,0,0,1,0,0
1,0,1,0,-0.30162666476425,0,0,0,0,1,0,1,0,1,-0.8798377287013328,-0.8542168138380528,-0.2728122104721107,-0.026393431304754394,-0.49692803731945906,1,0,0,0,-0.02811765684921344,1,0,0,0,1,0,0,1,0,0
1,0,1,0,0.871884959842899,1,0,1,1,0,0,1,1,1,0.3245910621022136,0.4242388509207169,-1.1903211182659825,1.0487571711839567,0.7892744636157483,1,0,0,0,0.8926144178631699,1,0,0,0,0,1,1,0,0,0
1,0,0,1,-1.2728086989218905,1,0,0,0,1,0,0,0,1,-0.49157879065080684,-0.49068001943969075,0.006326045598127978,-0.56396873254911,-0.49692803731945906,0,1,0,0,-1.8854827059349817,1,0,0,1,0,0,0,0,1,0
1,0,0,0,-1.191876862742087,1,0,0,0,0,0,0,1,0,-0.3329708840429325,-0.056329218326307266,-3.2619826788741677,-0.56396873254911,-0.49692803731945906,0,1,1,0,-1.0551879483752493,1,0,0,1,0,0,0,0,0,1
0,0,1,1,0.7909531236630957,1,1,0,0,0,0,0,0,0,-1.3771396025447726,-1.33786049620042,-0.4172695567860694,-1.1015440337934654,-0.9256622042978615,0,0,0,0,0.1337192735107117,0,0,1,0,0,1,0,0,0,1
1,0,0,0,0.5481576151236855,1,1,1,1,0,0,0,1,1,0.9573705228398796,0.8427408893155223,1.3233677323030992,0.5111818699396011,0.7892744636157483,0,0,1,0,0.8870859161742926,0,1,0,1,0,0,0,0,1,0
0,0,1,0,-1.232342780831989,1,0,0,0,0,0,0,0,0,-1.466356550011702,-1.443670936421078,-0.21784224663704913,-1.1015440337934654,-1.3543963712762639,0,1,0,0,-1.993261951362166,0,0,1,1,0,0,0,0,0,1
0,0,0,0,0.5886235332135872,1,1,1,1,0,1,0,1,0,0.30806940516389336,0.3178174329595683,-0.12597679477749074,1.0487571711839567,1.2180086305941509,0,0,1,0,0.7784634310528085,1,0,0,0,0,1,0,0,0,1
1,0,1,1,-1.1514109446521854,1,0,0,0,0,0,0,0,0,-1.5159215208266628,-1.4395525659933277,-0.8513613333886373,-1.1015440337934654,-1.3543963712762639,0,1,0,0,-1.5605092267480227,0,0,1,1,0,0,0,0,0,1
0,0,0,0,-0.1802289104945449,1,1,0,1,0,0,0,1,1,0.8334580958024776,0.9563388472819553,-1.4827918956784112,-0.026393431304754394,0.3605402966373459,0,0,1,1,0.5981832936203837,0,1,0,1,0,0,0,0,1,0
1,0,0,0,-1.2728086989218905,1,0,0,0,0,0,0,0,0,-1.4713130470931979,-1.4675574849020288,0.006326045598127978,-1.1015440337934654,-1.3543963712762639,0,1,1,0,-2.4363463246567685,0,0,1,1,0,0,0,0,0,1
1,0,1,1,1.6002714854611295,1,1,1,1,1,0,0,0,0,-0.009146408051855348,0.026770344971407192,-0.42468352111491786,0.5111818699396011,0.7892744636157483,1,0,0,0,0.9673756027087916,1,0,0,0,0,1,0,1,0,0
0,0,0,0,-1.232342780831989,1,0,0,0,0,0,0,0,0,0.1626788241066754,0.25803972432528843,-1.1340083105547296,-1.1015440337934654,-0.9256622042978615,0,1,1,1,-1.2207323110783483,0,1,0,1,0,0,0,0,1,0
0,0,0,0,0.2648961884943737,1,0,0,1,0,0,1,0,1,-0.20244979423020237,-0.2538420400715353,0.6151041502635595,-0.026393431304754394,-0.06819387034105659,1,0,1,0,0.4938575840322198,1,0,0,0,1,0,0,1,0,0
1,0,0,0,-1.232342780831989,1,0,0,0,0,0,0,0,1,-1.4894868697253503,-1.6191135166432347,1.585250538732855,-1.1015440337934654,-1.3543963712762639,0,1,1,0,-2.1731763580807133,0,0,1,1,0,0,0,0,1,0
0,0,1,0,-0.34209258285415167,1,1,0,0,0,0,0,0,1,0.35267787889735835,0.2663451046879179,1.0093979329548113,-1.1015440337934654,-0.49692803731945906,1,0,0,1,0.3420984146644751,0,1,0,1,0,0,0,1,0,0
1,0,0,0,0.7504872055731939,1,1,0,1,1,1,0,0,1,0.7475454797232121,0.7565563517502459,-0.13241750100267358,0.5111818699396011,0.7892744636157483,0,0,1,0,0.9335398504196093,0,1,0,1,0,0,0,0,1,0
0,0,1,0,1.6002714854611295,1,1,1,1,1,1,1,1,1,1.6793669310444745,1.670640781043593,0.04531183555207519,2.1239077736726677,2.0754769645509556,1,0,0,0,1.3236592877856175,0,1,0,0,0,1,0,1,0,0
0,0,0,0,1.2360782226520142,1,1,1,1,1,1,1,0,1,0.49972062564840825,0.4092950496543094,1.052754153727,1.5863324724283123,1.6467427975725533,1,0,1,0,0.9859638625357087,1,0,0,0,0,1,0,1,0,0
0,0,1,1,-1.191876862742087,1,0,0,0,0,0,0,1,1,0.5145901168928966,0.6130432551973525,-1.182740547997165,-0.56396873254911,-0.49692803731945906,0,1,0,1,-0.8800823457834607,0,1,0,1,0,0,0,0,1,0
1,0,1,0,1.4788737311914244,0,0,0,1,1,1,1,1,1,-0.1297545037015934,-0.09734580032558134,-0.37901176235244816,1.5863324724283123,0.7892744636157483,1,0,0,0,0.9033285937947462,1,0,0,0,1,0,0,1,0,0
1,0,0,0,-1.232342780831989,1,0,0,0,0,0,0,0,1,0.1676353211881712,0.2827499468917894,-1.3679230502783963,-1.1015440337934654,-0.9256622042978615,0,1,1,1,-1.2143029270835568,0,1,0,1,0,0,0,0,1,0
1,1,1,0,-1.0300131903824803,1,1,1,1,0,1,0,0,0,-0.017407236521015477,0.10260065760934674,-1.419439987003249,0.5111818699396011,0.7892744636157483,0,0,0,0,-0.47725670936176606,1,0,0,1,0,0,0,0,1,0
0,0,0,0,-1.191876862742087,1,0,1,1,0,1,0,1,0,0.21059162922780375,0.2099920693348696,-0.00017158606086230076,1.0487571711839567,0.7892744636157483,0,1,1,0,-0.9795927409908582,1,0,0,0,0,1,0,0,0,1
1,0,0,0,0.42675986085398043,1,1,0,1,0,0,1,1,1,1.2118040396900116,1.3363057231554478,-1.5150264088836811,0.5111818699396011,0.7892744636157483,0,0,1,1,0.941233049407829,0,1,0,1,0,0,0,0,1,0
0,0,1,1,-0.38255850094405336,1,1,0,0,0,0,1,0,1,0.6285895497673064,0.5169240706053398,1.2996372514615695,-0.56396873254911,-0.06819387034105659,0,0,0,1,0.3778248749021338,0,1,0,1,0,0,0,0,1,0
0,0,0,0,-1.2728086989218905,1,0,0,0,0,0,0,0,1,0.17754831535116325,0.176495989855835,0.006326045598127978,-1.1015440337934654,-0.9256622042978615,0,1,1,1,-1.6744209801530685,0,1,0,1,0,0,0,0,1,0
1,0,0,0,-0.38255850094405336,1,1,0,0,1,1,1,1,1,1.2993688214631087,1.4052744778294306,-1.2980028835131665,1.0487571711839567,1.2180086305941509,0,0,1,0,0.5597700032798532,0,1,0,1,0,0,0,0,0,1
0,1,1,0,1.397941895011621,1,1,1,1,0,0,1,1,1,1.3505859579719013,1.364283195791253,-0.20867767661056386,1.0487571711839567,1.2180086305941509,0,0,0,0,1.2254827603238256,0,1,0,0,1,0,0,0,1,0
0,0,1,0,1.6002714854611295,1,1,1,1,1,1,0,0,1,0.9755443454720317,1.0013369470270632,-0.3388606362857521,1.0487571711839567,1.2180086305941509,1,0,0,0,1.201816243160339,0,1,0,0,0,1,1,0,0,0
0,0,1,0,1.6002714854611295,1,1,1,0,0,0,0,0,0,0.5195466139743928,0.4924207613356922,0.30305122469203216,-0.56396873254911,-0.06819387034105659,1,0,0,0,1.090279034080421,0,1,0,0,0,1,1,0,0,0
1,0,1,0,-0.5848880913935618,1,1,0,0,0,0,1,1,1,0.9904138367165201,0.9565153488717157,0.3669446026721079,-0.026393431304754394,0.3605402966373459,0,0,0,1,0.32015438941953117,0,1,0,1,0,0,0,0,1,0
1,0,1,1,1.2360782226520142,0,0,0,1,1,1,0,0,0,-0.8385335863555322,-0.8805524199333724,0.526136578317378,0.5111818699396011,-0.06819387034105659,1,0,0,0,0.5403505717213035,1,0,0,0,0,1,1,0,0,0
0,0,1,1,1.0337486322025058,1,0,0,0,0,0,0,0,0,-1.4927912011130144,-1.5197897829477705,0.370977615425965,-1.1015440337934654,-1.3543963712762639,1,0,0,0,0.038989750829239805,0,0,1,0,0,1,0,1,0,0
0,0,0,0,0.1839643523145703,1,1,0,0,0,1,1,1,0,1.1754563944257068,1.0203834826945006,1.7944040334857676,0.5111818699396011,0.7892744636157483,1,0,1,0,0.7865312186406904,0,1,0,1,0,0,0,1,0,0
0,0,0,0,1.6002714854611295,1,1,0,1,1,1,1,1,1,1.4315420769696707,1.4391883630040347,-0.13987066672916715,1.5863324724283123,1.6467427975725533,1,0,1,0,1.2841357748490951,0,1,0,0,0,1,0,1,0,0
0,1,0,0,-1.191876862742087,1,1,0,1,0,0,0,0,1,0.48485113440392036,0.11883880386733323,4.314255835508927,-0.56396873254911,-0.06819387034105659,0,1,1,1,-1.0044582839066711,0,1,0,1,0,0,0,0,1,0
0,1,1,0,-0.7467517637531685,1,1,0,1,0,0,1,1,1,1.1721520630380429,1.0905388893633565,0.9252768087982356,0.5111818699396011,0.7892744636157483,0,0,0,1,0.18873948118715303,0,1,0,1,0,0,0,0,1,0
0,0,0,0,0.5481576151236855,1,0,0,0,1,1,0,0,0,-0.34288387820592453,-0.37103240553435785,0.3449091561764017,-0.026393431304754394,-0.06819387034105659,1,0,1,0,0.5572295880244746,1,0,0,0,0,1,0,1,0,0
0,0,1,1,1.6002714854611295,1,0,0,0,0,0,0,0,0,-1.487834704031518,-1.5016941997809357,0.21533319729566064,-1.1015440337934654,-1.3543963712762639,1,0,0,0,0.19331607885439692,0,0,1,0,0,1,0,1,0,0
0,0,1,1,1.397941895011621,1,0,0,1,0,0,0,0,0,-0.46844847093715863,-0.4455377620943219,-0.2549369348394969,-0.56396873254911,-0.49692803731945906,1,0,0,0,0.7667334161878789,1,0,0,0,1,0,0,1,0,0
1,0,0,0,-1.1109450265622838,1,1,0,0,1,0,1,0,1,0.9177185461879108,0.8499319222015411,0.7704475286954314,-0.026393431304754394,0.3605402966373459,0,1,1,1,-0.5074681521021344,0,1,0,1,0,0,0,0,1,0
0,0,0,0,-1.0704791084723821,0,0,0,0,1,0,1,1,1,-0.5543610870164237,-0.45773305601768943,-1.1242618630662442,0.5111818699396011,-0.06819387034105659,0,1,1,0,-0.7552489961363824,1,0,0,1,0,0,0,0,1,0
1,1,1,0,1.4788737311914244,0,0,0,0,1,0,0,0,1,-1.1540972338774491,-1.113974493394899,-0.43494789576462944,-0.56396873254911,-0.9256622042978615,1,0,0,0,0.4678063416421587,1,0,0,0,1,0,0,1,0,0
0,0,0,0,-1.2728086989218905,1,0,0,0,0,0,0,0,1,0.1478093328621871,0.14684372277603414,0.006326045598127978,-1.1015440337934654,-0.9256622042978615,0,1,1,1,-1.6824420508536555,0,1,0,1,0,0,0,0,1,0
0,0,0,0,-1.1514109446521854,1,1,0,0,0,0,0,0,0,0.35102571320352594,0.6517559372182039,-3.5706201826762283,-1.1015440337934654,-0.49692803731945906,0,1,1,1,-0.6907838693983391,0,1,0,1,0,0,0,0,1,0
1,0,0,0,-1.1514109446521854,1,1,0,1,0,0,0,0,0,0.4534599862211118,0.5854501733314262,-1.5774716712808428,-0.56396873254911,-0.06819387034105659,0,1,1,1,-0.7059114986426656,0,1,0,1,0,0,0,0,1,0
1,0,1,0,-0.22069482858444658,1,0,0,0,0,0,0,0,0,-1.4927912011130144,-1.4978808938293153,0.1117320702884215,-1.1015440337934654,-1.3543963712762639,1,0,0,0,-0.41971510844050824,0,0,1,0,0,1,1,0,0,0
0,0,0,0,1.2765441407419158,1,1,0,0,0,0,0,0,1,-1.332531128811308,-1.3087943049122601,-0.23489852974190067,-1.1015440337934654,-0.9256622042978615,1,0,1,0,0.28695359008805776,0,0,1,0,1,0,1,0,0,0
1,0,0,0,-0.8681495180228737,1,0,0,0,0,0,0,0,0,-1.4944433668068464,-1.4537796638346463,-0.4296059693414274,-1.1015440337934654,-1.3543963712762639,0,0,1,0,-0.9412738624529646,0,0,1,0,1,0,0,0,0,1
1,0,1,1,1.6002714854611295,1,0,0,0,0,0,0,0,0,-1.4597478872363738,-1.477555973107178,0.2610873535610535,-1.1015440337934654,-1.3543963712762639,0,0,0,0,0.21692202141333614,0,0,1,0,0,1,0,0,1,0
0,0,0,0,-0.9086154361127753,1,0,0,0,0,0,0,0,0,-0.6435780344833533,-0.7206498241252598,0.9341878465019936,-1.1015440337934654,-0.9256622042978615,0,0,1,0,-0.5416886917290075,1,0,0,1,0,0,0,0,0,1
1,0,1,1,-0.05883115622483983,0,0,1,0,1,1,1,1,0,-0.15784132049673763,-0.16817175974916526,0.1276850369063731,1.5863324724283123,0.7892744636157483,0,0,0,0,0.3774335529330631,1,0,0,0,1,0,0,0,1,0
1,0,0,0,0.7100212874832923,1,1,0,0,1,1,0,1,0,0.15772232702517913,0.11930006135524064,0.44920461947493445,0.5111818699396011,0.7892744636157483,1,0,1,0,0.764243115435434,1,0,0,0,0,1,1,0,0,0
0,0,0,0,-1.2728086989218905,1,0,0,0,0,0,0,0,1,-1.4812260412561902,-1.4774415739286293,0.006326045598127978,-1.1015440337934654,-1.3543963712762639,0,1,1,0,-2.4453200471186056,0,0,1,1,0,0,0,0,0,1
1,0,1,1,0.2648961884943737,1,0,1,1,1,0,0,0,0,-0.16279781757823392,-0.15301588406087255,-0.11013150644378197,0.5111818699396011,0.3605402966373459,0,0,0,0,0.526750156272138,1,0,0,0,1,0,0,0,1,0
1,0,0,0,-1.2728086989218905,1,0,0,1,0,0,0,0,0,-0.4601876424679985,-0.45938040418878967,0.006326045598127978,-0.56396873254911,-0.49692803731945906,0,1,1,0,-1.8738279502265858,1,0,0,1,0,0,0,0,1,0
1,0,1,0,-0.34209258285415167,1,1,0,1,1,0,1,1,1,1.3191948097890933,1.3571641519846767,-0.49480379610151876,1.0487571711839567,1.2180086305941509,0,0,0,1,0.5779403339634295,0,1,0,1,0,0,0,0,1,0
1,0,0,1,-1.0704791084723821,1,0,0,0,0,0,0,0,0,-1.4927912011130144,-1.4269228966815604,-0.7279063318678151,-1.1015440337934654,-1.3543963712762639,0,1,0,0,-1.2964035570324641,0,0,1,1,0,0,0,0,0,1
1,0,1,1,0.06256659804486524,1,0,0,0,0,0,0,0,0,-1.4514870587672137,-1.5168810272014366,0.8238809937499516,-1.1015440337934654,-1.3543963712762639,0,0,0,0,-0.2939072017553706,0,0,1,1,0,0,0,0,0,1
1,0,1,0,-0.38255850094405336,1,0,0,0,0,0,0,0,0,-1.5010520295821745,-1.436615988818758,-0.7106734826852743,-1.1015440337934654,-1.3543963712762639,1,0,0,0,-0.4626131299426936,0,0,1,0,1,0,0,1,0,0
0,0,0,1,0.2648961884943737,0,0,0,0,1,0,0,0,0,-1.1441842397144568,-1.1773707686082482,0.43217082817197794,-0.56396873254911,-0.9256622042978615,1,0,0,0,0.06838679922276408,1,0,0,1,0,0,0,1,0,0
1,0,0,0,0.34582802467417706,1,1,0,0,1,0,0,0,1,-0.2982754044724598,-0.33502570688257727,0.4451539008114231,-0.56396873254911,-0.06819387034105659,1,0,1,0,0.49753894855034836,1,0,0,1,0,0,1,0,0,0
1,0,1,1,1.1956123045621125,1,0,1,1,0,0,0,0,1,0.5525899278510333,0.5149197584897307,0.4266808937305714,-0.026393431304754394,-0.06819387034105659,1,0,0,0,1.0015163511880587,0,1,0,0,1,0,0,1,0,0
1,0,0,0,-0.9086154361127753,1,0,0,0,0,0,0,0,0,-0.6187955490758729,-0.5117660760297715,-1.2451178119234712,-1.1015440337934654,-0.9256622042978615,0,0,1,0,-0.4550339123307569,1,0,0,1,0,0,0,0,0,1
0,0,0,0,-0.1397629924046432,0,0,0,0,0,1,0,0,1,-1.1078365944501523,-1.0808283004589516,-0.2813621975102859,-0.56396873254911,-0.9256622042978615,0,0,1,0,-0.057439643621904304,1,0,0,1,0,0,0,0,1,0
0,1,1,0,1.5598055673712277,1,1,1,1,1,1,0,0,1,1.0449353046129766,1.007061095220187,0.4121077184990367,1.0487571711839567,1.2180086305941509,1,0,0,0,1.1941598159399276,0,1,0,0,0,1,0,1,0,0
0,0,0,0,-0.949081354202677,1,0,0,0,0,0,0,0,1,-1.4944433668068464,-1.4783567673570182,-0.138787728119329,-1.1015440337934654,-1.3543963712762639,0,0,1,0,-1.0900873614059676,0,0,1,1,0,0,0,0,1,0
0,0,0,0,-1.0300131903824803,1,0,0,0,1,0,1,1,1,1.0118919907363362,0.9775778719164948,0.37112165159574484,0.5111818699396011,0.3605402966373459,0,0,1,1,-0.26966469656676373,0,1,0,1,0,0,0,0,1,0
1,0,0,0,-0.46349033712385673,1,0,0,0,0,0,0,0,0,-1.4614000529302058,-1.5010535643810632,0.5196389466583892,-1.1015440337934654,-1.3543963712762639,1,0,1,0,-0.580754273784782,0,0,1,1,0,0,0,1,0,0
0,0,0,0,-1.2728086989218905,1,0,0,0,0,0,0,1,1,-0.3065362329416199,-0.3061770242764835,0.006326045598127978,-0.56396873254911,-0.49692803731945906,0,1,1,0,-1.8197003828252012,1,0,0,1,0,0,0,0,1,0
1,0,0,0,-1.232342780831989,0,0,0,0,0,0,0,0,1,-1.3110529747914916,-1.2048054516115687,-1.2119798904626187,-1.1015440337934654,-1.3543963712762639,0,1,1,0,-1.8097409312174246,1,0,0,1,0,0,0,0,1,0
1,1,1,0,0.993282714112604,1,1,0,1,1,0,1,0,1,0.21059162922780375,0.25996163052490534,-0.5914560670290164,0.5111818699396011,0.7892744636157483,1,0,0,0,0.8848547698307349,1,0,0,0,1,0,0,1,0,0
1,0,1,0,1.519339649281326,0,0,0,1,1,1,0,1,1,-0.4519268139988384,-0.4221268019766266,-0.3370273759248227,1.0487571711839567,0.3605402966373459,1,0,0,0,0.8029781682878406,1,0,0,0,1,0,1,0,0,0
0,0,1,0,-1.232342780831989,1,0,0,0,1,0,1,1,0,0.14120067008685888,0.30169445085944024,-1.903977662145125,0.5111818699396011,0.3605402966373459,1,1,0,0,-1.2094178132538445,1,0,0,1,0,0,0,1,0,0
1,0,1,1,-0.7872176818430703,1,0,0,0,0,0,1,1,1,0.0007665861111367116,0.09045372768837791,-1.0612848177560268,-0.026393431304754394,-0.06819387034105659,0,0,0,0,-0.09151866958188629,1,0,0,0,1,0,0,0,1,0
0,0,1,1,1.0742145502924074,1,1,0,1,0,1,0,1,1,1.054848298775969,0.9833615398295581,0.8094993962594654,0.5111818699396011,0.7892744636157483,1,0,0,0,1.072835351102691,0,1,0,1,0,0,1,0,0,0
1,0,1,1,-0.6253540094834634,1,1,1,0,1,0,1,0,1,0.18580914382032337,0.19577965374106543,-0.1243910148356869,0.5111818699396011,0.7892744636157483,1,0,0,0,0.10633962390699238,1,0,0,0,1,0,1,0,0,0
1,0,1,1,1.3574759769217193,1,1,0,0,0,0,0,0,1,-1.289574820771675,-1.2771889318568745,-0.10206626434957942,-1.1015440337934654,-0.9256622042978615,1,0,0,0,0.3299936680526424,0,0,1,0,1,0,0,1,0,0
1,0,0,0,-1.191876862742087,1,1,0,0,1,0,1,1,1,1.2167605367715073,1.1434893662915728,0.8250276346309475,0.5111818699396011,0.7892744636157483,1,1,1,1,-0.769289076942741,0,1,0,1,0,0,1,0,0,0
0,0,0,0,-0.8681495180228737,1,1,0,0,0,0,0,0,0,-1.3060964777099955,-1.3988181384897627,1.1422301983471297,-1.1015440337934654,-0.9256622042978615,0,0,1,0,-0.8924932991716227,0,0,1,0,1,0,0,0,1,0
0,0,1,1,1.155146386472211,1,1,0,0,0,0,0,0,1,-1.3391397915866359,-1.352513170002254,0.204450551921449,-1.1015440337934654,-0.9256622042978615,0,0,0,0,0.22245379830327597,0,0,1,0,0,1,0,0,0,1
1,0,0,0,-1.2728086989218905,1,0,0,0,0,1,0,0,0,-0.5196656074459514,-0.5186849383483919,0.006326045598127978,-0.56396873254911,-0.49692803731945906,1,1,1,0,-1.89609671442827,1,0,0,1,0,0,0,1,0,0
1,0,1,1,-0.9895472722925787,1,0,0,0,0,0,0,0,0,-1.4911390354191822,-1.6182898425576846,1.5560111962673984,-1.1015440337934654,-1.3543963712762639,1,0,0,0,-1.3141412239306474,0,0,1,0,0,1,0,1,0,0
1,0,0,0,-0.7467517637531685,1,0,0,0,0,0,0,0,0,-1.46470438431787,-1.4842663020660438,0.28201127455815916,-1.1015440337934654,-1.3543963712762639,1,0,1,0,-0.8188293172505987,0,0,1,0,1,0,1,0,0,0
0,1,0,0,-1.1109450265622838,1,1,0,0,0,0,1,0,1,0.6087635614413223,0.80611246085028,-2.3562128256108728,-0.56396873254911,-0.06819387034105659,1,1,1,1,-0.516765335300902,0,1,0,1,0,0,0,1,0,0
1,0,0,0,0.14349843422466863,1,0,0,1,0,1,0,1,1,0.02224474013095323,0.15343311546043448,-1.5531055525596276,0.5111818699396011,0.3605402966373459,0,0,1,0,0.5669399705624599,1,0,0,0,1,0,0,0,0,1
1,0,1,0,-0.1397629924046432,1,0,0,0,1,0,0,0,1,0.349373547509694,0.438367543951397,-1.0651110093430194,-0.56396873254911,-0.49692803731945906,1,0,0,1,0.5047682164215308,0,1,0,1,0,0,0,1,0,0
1,0,0,0,0.2648961884943737,1,1,0,1,0,0,0,0,0,0.5509377621572014,0.5818703590365358,-0.3850313074010784,-0.56396873254911,-0.06819387034105659,1,0,1,1,0.725421053498992,0,1,0,0,1,0,0,1,0,0
0,0,1,1,-0.38255850094405336,1,1,0,0,0,0,0,0,1,-1.2928791521593392,-1.3957187798753607,1.2614989786805397,-1.1015440337934654,-0.9256622042978615,1,0,0,0,-0.4267564314172458,0,0,1,0,0,1,0,1,0,0
1,1,1,0,1.4384078131015228,0,0,1,1,1,0,0,0,1,-0.7526209702762668,-0.6961382523676266,-0.6423860328266884,0.5111818699396011,-0.06819387034105659,0,0,0,0,0.6748715253825553,1,0,0,0,0,1,0,0,1,0
0,0,0,0,-1.2728086989218905,1,0,0,0,0,0,0,0,0,0.20398296645247604,0.2028535605934364,0.006326045598127978,-1.1015440337934654,-0.9256622042978615,0,1,1,1,-1.6673759216485549,0,1,0,1,0,0,0,0,0,1
0,0,0,0,0.6290894513034889,1,0,1,1,0,0,0,0,0,-0.304884067247788,-0.32968605546822416,0.3039987959756378,-0.026393431304754394,-0.06819387034105659,1,0,1,0,0.5986146479781322,1,0,0,0,0,1,0,1,0,0
0,0,1,0,1.4384078131015228,1,0,1,1,0,1,1,1,1,0.4914597971792481,0.5393971016658202,-0.584194008116028,1.5863324724283123,1.2180086305941509,1,0,0,0,1.0654601095929592,1,0,0,0,0,1,1,0,0,0
0,0,0,1,-0.54442217330366,1,0,0,0,0,0,0,0,0,-1.4614000529302058,-1.4419802369823171,-0.17936942760355215,-1.1015440337934654,-1.3543963712762639,0,0,0,0,-0.5874943824582641,0,0,1,0,0,1,0,0,0,1
0,0,0,0,-1.2728086989218905,1,1,0,0,0,0,0,1,0,0.6963283432144194,0.6937633155812553,0.006326045598127978,-0.56396873254911,-0.06819387034105659,0,1,1,1,-1.5487945533029905,0,1,0,1,0,0,0,0,0,1
0,0,1,0,0.5076916970337838,1,0,0,0,1,0,0,0,1,-0.4783614651001507,-0.5065677773565224,0.350267348080698,-0.56396873254911,-0.49692803731945906,1,0,0,0,0.49302240699936845,1,0,0,1,0,0,0,1,0,0
0,0,0,0,-0.7872176818430703,0,0,0,1,0,0,0,0,0,-1.1755753878972655,-1.227931685552012,0.6600877540565722,-0.56396873254911,-0.9256622042978615,0,0,1,0,-0.6563694316631428,1,0,0,1,0,0,0,0,1,0
1,0,1,0,0.6290894513034889,1,1,1,1,1,0,1,0,1,1.0631091272451294,0.9374678856433708,1.4500185798301184,1.0487571711839567,1.2180086305941509,1,0,0,0,0.933603177697735,0,1,0,0,0,1,1,0,0,0
0,0,1,1,0.34582802467417706,1,0,1,1,0,1,1,1,0,0.4534599862211118,0.3792805317958844,0.8621116787334846,1.5863324724283123,1.2180086305941509,0,0,0,0,0.7080858930619974,1,0,0,0,0,1,0,0,1,0
1,0,1,0,-0.9086154361127753,1,0,0,1,0,1,1,1,1,1.1605869031812184,1.1316284594596524,0.302618049248098,1.0487571711839567,0.7892744636157483,0,0,0,0,-0.014968161005463644,0,1,0,1,0,0,0,0,1,0
0,0,1,1,-1.191876862742087,1,0,0,0,0,0,1,0,1,0.5278074424435529,0.49663065110628085,0.35070052352463493,-0.56396873254911,-0.49692803731945906,0,1,0,1,-0.9072452256749091,0,1,0,1,0,0,0,0,1,0
0,0,0,0,1.519339649281326,1,1,1,1,1,1,1,1,1,1.5604110010885688,1.5362407038271295,0.23216515740276125,2.1239077736726677,2.0754769645509556,1,0,1,0,1.2832763170642103,0,1,0,0,0,1,0,1,0,0
0,0,0,0,-0.09929707431474152,1,1,0,0,1,0,1,1,0,1.180412891507203,1.2680288880267379,-1.0774789151215125,0.5111818699396011,0.7892744636157483,0,0,1,1,0.7021083447153644,0,1,0,1,0,0,0,0,1,0
1,1,0,0,0.224430270404472,1,1,0,0,0,0,1,1,0,0.992066002410352,1.0341574692517213,-0.5322934208708351,-0.026393431304754394,0.3605402966373459,0,0,1,1,0.806061560333161,0,1,0,1,0,0,0,0,1,0
1,0,0,0,-1.1514109446521854,1,0,1,1,0,1,0,1,1,0.9970224994918483,0.836670769424186,1.8630242921547069,1.0487571711839567,0.7892744636157483,0,1,1,0,-0.6504202563257219,0,1,0,1,0,0,0,0,0,1
0,0,1,1,1.3170100588318177,1,1,0,1,1,0,1,1,1,1.3472816265842376,1.407774700572057,-0.7622937978784721,1.0487571711839567,1.2180086305941509,0,0,0,1,1.2141844018569845,0,1,0,1,0,0,0,0,1,0
1,1,0,0,-1.2728086989218905,1,0,0,0,0,0,0,0,1,0.17589614965733133,0.17484864168473502,0.006326045598127978,-1.1015440337934654,-0.9256622042978615,0,1,1,1,-1.6748639246208377,0,1,0,1,0,0,0,0,1,0
0,1,1,0,1.4788737311914244,1,0,1,1,0,0,0,1,0,0.7458933140293801,0.7583918880329636,-0.17363010078348345,0.5111818699396011,0.3605402966373459,1,0,0,0,1.1242327028557138,0,1,0,0,1,0,0,1,0,0
0,0,0,1,-1.1514109446521854,1,1,0,1,1,0,0,0,0,0.6385025439302985,0.6142787663256774,0.264606904043004,-0.026393431304754394,0.3605402966373459,1,1,0,1,-0.699289564493907,0,1,0,1,0,0,1,0,0,0
1,0,0,0,0.4672257789438821,1,0,0,1,0,1,1,1,0,1.183717222894867,1.160224926120703,0.23713964293909184,1.0487571711839567,0.7892744636157483,0,0,1,0,0.9229167715313669,0,1,0,1,0,0,0,0,1,0
1,0,1,0,-0.42302441903395505,1,1,0,0,0,0,0,1,1,0.673198023500771,0.6729468250555365,-0.02025517482501911,-0.56396873254911,-0.06819387034105659,0,0,0,1,0.38585261987232566,0,1,0,1,0,0,0,0,1,0
1,0,1,1,0.14349843422466863,1,0,1,1,0,0,0,0,0,-0.366014197919573,-0.35820577068039405,-0.07976757388349738,-0.026393431304754394,-0.06819387034105659,0,0,0,0,0.40752484449262794,1,0,0,0,1,0,0,0,0,1
1,0,0,0,-1.2728086989218905,1,1,0,0,1,0,1,1,1,1.2134562053838436,1.2093832931355755,0.006326045598127978,0.5111818699396011,0.7892744636157483,0,1,1,1,-1.4444193129505551,0,1,0,1,0,0,0,0,1,0
1,0,0,0,-0.9086154361127753,1,0,0,0,0,0,0,0,1,-0.6254042118512011,-0.6959396015587589,0.8562162665941048,-1.1015440337934654,-0.9256622042978615,1,0,1,0,-0.5307936419239815,1,0,0,1,0,0,0,1,0,0
1,0,1,0,1.0742145502924074,1,1,1,1,1,0,1,1,1,1.5009330361106161,1.4676539809775349,0.3420003048625941,1.5863324724283123,1.6467427975725533,0,0,0,0,1.1637697214351526,0,1,0,0,1,0,0,0,1,0
1,0,1,0,1.5598055673712277,1,1,1,0,1,1,1,1,0,0.6104157271351542,0.7096799472062506,-1.1956442953762851,1.5863324724283123,1.6467427975725533,0,0,0,0,1.1315247686968348,1,0,0,0,0,1,0,0,1,0
0,0,1,0,0.1839643523145703,1,1,1,0,1,1,0,1,1,1.1391087491614025,1.210229228682897,-0.8808640933537827,1.0487571711839567,1.2180086305941509,0,0,0,0,0.8233299678276952,0,1,0,0,1,0,0,0,1,0
0,0,0,0,-1.2728086989218905,1,0,0,0,0,0,0,0,1,0.17754831535116325,0.176495989855835,0.006326045598127978,-1.1015440337934654,-0.9256622042978615,0,1,1,1,-1.6744209801530685,0,1,0,1,0,0,0,0,1,0
1,0,0,0,-0.949081354202677,1,0,0,0,0,0,0,0,0,-1.469660881399366,-1.4796380381567626,0.16876683707289464,-1.1015440337934654,-1.3543963712762639,0,0,1,0,-1.091313887115856,0,0,1,1,0,0,0,0,0,1
1,0,0,0,-1.2728086989218905,1,0,1,0,0,0,0,0,1,-0.4634919738556624,-0.4626751005309896,0.006326045598127978,-0.56396873254911,-0.49692803731945906,0,1,1,0,-1.8750446569529509,1,0,0,1,0,0,0,0,0,1
0,0,1,1,1.6002714854611295,1,1,0,1,1,0,1,1,1,1.2712820046679645,1.236152700915951,0.3718178264163575,1.0487571711839567,1.2180086305941509,1,0,0,1,1.247296515075618,0,1,0,0,1,0,0,1,0,0
0,0,1,1,1.2765441407419158,1,1,1,0,0,1,0,0,1,0.7293716570910599,0.6093624616275505,1.3948902362233628,-0.026393431304754394,0.3605402966373459,1,0,0,0,1.0435641055274285,0,1,0,1,0,0,1,0,0,0
0,0,0,0,-0.5848880913935618,1,1,0,1,0,0,1,0,1,0.8351102614963096,0.6625552196731929,2.013011289616408,-0.026393431304754394,0.3605402966373459,1,0,1,1,0.25724127042893263,0,1,0,1,0,0,0,1,0,0
1,0,0,0,-0.9086154361127753,1,0,0,0,0,0,1,1,1,0.8185886045579893,0.7105662669264761,1.2499727451289373,-0.026393431304754394,-0.06819387034105659,0,0,1,1,-0.1018175578288975,0,1,0,1,0,0,0,0,1,0
0,0,1,0,1.6002714854611295,1,1,1,1,0,1,0,0,0,0.0007665861111367116,0.0655516664993877,-0.7666213871693,0.5111818699396011,0.7892744636157483,1,0,0,0,0.9785785558327779,1,0,0,0,0,1,1,0,0,0
1,0,0,1,1.2765441407419158,1,0,0,1,0,1,1,1,1,1.1374565834675705,1.043824801940019,1.0686888218431023,1.0487571711839567,0.7892744636157483,1,0,0,0,1.1361424527769388,0,1,0,1,0,0,0,1,0,0
1,1,1,1,0.9528167960227024,1,1,1,0,1,0,1,1,1,1.315890478401429,1.2761303109967546,0.42507520019272244,1.0487571711839567,1.2180086305941509,1,0,0,0,1.0965077131369112,0,1,0,0,1,0,1,0,0,0
0,0,0,0,-0.7467517637531685,1,0,0,1,0,0,0,1,1,0.7128500001527396,0.6461078863458606,0.7651566000588208,-0.026393431304754394,-0.06819387034105659,0,0,1,1,0.09540781985545879,0,1,0,1,0,0,0,0,1,0
1,0,1,0,0.7909531236630957,0,0,1,0,0,0,0,1,1,-0.82035976372338,-0.8526531002664085,0.4104287530053518,-0.026393431304754394,-0.49692803731945906,0,0,0,0,0.433446906774167,1,0,0,1,0,0,0,0,1,0
1,0,1,1,1.5598055673712277,1,1,1,1,0,1,0,0,1,0.0701575452520816,0.07050885681942554,-0.006577701780997698,0.5111818699396011,0.7892744636157483,1,0,0,0,0.9711917688149033,1,0,0,0,1,0,0,1,0,0
0,0,0,1,-0.8276835999329719,1,0,0,0,0,0,0,0,1,-0.6667083541970017,-0.8135602609753032,1.7606865935256002,-1.1015440337934654,-0.9256622042978615,0,0,0,0,-0.4698923501480772,1,0,0,1,0,0,0,0,1,0
1,0,1,1,1.6002714854611295,1,1,1,1,0,1,0,1,1,1.0911959440402736,1.0662470409355476,0.2575678030791002,1.0487571711839567,1.2180086305941509,1,0,0,0,1.214720395012453,0,1,0,0,0,1,0,1,0,0
1,0,0,0,-1.232342780831989,1,1,0,0,0,0,0,0,1,0.28163475406258104,0.02576363220017951,3.0179783195402914,-1.1015440337934654,-0.49692803731945906,1,1,1,1,-1.284611646862414,0,1,0,1,0,0,0,1,0,0
0,0,0,1,-0.8276835999329719,1,1,0,0,0,0,1,0,1,0.6385025439302985,0.5206544786014903,1.3724531019009103,-0.56396873254911,-0.06819387034105659,0,0,0,1,-0.030618122044776954,0,1,0,1,0,0,0,0,1,0
1,1,0,0,1.397941895011621,1,1,1,1,0,1,0,0,1,-0.005842076664191485,-0.04311764990932549,0.4412794484424997,0.5111818699396011,0.7892744636157483,1,0,1,0,0.9013617586295813,1,0,0,0,0,1,1,0,0,0
0,1,0,0,-1.2728086989218905,1,0,1,0,1,0,0,0,1,-0.294971073084796,-0.29464558707878324,0.006326045598127978,-0.026393431304754394,-0.06819387034105659,0,1,1,0,-1.8158085216532196,1,0,0,1,0,0,0,0,1,0
1,0,0,0,-1.191876862742087,1,0,0,0,0,1,0,0,1,-0.4783614651001507,-0.46047863630285607,-0.19510053583058454,-0.56396873254911,-0.49692803731945906,0,1,1,0,-1.1906583660741248,1,0,0,1,0,0,0,0,0,1
0,1,1,0,0.4672257789438821,1,1,0,0,1,1,1,1,0,1.302673152850773,1.2332324018853649,0.7767384175289085,1.0487571711839567,1.2180086305941509,0,0,0,0,0.9367194420151632,0,1,0,1,0,0,0,0,1,0
0,0,0,0,-1.2728086989218905,1,0,0,0,0,0,0,0,0,-1.4481827273795498,-1.4444946105066279,0.006326045598127978,-1.1015440337934654,-1.3543963712762639,0,1,1,0,-2.4158920028736723,0,0,1,1,0,0,0,0,0,1
0,0,1,1,0.9123508779328007,1,0,0,0,0,0,0,0,0,-1.4977476981945104,-1.4843304844623204,-0.10708716154061862,-1.1015440337934654,-1.3543963712762639,1,0,0,0,0.04093862406612342,0,0,1,0,0,1,0,1,0,0
1,0,1,0,-0.7872176818430703,1,1,1,0,0,0,0,1,1,0.037114231375441085,0.15355983455051914,-1.379168951226652,-0.026393431304754394,0.3605402966373459,0,0,0,0,-0.0739174181582475,1,0,0,1,0,0,0,0,1,0
0,0,1,0,-0.2611607466743483,1,1,0,0,0,0,0,0,0,-1.279661826608683,-1.2662642103026094,-0.11437995791312112,-1.1015440337934654,-0.9256622042978615,0,0,0,0,-0.248019157192368,0,0,1,0,1,0,0,0,0,1
1,0,0,0,1.6002714854611295,1,1,0,1,1,1,1,1,0,1.4695418879278075,1.4719980474117773,-0.07976757388349738,1.5863324724283123,1.6467427975725533,1,0,1,0,1.289891647487204,0,1,0,0,0,1,1,0,0,0
1,1,1,0,-0.09929707431474152,1,1,0,0,0,1,1,1,1,1.2151083710776756,1.0711707815802802,1.6612728291430423,0.5111818699396011,0.7892744636157483,0,0,0,0,0.6645794043485876,0,1,0,1,0,0,0,0,1,0
1,1,1,0,-0.1397629924046432,1,1,0,1,1,0,0,1,1,1.0300658133684888,0.9857415776314045,0.4889432384762655,0.5111818699396011,0.7892744636157483,0,0,0,1,0.6262320754462181,0,1,0,1,0,0,0,0,1,0
0,0,1,1,0.9123508779328007,1,0,0,0,0,0,0,0,0,-1.4680087157055342,-1.4866966754717186,0.271783833557256,-1.1015440337934654,-1.3543963712762639,0,0,0,0,0.038640061070651675,0,0,1,0,0,1,0,0,0,1
1,0,1,1,0.9528167960227024,1,1,0,0,1,1,1,1,1,1.2712820046679645,1.3226678968303318,-0.6519072472849787,1.0487571711839567,1.2180086305941509,0,0,0,0,1.1050431060112242,0,1,0,0,0,1,0,0,1,0
1,0,0,0,-0.1397629924046432,0,0,0,0,0,0,0,0,1,-1.3176616375668195,-1.237780817588244,-0.899757486434911,-1.1015440337934654,-1.3543963712762639,0,0,1,0,-0.15902640352839104,1,0,0,0,1,0,0,0,0,1
0,0,1,0,0.06256659804486524,1,1,0,0,1,0,1,1,1,1.180412891507203,1.1758064612952126,0.013779211324616014,0.5111818699396011,0.7892744636157483,0,0,0,1,0.7635890434806335,0,1,0,1,0,0,0,0,1,0
1,0,1,0,0.14349843422466863,1,0,0,0,0,0,0,0,0,-1.4498348930733815,-1.4741011179150099,0.33716379090173665,-1.1015440337934654,-1.3543963712762639,1,0,0,0,-0.21577081923892624,0,0,1,0,1,0,1,0,0,0
0,0,1,1,0.38629394276407875,1,1,0,0,0,0,0,0,0,-1.3804439339324366,-1.337456201960626,-0.4610393173021289,-1.1015440337934654,-0.9256622042978615,0,0,0,0,-0.0003176500389515319,0,0,1,0,0,1,0,0,1,0
0,1,1,0,0.14349843422466863,1,1,0,1,0,0,1,0,1,0.8995447235557587,0.8880131207568047,0.10541492839773389,-0.026393431304754394,0.3605402966373459,1,0,0,1,0.7422917089389287,0,1,0,1,0,0,0,1,0,0
1,0,0,0,-0.34209258285415167,1,1,0,0,0,0,1,1,1,0.9705878483905355,1.0556994366733652,-1.040604855456741,-0.026393431304754394,0.3605402966373459,0,0,1,1,0.5210857762905943,0,1,0,1,0,0,0,0,1,0
1,1,1,0,0.3053621065842754,1,0,0,0,0,0,0,1,0,-0.294971073084796,-0.2523911064900664,-0.4936667105612047,-0.56396873254911,-0.49692803731945906,0,0,0,0,0.5102774942749428,1,0,0,0,1,0,0,0,1,0
0,0,0,0,0.5481576151236855,1,0,0,0,0,0,0,0,1,-1.4415740646042214,-1.4618992020534678,0.2902442985235894,-1.1015440337934654,-1.3543963712762639,0,0,1,0,-0.050080811850289696,0,0,1,0,0,1,0,0,1,0
1,0,0,0,-1.191876862742087,0,0,0,0,0,1,0,0,1,-1.155749399571281,-1.0694483435528468,-0.9813139665684498,-0.56396873254911,-0.9256622042978615,0,1,1,0,-1.4733447130482784,1,0,0,1,0,0,0,0,1,0
0,0,1,0,1.6002714854611295,1,1,0,0,0,0,0,0,0,-1.3242703003421479,-1.2956612792148792,-0.29283574536789964,-1.1015440337934654,-0.9256622042978615,1,0,0,0,0.3710187542340922,0,0,1,0,0,1,1,0,0,0
1,0,1,1,0.224430270404472,1,1,0,0,0,0,0,0,0,-1.3110529747914916,-1.2973170567991352,-0.11729994622951008,-1.1015440337934654,-0.9256622042978615,1,0,0,0,-0.03231238272129498,0,0,1,0,0,1,0,1,0,0
1,0,0,1,1.5598055673712277,1,1,1,0,1,0,1,1,0,1.3869336032362063,1.2925859768195873,1.0685515479348089,1.0487571711839567,1.2180086305941509,1,0,0,0,1.2489488544216774,0,1,0,0,0,1,1,0,0,0
1,0,0,0,-0.30162666476425,1,0,0,0,1,1,1,1,0,1.1424130805490662,1.1794015564215545,-0.4770977498307798,1.0487571711839567,0.7892744636157483,1,0,1,0,0.57073249786561,0,1,0,0,0,1,1,0,0,0
0,1,0,0,-1.0300131903824803,1,0,0,1,0,0,0,0,1,-0.44366598552967823,-0.15932770159556356,-3.3492365897234726,-0.56396873254911,-0.49692803731945906,0,0,1,0,-0.5555406373582521,1,0,0,1,0,0,0,0,0,1
0,1,0,0,-1.232342780831989,1,0,0,0,0,0,0,0,1,-0.6749691826661618,-0.6620042292340975,-0.13012421924067621,-1.1015440337934654,-0.9256622042978615,0,1,1,0,-1.523904137186377,1,0,0,1,0,0,0,0,1,0
1,0,1,1,1.114680468382309,1,1,1,0,1,0,1,0,1,1.0135441564301686,1.0583763774514026,-0.5654655403930443,0.5111818699396011,0.7892744636157483,1,0,0,0,1.098389819698103,0,1,0,0,1,0,1,0,0,0
1,0,1,1,-0.30162666476425,1,0,0,0,0,1,1,0,0,0.6996326746020837,0.7649946504996222,-0.7975609432521941,-0.026393431304754394,-0.06819387034105659,0,0,0,0,0.4866157019997569,0,1,0,1,0,0,0,0,1,0
1,0,0,0,-0.7872176818430703,1,0,0,0,0,0,0,0,1,-1.46470438431787,-1.4953089656305607,0.41267793319500434,-1.1015440337934654,-1.3543963712762639,0,0,1,0,-0.8760822018710592,0,0,1,1,0,0,0,0,1,0
0,0,1,1,1.5598055673712277,0,0,1,1,0,1,1,1,0,-0.20079762853637045,-0.2095171301806686,0.1101051202642599,1.5863324724283123,0.7892744636157483,0,0,0,0,0.8856373299790316,1,0,0,0,0,1,0,0,0,1
1,0,0,0,-1.1109450265622838,1,0,1,0,0,1,0,0,1,-0.2966232387786279,-0.3740477689258062,0.9263906885112037,-0.026393431304754394,-0.06819387034105659,0,1,1,0,-0.8390620262884746,1,0,0,1,0,0,0,0,0,1
0,0,0,0,1.114680468382309,1,1,0,0,1,1,1,1,0,0.5228509453620567,0.5285068382170671,-0.08496567921069072,1.0487571711839567,1.2180086305941509,1,0,1,0,0.9840964195925399,1,0,0,0,1,0,0,1,0,0
0,0,1,0,1.4384078131015228,1,0,0,1,0,1,1,0,0,-0.02071156790867981,-0.03695672684361565,0.19294184898060587,0.5111818699396011,0.3605402966373459,1,0,0,0,0.9125407772021725,1,0,0,0,0,1,1,0,0,0
0,1,1,0,-0.22069482858444658,1,1,1,0,0,1,1,1,1,1.3076296499322688,1.366308459656663,-0.7394576770393549,1.0487571711839567,1.2180086305941509,1,0,0,0,0.6537213019810941,0,1,0,1,0,0,1,0,0,0
1,0,0,0,0.2648961884943737,1,1,0,0,0,0,0,0,0,0.3477213818158621,0.4162062685992421,-0.8223718998331427,-1.1015440337934654,-0.49692803731945906,0,0,1,1,0.6857912374533751,0,1,0,1,0,0,0,0,1,0
0,0,0,0,-1.2728086989218905,1,0,0,0,0,0,0,0,1,-1.466356550011702,-1.4626154403887286,0.006326045598127978,-1.1015440337934654,-1.3543963712762639,0,1,1,0,-2.431906972295142,0,0,1,1,0,0,0,0,0,1
0,0,0,0,0.34582802467417706,1,1,0,0,1,0,1,1,0,1.1011089382032657,1.0736980547500896,0.28635812221852996,0.5111818699396011,0.7892744636157483,1,0,1,1,0.8617031442617664,0,1,0,1,0,0,1,0,0,0
0,0,1,0,0.5886235332135872,1,1,0,0,1,0,1,1,1,1.182065057201035,1.1665872906480614,0.14236156799060778,0.5111818699396011,0.7892744636157483,0,0,0,1,0.9656527590718185,0,1,0,1,0,0,0,0,1,0
1,0,0,0,-1.232342780831989,1,0,0,0,0,0,0,0,1,0.18415697812649146,0.2390952203576376,-0.6564323836189192,-1.1015440337934654,-0.9256622042978615,0,1,1,1,-1.2257063528496184,0,1,0,1,0,0,0,0,1,0
1,1,1,0,-0.1397629924046432,1,1,0,0,0,0,1,1,1,0.98215300824736,0.8817314224147075,1.1543903428625453,-0.026393431304754394,0.3605402966373459,0,0,0,1,0.6048837429506961,0,1,0,1,0,0,0,0,1,0
0,0,1,0,-0.2611607466743483,1,1,0,1,0,0,0,0,0,0.481546803016256,0.4213172718993214,0.6960746370909832,-0.56396873254911,-0.06819387034105659,1,0,0,1,0.4318566951044661,0,1,0,1,0,0,1,0,0,0
1,0,1,0,1.5598055673712277,1,0,1,1,1,1,1,1,1,0.7062413373774115,0.6724637997915386,0.37531831107771185,2.1239077736726677,1.6467427975725533,1,0,0,0,1.123228678267699,1,0,0,0,0,1,1,0,0,0
1,0,0,0,-1.2728086989218905,1,0,0,0,0,0,0,0,1,0.1940699722894835,0.19296947156683564,0.006326045598127978,-1.1015440337934654,-0.9256622042978615,0,1,1,1,-1.6700085897416865,0,1,0,1,0,0,0,0,0,1
1,0,0,0,-1.2728086989218905,0,0,0,0,0,0,1,1,1,-0.6419258687895213,-0.6405887030097968,0.006326045598127978,-0.026393431304754394,-0.49692803731945906,0,1,1,0,-1.9445045207180018,1,0,0,1,0,0,0,0,0,1
1,0,0,0,-1.2728086989218905,1,0,0,1,0,0,0,0,1,0.31798239932688543,0.31652058439934044,0.006326045598127978,-0.56396873254911,-0.49692803731945906,0,1,1,1,-1.637865908577661,0,1,0,1,0,0,0,0,1,0
0,0,0,0,-1.1109450265622838,1,0,0,1,0,0,1,0,1,0.6798066862760991,0.6374240081296333,0.47805410404084664,-0.026393431304754394,-0.06819387034105659,0,1,1,1,-0.5538950909513123,0,1,0,1,0,0,0,0,0,1
1,0,1,0,-0.949081354202677,1,0,0,0,1,0,1,1,1,0.17589614965733133,-0.06694546209561882,2.8674498527736767,0.5111818699396011,0.3605402966373459,0,0,0,0,-0.3688848959727445,1,0,0,1,0,0,0,0,0,1
1,0,1,0,1.2765441407419158,1,1,0,1,0,1,1,1,1,1.3390207981150775,1.3795749510623505,-0.526073648460416,1.0487571711839567,1.2180086305941509,0,0,0,0,1.1993897717315893,0,1,0,0,0,1,0,0,1,0
0,0,0,0,-1.0704791084723821,1,0,1,1,1,1,0,1,1,1.10441326959093,0.9828729196093167,1.4000680364516231,1.5863324724283123,1.2180086305941509,1,1,1,0,-0.36549745757505175,0,1,0,1,0,0,1,0,0,0
1,0,1,1,-0.5848880913935618,1,0,0,0,0,1,0,1,1,0.6897196804390912,0.7982784051032707,-1.3083614267376513,-0.026393431304754394,-0.06819387034105659,0,0,0,0,0.2870714754820366,0,1,0,1,0,0,0,0,1,0
1,0,1,0,-0.5848880913935618,1,1,0,0,0,0,0,0,1,0.2783304226749172,0.2573075695825772,0.239157846711962,-1.1015440337934654,-0.49692803731945906,0,0,0,1,0.15870643900553388,0,1,0,1,0,0,0,0,1,0
0,0,1,1,-1.1514109446521854,1,0,0,0,0,0,0,0,0,-1.466356550011702,-1.5042109817090052,0.49852164376667074,-1.1015440337934654,-1.3543963712762639,0,1,0,0,-1.6213713036484199,0,0,1,1,0,0,0,0,0,1
1,0,1,1,1.2360782226520142,1,0,0,0,0,0,0,0,1,-1.5060085266636707,-1.517527046092064,0.18825973204986549,-1.1015440337934654,-1.3543963712762639,0,0,0,0,0.09332678610823844,0,0,1,0,0,1,0,0,0,1
1,0,0,0,-0.9086154361127753,1,0,1,0,0,0,0,0,1,-0.432100825672854,-0.40501791454248737,-0.30556027403342484,-0.56396873254911,-0.49692803731945906,0,0,1,0,-0.41496440568162757,1,0,0,1,0,0,0,0,0,1
0,0,0,0,-0.34209258285415167,1,0,0,0,1,0,0,0,1,-0.5097526132829593,-0.44009270268549305,-0.806690115733077,-0.56396873254911,-0.49692803731945906,1,0,1,0,0.12267013745936187,1,0,0,1,0,0,0,1,0,0
0,0,0,0,-0.8276835999329719,1,0,0,0,0,0,0,0,0,-1.487834704031518,-1.5280975301899562,0.527760986232127,-1.1015440337934654,-1.3543963712762639,0,0,1,0,-0.9593591030481678,0,0,1,1,0,0,0,0,0,1
0,1,0,1,-0.09929707431474152,1,1,0,0,0,1,1,1,1,1.2084997083023472,1.1336052772649725,0.8445205296079183,0.5111818699396011,0.7892744636157483,0,0,0,0,0.6767258406378637,0,1,0,1,0,0,0,0,1,0
0,1,0,0,0.9528167960227024,1,1,1,0,1,1,0,1,0,0.28163475406258104,0.25215633799993104,0.339097609847863,1.0487571711839567,1.2180086305941509,1,0,1,0,0.8716564896730972,1,0,0,0,0,1,1,0,0,0
0,1,0,0,0.42675986085398043,1,0,1,1,0,1,1,1,1,1.4348464083573351,1.39200907759218,0.4573825689024816,1.5863324724283123,1.2180086305941509,1,0,1,0,0.9512599252768047,0,1,0,1,0,0,0,1,0,0
1,0,1,0,-0.018365238134938143,1,1,0,0,0,1,0,0,1,0.4798946373224241,0.5635713304340034,-1.0066953402363839,-0.56396873254911,-0.06819387034105659,0,0,0,0,0.5966471915286057,0,1,0,0,1,0,0,0,1,0
0,0,0,0,-1.1109450265622838,1,1,0,0,0,0,0,0,0,0.35928654167268603,0.5191444094446486,-1.903977662145125,-1.1015440337934654,-0.49692803731945906,0,1,1,1,-0.5813001979838132,0,1,0,1,0,0,0,0,1,0
1,0,1,1,-1.232342780831989,1,0,0,0,0,0,0,0,1,-0.6683605198908337,-0.649649117950847,-0.19834935166007692,-1.1015440337934654,-0.9256622042978615,0,1,0,0,-1.518696121266295,1,0,0,1,0,0,0,0,1,0
0,0,0,0,-1.1514109446521854,1,1,0,1,0,0,0,0,1,0.5145901168928966,0.5372652393267492,-0.2860673790564512,-0.56396873254911,-0.06819387034105659,0,1,1,1,-0.7171374763993378,0,1,0,1,0,0,0,0,0,1
1,0,0,0,-0.05883115622483983,0,0,0,0,1,0,1,1,1,-0.4849701278754789,-0.5140085951530109,0.360342170502486,0.5111818699396011,-0.06819387034105659,0,0,1,0,0.2556118535090394,1,0,0,0,1,0,0,0,1,0
1,0,0,0,-0.54442217330366,0,0,0,0,1,0,1,0,1,-0.8286205921925401,-0.8614200604725261,0.4167027819554299,-0.026393431304754394,-0.49692803731945906,0,0,1,0,-0.20426261704163434,1,0,0,1,0,0,0,0,1,0
1,0,0,0,-1.1514109446521854,1,0,0,0,0,0,0,0,1,0.1808526467388276,-0.17315365946015351,4.18267879441437,-1.1015440337934654,-0.9256622042978615,0,1,1,1,-0.9111854483891771,0,1,0,1,0,0,0,0,1,0
0,0,1,0,1.3170100588318177,1,1,1,1,0,1,1,0,1,1.170499897344211,1.2343469538822458,-0.7958815553772555,1.0487571711839567,1.2180086305941509,1,0,0,0,1.1825688036505837,0,1,0,0,1,0,1,0,0,0
1,0,0,0,-1.1514109446521854,1,0,0,0,0,0,0,1,1,-0.29166674169713186,-0.16862345198962825,-1.4458946301862825,-0.56396873254911,-0.49692803731945906,0,1,1,0,-0.9097378354859522,1,0,0,1,0,0,0,0,1,0
0,0,0,0,1.519339649281326,1,0,0,0,0,0,0,0,0,-1.487834704031518,-1.5016811255891016,0.21517849177996987,-1.1015440337934654,-1.3543963712762639,1,0,1,0,0.17560446859032794,0,0,1,0,1,0,1,0,0,0
1,0,1,1,1.6002714854611295,1,1,1,1,1,1,1,1,0,0.8301537644148134,0.8700753295603816,-0.5010306931080606,2.1239077736726677,2.0754769645509556,1,0,0,0,1.174884290758188,1,0,0,0,0,1,0,1,0,0
1,0,1,1,-0.8276835999329719,1,0,0,0,0,0,0,0,0,-1.487834704031518,-1.4237654793536187,-0.7067890289760966,-1.1015440337934654,-1.3543963712762639,0,0,0,0,-0.8596022569077078,0,0,1,0,0,1,0,0,0,1
0,0,1,1,-0.5039562552137584,1,0,0,0,0,0,0,0,0,-1.4762695441746942,-1.4641804211512737,-0.09211307403558085,-1.1015440337934654,-1.3543963712762639,0,0,0,0,-0.5757847925392694,0,0,1,1,0,0,0,0,0,1
1,1,1,0,-1.1514109446521854,1,0,0,0,0,0,0,0,1,0.1808526467388276,0.17608415281306036,0.05018505929631374,-1.1015440337934654,-0.9256622042978615,0,1,0,1,-0.8083359223841141,0,1,0,1,0,0,0,0,1,0
1,0,1,1,1.5598055673712277,1,1,1,0,1,1,1,1,0,0.6847631833575953,0.7907712409808239,-1.2780086403494024,1.5863324724283123,1.6467427975725533,0,0,0,0,1.1492314628941278,1,0,0,0,1,0,0,0,1,0
0,0,0,0,0.022100679954963547,1,1,0,0,0,0,0,1,1,0.61537222421665,0.620331522863431,-0.0799152473302925,-0.56396873254911,-0.06819387034105659,0,0,1,1,0.629125793046094,0,1,0,1,0,0,0,0,1,0
0,0,0,0,-1.1109450265622838,1,0,0,1,0,0,1,1,1,1.0416309732253128,1.243648135094457,-2.4263872475279746,0.5111818699396011,0.3605402966373459,0,1,1,1,-0.4295706310698261,0,1,0,1,0,0,0,0,1,0
0,0,1,1,1.519339649281326,1,0,0,0,0,0,0,0,1,-1.5043563609698385,-1.473487938317989,-0.31335743202421207,-1.1015440337934654,-1.3543963712762639,0,0,0,0,0.20308944520849997,0,0,1,0,0,1,0,0,0,1
0,0,0,1,-0.6658199275733652,1,0,0,0,0,0,0,0,1,-1.5010520295821745,-1.3910587542065695,-1.249747374480502,-1.1015440337934654,-1.3543963712762639,1,0,0,0,-0.6507686561326282,0,0,1,0,1,0,1,0,0,0
1,0,1,0,0.6695553693933906,1,0,0,0,1,1,1,1,1,1.1407609148552342,1.175595845952809,-0.45155807926911434,1.0487571711839567,0.7892744636157483,1,0,0,0,0.9936026536222591,0,1,0,0,1,0,0,1,0,0
1,0,1,0,0.2648961884943737,1,0,0,0,0,0,0,0,1,-1.4630522186240378,-1.4656989382474543,0.08179853640640404,-1.1015440337934654,-1.3543963712762639,1,0,0,0,-0.15747226357516952,0,0,1,0,0,1,1,0,0,0
1,0,0,0,-0.7872176818430703,1,0,0,0,0,0,0,0,1,-1.479573875562358,-1.4817500229915062,0.0768003582071798,-1.1015440337934654,-1.3543963712762639,0,0,1,0,-0.8628883239862685,0,0,1,0,1,0,0,0,0,1
0,1,0,0,-1.2728086989218905,1,0,0,0,0,0,1,1,1,0.8119799417826612,0.8090776875582597,0.006326045598127978,-0.026393431304754394,-0.06819387034105659,0,1,1,1,-1.523904137186377,0,1,0,1,0,0,0,0,1,0
1,0,0,0,0.993282714112604,0,0,0,1,0,0,1,0,1,-0.8401857520493644,-0.9126323580021634,0.8862421644709132,-0.026393431304754394,-0.49692803731945906,0,0,1,0,0.4610321485974661,1,0,0,1,0,0,0,0,1,0
0,0,1,1,-0.42302441903395505,1,1,0,0,0,0,0,0,0,-1.3044443120161635,-1.3013250785455677,0.008098126959670656,-1.1015440337934654,-0.9256622042978615,1,0,0,0,-0.37898817891449416,0,0,1,0,0,1,0,1,0,0
1,1,0,0,-1.191876862742087,1,1,0,0,0,0,1,1,1,0.9953703337980159,1.5542281769525224,-6.6472487732083,-0.026393431304754394,0.3605402966373459,0,1,1,1,-0.695162571685516,0,1,0,1,0,0,0,0,1,0
0,0,1,0,-1.0300131903824803,1,0,0,0,0,0,0,0,1,0.1478093328621871,0.11460276571307576,0.3878298472902929,-1.1015440337934654,-0.9256622042978615,1,0,0,1,-0.47389261123467474,0,1,0,1,0,0,1,0,0,0
0,0,1,0,-0.7467517637531685,1,0,0,0,0,0,0,0,0,-1.46470438431787,-1.4449652814126566,-0.1830335056067417,-1.1015440337934654,-1.3543963712762639,0,0,0,0,-0.7819302132403764,0,0,1,0,0,1,0,0,0,1
0,1,0,0,-1.232342780831989,1,0,1,1,0,0,0,0,0,-0.3263622212676043,-0.41654935174018787,1.078435269331585,-0.026393431304754394,-0.06819387034105659,0,1,1,0,-1.427740994031436,1,0,0,1,0,0,0,0,0,1
1,0,1,1,-1.1514109446521854,0,0,1,0,0,0,1,0,0,-0.8649682374568447,-0.8473308984828547,-0.17885645668310607,-0.026393431304754394,-0.49692803731945906,1,1,0,0,-1.1752410170078358,1,0,0,1,0,0,0,1,0,0
0,0,0,0,-1.2728086989218905,1,0,0,0,0,0,0,0,0,-1.4927912011130144,-1.4889730111263297,0.006326045598127978,-1.1015440337934654,-1.3543963712762639,0,1,1,0,-2.4559536381938125,0,0,1,1,0,0,0,0,0,1
1,0,1,1,-0.34209258285415167,1,1,1,0,1,1,1,1,1,0.6632850293377789,0.5994526327857767,0.7324363834903319,1.5863324724283123,1.6467427975725533,0,0,0,0,0.4239080667127952,1,0,0,0,1,0,0,0,0,1
1,0,0,0,-1.2728086989218905,1,0,0,0,0,1,0,0,1,0.3163302336330535,0.3148732362282405,0.006326045598127978,-0.56396873254911,-0.49692803731945906,0,1,1,0,-1.638283861155216,0,1,0,1,0,0,0,0,0,1
0,0,1,1,-1.3132746170117922,1,0,0,0,0,0,0,0,0,-1.4779217098685262,-1.474146877586429,0.006326045598127978,-1.1015440337934654,-1.3543963712762639,0,1,0,0,-4.359284532484085,0,0,1,0,0,1,0,0,0,1
1,1,0,0,0.4672257789438821,1,0,0,0,1,0,0,0,0,0.3014607423885652,0.2049501855384728,1.131597710177868,-0.56396873254911,-0.49692803731945906,0,0,1,1,0.7072699832982227,0,1,0,1,0,0,0,0,1,0
1,0,1,1,-1.3132746170117922,1,1,0,0,0,0,0,0,0,-1.3011399806284993,-1.2978806232787221,0.006326045598127978,-1.1015440337934654,-0.9256622042978615,0,1,0,0,-4.359284532484085,0,0,1,0,0,1,0,0,0,1
0,0,0,0,0.224430270404472,1,0,0,0,0,0,0,0,0,-1.4680087157055342,-1.4888429573233481,0.2971805574913675,-1.1015440337934654,-1.3543963712762639,0,0,1,0,-0.19600010441689145,0,0,1,0,0,1,0,0,0,1
1,1,1,0,-1.1514109446521854,1,1,0,0,0,0,0,0,0,0.33780838765287,0.4095957560664942,-0.8611077808771214,-1.1015440337934654,-0.49692803731945906,0,1,0,1,-0.7478870287794772,0,1,0,1,0,0,0,0,1,0
1,0,0,0,-0.7872176818430703,1,0,0,0,0,1,0,0,1,-0.46844847093715863,-0.5852124606428174,1.3978188562619693,-0.56396873254911,-0.49692803731945906,0,0,1,0,-0.3192749624139451,1,0,0,1,0,0,0,0,0,1
1,1,1,0,1.3170100588318177,1,1,0,1,1,0,1,1,1,1.2696298389741325,1.309846187754662,-0.5196822280881566,1.0487571711839567,1.2180086305941509,1,0,0,1,1.1965277101196647,0,1,0,0,1,0,1,0,0,0
1,0,1,1,-1.191876862742087,1,0,0,0,1,0,0,0,1,-0.48166579648781477,-0.28640884622328266,-2.293835561684564,-0.56396873254911,-0.49692803731945906,0,1,0,0,-1.1287081026831844,1,0,0,1,0,0,0,0,1,0
0,0,1,0,-0.9086154361127753,1,0,0,0,0,0,0,0,1,-1.479573875562358,-1.5145069077783806,0.46440907755696903,-1.1015440337934654,-1.3543963712762639,1,0,0,0,-1.0596753448122072,0,0,1,1,0,0,1,0,0,0
0,0,0,0,-0.7467517637531685,1,0,0,1,0,0,0,0,0,-0.4717528023248225,-0.33171092092853444,-1.640823579956002,-0.56396873254911,-0.49692803731945906,0,0,1,0,-0.17732404481124503,1,0,0,1,0,0,0,0,1,0
1,1,0,0,-0.34209258285415167,1,1,0,1,0,0,0,0,0,-0.3280143869614365,-0.36040223490852735,0.394559537222818,-0.56396873254911,-0.06819387034105659,1,0,1,0,0.15160869560572493,1,0,0,1,0,0,0,1,0,0
1,0,0,1,-0.1802289104945449,1,0,0,1,0,1,0,0,1,-0.3412317125120926,-0.3485374058190568,0.09822112191813928,-0.026393431304754394,-0.06819387034105659,1,0,0,0,0.25279686549501273,1,0,0,0,1,0,0,1,0,0
0,1,1,1,0.5481576151236855,1,1,1,1,0,1,1,1,1,1.502585201804448,1.4281224807242539,0.8292652204955064,1.5863324724283123,1.6467427975725533,0,0,0,0,1.0001314927923806,0,1,0,1,0,0,0,0,1,0
1,0,0,0,-0.9086154361127753,1,1,0,0,0,0,0,0,0,-1.289574820771675,-1.3041405463289026,0.21684931134942464,-1.1015440337934654,-0.9256622042978615,1,0,1,0,-0.876206822462256,0,0,1,0,0,1,1,0,0,0
1,0,1,0,-0.46349033712385673,1,1,0,0,1,1,1,1,1,1.3671076149102217,1.3968672040369632,-0.39931181654171427,1.0487571711839567,1.2180086305941509,0,0,0,0,0.5010171196105984,0,1,0,1,0,0,0,0,1,0
0,0,0,0,1.114680468382309,1,0,1,0,1,1,1,1,1,1.3291078039520854,1.2916134226763205,0.3978083530523131,1.5863324724283123,1.2180086305941509,1,0,1,0,1.1427941554293857,0,1,0,1,0,0,1,0,0,0
1,1,0,0,-1.2728086989218905,1,1,0,0,0,0,0,0,1,0.32954755918370987,0.32805202159704117,0.006326045598127978,-1.1015440337934654,-0.49692803731945906,0,1,1,1,-1.6349479829683886,0,1,0,1,0,0,0,0,1,0
1,0,1,0,1.6002714854611295,1,1,1,1,1,0,1,1,1,0.6781545205822672,0.650520426089879,0.3035926939969457,1.5863324724283123,1.6467427975725533,0,0,0,0,1.1270903363866551,1,0,0,0,0,1,0,0,1,0
1,0,1,1,-1.1109450265622838,1,1,0,0,0,1,0,0,1,-0.2982754044724598,-0.42379768369302834,1.4955832218387874,-0.56396873254911,-0.06819387034105659,0,1,0,0,-0.8570582310832953,1,0,0,1,0,0,0,0,0,1
0,1,1,0,-0.22069482858444658,1,1,0,1,1,1,1,1,0,0.6318938811549702,0.6859536649923362,-0.661486097131466,1.5863324724283123,1.6467427975725533,0,0,0,0,0.5176489047170912,1,0,0,1,0,0,0,0,1,0
0,1,1,0,0.10303251613476692,1,1,0,0,1,0,1,1,0,1.2332821937098277,1.1169435271915604,1.3340706634581585,0.5111818699396011,0.7892744636157483,1,0,0,1,0.7705371037867172,0,1,0,1,0,0,1,0,0,0
1,0,0,0,-0.5848880913935618,1,0,0,0,0,0,0,0,0,-1.4762695441746942,-1.4217978134825826,-0.5936219442486748,-1.1015440337934654,-1.3543963712762639,1,0,1,0,-0.6033729989306332,0,0,1,0,0,1,0,1,0,0
0,1,0,0,0.42675986085398043,1,1,0,1,0,0,1,0,1,0.8433710899654697,0.808196547838834,0.387117482357582,-0.026393431304754394,0.3605402966373459,0,0,1,1,0.83728240973996,0,1,0,1,0,0,0,0,1,0
1,0,1,1,0.9528167960227024,0,0,0,1,1,0,0,0,1,-0.9459243564546138,-0.9731765319822487,0.35510963072180396,-0.026393431304754394,-0.49692803731945906,1,0,0,0,0.4178720643005779,1,0,0,0,1,0,0,1,0,0
0,0,1,0,0.7909531236630957,0,0,1,1,1,1,1,1,0,0.050331556926097476,-0.023149936572484285,0.8677620582343133,2.1239077736726677,1.2180086305941509,1,0,0,0,0.7478068321413222,1,0,0,0,0,1,0,1,0,0
0,0,1,1,0.3053621065842754,0,0,0,1,0,0,1,1,1,-0.45853547677416634,-0.4556326870995369,-0.01852739549751081,0.5111818699396011,-0.06819387034105659,0,0,0,0,0.43830175235229374,1,0,0,1,0,0,0,0,1,0
0,0,0,0,-0.05883115622483983,1,0,0,1,1,1,1,1,0,0.4782424716285922,0.5209511784065,-0.5218685279714305,1.5863324724283123,1.2180086305941509,0,0,1,0,0.5666375955598659,1,0,0,0,0,1,0,0,0,1
0,0,0,0,-1.1514109446521854,1,0,0,0,0,0,0,0,0,-1.4630522186240378,-1.4506721661482531,-0.09601165303097446,-1.1015440337934654,-1.3543963712762639,1,1,1,0,-1.5705658909584228,0,0,1,1,0,0,0,1,0,0
0,0,1,1,0.38629394276407875,1,0,0,0,1,1,1,1,1,1.178760725813371,1.2429185951901118,-0.7998443966637749,1.0487571711839567,0.7892744636157483,0,0,0,0,0.9092436997092322,0,1,0,0,0,1,0,0,1,0
0,0,0,0,0.7100212874832923,1,1,0,0,0,0,1,1,1,1.0234571505931607,0.9835318588777565,0.4371190245892096,-0.026393431304754394,0.3605402966373459,0,0,1,1,0.9686746311730362,0,1,0,1,0,0,0,0,1,0
1,0,0,0,-1.2728086989218905,1,0,0,0,0,1,0,0,1,-0.5097526132829593,-0.5088008493217916,0.006326045598127978,-0.56396873254911,-0.49692803731945906,0,1,1,0,-1.8923301297066502,1,0,0,1,0,0,0,0,1,0
0,0,0,0,1.0337486322025058,1,1,1,1,1,0,1,1,1,1.4216290828066787,1.464239416226625,-0.5532544739994285,1.5863324724283123,1.6467427975725533,0,0,1,0,1.1524106922522592,0,1,0,0,1,0,0,0,1,0
0,0,1,1,0.5481576151236855,1,0,0,0,0,0,0,0,0,-1.469660881399366,-1.4953833442269147,0.355079362251343,-1.1015440337934654,-1.3543963712762639,1,0,0,0,-0.08226790482797787,0,0,1,0,0,1,1,0,0,0
0,0,1,0,-1.1514109446521854,1,0,0,0,0,0,0,0,0,-1.4911390354191822,-1.3633627130799497,-1.4605143014190107,-1.1015440337934654,-1.3543963712762639,0,1,0,0,-1.495612190290552,0,0,1,1,0,0,0,0,0,1
0,0,1,1,1.6002714854611295,1,1,1,1,0,0,1,0,1,1.003631162267176,0.9983168087133792,0.028255552447223633,0.5111818699396011,0.7892744636157483,0,0,0,0,1.2012093514192512,0,1,0,0,0,1,0,0,1,0
1,0,1,1,-0.8276835999329719,1,0,0,0,0,0,0,0,0,-1.4432262302980536,-1.4136068322985016,-0.30068705028918075,-1.1015440337934654,-1.3543963712762639,1,0,0,0,-0.850682932878259,0,0,1,0,0,1,1,0,0,0
0,0,1,0,1.155146386472211,1,1,0,0,0,1,1,1,0,1.2035432112208515,1.3149486046245942,-1.359774381066707,0.5111818699396011,0.7892744636157483,1,0,0,0,1.157475151569441,0,1,0,0,1,0,1,0,0,0
1,1,1,0,0.3053621065842754,1,1,1,0,0,0,1,1,0,1.2266735309344994,1.2326932697566413,-0.11355525851025126,0.5111818699396011,0.7892744636157483,0,0,0,0,0.8766209910866939,0,1,0,1,0,0,0,0,1,0
1,1,0,0,0.06256659804486524,1,0,0,0,0,0,0,0,0,0.14615716716835514,0.07155022107340143,0.8777731151568791,-1.1015440337934654,-0.9256622042978615,1,0,1,1,0.5080131758155795,0,1,0,1,0,0,0,1,0,0
0,1,0,0,-0.2611607466743483,1,0,1,0,0,0,1,0,1,0.6963283432144194,0.6466871736148189,0.5633730059015948,-0.026393431304754394,-0.06819387034105659,1,0,1,0,0.48506834377279673,0,1,0,1,0,0,0,1,0,0
0,0,1,0,-0.949081354202677,1,1,1,1,1,0,0,0,0,0.8929360607804305,1.0364117351700683,-1.728541607352371,0.5111818699396011,0.7892744636157483,1,0,0,0,-0.09985321058378875,0,1,0,1,0,0,1,0,0,0
1,0,1,0,0.7504872055731939,1,1,0,1,1,0,1,1,1,1.39023793462387,1.4192425297559113,-0.391176126481304,1.0487571711839567,1.2180086305941509,1,0,0,1,1.0635168634751584,0,1,0,0,1,0,1,0,0,0
0,0,0,0,0.7909531236630957,1,1,1,1,0,1,1,1,1,1.5372806813749205,1.6155496566293044,-0.9791897408337775,1.5863324724283123,1.6467427975725533,1,0,1,0,1.1096030662989382,0,1,0,0,1,0,0,1,0,0
1,0,0,0,-0.9086154361127753,1,0,1,1,1,1,1,1,1,1.4992808704167837,1.304270547790939,2.2558061259406887,2.1239077736726677,1.6467427975725533,0,0,1,0,0.017445857482015197,0,1,0,1,0,0,0,0,1,0
1,1,0,0,-0.6658199275733652,0,0,0,1,0,0,1,0,1,-0.8500987462123565,-0.7331490783734814,-1.3545216849817265,-0.026393431304754394,-0.49692803731945906,0,0,1,0,-0.2518913580584806,1,0,0,1,0,0,0,0,0,1
0,0,1,0,-0.22069482858444658,1,0,0,1,0,0,0,0,1,0.37580819861100634,0.42140175129271135,-0.5524702770750692,-0.56396873254911,-0.49692803731945906,0,0,0,1,0.45562897441792133,0,1,0,1,0,0,0,0,1,0
1,0,0,0,-0.5039562552137584,1,0,1,0,1,0,0,1,0,-0.01079857374568728,0.17089500607409472,-2.1495881388549645,0.5111818699396011,0.3605402966373459,1,0,1,0,0.20183105257128464,1,0,0,1,0,0,0,1,0,0
1,0,0,0,0.5886235332135872,1,0,0,0,0,0,0,0,0,-1.4630522186240378,-1.472043879921195,0.15687755361176245,-1.1015440337934654,-1.3543963712762639,1,0,1,0,-0.04613317801030888,0,0,1,0,0,1,1,0,0,0
0,0,0,0,-0.7062858456632669,1,0,1,0,1,1,0,0,0,-0.19088463437337816,-0.035133338524819854,-1.8364022928916173,0.5111818699396011,0.3605402966373459,0,0,1,0,-0.038080868966435075,1,0,0,1,0,0,0,0,1,0
1,0,1,1,0.5886235332135872,1,1,0,0,0,0,0,0,0,-1.3275746317298118,-1.3196115991528081,-0.048419957315920664,-1.1015440337934654,-0.9256622042978615,0,0,0,0,0.0843912945115542,0,0,1,0,0,1,0,0,0,1
1,0,1,1,1.397941895011621,1,1,0,0,0,0,0,0,0,-1.269748832445691,-1.302576794930664,0.43226034778151484,-1.1015440337934654,-0.9256622042978615,0,0,0,0,0.32050845265050065,0,0,1,0,0,1,0,0,0,1
1,0,0,0,-0.9086154361127753,1,0,0,0,0,0,0,0,0,-1.4779217098685262,-1.4784299828312892,0.05700757253825603,-1.1015440337934654,-1.3543963712762639,1,0,1,0,-1.0241678371620988,0,0,1,1,0,0,0,1,0,0
0,0,0,0,-0.7872176818430703,1,0,0,0,0,0,1,0,1,0.5674594190955217,0.4745392897348623,1.0799347227913525,-0.56396873254911,-0.49692803731945906,0,0,1,1,0.008703169819584055,0,1,0,1,0,0,0,0,0,1
0,0,0,1,-1.2728086989218905,1,1,0,0,0,0,0,0,0,-1.2994878149346674,-1.2962332751076222,0.006326045598127978,-1.1015440337934654,-0.9256622042978615,0,1,0,0,-2.2982254991702025,0,0,1,1,0,0,0,0,0,1
0,0,0,0,-0.38255850094405336,1,0,0,0,0,0,0,0,1,-1.4894868697253503,-1.4482190498499847,-0.4369254358347569,-1.1015440337934654,-1.3543963712762639,1,0,1,0,-0.4731693718835387,0,0,1,0,1,0,0,1,0,0
1,0,1,0,1.5598055673712277,1,1,0,0,0,0,0,0,0,-1.3308789631174758,-1.329992311571715,0.03542811415529637,-1.1015440337934654,-0.9256622042978615,1,0,0,0,0.335875175840277,0,0,1,0,0,1,1,0,0,0
0,0,1,0,1.0742145502924074,1,1,1,1,0,0,1,0,1,0.992066002410352,0.992770969213638,-0.042571385869530125,0.5111818699396011,0.7892744636157483,0,0,0,0,1.074733223781662,0,1,0,1,0,0,0,0,1,0
0,0,1,1,1.4788737311914244,1,0,0,1,1,1,0,0,0,-0.18592813729188212,-0.15879904949096635,-0.31460045721114765,0.5111818699396011,0.3605402966373459,1,0,0,0,0.8840331754050513,1,0,0,0,1,0,1,0,0,0
1,1,1,0,1.6002714854611295,1,1,1,1,1,1,1,1,1,1.5918021492713774,1.5558297654522026,0.37073488780652486,2.1239077736726677,2.0754769645509556,1,0,0,0,1.304363807496708,0,1,0,1,0,0,0,1,0,0
1,0,0,0,-1.2728086989218905,1,0,0,0,0,0,0,0,0,0.15441799563751527,0.15343311546043448,0.006326045598127978,-1.1015440337934654,-0.9256622042978615,0,1,1,1,-1.6806507394464014,0,1,0,1,0,0,0,0,0,1
0,0,0,0,-0.9086154361127753,1,0,1,0,0,0,1,0,1,0.6599806979501149,0.608265945501162,0.589163605409591,-0.026393431304754394,-0.06819387034105659,0,0,1,0,-0.12485933447580255,0,1,0,1,0,0,0,0,0,1
1,0,1,0,-0.5039562552137584,1,0,0,0,0,0,1,1,1,0.8020669476196691,0.8658288320526573,-0.7821615562203903,-0.026393431304754394,-0.06819387034105659,0,0,0,1,0.3677089056072653,0,1,0,1,0,0,0,0,0,1
0,0,0,0,-1.2728086989218905,1,0,0,0,0,0,1,0,0,0.4402426606704554,0.4384243490607453,0.006326045598127978,-0.56396873254911,-0.49692803731945906,0,1,1,1,-1.6076828181325653,0,1,0,1,0,0,0,0,1,0
0,0,1,0,-0.46349033712385673,1,1,1,0,1,0,1,1,1,1.2944123243816128,1.4035350418723682,-1.3358990085305034,1.0487571711839567,1.2180086305941509,0,0,0,0,0.5022048272177928,0,1,0,1,0,0,0,0,1,0
0,0,1,1,-1.191876862742087,1,0,0,0,0,0,0,0,0,-1.5010520295821745,-1.5323531796319647,0.42217447177352946,-1.1015440337934654,-1.3543963712762639,0,1,0,0,-1.8281219823117936,0,0,1,1,0,0,0,0,0,1
0,1,1,0,1.397941895011621,1,0,0,0,0,0,0,0,1,-1.4762695441746942,-1.511986710949459,0.47357364758345566,-1.1015440337934654,-1.3543963712762639,1,0,0,0,0.1376918137226018,0,0,1,0,0,1,1,0,0,0
1,0,1,1,0.2648961884943737,0,0,0,0,0,0,0,0,1,-1.3044443120161635,-1.3324326951751286,0.37619123234067264,-1.1015440337934654,-1.3543963712762639,1,0,0,0,-0.042972884712399156,1,0,0,0,1,0,0,1,0,0
0,1,1,1,-0.018365238134938143,1,1,0,1,0,0,1,1,1,1.178760725813371,1.1797825056861213,-0.05276179230081713,0.5111818699396011,0.7892744636157483,0,0,0,1,0.7261844501126576,0,1,0,1,0,0,0,0,1,0
0,0,0,1,-0.5848880913935618,1,0,0,0,0,0,0,0,0,-1.47296521278703,-1.4176794430548325,-0.6033683917371616,-1.1015440337934654,-1.3543963712762639,1,0,0,0,-0.5997471588421072,0,0,1,0,1,0,1,0,0,0
0,0,0,0,-0.8681495180228737,1,1,0,0,0,0,0,0,0,0.3477213818158621,0.5285792216973124,-2.1520690527611275,-1.1015440337934654,-0.49692803731945906,0,0,1,1,-0.08346992362025948,0,1,0,1,0,0,0,0,1,0
1,1,1,0,1.3170100588318177,1,1,1,1,0,0,1,0,1,0.924327208963239,0.8921547230177366,0.34880121580893214,0.5111818699396011,0.7892744636157483,1,0,0,0,1.1151066763891013,0,1,0,0,0,1,0,1,0,0
1,0,0,0,1.3574759769217193,1,1,0,1,0,0,0,1,0,0.8152842731703255,0.8505609096850519,-0.445554701595306,-0.026393431304754394,0.3605402966373459,1,0,1,1,1.11600260901827,0,1,0,1,0,0,0,1,0,0
0,0,1,1,0.7504872055731939,1,1,1,0,0,1,1,0,1,1.0052833279610085,1.0970406080554576,-1.1204397267962505,0.5111818699396011,0.7892744636157483,0,0,0,0,1.0036603426226463,0,1,0,0,1,0,0,0,0,1
0,0,1,1,-1.2728086989218905,1,0,0,0,0,0,0,0,0,-1.4960955325006784,-1.4922677074685295,0.006326045598127978,-1.1015440337934654,-1.3543963712762639,0,1,0,0,-2.459025085918324,0,0,1,1,0,0,0,0,0,1
0,0,0,0,1.6002714854611295,1,1,1,1,0,0,0,0,0,-0.16444998327206584,-0.18143615998707308,0.20666968841700506,-0.026393431304754394,0.3605402966373459,1,0,1,0,0.9035647920662828,1,0,0,0,0,1,1,0,0,0
0,1,0,0,-0.1397629924046432,1,1,1,1,0,0,0,0,1,-0.20410195992403454,-0.18018329174200287,-0.27598484717181104,-0.026393431304754394,0.3605402966373459,1,0,1,0,0.3316064998783731,1,0,0,1,0,0,1,0,0,0
1,0,0,0,0.7909531236630957,1,0,1,0,1,0,0,0,0,-0.3627098665319089,-0.3649430023032262,0.038939158348060915,-0.026393431304754394,-0.06819387034105659,0,0,1,0,0.6365675060271572,1,0,0,0,1,0,0,0,1,0
1,0,1,1,-0.5039562552137584,1,0,0,0,0,0,0,0,0,-1.4762695441746942,-1.474146877586429,0.025818940575100202,-1.1015440337934654,-1.3543963712762639,0,0,0,0,-0.5852134830163854,0,0,1,0,0,1,0,0,0,1
0,0,0,0,-1.2728086989218905,1,0,0,0,0,0,0,0,0,-1.4812260412561902,-1.4774415739286293,0.006326045598127978,-1.1015440337934654,-1.3543963712762639,1,1,1,0,-2.4453200471186056,0,0,1,1,0,0,1,0,0,0
0,0,0,0,-1.191876862742087,1,0,0,0,1,1,0,0,0,0.5079814541175683,0.2561178181256716,2.962748450438871,-0.026393431304754394,-0.06819387034105659,1,1,1,0,-0.9673747034458952,0,1,0,1,0,0,0,1,0,0
0,1,0,0,-0.9895472722925787,1,0,0,0,1,0,1,1,1,0.9045012206372545,0.873118347709775,0.3401418720787681,0.5111818699396011,0.3605402966373459,0,0,1,1,-0.20718461070970262,0,1,0,1,0,0,0,0,1,0
1,0,0,0,0.993282714112604,1,1,0,0,0,1,1,0,1,0.849979752740798,0.88982664878727,-0.5008312044167731,-0.026393431304754394,0.3605402966373459,1,0,1,0,1.031941715338528,0,1,0,0,0,1,0,1,0,0
0,1,0,0,-1.2728086989218905,1,1,0,0,0,0,1,0,1,0.6930240118267555,0.6904686192390553,0.006326045598127978,-0.56396873254911,-0.06819387034105659,0,1,1,1,-1.549520369561999,0,1,0,1,0,0,0,0,1,0
1,0,0,0,-0.05883115622483983,1,0,0,0,1,1,1,1,0,1.1473695776305626,1.1721319683632807,-0.3325988057756766,1.0487571711839567,0.7892744636157483,1,0,1,0,0.7047450551638286,0,1,0,0,0,1,1,0,0,0
0,0,0,0,-0.54442217330366,1,0,0,0,0,0,0,0,0,-1.469660881399366,-1.467817592507992,0.028896766097779514,-1.1015440337934654,-1.3543963712762639,1,0,1,0,-0.611424113851721,0,0,1,0,1,0,0,1,0,0
0,1,1,0,-0.8276835999329719,1,0,1,0,1,1,1,1,1,0.4782424716285922,0.45832980612820456,0.21912348243007207,1.5863324724283123,1.2180086305941509,0,0,0,0,-0.045566485323383435,1,0,0,0,1,0,0,0,1,0
0,0,1,1,0.993282714112604,1,0,0,1,0,0,1,1,1,1.0003268308795121,1.066699820842224,-0.8198991169345767,0.5111818699396011,0.3605402966373459,0,0,0,1,1.067738629612066,0,1,0,0,1,0,0,0,1,0
0,0,0,0,-0.1397629924046432,0,0,0,1,0,0,0,0,1,-1.1276625827761366,-1.1601850382184962,0.4237428656222521,-0.56396873254911,-0.9256622042978615,0,0,1,0,-0.10675540573991237,1,0,0,1,0,0,0,0,1,0
1,0,1,1,-1.0704791084723821,1,0,0,0,0,0,0,0,0,-1.4927912011130144,-1.4582225119324617,-0.35754132730534843,-1.1015440337934654,-1.3543963712762639,0,1,0,0,-1.3247237509342182,0,0,1,1,0,0,0,0,0,1
0,0,1,0,1.4788737311914244,1,1,0,0,0,0,0,0,0,-1.337487625892804,-1.3491394134722272,0.1840221461853066,-1.1015440337934654,-0.9256622042978615,1,0,0,0,0.30271010333667153,0,0,1,0,0,1,1,0,0,0
1,0,1,1,0.7909531236630957,1,1,0,0,0,0,0,0,0,-1.3193138032606517,-1.3543339779114205,0.4599107171776682,-1.1015440337934654,-0.9256622042978615,0,0,0,0,0.12054947161220846,0,0,1,0,0,1,0,0,0,1
1,0,1,1,-0.38255850094405336,1,0,0,0,0,0,0,0,0,-1.4894868697253503,-1.5072370886754825,0.2614287146445863,-1.1015440337934654,-1.3543963712762639,0,0,0,0,-0.5297863239752156,0,0,1,0,1,0,0,0,0,1
1,0,1,1,-0.05883115622483983,1,1,0,0,0,0,0,0,0,-1.287922655077843,-1.3300304827469653,0.5426950589967429,-1.1015440337934654,-0.9256622042978615,0,0,0,0,-0.18546835391411196,0,0,1,0,0,1,0,0,0,1
0,1,0,0,-0.5848880913935618,1,1,0,1,0,1,0,0,1,0.6847631833575953,0.6232019022524692,0.7048214489396246,-0.026393431304754394,0.3605402966373459,0,0,1,0,0.24832086621896662,0,1,0,1,0,0,0,0,1,0
0,0,1,1,1.5598055673712277,1,0,0,0,0,0,0,0,0,-1.4812260412561902,-1.4846806250467026,0.09198496437017324,-1.1015440337934654,-1.3543963712762639,1,0,0,0,0.20124594284301717,0,0,1,0,0,1,0,1,0,0
0,0,0,0,0.871884959842899,1,0,0,0,1,0,1,1,1,0.9705878483905355,0.9547154684625504,0.15432765560847195,0.5111818699396011,0.3605402966373459,1,0,1,1,1.0112752861136256,0,1,0,0,1,0,0,1,0,0
1,0,0,1,0.5076916970337838,1,1,0,0,1,0,1,1,0,1.1556304060997227,1.2599751858569155,-1.2745737421108974,0.5111818699396011,0.7892744636157483,1,0,0,1,0.9558474648005961,0,1,0,0,0,1,1,0,0,0
0,0,1,0,0.8314190417529973,1,0,1,1,1,1,1,1,0,1.51249819596744,1.4944988548997433,0.16079804352884633,2.1239077736726677,1.6467427975725533,0,0,0,0,1.100930133040742,0,1,0,0,1,0,0,0,1,0
1,0,0,0,-0.54442217330366,1,1,0,0,0,0,0,1,1,0.7029370059897475,0.5242598590285908,2.0900139244523395,-0.56396873254911,-0.06819387034105659,1,0,1,1,0.2593388569454704,0,1,0,1,0,0,1,0,0,0
1,0,0,0,-0.8681495180228737,1,0,0,0,0,0,0,0,0,-1.469660881399366,-1.5100890195013397,0.5290900472532843,-1.1015440337934654,-1.3543963712762639,0,0,1,0,-0.9955076244334485,0,0,1,1,0,0,0,0,0,1
1,0,1,0,1.4788737311914244,0,0,1,0,1,1,1,1,0,-0.14792832633374559,-0.1966164335927417,0.581225194556649,1.5863324724283123,0.7892744636157483,1,0,0,0,0.8718583066048051,1,0,0,0,0,1,1,0,0,0
0,0,1,1,1.4788737311914244,1,1,0,1,1,1,1,1,1,1.4546723966833193,1.4447869593246574,0.06678227059916796,1.5863324724283123,1.6467427975725533,1,0,0,0,1.258327708808855,0,1,0,0,1,0,1,0,0,0
0,0,0,0,0.022100679954963547,1,1,1,0,0,0,0,1,1,0.8565884155161261,0.8517090614406675,0.02818171572382608,-0.026393431304754394,0.3605402966373459,0,0,1,0,0.679913071116541,0,1,0,1,0,0,0,0,1,0
1,0,1,1,1.0742145502924074,0,0,1,0,1,0,0,0,0,-0.9888806644942467,-1.0272408635757915,0.4880318231646555,-0.026393431304754394,-0.49692803731945906,0,0,0,0,0.4206748817709383,1,0,0,0,1,0,0,0,0,1
0,0,1,1,1.6002714854611295,1,0,1,1,1,1,1,1,1,0.6269373840734744,0.656835260745762,-0.37540981436756893,2.1239077736726677,1.6467427975725533,1,0,0,0,1.128516885738058,1,0,0,0,0,1,1,0,0,0
1,0,0,0,-1.0300131903824803,1,0,0,0,0,0,0,0,0,-1.4531392244610457,-1.4689694976201144,0.23745608603936766,-1.1015440337934654,-1.3543963712762639,0,0,1,0,-1.2384268973063388,0,0,1,1,0,0,0,0,0,1
1,0,1,0,-0.7062858456632669,1,0,0,0,0,0,0,0,1,0.1279833445362025,0.3019140972822534,-2.062519874624497,-1.1015440337934654,-0.9256622042978615,1,0,0,1,0.055635613064917815,0,1,0,1,0,0,1,0,0,0
0,0,0,0,-1.1514109446521854,1,0,0,0,0,0,0,0,1,0.17920048104499567,0.07724326254705652,1.2002658629376597,-1.1015440337934654,-0.9256622042978615,0,1,1,1,-0.835780783988527,0,1,0,1,0,0,0,0,1,0
1,0,1,0,1.114680468382309,1,1,0,0,1,0,1,1,0,1.2035432112208515,1.1986206184177213,0.016722256252520183,0.5111818699396011,0.7892744636157483,1,0,0,1,1.1254634381519326,0,1,0,0,0,1,0,1,0,0
0,1,1,0,-1.2728086989218905,1,1,0,1,0,0,1,0,1,0.8549362498222938,0.8519087400068612,0.006326045598127978,-0.026393431304754394,0.3605402966373459,0,1,0,1,-1.5149041027506551,0,1,0,1,0,0,0,0,1,0
0,0,0,0,-0.42302441903395505,1,0,0,1,0,0,0,1,1,0.6467633723994586,0.645915339157031,-0.012280808698077753,-0.026393431304754394,-0.06819387034105659,0,0,1,1,0.3797608886991385,0,1,0,1,0,0,0,0,0,1
1,0,1,1,-0.38255850094405336,1,1,0,0,0,0,0,0,1,-0.5411437614657676,-0.6044186670791211,0.767396466872944,-1.1015440337934654,-0.49692803731945906,1,0,0,0,0.03166411980872949,1,0,0,0,1,0,0,1,0,0
1,0,1,0,1.4384078131015228,1,1,1,1,1,1,1,1,1,0.8615449125976219,0.9207339775670862,-0.7301040602230627,2.1239077736726677,2.0754769645509556,1,0,0,0,1.1494312599828256,1,0,0,0,0,1,0,1,0,0
0,0,1,0,1.4788737311914244,1,1,0,0,1,1,1,1,0,1.3423251295027412,1.324267922111423,0.16735430845137642,1.0487571711839567,1.2180086305941509,1,0,0,0,1.2367558693218352,0,1,0,0,0,1,1,0,0,0
1,0,0,0,-0.22069482858444658,1,0,1,0,1,1,1,0,0,0.15276582994368287,0.21871691335217774,-0.7856630577255141,1.0487571711839567,0.7892744636157483,1,0,1,0,0.40360241510085043,1,0,0,0,1,0,0,1,0,0
0,1,1,0,0.38629394276407875,1,1,0,1,1,0,1,0,1,1.0185006535116643,0.9502789593668368,0.7721183482648807,0.5111818699396011,0.7892744636157483,0,0,0,1,0.8521667311274722,0,1,0,1,0,0,0,0,1,0
0,0,1,1,1.2360782226520142,1,0,1,1,1,1,0,0,0,-0.038885390540831996,-0.03378931160427149,-0.058959682023159134,1.0487571711839567,0.7892744636157483,0,0,0,0,0.8654149086764086,1,0,0,0,0,1,0,0,0,1
0,0,0,1,0.6695553693933906,1,0,0,0,0,0,0,0,0,-1.4960955325006784,-1.5136159949919696,0.25893805193235697,-1.1015440337934654,-1.3543963712762639,1,0,0,0,-0.0607759727270601,0,0,1,0,1,0,0,1,0,0
0,0,0,0,0.06256659804486524,1,0,1,1,0,0,0,1,0,-0.01245073943951968,-0.1436225209223447,1.552571273624398,0.5111818699396011,0.3605402966373459,0,0,1,0,0.443380062863886,1,0,0,0,1,0,0,0,1,0
1,0,0,0,-1.2728086989218905,1,0,0,0,1,1,1,1,1,0.3559822102850222,0.3544095923346421,0.006326045598127978,1.0487571711839567,0.7892744636157483,0,1,1,0,-1.6283287836654192,1,0,0,1,0,0,0,0,1,0
0,0,0,0,-0.9895472722925787,1,0,0,0,0,0,0,0,1,-1.5043563609698385,-1.4661160552523163,-0.4005881370461611,-1.1015440337934654,-1.3543963712762639,0,0,1,0,-1.1522206347404347,0,0,1,0,1,0,0,0,0,1
1,0,1,0,-0.9895472722925787,1,0,1,0,0,0,0,0,1,0.33946055334670194,0.5772134324759258,-2.8250169498070483,-0.56396873254911,-0.49692803731945906,0,0,0,0,-0.2723339019235455,0,1,0,1,0,0,0,0,0,1
1,0,0,0,0.871884959842899,1,0,1,0,1,1,0,0,0,0.650067703787123,0.6027625823517834,0.5373269439523097,0.5111818699396011,0.3605402966373459,0,0,1,0,0.9350930478433235,0,1,0,0,1,0,0,0,1,0
1,0,0,0,-0.7062858456632669,1,1,0,0,0,0,0,0,0,-0.43540515706051813,-0.45169277939032265,0.20775262702683772,-1.1015440337934654,-0.49692803731945906,0,0,1,0,-0.17728297070346669,1,0,0,1,0,0,0,0,1,0
1,0,1,1,-1.1109450265622838,1,0,0,0,0,0,0,0,0,-1.4960955325006784,-1.5660689055338126,0.8796077405664706,-1.1015440337934654,-1.3543963712762639,0,1,0,0,-1.5469836646950437,0,0,1,1,0,0,0,0,0,1
0,0,0,0,1.519339649281326,1,1,1,1,1,1,1,1,0,0.8268494330271494,0.8637696468387818,-0.46540201284459065,2.1239077736726677,2.0754769645509556,1,0,1,0,1.1558261271841226,1,0,0,0,0,1,0,1,0,0
1,0,0,0,-1.1514109446521854,1,0,0,0,0,0,0,0,1,-1.4547913901548777,-1.4432590993783028,-0.08626520554248905,-1.1015440337934654,-1.3543963712762639,1,1,1,0,-1.563843632784019,0,0,1,1,0,0,0,1,0,0
0,0,1,1,0.5076916970337838,1,0,0,1,0,1,0,0,1,-0.34949254098125276,-0.434633573885153,1.0195234089567355,-0.026393431304754394,-0.06819387034105659,1,0,0,0,0.5202588381326331,1,0,0,0,1,0,0,1,0,0
0,0,0,0,-1.1514109446521854,0,0,1,0,1,0,0,0,0,-0.9822720017189185,-1.0149485748922862,0.42055006385878185,-0.026393431304754394,-0.49692803731945906,0,1,1,0,-1.2625905482403563,1,0,0,1,0,0,0,0,0,1
1,0,1,0,0.6290894513034889,1,0,0,0,0,0,0,0,0,-1.5027041952760065,-1.5461497205649277,0.565934572228697,-1.1015440337934654,-1.3543963712762639,0,0,0,0,-0.10767408683166692,0,0,1,0,0,1,0,0,0,1
1,0,1,1,-0.42302441903395505,1,0,0,0,0,1,0,0,1,-0.4502746483050062,-0.28670836407257355,-1.9199263943990106,-0.56396873254911,-0.49692803731945906,0,0,0,0,0.12249156165261141,1,0,0,1,0,0,0,0,1,0
0,0,0,0,-1.232342780831989,1,0,0,0,0,0,0,0,0,-1.474617378480862,-1.4774415739286293,0.08429762550601687,-1.1015440337934654,-1.3543963712762639,0,1,1,0,-2.0241294193122763,0,0,1,1,0,0,0,0,0,1
1,0,1,1,-1.0300131903824803,1,0,0,0,0,0,0,0,0,-1.469660881399366,-1.4536726931741855,-0.13847831708794883,-1.1015440337934654,-1.3543963712762639,0,0,0,0,-1.2241883501357864,0,0,1,1,0,0,0,0,0,1
0,0,0,0,-0.9086154361127753,1,1,0,0,0,0,0,0,1,-1.3292267974236438,-1.24302392918109,-0.9741665717435597,-1.1015440337934654,-0.9256622042978615,0,0,1,0,-0.8315870146903118,0,0,1,1,0,0,0,0,0,1
1,0,0,0,-1.2728086989218905,1,0,1,0,0,0,0,0,0,-0.5543610870164237,-0.5532792499414931,0.006326045598127978,-0.56396873254911,-0.49692803731945906,0,1,1,0,-1.9094600823557986,1,0,0,1,0,0,0,0,1,0
1,0,0,0,-1.2728086989218905,1,0,0,0,0,0,0,0,1,-0.6584475257278416,-0.6570621847207974,0.006326045598127978,-1.1015440337934654,-0.9256622042978615,0,1,1,0,-1.9513411300651544,1,0,0,1,0,0,0,0,1,0
1,0,0,1,-0.6253540094834634,1,0,0,1,1,1,1,1,0,0.5327639395250487,0.6692468986819428,-1.633370414229517,1.5863324724283123,1.2180086305941509,0,0,0,0,0.2227802481325649,1,0,0,0,1,0,0,0,1,0
1,0,1,1,-0.6658199275733652,1,0,1,1,0,0,0,0,1,-0.2933189073909638,-0.366717069564411,0.8786330958176243,-0.026393431304754394,-0.06819387034105659,0,0,0,0,-0.10569141221608701,1,0,0,0,1,0,0,0,0,1
0,0,0,0,-1.0704791084723821,1,0,0,0,0,0,0,0,1,0.149461498556019,0.16441543660110142,-0.1821052725126012,-1.1015440337934654,-0.9256622042978615,0,1,1,1,-0.556965260194568,0,1,0,1,0,0,0,0,0,1
0,0,0,0,-0.8276835999329719,1,0,0,0,0,0,0,0,0,-0.6914908396044821,-0.6478644907654884,-0.4923671842294078,-1.1015440337934654,-0.9256622042978615,1,0,1,0,-0.3955564913092098,1,0,0,1,0,0,1,0,0,0
0,0,1,0,1.2765441407419158,1,1,1,1,1,1,0,1,1,0.5476334307695371,0.5074585333559075,0.45649008897257165,1.5863324724283123,1.6467427975725533,0,0,0,0,1.019726533374656,1,0,0,0,0,1,0,0,0,1
1,0,0,0,-1.2728086989218905,1,0,0,0,0,0,0,0,1,0.22546112047229208,0.22426908681773694,0.006326045598127978,-1.1015440337934654,-0.9256622042978615,0,1,1,1,-1.6617092915326759,0,1,0,1,0,0,0,0,0,1
1,0,0,0,1.3574759769217193,1,1,1,1,1,0,0,1,1,0.32624322779604553,0.2622579340361355,0.7458746671486978,1.0487571711839567,1.2180086305941509,1,0,1,0,0.9777460337525333,1,0,0,0,0,1,0,1,0,0
0,0,0,0,-0.54442217330366,1,1,0,0,1,0,0,0,1,-0.2850580789218037,-0.3402511206576585,0.6629288237698139,-0.56396873254911,-0.06819387034105659,0,0,1,0,0.011752602043965428,1,0,0,1,0,0,0,0,0,1
1,0,1,1,1.114680468382309,1,1,0,0,0,0,0,0,0,-1.347400620055796,-1.305897717711409,-0.44460959153582424,-1.1015440337934654,-0.9256622042978615,1,0,0,0,0.24855064480274378,0,0,1,0,1,0,0,1,0,0
1,0,1,1,1.6002714854611295,1,1,1,1,1,1,1,1,1,1.714062410614947,1.682103578734165,0.3190245691870455,2.1239077736726677,2.0754769645509556,1,0,0,0,1.3255536878131118,0,1,0,0,0,1,1,0,0,0
1,0,1,1,1.114680468382309,1,0,0,1,1,0,1,0,0,0.8665014096791182,0.8614633593992419,0.0297175195704952,0.5111818699396011,0.3605402966373459,0,0,0,1,1.0582976651834126,0,1,0,0,1,0,0,0,1,0
0,0,0,0,-1.1109450265622838,1,0,0,0,0,0,0,0,0,-1.479573875562358,-1.4108887078161865,-0.7616940164945663,-1.1015440337934654,-1.3543963712762639,0,1,1,0,-1.3962229604784133,0,0,1,1,0,0,0,0,0,1
1,0,1,1,-0.9895472722925787,1,0,0,0,0,0,0,0,1,-1.4993998638883423,-1.50462281875178,0.1135369679714745,-1.1015440337934654,-1.3543963712762639,0,0,0,0,-1.1894273871190566,0,0,1,1,0,0,0,0,0,1
1,0,0,1,-1.2728086989218905,1,0,0,1,0,0,0,0,1,-0.4899266249569749,-0.48903267126859074,0.006326045598127978,-0.56396873254911,-0.49692803731945906,0,1,0,0,-1.8848638896345904,1,0,0,1,0,0,0,0,1,0
1,0,1,0,1.4384078131015228,1,0,1,1,1,0,0,1,0,0.20563513214630796,0.16421355569778004,0.483041991873196,1.0487571711839567,0.7892744636157483,1,0,0,0,0.970229935928529,1,0,0,0,0,1,1,0,0,0
1,0,0,0,0.6290894513034889,1,1,1,0,0,1,0,1,1,0.20563513214630796,0.35797884670535896,-1.8097620030897577,0.5111818699396011,0.7892744636157483,1,0,1,0,0.8019470063508634,1,0,0,0,1,0,1,0,0,0
0,0,0,0,-1.232342780831989,1,0,0,0,1,0,0,1,0,-0.12810233800776122,-0.29794028342098317,2.0140942282262375,-0.026393431304754394,-0.06819387034105659,0,1,1,0,-1.386058058434205,1,0,0,1,0,0,0,0,1,0
1,0,0,0,1.4384078131015228,1,1,0,0,0,0,0,0,0,-1.3275746317298118,-1.3300523640319704,0.07512449845802871,-1.1015440337934654,-0.9256622042978615,0,0,1,0,0.30866099601885566,0,0,1,0,0,1,0,0,0,1
1,0,0,0,-1.0704791084723821,1,0,0,0,0,0,0,0,0,-0.6600996914216735,-0.6452561894945802,-0.1528659300471422,-1.1015440337934654,-0.9256622042978615,0,1,1,0,-0.8297320458363405,1,0,0,1,0,0,0,0,1,0
1,0,1,0,1.6002714854611295,1,1,1,1,1,1,1,1,0,1.6876277595136346,1.6796783161489337,0.035836122716046546,2.1239077736726677,2.0754769645509556,1,0,0,0,1.32515335173886,0,1,0,0,0,1,0,1,0,0
1,0,1,0,-0.6253540094834634,1,1,0,1,1,0,1,1,1,1.249803850648148,1.2439776047286768,0.025818940575098818,1.0487571711839567,1.2180086305941509,0,0,0,1,0.3401692802723326,0,1,0,1,0,0,0,0,1,0
1,0,1,1,0.5076916970337838,1,0,1,1,1,1,1,1,1,0.6484155380932906,0.6916034590902576,-0.5334105575420326,2.1239077736726677,1.6467427975725533,0,0,0,0,0.8404393132266263,1,0,0,0,0,1,0,0,0,1
1,0,1,1,1.5598055673712277,1,0,0,0,0,0,0,0,0,-1.4845303726438543,-1.4851678688719576,0.058764678564348166,-1.1015440337934654,-1.3543963712762639,0,0,0,0,0.20077295695987782,0,0,1,0,0,1,0,0,0,1
0,0,1,0,-0.6253540094834634,0,0,0,1,1,0,0,0,1,-0.9607938476991021,-0.8810046331568119,-0.9109866592005513,-0.026393431304754394,-0.49692803731945906,1,0,0,0,-0.2839519304205591,1,0,0,1,0,0,0,1,0,0
0,0,0,0,-1.2728086989218905,1,0,0,0,0,0,0,0,0,-1.4680087157055342,-1.4642627885598287,0.006326045598127978,-1.1015440337934654,-1.3543963712762639,1,1,1,0,-2.4333832813770204,0,0,1,1,0,0,0,1,0,0
1,1,0,0,1.397941895011621,1,1,0,0,0,0,0,0,0,-1.3094008090976594,-1.3108135357861643,0.061895343219048084,-1.1015440337934654,-0.9256622042978615,1,0,1,0,0.31423637824229494,0,0,1,0,0,1,0,1,0,0
1,0,0,0,-1.0300131903824803,1,0,1,0,0,0,0,0,1,-0.4535789796926703,-0.4666758032322327,0.170623303261177,-0.56396873254911,-0.49692803731945906,0,0,1,0,-0.6618431093158457,1,0,0,1,0,0,0,0,0,1
0,1,1,0,1.397941895011621,1,1,1,0,1,0,1,1,1,1.3984987630930301,1.3792076784756968,0.18001646800487756,1.0487571711839567,1.2180086305941509,1,0,0,0,1.2281635823758887,0,1,0,0,1,0,0,1,0,0
1,0,0,0,-0.54442217330366,1,1,0,0,0,0,1,1,0,0.161026658412843,0.2851342666131184,-1.4741080308108494,-0.026393431304754394,0.3605402966373459,0,0,1,0,0.20000641618241685,1,0,0,1,0,0,0,0,0,1
1,0,0,1,-0.46349033712385673,1,0,0,0,0,0,0,0,0,-1.4911390354191822,-1.510231647048621,0.2773701090874526,-1.1015440337934654,-1.3543963712762639,0,0,0,0,-0.5899417570628032,0,0,1,0,0,1,0,0,0,1
0,0,0,0,-1.2728086989218905,1,0,0,0,0,0,0,0,0,-1.4894868697253503,-1.4856783147841295,0.006326045598127978,-1.1015440337934654,-1.3543963712762639,0,1,1,0,-2.4528971004684124,0,0,1,1,0,0,0,0,0,1
1,0,0,0,-0.7062858456632669,1,0,0,0,0,0,0,0,0,-1.4861825383376863,-1.4486678925400813,-0.3926285382638978,-1.1015440337934654,-1.3543963712762639,0,0,1,0,-0.7420185239757376,0,0,1,1,0,0,0,0,0,1
0,0,1,0,0.9528167960227024,1,0,1,0,1,0,0,0,0,0.5145901168928966,0.5224685227184753,-0.11097941167400614,-0.026393431304754394,-0.06819387034105659,1,0,0,0,0.9392348692460978,0,1,0,0,0,1,1,0,0,0
1,0,0,1,0.10303251613476692,1,0,0,0,0,1,1,1,1,0.24363494310444428,0.2157028763280169,0.32211094422506886,0.5111818699396011,0.3605402966373459,0,0,0,0,0.56612070210259,1,0,0,0,1,0,0,0,0,1
0,0,0,0,0.7100212874832923,1,0,0,0,0,0,0,0,1,-1.4993998638883423,-1.4524018817279083,-0.5043878027985365,-1.1015440337934654,-1.3543963712762639,0,0,1,0,0.011204793046704962,0,0,1,0,1,0,0,0,0,1
0,0,1,1,1.4384078131015228,1,0,0,0,0,0,0,0,1,-1.4993998638883423,-1.5067789067992492,0.13904972757368675,-1.1015440337934654,-1.3543963712762639,1,0,0,0,0.152266110907201,0,0,1,0,0,1,1,0,0,0
0,0,1,1,1.5598055673712277,0,0,1,1,0,1,1,1,0,-0.16610214896589778,-0.22000447346710866,0.6435515278735108,1.5863324724283123,0.7892744636157483,1,0,0,0,0.8821959281447691,1,0,0,0,0,1,1,0,0,0
0,0,0,0,0.6290894513034889,1,1,0,0,0,0,0,0,0,-1.33418329450514,-1.3549200537030617,0.2914096346363424,-1.1015440337934654,-0.9256622042978615,1,0,1,0,0.06971997068149803,0,0,1,0,1,0,1,0,0,0
1,0,0,1,0.06256659804486524,1,1,1,1,0,0,1,1,1,1.2911079929939486,1.230217402358312,0.6759643201011591,1.0487571711839567,1.2180086305941509,0,0,0,0,0.7738556530623961,0,1,0,0,1,0,0,0,1,0
1,0,0,0,-1.232342780831989,0,0,0,0,0,0,0,0,0,-1.335835460198972,-1.49968077423848,1.98485488576078,-1.1015440337934654,-1.3543963712762639,0,1,1,0,-2.045315753755237,1,0,0,1,0,0,0,0,0,1
0,0,0,0,-0.7872176818430703,0,0,0,1,0,0,0,0,1,-1.0929671032056643,-1.144803962456501,0.6510910332979691,-0.56396873254911,-0.9256622042978615,0,0,1,0,-0.6011949902962721,1,0,0,1,0,0,0,0,1,0
1,0,1,1,1.519339649281326,1,1,0,1,1,1,1,1,1,0.7012848402959156,0.6588160008086326,0.47833257396909284,1.5863324724283123,1.6467427975725533,1,0,0,0,1.1112289598767688,1,0,0,0,0,1,0,1,0,0
1,0,1,1,1.4788737311914244,1,1,0,0,1,0,0,0,1,0.4782424716285922,0.455232075328201,0.2557786001585105,-0.56396873254911,-0.06819387034105659,1,0,0,1,1.05450567202485,0,1,0,0,0,1,0,1,0,0
1,0,1,0,-1.1514109446521854,1,1,0,1,0,0,1,1,1,1.1721520630380429,1.32799236145478,-1.8844847671681486,0.5111818699396011,0.7892744636157483,0,1,0,1,-0.5542687013194613,0,1,0,1,0,0,0,0,1,0
1,0,0,1,1.4788737311914244,1,1,1,1,1,1,1,0,1,0.48650330009775233,0.49433868843344614,-0.10950130136648689,1.5863324724283123,1.6467427975725533,1,0,0,0,1.0639460365629072,1,0,0,0,0,1,0,1,0,0
0,0,1,0,-0.6658199275733652,1,0,0,0,0,0,0,0,0,-1.4911390354191822,-1.4855753555234357,-0.014385155314903883,-1.1015440337934654,-1.3543963712762639,0,0,0,0,-0.7363040041373049,0,0,1,1,0,0,0,0,0,1
0,0,1,1,-0.9895472722925787,1,0,0,0,0,0,0,0,1,-1.4828782069500221,-1.529333041318281,0.6008593423957732,-1.1015440337934654,-1.3543963712762639,0,0,0,0,-1.2145161855225022,0,0,1,0,0,1,0,0,0,1
0,0,0,0,-1.232342780831989,0,0,0,0,0,0,0,0,0,-1.3292267974236438,-1.368716594636025,0.5131413149993989,-1.1015440337934654,-1.3543963712762639,0,1,1,0,-1.929720275058265,1,0,0,1,0,0,0,0,1,0
1,0,0,0,-0.42302441903395505,1,1,0,1,0,0,0,0,1,0.483198968710088,0.4582674065762685,0.27834053459496566,-0.56396873254911,-0.06819387034105659,0,0,1,1,0.33576608334188657,0,1,0,1,0,0,0,0,1,0
1,0,1,1,-1.2728086989218905,1,0,0,0,0,0,0,0,0,-1.5043563609698385,-1.50050444832403,0.006326045598127978,-1.1015440337934654,-1.3543963712762639,0,1,0,0,-2.466769901091288,0,0,1,1,0,0,0,0,0,1
1,0,1,0,1.2360782226520142,1,1,0,0,1,0,1,1,0,1.25145601634198,1.1599105512352368,1.0400683014404009,0.5111818699396011,0.7892744636157483,0,0,0,1,1.1488216805542937,0,1,0,0,0,1,0,0,1,0
0,1,1,0,1.114680468382309,1,1,0,1,0,0,0,1,0,0.8169364388641575,0.7742637295423453,0.4767545777090497,-0.026393431304754394,0.3605402966373459,0,0,0,1,1.0396939470744528,0,1,0,1,0,0,0,0,1,0
1,0,0,1,0.3053621065842754,0,0,1,1,0,1,0,0,0,-0.8087946038665558,-0.8448186925219271,0.45417530769405834,0.5111818699396011,-0.06819387034105659,0,0,0,0,0.2721821609724378,1,0,0,0,1,0,0,0,0,1
1,0,1,1,-0.9895472722925787,1,0,0,0,0,0,0,0,1,-0.703055999461306,-0.7101891632387743,0.1086637442272318,-1.1015440337934654,-0.9256622042978615,0,0,0,0,-0.6771912267237981,1,0,0,0,1,0,0,0,0,1
0,1,0,0,-1.2728086989218905,1,1,0,0,0,0,0,0,0,-0.46844847093715863,-0.46761714504429,0.006326045598127978,-1.1015440337934654,-0.49692803731945906,0,1,1,0,-1.8768741367920034,1,0,0,1,0,0,0,0,0,1
1,0,1,1,1.3170100588318177,1,1,1,1,1,1,0,0,0,0.9854573396350238,0.9480885293810885,0.4081795728157007,1.0487571711839567,1.2180086305941509,1,0,0,0,1.1266399924258417,0,1,0,0,0,1,0,1,0,0
1,1,1,0,-0.38255850094405336,1,1,0,1,1,0,1,1,1,1.312586147013765,0.9966605075630889,3.6930257477645623,1.0487571711839567,1.2180086305941509,0,0,0,1,0.4825385466439352,0,1,0,1,0,0,0,0,1,0
0,0,0,0,-1.2728086989218905,0,0,0,0,0,0,0,0,0,-1.3044443120161635,-1.3011753196209224,0.006326045598127978,-1.1015440337934654,-1.3543963712762639,1,1,1,0,-2.3018132327231817,1,0,0,1,0,0,1,0,0,0
1,0,0,0,0.871884959842899,0,0,1,1,0,0,0,1,0,-0.6121868863005446,-0.6492830405794916,0.4600773231176454,0.5111818699396011,-0.06819387034105659,1,0,1,0,0.5499734221936572,1,0,0,0,0,1,1,0,0,0
0,0,1,1,-0.7872176818430703,1,0,0,0,0,0,0,0,0,-1.5175736865204947,-1.4963227183512375,-0.1990990783899606,-1.1015440337934654,-1.3543963712762639,0,0,0,0,-0.8770798579086058,0,0,1,1,0,0,0,0,0,1
1,1,1,0,1.6002714854611295,1,1,1,1,1,0,1,1,1,1.4811070477846315,1.4914001480936225,-0.17290029432903212,1.5863324724283123,1.6467427975725533,1,0,0,0,1.2932708051050812,0,1,0,0,0,1,1,0,0,0
0,1,1,0,0.38629394276407875,1,0,1,0,0,0,0,0,1,0.3113737365515577,0.40022156052142493,-1.0620702457587616,-0.56396873254911,-0.49692803731945906,1,0,0,0,0.7284788479611326,0,1,0,1,0,0,0,1,0,0
0,1,0,0,0.022100679954963547,0,0,1,1,1,0,1,1,1,-0.1743629774350579,-0.2514650971393419,0.9183572530055415,1.5863324724283123,0.7892744636157483,1,0,1,0,0.38951963921663796,1,0,0,1,0,0,1,0,0,0
0,0,0,0,-0.9895472722925787,1,0,0,0,0,0,1,0,1,0.5046771227299045,0.4392480231462955,0.7568025022115468,-0.56396873254911,-0.49692803731945906,1,0,1,1,-0.30517878124299036,0,1,0,1,0,0,1,0,0,0
1,0,0,0,0.7909531236630957,1,0,0,1,0,0,0,1,1,0.6814588519699311,0.6158310751792143,0.7530538685621228,-0.026393431304754394,-0.06819387034105659,0,0,1,1,0.9143352302318407,0,1,0,1,0,0,0,0,1,0
0,0,1,0,1.5598055673712277,1,0,1,1,1,1,1,1,1,0.650067703787123,0.6369182026348448,0.1331671368567346,2.1239077736726677,1.6467427975725533,1,0,0,0,1.1152016002117344,1,0,0,0,0,1,0,1,0,0
1,1,1,0,1.397941895011621,1,1,0,1,0,1,1,1,0,1.2613690105049724,1.3040689320446253,-0.5487850531490688,1.0487571711839567,1.2180086305941509,1,0,0,0,1.2145492871160621,0,1,0,0,0,1,1,0,0,0
1,1,0,0,-0.30162666476425,1,1,0,1,1,0,1,1,0,1.3621511178287258,1.3662108390243013,-0.0950370082821226,1.0487571711839567,1.2180086305941509,0,0,1,1,0.6052631260633234,0,1,0,1,0,0,0,0,0,1
0,0,0,0,-0.8276835999329719,1,0,0,0,0,0,0,0,0,-1.474617378480862,-1.5191743942631641,0.5781176315893058,-1.1015440337934654,-1.3543963712762639,0,0,1,0,-0.9501814633195607,0,0,1,1,0,0,0,0,0,1
0,0,1,0,-0.949081354202677,0,0,0,0,1,0,1,1,1,-0.5279264359151115,-0.5142920098921251,-0.14311948255865675,0.5111818699396011,-0.06819387034105659,0,0,0,0,-0.5222113345644356,1,0,0,1,0,0,0,0,1,0
1,0,0,0,-0.34209258285415167,1,0,0,0,0,1,0,0,1,-0.4502746483050062,-0.3901917810025869,-0.695418173572861,-0.56396873254911,-0.49692803731945906,1,0,1,0,0.1409460598192978,1,0,0,1,0,0,0,1,0,0
0,0,0,0,-1.1514109446521854,1,0,0,0,0,0,0,0,1,0.17589614965733133,0.06529998830658068,1.3026035615667635,-1.1015440337934654,-0.9256622042978615,1,1,1,1,-0.8391795303543131,0,1,0,1,0,0,0,1,0,0
1,0,0,0,0.224430270404472,1,0,0,0,0,0,0,0,0,-1.474617378480862,-1.5000709356474249,0.3520684459791574,-1.1015440337934654,-1.3543963712762639,0,0,1,0,-0.20705541289762197,0,0,1,0,1,0,0,0,0,1
0,1,1,0,1.0742145502924074,1,1,1,1,1,1,0,0,1,0.9689356826967036,0.9292503405822372,0.4361608992428836,1.0487571711839567,1.2180086305941509,0,0,0,0,1.0618087195613781,0,1,0,0,1,0,0,0,1,0
0,0,0,0,-1.232342780831989,1,0,0,0,0,0,0,0,0,-1.5192258522143267,-1.2575205930867706,-3.0443120182979815,-1.1015440337934654,-1.3543963712762639,1,1,1,0,-1.8458919478344664,0,0,1,1,0,0,1,0,0,0
0,0,0,0,1.397941895011621,1,1,0,0,0,0,0,0,1,-1.276357495221019,-1.2678349596207479,-0.05680765902878014,-1.1015440337934654,-0.9256622042978615,0,0,1,0,0.3462967847865846,0,0,1,0,0,1,0,0,0,1
0,0,1,1,-0.5848880913935618,1,1,0,0,0,0,0,0,0,-1.3094008090976594,-1.3488568972399853,0.5120583763895676,-1.1015440337934654,-0.9256622042978615,0,0,0,0,-0.5420551268990814,0,0,1,0,0,1,0,0,0,1
0,0,0,0,-0.7872176818430703,1,0,0,0,0,0,0,0,0,-1.4960955325006784,-1.5448561298536474,0.6285992314014635,-1.1015440337934654,-1.3543963712762639,1,0,1,0,-0.9267923331016932,0,0,1,1,0,0,0,1,0,0
0,0,0,0,-0.8681495180228737,1,1,0,0,0,0,0,0,1,0.3890255241616627,0.376723672106816,0.13214382226767055,-1.1015440337934654,-0.49692803731945906,0,0,1,1,-0.12041564539028023,0,1,0,1,0,0,0,0,1,0
1,0,1,0,0.34582802467417706,1,1,0,0,1,0,1,1,1,0.27337392559342094,0.2786315764640388,-0.07164553430975537,0.5111818699396011,0.7892744636157483,0,0,0,0,0.6823506286280945,1,0,0,0,1,0,0,0,1,0
1,0,1,0,1.3170100588318177,1,0,0,0,0,0,0,0,1,-1.46470438431787,-1.41613487814569,-0.524180588467463,-1.1015440337934654,-1.3543963712762639,1,0,0,0,0.2089215036765106,0,0,1,0,0,1,0,1,0,0
1,0,1,0,1.6002714854611295,1,1,0,1,1,0,1,1,1,1.324151306870589,1.285207068677598,0.41513537080961865,1.0487571711839567,1.2180086305941509,1,0,0,1,1.2563965051315513,0,1,0,0,0,1,1,0,0,0
0,0,1,0,0.5481576151236855,1,0,0,1,0,0,1,1,1,0.14450500147452275,0.13595690008006817,0.09616286592678172,0.5111818699396011,0.3605402966373459,1,0,0,0,0.716396020748749,1,0,0,1,0,0,0,1,0,0
0,0,0,0,-1.2728086989218905,1,0,0,0,0,0,0,0,1,-0.6667083541970017,-0.6652989255762977,0.006326045598127978,-1.1015440337934654,-0.9256622042978615,1,1,1,0,-1.9547874743832747,1,0,0,1,0,0,0,1,0,0
0,0,1,1,0.06256659804486524,0,0,1,0,1,1,1,1,0,-0.11488501245710507,-0.20161886682842653,1.0302763523296539,1.5863324724283123,0.7892744636157483,0,0,0,0,0.4247611380450385,1,0,0,0,1,0,0,0,0,1
0,1,1,0,1.3574759769217193,1,1,0,1,1,0,1,1,1,0.5228509453620567,0.49523290114292357,0.30876126463478004,1.0487571711839567,1.2180086305941509,1,0,0,0,1.0361765982414703,1,0,0,0,0,1,1,0,0,0
0,1,0,0,1.5598055673712277,1,1,0,1,0,0,1,1,1,1.1539782404058907,1.092537583422055,0.6872046307092675,0.5111818699396011,0.7892744636157483,1,0,1,1,1.2110675172879415,0,1,0,1,0,0,0,1,0,0
1,0,0,0,-1.1109450265622838,0,0,1,0,1,1,0,0,0,-0.8170554323357159,-0.6606863506972175,-1.8221075032418397,0.5111818699396011,-0.06819387034105659,0,1,1,0,-0.9506021150677306,1,0,0,1,0,0,0,0,0,1
0,0,1,1,1.1956123045621125,1,1,1,0,0,0,1,1,1,1.2035432112208515,1.3945505415935813,-2.3016955999817283,0.5111818699396011,0.7892744636157483,1,0,0,0,1.1820805905696565,0,1,0,0,0,1,1,0,0,0
0,1,0,0,-1.2728086989218905,1,1,0,0,0,0,0,0,1,0.3212867307145498,0.31981528074154086,0.006326045598127978,-1.1015440337934654,-0.49692803731945906,0,1,1,1,-1.637030834801453,0,1,0,1,0,0,0,0,0,1
0,0,0,1,1.397941895011621,1,1,0,1,0,1,1,1,1,1.383629271848542,1.4294640913373169,-0.5900983529510165,1.0487571711839567,1.2180086305941509,1,0,0,0,1.2371079094786679,0,1,0,0,1,0,1,0,0,0
1,0,0,0,-0.018365238134938143,1,0,0,0,0,1,1,1,1,1.0399788075314809,1.1445189588985105,-1.272895187265656,0.5111818699396011,0.3605402966373459,0,0,1,0,0.7194484211103013,0,1,0,1,0,0,0,0,1,0
1,1,0,0,1.5598055673712277,1,1,0,0,0,0,0,0,1,-1.3242703003421479,-1.3132404048177115,-0.08482382950545955,-1.1015440337934654,-0.9256622042978615,0,0,1,0,0.348866551611707,0,0,1,0,0,1,0,0,0,1
1,1,0,0,-1.2728086989218905,1,0,0,0,0,0,0,0,0,-1.4762695441746942,-1.4724995294153291,0.006326045598127978,-1.1015440337934654,-1.3543963712762639,0,1,1,0,-2.4408171993109495,0,0,1,1,0,0,0,0,0,1
0,0,1,1,1.0742145502924074,1,1,0,0,0,0,0,0,0,-1.2978356492408352,-1.276437175898979,-0.20842618719902017,-1.1015440337934654,-0.9256622042978615,0,0,0,0,0.2599954858828988,0,0,1,0,0,1,0,0,0,1
1,0,1,1,0.34582802467417706,1,1,0,0,1,1,1,1,1,1.25145601634198,1.252696496268402,-0.057857876887031666,1.0487571711839567,1.2180086305941509,0,0,0,0,0.895894921362262,0,1,0,0,1,0,0,0,1,0
0,0,1,1,1.6002714854611295,1,0,1,1,1,0,1,0,1,0.19572213798331592,0.1599996283091245,0.41594757476700284,1.0487571711839567,0.7892744636157483,1,0,0,0,1.0050563136011512,1,0,0,0,0,1,0,1,0,0
1,1,1,0,0.4672257789438821,1,0,0,0,0,0,0,0,1,-1.4993998638883423,-1.4986699014971234,0.043096733850144425,-1.1015440337934654,-1.3543963712762639,1,0,0,0,-0.11347424806788267,0,0,1,0,0,1,0,1,0,0
0,1,0,0,1.2360782226520142,1,1,1,1,1,1,1,0,0,0.603807064359826,0.6088595138104317,-0.08061845421979802,1.5863324724283123,1.6467427975725533,1,0,1,0,1.0335346370105278,1,0,0,0,1,0,1,0,0,0
1,0,0,0,-1.232342780831989,1,0,0,0,0,0,0,0,0,-0.6733170169723296,-0.7946157570076526,1.4585467213825385,-1.1015440337934654,-0.9256622042978615,0,1,1,0,-1.5826967039330915,1,0,0,1,0,0,0,0,1,0
0,0,0,0,0.5481576151236855,1,1,0,0,1,0,1,1,1,1.201891045527019,1.214898328317084,-0.1953830415548857,0.5111818699396011,0.7892744636157483,0,0,1,1,0.9612643128969952,0,1,0,0,1,0,0,0,1,0
0,0,0,0,-1.2728086989218905,1,0,0,0,0,0,0,0,1,-1.4977476981945104,-1.49391505563963,0.006326045598127978,-1.1015440337934654,-1.3543963712762639,0,1,1,0,-2.460566446626775,0,0,1,1,0,0,0,0,0,1
0,0,1,0,0.022100679954963547,1,0,0,1,0,1,0,0,1,-0.3627098665319089,-0.27877114106636436,-0.9807232727812694,-0.026393431304754394,-0.06819387034105659,1,0,0,0,0.3803202045451182,1,0,0,0,1,0,0,1,0,0
1,0,1,0,-1.2728086989218905,1,0,0,0,0,0,0,0,0,0.17424398396349938,0.17320129351363506,0.006326045598127978,-1.1015440337934654,-0.9256622042978615,0,1,0,1,-1.6753071809115594,0,1,0,1,0,0,0,0,1,0
0,1,0,0,-1.2728086989218905,0,0,0,0,0,0,0,0,0,-1.3044443120161635,-1.3011753196209224,0.006326045598127978,-1.1015440337934654,-1.3543963712762639,0,1,1,0,-2.3018132327231817,1,0,0,1,0,0,0,0,1,0
1,0,0,0,-1.232342780831989,1,1,0,0,0,0,1,0,1,0.6913718461329236,0.8568507845201616,-1.9819492420530085,-0.56396873254911,-0.06819387034105659,0,1,1,1,-1.0808775343520518,0,1,0,1,0,0,0,0,1,0
0,0,0,0,-1.2728086989218905,1,0,0,0,1,0,0,0,1,0.3361562219590381,0.3346414142814415,0.006326045598127978,-0.56396873254911,-0.49692803731945906,0,1,1,1,-1.6332866481392165,0,1,0,1,0,0,0,0,1,0
1,0,0,0,-0.30162666476425,1,0,1,1,0,1,1,1,1,0.471633808853264,0.3735188311194028,1.1447111122532903,1.5863324724283123,1.2180086305941509,0,0,1,0,0.39528656220999536,1,0,0,1,0,0,0,0,0,1
1,0,1,1,0.224430270404472,1,1,0,1,1,0,1,1,0,0.469981643159432,0.34881727880643437,1.4175090477468042,1.0487571711839567,1.2180086305941509,1,0,0,0,0.6525789480638416,1,0,0,0,1,0,0,1,0,0
0,0,0,1,-0.8276835999329719,1,1,0,1,1,0,1,1,1,1.3406729638089092,1.3693133447465402,-0.38515626185606266,1.0487571711839567,1.2180086305941509,0,0,0,1,0.14393702077689718,0,1,0,1,0,0,0,0,1,0
1,0,1,1,1.4384078131015228,0,0,1,1,1,1,0,1,1,-0.2751450847588116,-0.2200061795029112,-0.642959353267187,1.5863324724283123,0.7892744636157483,0,0,0,0,0.8550189378810905,1,0,0,0,0,1,0,0,0,1
1,0,0,1,-0.30162666476425,1,0,0,1,0,0,1,1,1,1.0300658133684888,1.094068921158571,-0.7928826484577206,0.5111818699396011,0.3605402966373459,0,0,0,1,0.5543063063481797,0,1,0,1,0,0,0,0,1,0
0,0,1,0,0.5481576151236855,1,1,0,1,1,1,1,1,1,1.4596288937648154,1.3437496048305198,1.3208251807843694,1.5863324724283123,1.6467427975725533,1,0,0,0,0.9850373175253112,0,1,0,0,0,1,0,1,0,0
0,0,1,1,1.6002714854611295,1,1,1,0,1,1,1,1,0,0.6599806979501149,0.5639431277642862,1.1136307741511209,1.5863324724283123,1.6467427975725533,1,0,0,0,1.107199052861871,1,0,0,0,0,1,0,1,0,0
0,0,0,0,-1.0300131903824803,1,1,0,0,0,0,0,0,1,0.3361562219590381,0.41394946194725846,-0.9321176125789449,-1.1015440337934654,-0.49692803731945906,0,0,1,1,-0.3953241712124994,0,1,0,1,0,0,0,0,1,0
0,0,0,0,-1.191876862742087,1,0,0,0,0,1,0,1,0,0.6963283432144194,0.8563016684631284,-1.9169729254631056,-0.026393431304754394,-0.06819387034105659,0,1,1,0,-0.8268445532267541,0,1,0,1,0,0,0,0,1,0
0,0,1,1,-0.018365238134938143,1,0,1,1,1,1,0,1,0,0.3824168613863345,0.34220891994243235,0.4625816186528754,1.5863324724283123,1.2180086305941509,1,0,0,0,0.542737383863853,1,0,0,1,0,0,1,0,0,0
1,0,0,0,-1.0704791084723821,1,0,0,0,0,0,0,0,0,-1.5126171894389986,-1.5282348092042144,0.23699196949229534,-1.1015440337934654,-1.3543963712762639,0,1,1,0,-1.39309957148756,0,0,1,1,0,0,0,0,0,1
0,0,0,1,-0.05883115622483983,1,0,0,0,0,0,0,0,0,-1.474617378480862,-1.506828139690511,0.43202571977264503,-1.1015440337934654,-1.3543963712762639,1,0,0,0,-0.34180212213689265,0,0,1,0,1,0,0,1,0,0
0,0,1,1,1.519339649281326,1,1,1,1,1,0,1,1,1,1.4348464083573351,1.5995930077785776,-1.998935907675797,1.5863324724283123,1.6467427975725533,1,0,0,0,1.294053232596921,0,1,0,0,1,0,0,1,0,0
1,0,0,0,-0.1397629924046432,1,0,0,0,1,1,1,1,1,0.35102571320352594,0.41621355130556864,-0.7834722853653928,1.0487571711839567,0.7892744636157483,1,0,1,0,0.49932250889806684,1,0,0,0,1,0,1,0,0,0
1,0,1,0,0.38629394276407875,0,0,1,0,0,0,1,0,1,-0.8120989352542198,-0.8575287681134741,0.5655864848183948,-0.026393431304754394,-0.49692803731945906,1,0,0,0,0.29664438541645616,1,0,0,1,0,0,1,0,0,0
1,0,0,0,1.2360782226520142,1,1,0,1,1,0,1,1,1,1.322499141176757,1.2852920509245196,0.39463688998066476,1.0487571711839567,1.2180086305941509,1,0,1,1,1.1723467505530858,0,1,0,0,0,1,1,0,0,0
1,0,0,1,-0.34209258285415167,0,0,1,0,0,1,0,0,0,-0.9574895163114381,-0.9925720955681769,0.4481649984094919,-0.026393431304754394,-0.49692803731945906,0,0,0,0,-0.1258048335497182,1,0,0,0,0,1,0,0,0,1
0,0,1,1,1.519339649281326,1,1,0,1,1,0,1,1,1,1.380324940460878,1.348466545867024,0.32935116235937484,1.0487571711839567,1.2180086305941509,0,0,0,1,1.2502054835597332,0,1,0,0,1,0,0,0,1,0
1,0,1,1,1.3574759769217193,1,0,1,1,1,1,1,0,1,0.3427648847343658,0.3693854847991881,-0.3268252503719397,1.5863324724283123,1.2180086305941509,0,0,0,0,1.0052886748271268,1,0,0,0,1,0,0,0,1,0
1,0,1,0,-0.05883115622483983,1,0,0,0,1,0,1,1,1,0.9606748542275434,0.9913487916509447,-0.39610791521678185,0.5111818699396011,0.3605402966373459,0,0,0,1,0.6693398221464552,0,1,0,0,1,0,0,0,1,0
1,0,0,0,0.10303251613476692,1,0,0,1,1,0,1,1,1,1.2431951878728198,1.280313398674084,-0.4821102085391442,1.0487571711839567,0.7892744636157483,1,0,1,1,0.8014090924497955,0,1,0,0,1,0,1,0,0,0
0,0,1,1,-1.191876862742087,1,1,0,0,0,0,0,1,1,0.6616328636439469,0.7755816080792256,-1.3711718661078942,-0.56396873254911,-0.06819387034105659,1,1,0,1,-0.8440161755763241,0,1,0,1,0,0,1,0,0,0
0,0,1,1,-0.6253540094834634,1,0,1,1,0,0,1,1,0,0.3245910621022136,0.22320315564820165,1.1885127939074263,1.0487571711839567,0.7892744636157483,0,0,0,0,0.11370459189764653,1,0,0,1,0,0,0,0,0,1
0,0,1,0,1.5598055673712277,1,0,0,1,1,1,1,1,1,0.5278074424435529,0.5142951732790162,0.14167811917062093,1.5863324724283123,1.2180086305941509,1,0,0,0,1.0866974448793598,1,0,0,0,0,1,0,1,0,0
1,0,0,0,-0.42302441903395505,1,1,1,0,0,0,0,0,1,-0.33957954681826047,-0.4447789090358572,1.2565294461666483,-0.56396873254911,-0.06819387034105659,0,0,1,0,0.0661864564946396,1,0,0,1,0,0,0,0,1,0
0,0,1,1,-0.7467517637531685,1,1,0,0,0,1,1,0,1,0.8896317293927666,0.9286280976895217,-0.49213512595586745,-0.026393431304754394,0.3605402966373459,0,0,0,0,0.15631716428736292,0,1,0,1,0,0,0,0,1,0
0,1,0,0,-1.0300131903824803,1,0,0,0,1,0,1,0,1,0.6484155380932906,0.7363590325768427,-1.062998478852906,-0.026393431304754394,-0.06819387034105659,0,0,1,1,-0.3204081598540864,0,1,0,1,0,0,0,0,1,0
1,0,0,0,-0.9086154361127753,1,0,0,0,0,0,0,0,0,-1.466356550011702,-1.552231180896572,1.0667395323454014,-1.1015440337934654,-1.3543963712762639,0,0,1,0,-1.099078672609242,0,0,1,0,1,0,0,0,0,1
1,0,0,0,-0.42302441903395505,1,1,0,1,0,0,1,1,1,1.1870215542825313,1.485014593945545,-3.567076019953135,0.5111818699396011,0.7892744636157483,0,0,1,1,0.5458189591704261,0,1,0,1,0,0,0,0,1,0
1,0,0,1,0.993282714112604,1,0,0,0,0,0,0,0,1,-1.4911390354191822,-1.4564884612260405,-0.3585672691462406,-1.1015440337934654,-1.3543963712762639,0,0,0,0,0.08984303873168731,0,0,1,0,0,1,0,0,0,1
0,0,1,1,0.7504872055731939,1,1,0,0,1,0,0,1,1,0.8400667585778059,0.809432997948105,0.3335009103096587,-0.026393431304754394,0.3605402966373459,0,0,0,1,0.9449548569968576,0,1,0,0,1,0,0,0,1,0
0,0,0,0,-0.34209258285415167,1,0,1,0,0,1,0,0,0,-0.27679725045264353,-0.23698840109028077,-0.4615034338491998,-0.026393431304754394,-0.06819387034105659,1,0,1,0,0.19395415617932837,1,0,0,1,0,0,0,1,0,0
0,0,1,1,0.10303251613476692,1,0,0,0,0,0,0,0,0,-1.487834704031518,-1.4455300864998908,-0.4492507570065308,-1.1015440337934654,-1.3543963712762639,1,0,0,0,-0.20679709677708932,0,0,1,0,0,1,0,1,0,0
0,1,1,0,-0.09929707431474152,1,1,0,1,0,0,1,0,1,0.8367624271901415,0.752189264049604,0.9718741101241412,-0.026393431304754394,0.3605402966373459,0,0,0,1,0.5985787130663478,0,1,0,1,0,0,0,0,1,0
1,0,0,0,-0.949081354202677,1,0,0,0,0,0,0,0,0,-1.4828782069500221,-1.478539806042696,-0.00017158606086230076,-1.1015440337934654,-1.3543963712762639,0,0,1,0,-1.090262433153228,0,0,1,1,0,0,0,0,0,1
0,0,1,1,0.2648961884943737,1,1,0,0,0,1,1,1,1,1.1638912345688828,1.0495905205388694,1.3123500090552462,0.5111818699396011,0.7892744636157483,1,0,0,0,0.8254723045163486,0,1,0,1,0,0,0,1,0,0
1,0,1,0,0.224430270404472,0,0,1,1,0,1,1,1,1,-0.1561891548029057,-0.2315261413650546,0.8968435634934806,1.5863324724283123,0.7892744636157483,1,0,0,0,0.4849392254426066,1,0,0,0,0,1,1,0,0,0
1,1,0,0,-1.2728086989218905,1,1,0,0,0,0,0,0,1,0.29485207961323745,0.29345771000393994,0.006326045598127978,-1.1015440337934654,-0.49692803731945906,0,1,1,1,-1.6437426428983386,0,1,0,1,0,0,0,0,1,0
0,0,1,1,-1.0300131903824803,1,0,0,0,0,0,0,0,1,0.14120067008685888,0.25274467663246664,-1.3247602114008121,-1.1015440337934654,-0.9256622042978615,0,0,0,1,-0.43641366649434143,0,1,0,1,0,0,0,0,1,0
1,0,1,0,-0.46349033712385673,1,0,0,0,0,0,1,0,0,-0.33462304973676443,-0.36775646781522403,0.40360980989069906,-0.56396873254911,-0.49692803731945906,1,0,0,0,0.06498556202741174,1,0,0,1,0,0,1,0,0,0
1,1,1,0,0.871884959842899,1,1,0,1,1,1,1,1,1,1.5108460302736082,1.5751250935674026,-0.8127365229713024,1.5863324724283123,1.6467427975725533,0,0,0,0,1.1265364195284633,0,1,0,0,0,1,0,0,1,0
1,0,0,1,-0.38255850094405336,1,0,0,1,0,1,0,0,1,-0.3114927300231162,-0.2934996057423656,-0.20216317893818267,-0.026393431304754394,-0.06819387034105659,1,0,0,0,0.1481398346121639,1,0,0,1,0,0,1,0,0,0
1,1,1,0,-0.9086154361127753,1,1,0,0,0,0,0,1,1,0.7244151600095641,0.6893154755192848,0.39033607664448067,-0.56396873254911,-0.06819387034105659,0,0,0,1,-0.10653512158549036,0,1,0,1,0,0,0,0,1,0
1,0,1,0,0.38629394276407875,0,0,0,0,0,0,0,0,1,-1.3094008090976594,-1.2724251717776758,-0.39235006833565583,-1.1015440337934654,-1.3543963712762639,1,0,0,0,0.04910452393348936,1,0,0,1,0,0,0,1,0,0
1,1,1,0,1.4788737311914244,1,1,0,1,1,1,1,1,1,1.4431072368264952,1.3612974440444117,0.9182545236512539,1.5863324724283123,1.6467427975725533,1,0,0,0,1.2434628229585625,0,1,0,0,0,1,1,0,0,0
1,0,0,0,-1.1514109446521854,1,1,0,0,0,0,0,1,1,0.6913718461329236,0.6583453299026037,0.36694460267211343,-0.56396873254911,-0.06819387034105659,0,1,1,1,-0.6893001678930256,0,1,0,1,0,0,0,0,1,0
1,0,0,0,-0.7062858456632669,1,1,0,0,0,0,1,1,1,0.9458053629830551,1.0400359011464888,-1.1476533370386144,-0.026393431304754394,0.3605402966373459,0,0,1,1,0.22221429414613972,0,1,0,1,0,0,0,0,1,0
0,1,1,0,0.7909531236630957,1,1,1,1,1,0,1,1,1,1.466237556540143,1.4454292781907019,0.19563204489371963,1.5863324724283123,1.6467427975725533,0,0,0,0,1.080364893034804,0,1,0,1,0,0,0,0,1,0
0,0,0,0,-1.191876862742087,1,1,0,0,0,1,1,0,0,-0.004189910970359553,-0.21996580332224702,2.553397655922461,-0.026393431304754394,0.3605402966373459,0,1,1,0,-1.1065809209301756,1,0,0,1,0,0,0,0,1,0
1,0,1,0,1.6002714854611295,1,1,0,1,1,1,1,1,1,1.515802527355104,1.5103904117326925,0.011740738647285621,1.5863324724283123,1.6467427975725533,1,0,0,0,1.2965607659044742,0,1,0,0,0,1,0,1,0,0
1,0,1,0,1.6002714854611295,1,0,0,0,0,0,0,0,0,-1.4547913901548777,-1.4503060887768975,-0.0028789325854425073,-1.1015440337934654,-1.3543963712762639,1,0,0,0,0.24254897886617485,0,0,1,0,0,1,1,0,0,0
0,0,0,1,-0.8681495180228737,1,0,0,0,0,0,0,0,0,-1.474617378480862,-1.4701033866210016,-0.002534361209585409,-1.1015440337934654,-1.3543963712762639,1,0,0,0,-0.9565209394192951,0,0,1,1,0,0,0,1,0,0
1,0,0,1,1.4384078131015228,1,1,1,1,0,1,1,1,1,0.7194586629280678,0.7171895756026343,0.0020261422943825373,1.5863324724283123,1.6467427975725533,1,0,0,0,1.1060069723073198,1,0,0,0,0,1,1,0,0,0
1,0,0,0,0.9123508779328007,1,0,0,1,0,1,0,1,1,-0.017407236521015477,0.03979604343945903,-0.6762796948681984,0.5111818699396011,0.3605402966373459,0,0,1,0,0.8016173717035505,1,0,0,0,1,0,0,0,1,0
0,0,0,0,1.3170100588318177,1,1,0,0,0,0,0,0,0,-1.2631401696703628,-1.2721313041735274,0.14997368704381353,-1.1015440337934654,-0.9256622042978615,1,0,1,0,0.32409375163982507,0,0,1,0,0,1,1,0,0,0
1,1,0,0,-0.9895472722925787,1,0,0,0,0,0,0,0,1,0.16433098980050734,0.1767019083772228,-0.15205372608976908,-1.1015440337934654,-0.9256622042978615,0,0,1,1,-0.3728507403528756,0,1,0,1,0,0,0,0,1,0
1,0,0,0,1.4788737311914244,1,1,0,1,0,1,1,1,1,1.3208469754829253,1.3145748299742261,0.02864399781813807,1.0487571711839567,1.2180086305941509,1,0,1,0,1.2349883504456132,0,1,0,0,1,0,1,0,0,0
0,0,0,0,1.2360782226520142,1,1,0,1,1,1,1,1,1,1.4910200419476236,1.5292303221656705,-0.5035833341169513,1.5863324724283123,1.6467427975725533,1,0,1,0,1.2157415721437221,0,1,0,1,0,0,0,1,0,0
1,0,1,0,1.5598055673712277,1,1,0,1,1,1,1,1,0,0.6434590410117947,0.6311408829925362,0.12355796327653426,1.5863324724283123,1.6467427975725533,1,0,0,0,1.1138872153730108,1,0,0,0,0,1,0,1,0,0
0,0,1,1,1.6002714854611295,1,1,1,0,1,1,1,1,0,1.4117160886436866,1.3339868784107272,0.8710525255488041,1.5863324724283123,1.6467427975725533,0,0,0,0,1.2653169953642682,0,1,0,0,0,1,0,0,0,1
0,0,0,0,-1.2728086989218905,1,0,0,0,0,0,0,0,1,-1.4927912011130144,-1.4889730111263297,0.006326045598127978,-1.1015440337934654,-1.3543963712762639,0,1,1,0,-2.4559536381938125,0,0,1,1,0,0,0,0,0,1
0,0,1,0,0.022100679954963547,1,1,0,1,1,0,1,1,1,1.3109339813199332,1.2710340504479563,0.4269000220709826,1.0487571711839567,1.2180086305941509,0,0,0,1,0.7626574307996856,0,1,0,1,0,0,0,0,1,0
0,0,0,0,0.10303251613476692,0,0,0,0,0,0,0,0,0,-1.340791957280468,-1.3682459237299964,0.37112165159574484,-1.1015440337934654,-1.3543963712762639,0,0,1,0,-0.13981199149423895,1,0,0,1,0,0,0,0,1,0
0,0,1,0,0.1839643523145703,1,0,0,0,0,0,0,0,1,-1.4828782069500221,-1.4941821931808894,0.18492311038714201,-1.1015440337934654,-1.3543963712762639,1,0,0,0,-0.21800151326625636,0,0,1,0,1,0,1,0,0,0
0,0,1,1,1.0337486322025058,1,1,1,0,1,1,1,0,0,0.36589520444801427,0.37528547002013435,-0.12373861571373844,1.0487571711839567,1.2180086305941509,0,0,0,0,0.925430814598527,1,0,0,0,0,1,0,0,0,1
0,0,1,1,-0.1802289104945449,1,0,0,0,0,0,0,0,1,0.1874613095141558,0.21109030144893673,-0.2860673790564512,-1.1015440337934654,-0.9256622042978615,1,0,0,1,0.42444532044551636,0,1,0,0,1,0,1,0,0,0
1,0,0,0,-1.232342780831989,1,0,0,1,0,0,1,1,0,1.0218049848993287,0.6229273442239528,4.684620840071395,0.5111818699396011,0.3605402966373459,0,1,1,1,-1.1318801272002301,0,1,0,1,0,0,0,0,1,0
1,1,1,0,0.5076916970337838,1,1,1,0,1,1,0,1,0,0.3444170504281982,0.4150686127682598,-0.847895929837171,1.0487571711839567,1.2180086305941509,1,0,0,0,0.7755852629917283,1,0,0,0,0,1,0,1,0,0
0,0,1,1,-0.1802289104945449,1,0,0,0,0,0,0,0,1,-1.4927912011130144,-1.493209049280587,0.056450632681770634,-1.1015440337934654,-1.3543963712762639,1,0,0,0,-0.392253995080015,0,0,1,1,0,0,1,0,0,0
0,0,0,0,-1.0300131903824803,0,0,0,0,0,0,0,0,0,-1.3110529747914916,-1.2390467600251485,-0.806806144869843,-1.1015440337934654,-1.3543963712762639,1,0,1,0,-1.0523788703412504,1,0,0,1,0,0,1,0,0,0
1,0,1,1,-0.05883115622483983,1,1,0,0,0,0,0,1,0,-0.16610214896589778,-0.19293512257925005,0.32324278973986525,-0.56396873254911,-0.06819387034105659,1,0,0,0,0.36945219264945534,1,0,0,1,0,0,1,0,0,0
1,0,0,0,-0.9086154361127753,1,0,1,0,0,1,1,0,0,-0.08184169858046457,-0.11360202307488604,0.37864033965829147,0.5111818699396011,0.3605402966373459,1,0,1,0,-0.3170146676199657,1,0,0,1,0,0,1,0,0,0
1,0,0,1,-0.9895472722925787,0,0,0,0,0,0,0,0,0,-1.2961834835470034,-1.2468128299746202,-0.539475013757086,-1.1015440337934654,-1.3543963712762639,0,0,0,0,-0.9741817484998169,1,0,0,1,0,0,0,0,0,1
0,0,1,1,-1.1109450265622838,1,0,0,0,0,1,1,0,1,0.6946761775205874,0.970188338691846,-3.2840746265147356,-0.026393431304754394,-0.06819387034105659,0,1,0,0,-0.48263690859675584,0,1,0,1,0,0,0,0,1,0
1,0,0,1,-1.2728086989218905,0,0,0,1,0,1,0,0,0,-1.0285326411462152,-1.0260681750472116,0.006326045598127978,-0.026393431304754394,-0.49692803731945906,0,1,0,0,-2.1279128849965097,1,0,0,1,0,0,0,0,0,1
0,0,1,0,1.6002714854611295,1,1,1,1,1,1,0,0,1,1.0664134586327931,1.1177724309538437,-0.6445200589107658,1.0487571711839567,1.2180086305941509,1,0,0,0,1.2247786445122666,0,1,0,0,0,1,1,0,0,0
0,0,0,0,-0.8276835999329719,1,0,0,0,0,0,0,0,0,-1.487834704031518,-1.4167642496264437,-0.7896338326282255,-1.1015440337934654,-1.3543963712762639,0,0,1,0,-0.8534416471312197,0,0,1,0,1,0,0,0,0,1
0,0,1,1,-1.1109450265622838,0,0,0,0,0,0,0,0,0,-1.3110529747914916,-1.3061173641342225,-0.013166849378844244,-1.1015440337934654,-1.3543963712762639,0,1,0,0,-1.3116475749882544,1,0,0,1,0,0,0,0,0,1
1,0,0,0,-1.0704791084723821,1,0,0,1,0,0,1,0,1,0.6649371950316108,0.7415364125431572,-0.9293329132965276,-0.026393431304754394,-0.06819387034105659,0,1,1,1,-0.4161637308727441,0,1,0,1,0,0,0,0,1,0
0,0,0,0,-0.8276835999329719,1,0,0,0,0,0,0,0,0,-1.46470438431787,-1.4011144420009929,-0.7019158052318539,-1.1015440337934654,-1.3543963712762639,0,0,1,0,-0.8398850156213588,0,0,1,1,0,0,0,0,0,1
1,1,0,0,0.6290894513034889,1,1,0,1,0,0,1,1,1,1.1325000863860741,1.123412310456291,0.06845964833722494,0.5111818699396011,0.7892744636157483,0,0,1,1,0.9706148454140299,0,1,0,0,1,0,0,0,1,0
0,0,0,0,0.5886235332135872,1,0,0,0,0,0,0,0,0,-1.47296521278703,-1.399700760237141,-0.8161082254515623,-1.1015440337934654,-1.3543963712762639,0,0,1,0,0.019191947103422983,0,0,1,0,0,1,0,0,0,1
1,0,1,1,-0.018365238134938143,0,0,0,0,1,0,1,1,0,-0.46679630524332644,-0.430706250085579,-0.4109437375026777,0.5111818699396011,-0.06819387034105659,1,0,0,0,0.3071595087545911,1,0,0,1,0,0,0,1,0,0
0,0,0,0,-0.1397629924046432,1,1,0,0,0,0,0,0,1,0.3130259022453896,0.13144953814265053,2.1377732860111665,-1.1015440337934654,-0.49692803731945906,0,0,1,1,0.4247769247675749,0,1,0,1,0,0,0,0,1,0
0,0,1,1,-1.0300131903824803,0,0,0,0,0,0,0,0,1,-1.3226181346483157,-1.4315511605908415,1.334627603314644,-1.1015440337934654,-1.3543963712762639,0,0,0,0,-1.2041505453361212,1,0,0,1,0,0,0,0,1,0
0,0,1,1,1.4788737311914244,1,1,1,0,1,0,0,0,0,0.6517198694809548,0.6595748723781352,-0.11543392157686932,-0.026393431304754394,0.3605402966373459,1,0,0,0,1.1023417861950162,0,1,0,0,1,0,1,0,0,0
0,1,0,0,-0.7872176818430703,1,0,0,0,1,0,0,0,1,0.3163302336330535,0.2501197811949998,0.7725467635390991,-0.56396873254911,-0.49692803731945906,0,0,1,1,-0.04790320666969689,0,1,0,1,0,0,0,0,1,0
1,0,1,1,1.6002714854611295,1,1,1,0,1,0,1,1,1,1.3489337922780695,1.3182226716067285,0.3168586919673858,1.0487571711839567,1.2180086305941509,1,0,0,0,1.2624479525845178,0,1,0,0,0,1,1,0,0,0
0,0,1,1,1.155146386472211,1,0,1,0,0,0,0,0,1,-0.4965352877323029,-0.5335920890114613,0.45562129703456367,-0.56396873254911,-0.49692803731945906,1,0,0,0,0.6739476295227671,1,0,0,0,1,0,1,0,0,0
1,0,0,0,0.993282714112604,1,0,0,0,0,0,0,0,0,-1.4597478872363738,-1.408917670179888,-0.5511023546205427,-1.1015440337934654,-1.3543963712762639,1,0,1,0,0.13259040414426337,0,0,1,0,0,1,0,1,0,0
0,0,0,0,-0.8681495180228737,1,0,1,0,0,0,0,0,0,-0.5345350986904397,-0.6325017210789418,1.177671825577986,-0.56396873254911,-0.49692803731945906,1,0,1,0,-0.4437707333752559,1,0,0,1,0,0,0,1,0,0
1,1,1,0,-0.7872176818430703,1,0,0,1,1,0,1,1,1,1.0994567725094337,1.0040983671984902,1.0904308970097243,1.0487571711839567,0.7892744636157483,0,0,0,1,0.12501243886326577,0,1,0,1,0,0,0,0,1,0
0,0,0,0,-1.2728086989218905,1,0,0,0,0,0,0,0,1,-0.6700126855846655,-0.6685936219184976,0.006326045598127978,-1.1015440337934654,-0.9256622042978615,0,1,1,0,-1.9561713112808945,1,0,0,1,0,0,0,0,0,1
1,0,1,1,1.4788737311914244,0,0,1,0,1,1,0,0,0,-0.8467944148246923,-0.8058965107880118,-0.4547232964659028,0.5111818699396011,-0.06819387034105659,0,0,0,0,0.6340476323391864,1,0,0,0,0,1,0,0,0,1
1,0,0,0,-1.0300131903824803,1,0,0,0,0,0,0,0,1,-1.4977476981945104,-1.3392996630092382,-1.823221382954812,-1.1015440337934654,-1.3543963712762639,0,0,1,0,-1.1268496434385402,0,0,1,1,0,0,0,0,0,1
1,0,0,0,-1.232342780831989,1,1,1,0,0,0,0,1,0,0.85989274690379,0.7456547829709074,1.3220964565437343,-0.026393431304754394,0.3605402966373459,0,1,1,0,-1.1046073900696833,0,1,0,1,0,0,0,0,0,1
0,0,1,1,1.6002714854611295,1,1,0,0,0,0,0,0,0,-1.3094008090976594,-1.2829400905602728,-0.2679281573417684,-1.1015440337934654,-0.9256622042978615,1,0,0,0,0.3805065328056183,0,0,1,0,0,1,1,0,0,0
1,1,1,1,-0.8681495180228737,1,1,0,0,0,0,0,0,1,0.3460692161220301,0.18907573952605394,1.8457464988796626,-1.1015440337934654,-0.49692803731945906,1,0,0,1,-0.16928373653671983,0,1,0,1,0,0,0,1,0,0
0,0,1,0,0.5481576151236855,1,1,1,0,0,0,0,0,0,-0.3841880205517252,-0.37128308895169915,-0.13944690814270574,-0.56396873254911,-0.06819387034105659,0,0,0,0,0.5571400398016725,1,0,0,1,0,0,0,0,1,0
0,0,1,1,-0.9895472722925787,1,0,0,0,1,0,1,1,1,0.9738921797781999,1.0681231874637447,-1.1486279817874565,0.5111818699396011,0.3605402966373459,0,0,0,1,-0.16766365193015528,0,1,0,1,0,0,0,0,1,0
1,0,1,0,-0.8681495180228737,1,0,0,0,0,0,0,0,1,-1.4597478872363738,-1.5791278837628968,1.462976924786396,-1.1015440337934654,-1.3543963712762639,0,0,0,0,-1.0690857548186123,0,0,1,0,1,0,0,0,0,1
0,0,1,1,1.5598055673712277,1,1,1,1,1,0,1,0,1,1.1325000863860741,1.1438141955084093,-0.17295367862669744,1.0487571711839567,1.2180086305941509,1,0,0,0,1.220996631283258,0,1,0,0,0,1,0,1,0,0
0,0,0,1,-0.2611607466743483,0,0,1,0,0,1,0,1,0,-0.6254042118512011,-0.6796181827558597,0.6630866609761056,0.5111818699396011,-0.06819387034105659,0,0,0,0,0.07705722952281063,1,0,0,1,0,0,0,0,0,1
1,0,1,1,1.3170100588318177,1,1,0,1,1,1,1,1,1,0.6434590410117947,0.5657770345957887,0.8970014006997723,1.5863324724283123,1.6467427975725533,1,0,0,0,1.0432390509204381,1,0,0,0,0,1,1,0,0,0
1,0,1,0,1.155146386472211,1,0,1,1,0,1,1,1,1,0.539372602300377,0.43118681939099396,1.2615406598529797,1.5863324724283123,1.2180086305941509,0,0,0,0,0.971052559833467,1,0,0,0,0,1,0,0,0,1
0,0,0,0,-1.191876862742087,1,0,0,0,0,0,0,0,0,-1.469660881399366,-1.3511448808109576,-1.3516789711309178,-1.1015440337934654,-1.3543963712762639,0,1,1,0,-1.6647542154251642,0,0,1,0,1,0,0,0,0,1
0,0,0,0,-0.30162666476425,1,1,0,0,0,0,0,0,0,-1.3209659689544837,-1.2209824106517713,-1.1375170316505863,-1.1015440337934654,-0.9256622042978615,1,0,1,0,-0.24066334802252204,0,0,1,0,0,1,0,1,0,0
1,0,1,1,1.0337486322025058,0,0,1,1,1,0,1,0,0,-0.4866222935693108,-0.4744621607207574,-0.12709945967528333,1.0487571711839567,0.3605402966373459,0,0,0,0,0.665053835461685,1,0,0,0,1,0,0,0,0,1
0,1,0,0,-1.2728086989218905,1,0,0,0,0,0,0,0,1,0.1626788241066754,0.1616698563159348,0.006326045598127978,-1.1015440337934654,-0.9256622042978615,0,1,1,1,-1.6784187430114244,0,1,0,1,0,0,0,0,1,0
1,0,1,1,-0.54442217330366,1,0,0,0,0,0,0,0,0,-1.4845303726438543,-1.5357056776643787,0.6567731727244552,-1.1015440337934654,-1.3543963712762639,0,0,0,0,-0.6790110127736783,0,0,1,0,1,0,0,0,0,1
0,0,1,1,1.6002714854611295,1,1,0,0,0,0,0,0,0,-1.3160094718729878,-1.2823223349961104,-0.35320957286602206,-1.1015440337934654,-0.9256622042978615,0,0,0,0,0.38096365035420765,0,0,1,0,0,1,0,0,0,1
1,0,1,1,-1.2728086989218905,1,0,0,0,0,0,0,0,1,-1.47296521278703,-1.4692048330731289,0.006326045598127978,-1.1015440337934654,-1.3543963712762639,1,1,0,0,-2.4378330916639057,0,0,1,1,0,0,1,0,0,0
1,0,1,1,0.7100212874832923,1,1,1,0,1,0,1,1,0,1.3621511178287258,1.3868356381264741,-0.3390880533938132,1.0487571711839567,1.2180086305941509,1,0,0,0,1.0452811527179444,0,1,0,1,0,0,0,1,0,0
1,1,1,1,1.2765441407419158,1,1,1,0,1,1,1,1,1,1.5488458412317445,1.5214528122983437,0.27069843372330776,1.5863324724283123,1.6467427975725533,1,0,0,0,1.2243176644587543,0,1,0,0,0,1,1,0,0,0
0,0,0,0,-0.9895472722925787,1,0,1,0,0,0,1,0,1,-0.1561891548029057,-0.12435096989131401,-0.37134879458070347,-0.026393431304754394,-0.06819387034105659,0,0,1,0,-0.4606131270741687,1,0,0,1,0,0,0,0,1,0
0,0,1,1,0.9123508779328007,1,0,0,0,0,0,0,0,1,0.1428528357806908,0.16876842934412925,-0.31158535066266796,-1.1015440337934654,-0.9256622042978615,1,0,0,1,0.8379134197844093,0,1,0,0,0,1,0,1,0,0
1,1,0,0,-1.0300131903824803,1,1,0,0,0,0,0,0,0,0.2981564110009013,0.432776298188402,-1.6032301396432662,-1.1015440337934654,-0.49692803731945906,0,0,1,1,-0.39069568002234456,0,1,0,1,0,0,0,0,0,1
1,0,1,0,1.3574759769217193,1,1,1,1,1,1,0,0,0,1.0531961330821369,1.0738764261522082,-0.28104648186541753,1.0487571711839567,1.2180086305941509,0,0,0,0,1.1614417376530082,0,1,0,0,0,1,0,0,0,1
1,0,0,0,-1.1514109446521854,1,0,0,0,1,1,1,1,1,0.3196345650207178,0.3354650883669913,-0.19834935166007414,1.0487571711839567,0.7892744636157483,0,1,1,0,-0.7664559033526006,1,0,0,1,0,0,0,0,1,0
0,0,0,0,0.06256659804486524,1,0,0,1,0,0,0,0,1,0.3047650737762295,0.3131774366403435,-0.11005800382320394,-0.56396873254911,-0.49692803731945906,1,0,1,1,0.5734684890783385,0,1,0,1,0,0,0,1,0,0
1,0,0,0,1.3574759769217193,1,1,1,1,1,1,0,0,0,0.13293984161769876,0.0871148716632697,0.5376551071674075,1.0487571711839567,1.2180086305941509,1,0,1,0,0.9299479350317045,1,0,0,0,0,1,1,0,0,0
0,1,1,0,0.7100212874832923,1,1,1,1,1,0,1,1,0,1.4546723966833193,1.4462060662129204,0.04999013034654863,1.5863324724283123,1.6467427975725533,1,0,0,0,1.0558108417103234,0,1,0,1,0,0,1,0,0,0
0,0,1,0,-1.2728086989218905,1,0,0,0,0,0,0,0,1,0.13954850439302696,0.1386069819205338,0.006326045598127978,-1.1015440337934654,-0.9256622042978615,0,1,0,1,-1.6846883805104609,0,1,0,1,0,0,0,0,1,0
1,0,0,0,-0.6658199275733652,0,0,1,1,1,1,1,0,0,-0.3263622212676043,-0.24656361233480006,-0.9329878311047065,1.5863324724283123,0.7892744636157483,0,0,1,0,-0.06430168201820202,1,0,0,0,0,1,0,0,0,1
1,0,0,0,-0.1397629924046432,1,1,0,1,1,0,0,1,0,0.20398296645247604,0.0989002104860873,1.2363949355242914,0.5111818699396011,0.7892744636157483,1,0,1,0,0.4156656405748893,1,0,0,0,1,0,0,1,0,0
0,0,0,0,0.2648961884943737,1,0,0,0,0,0,0,0,0,-1.47296521278703,-1.4352863566271454,-0.3950276637995254,-1.1015440337934654,-1.3543963712762639,0,0,1,0,-0.1294488014824141,0,0,1,0,0,1,0,0,0,1
0,1,0,0,0.42675986085398043,0,0,1,1,0,0,0,0,1,-1.0334891382277112,-0.9835819164018635,-0.5548880004830619,-0.026393431304754394,-0.49692803731945906,1,0,1,0,0.24597651658351677,1,0,0,1,0,0,0,1,0,0
0,1,0,0,-0.46349033712385673,1,1,0,0,0,0,1,1,1,0.9755443454720317,0.9635361898866421,0.10843168595369425,-0.026393431304754394,0.3605402966373459,0,0,1,1,0.41858988182270784,0,1,0,1,0,0,0,0,1,0
0,0,0,0,-1.0300131903824803,1,0,0,0,1,1,0,1,0,-0.06366787594831237,-0.1642697461088637,1.19260793991099,0.5111818699396011,0.3605402966373459,1,0,1,0,-0.55711540817071,1,0,0,1,0,0,1,0,0,0
1,0,0,1,-0.7872176818430703,1,0,0,0,0,0,0,0,0,-0.6848821768291539,-0.4620415050805666,-2.6132191486149483,-1.1015440337934654,-0.9256622042978615,0,0,0,0,-0.271140893997258,1,0,0,1,0,0,0,0,0,1
0,0,1,1,-0.7872176818430703,1,0,1,0,0,1,0,0,0,-0.34949254098125276,-0.35635778394999335,0.09329434626461858,-0.026393431304754394,-0.06819387034105659,1,0,0,0,-0.23258478321744763,1,0,0,0,1,0,1,0,0,0
0,1,1,1,0.6290894513034889,1,0,1,0,1,1,1,1,1,1.314238312707597,1.3455983950334123,-0.4164261142149544,1.5863324724283123,1.2180086305941509,0,0,0,0,1.0121640411311679,0,1,0,1,0,0,0,0,1,0
0,0,1,1,0.9528167960227024,1,1,1,0,0,0,1,0,0,0.015636077355625035,-0.0667526177660652,0.9743571336509662,-0.026393431304754394,0.3605402966373459,1,0,0,0,0.7813105803040133,1,0,0,0,1,0,1,0,0,0
0,0,0,0,-0.7872176818430703,1,1,1,0,0,0,1,1,1,1.1771085601195388,1.3107585652032714,-1.6220804117089123,0.5111818699396011,0.7892744636157483,0,0,1,0,0.18368965380959706,0,1,0,1,0,0,0,0,1,0
0,0,1,0,1.6002714854611295,1,1,0,1,1,1,1,1,0,1.4678897222339755,1.4314092188627288,0.38102280459992105,1.5863324724283123,1.6467427975725533,1,0,0,0,1.282763311573518,0,1,0,0,1,0,0,1,0,0
1,0,0,0,0.3053621065842754,1,1,0,0,0,0,0,0,1,-1.3259224660359796,-1.3308687704050008,0.10427784285741155,-1.1015440337934654,-0.9256622042978615,0,0,1,0,-0.025820799523651006,0,0,1,0,0,1,0,0,0,1
1,0,0,0,-1.191876862742087,1,1,0,0,0,0,0,0,1,0.403895015406151,0.3752760025019098,0.32470999688866825,-1.1015440337934654,-0.49692803731945906,0,1,1,1,-0.9368668765884267,0,1,0,1,0,0,0,0,1,0
0,0,1,1,0.993282714112604,1,0,0,0,0,0,0,0,1,-1.474617378480862,-1.5043771615683705,0.40302355741018886,-1.1015440337934654,-1.3543963712762639,1,0,0,0,0.043662735660352246,0,0,1,0,0,1,1,0,0,0
1,0,1,0,1.519339649281326,1,1,1,1,1,1,1,0,0,0.47659030593476026,0.4727833252008324,0.028603639857527178,1.5863324724283123,1.6467427975725533,0,0,0,0,1.0678182286612277,1,0,0,0,0,1,0,0,0,1
0,0,1,1,0.2648961884943737,1,0,0,0,1,1,0,0,1,0.5542420935448653,0.49194204477315023,0.7180666211675627,-0.026393431304754394,-0.06819387034105659,1,0,0,0,0.7042185956557604,0,1,0,1,0,0,1,0,0,0
0,0,1,0,1.6002714854611295,1,1,1,1,1,1,1,1,0,1.5653674981700647,1.5121063994109216,0.5762224890221,2.1239077736726677,2.0754769645509556,1,0,0,0,1.2968572064024917,0,1,0,0,0,1,0,1,0,0
1,0,1,1,0.7909531236630957,1,0,0,0,0,0,0,0,0,-1.5043563609698385,-1.4648013446926882,-0.41614496669124523,-1.1015440337934654,-1.3543963712762639,0,0,0,0,0.02431189668594142,0,0,1,0,0,1,0,0,0,1
0,1,0,0,-0.09929707431474152,1,1,0,1,1,0,1,1,1,1.3010209871569407,1.2946061051871518,0.031017045902292147,1.0487571711839567,1.2180086305941509,0,0,1,1,0.7070078620245754,0,1,0,1,0,0,0,0,1,0
0,0,1,0,-0.09929707431474152,1,1,0,1,0,1,1,0,1,0.9705878483905355,0.9468509062679281,0.2473881801466834,0.5111818699396011,0.7892744636157483,1,0,0,0,0.6396723731868051,0,1,0,1,0,0,0,1,0,0
1,0,0,1,-1.0704791084723821,1,1,0,0,0,0,0,0,0,-1.268096666751859,-1.1224380430565655,-1.6798093699099452,-1.1015440337934654,-0.9256622042978615,0,1,0,0,-1.072140644808314,0,0,1,1,0,0,0,0,0,1
1,0,1,1,0.993282714112604,1,0,1,1,0,1,0,0,0,-0.16940648035356187,-0.10459362965502841,-0.7610784513900298,0.5111818699396011,0.3605402966373459,0,0,0,0,0.7808175175908155,1,0,0,0,1,0,0,0,0,1
1,0,0,0,-1.2728086989218905,1,0,0,0,0,0,0,0,0,-1.4630522186240378,-1.4593207440465283,0.006326045598127978,-1.1015440337934654,-1.3543963712762639,0,1,1,0,-2.428964698086198,0,0,1,1,0,0,0,0,0,1
0,0,0,0,-1.2728086989218905,1,0,0,1,0,0,0,0,0,-0.503143950507631,-0.5022114566373912,0.006326045598127978,-0.56396873254911,-0.49692803731945906,0,1,1,0,-1.8898315330351287,1,0,0,1,0,0,0,0,1,0
0,0,0,0,-0.7062858456632669,1,0,0,0,0,0,0,0,0,-1.474617378480862,-1.4687655402275022,-0.01836495470603619,-1.1015440337934654,-1.3543963712762639,1,0,1,0,-0.7607237600769505,0,0,1,0,1,0,0,1,0,0
0,1,1,0,1.6002714854611295,1,1,1,1,1,1,1,1,1,1.7190189076964433,1.6544647371968186,0.7045507142871705,2.1239077736726677,2.0754769645509556,1,0,0,0,1.3209762186938443,0,1,0,0,0,1,0,1,0,0
1,1,1,0,0.4672257789438821,1,1,0,0,1,0,1,0,1,0.8086756103949972,0.89219389073649,-1.016164900012123,-0.026393431304754394,0.3605402966373459,0,0,0,1,0.8694789672494948,0,1,0,1,0,0,0,0,1,0
0,0,1,1,-1.232342780831989,1,0,0,0,0,0,0,0,0,0.1874613095141558,0.29098668774728975,-1.2314727854395895,-1.1015440337934654,-0.9256622042978615,0,1,0,1,-1.2121743059387067,0,1,0,1,0,0,0,0,1,0
0,0,0,0,-0.22069482858444658,1,0,0,0,0,0,0,0,1,-1.4911390354191822,-1.4483384229058613,-0.45500580219020675,-1.1015440337934654,-1.3543963712762639,0,0,1,0,-0.37251463062871976,0,0,1,0,0,1,0,0,0,1
0,0,1,1,0.7100212874832923,1,1,1,1,1,1,0,1,1,0.5063292884237365,0.5304781648618168,-0.30322112663618533,1.5863324724283123,1.6467427975725533,1,0,0,0,0.8697905033178802,1,0,0,0,1,0,1,0,0,0
1,0,1,1,-0.54442217330366,1,0,0,1,0,1,1,1,0,1.1655434002627147,1.1419287206557942,0.23921484348089417,1.0487571711839567,0.7892744636157483,1,0,0,0,0.3908538818369881,0,1,0,0,1,0,1,0,0,0
0,1,0,0,-0.949081354202677,1,0,0,0,0,0,1,0,1,0.5327639395250487,0.6185344157676856,-1.0332950198403776,-0.56396873254911,-0.49692803731945906,0,0,1,1,-0.18876417043460303,0,1,0,1,0,0,0,0,1,0
1,0,1,0,0.7909531236630957,1,0,1,1,1,1,1,1,1,1.3737162776855498,1.3434520904451037,0.31071509793084096,2.1239077736726677,1.6467427975725533,0,0,0,0,1.0621644871725533,0,1,0,0,0,1,0,0,1,0
1,0,1,1,0.42675986085398043,1,1,1,0,0,1,0,1,1,0.23702628032911655,0.29836144409465604,-0.7339506403878022,0.5111818699396011,0.7892744636157483,1,0,0,0,0.717458110783447,1,0,0,0,1,0,0,1,0,0
0,0,1,1,1.6002714854611295,1,1,1,1,0,0,1,0,1,1.0300658133684888,1.0491100439889647,-0.26088905637785764,0.5111818699396011,0.7892744636157483,1,0,0,0,1.211339164068295,0,1,0,0,0,1,1,0,0,0
0,1,0,0,1.6002714854611295,1,1,0,1,1,1,1,1,0,1.550498006925577,1.5018104733415463,0.5226170278354317,1.5863324724283123,1.6467427975725533,0,0,1,0,1.295076466306752,0,1,0,0,0,1,0,0,1,0
0,0,0,0,-1.2728086989218905,1,0,0,0,0,0,0,0,1,-1.469660881399366,-1.4659101367309286,0.006326045598127978,-1.1015440337934654,-1.3543963712762639,0,1,1,0,-2.434863060048651,0,0,1,1,0,0,0,0,0,1
1,1,1,0,-0.38255850094405336,1,0,1,1,0,0,0,1,1,0.8351102614963096,0.7663898827767103,0.7843468103311823,0.5111818699396011,0.3605402966373459,0,0,0,0,0.43444263997496096,0,1,0,1,0,0,0,0,1,0
1,0,0,0,-0.9895472722925787,1,1,0,1,1,0,1,0,1,0.9672835170028716,1.0530911354024568,-1.0487268950304773,0.5111818699396011,0.7892744636157483,0,0,1,1,-0.1706234515818811,0,1,0,1,0,0,0,0,1,0
1,0,1,1,-0.42302441903395505,1,0,0,0,0,0,0,0,0,-1.479573875562358,-1.483881207688384,0.10201843912144502,-1.1015440337934654,-1.3543963712762639,0,0,0,0,-0.5346941773859544,0,0,1,0,1,0,0,0,0,1
0,0,0,0,-0.38255850094405336,1,0,0,0,0,0,0,0,1,-1.4680087157055342,-1.458962624878898,-0.05639022519734757,-1.1015440337934654,-1.3543963712762639,1,0,1,0,-0.48310402946442793,0,0,1,1,0,0,1,0,0,0
1,0,0,1,-1.0704791084723821,1,0,0,0,0,0,0,0,0,-1.4894868697253503,-1.5790280444798,1.1109234276265378,-1.1015440337934654,-1.3543963712762639,0,1,0,0,-1.4478086535959398,0,0,1,1,0,0,0,0,0,1
1,0,0,0,1.4384078131015228,1,1,1,1,1,1,1,1,1,1.7338883989409315,1.7604454820769453,-0.3740720666730721,2.1239077736726677,2.0754769645509556,1,0,1,0,1.3023652973706614,0,1,0,0,1,0,0,1,0,0
0,0,1,0,0.8314190417529973,1,1,0,1,0,0,1,1,1,1.11267409806009,1.0680532528715754,0.4896027248385299,0.5111818699396011,0.7892744636157483,1,0,0,1,1.0222008264595512,0,1,0,1,0,0,0,1,0,0
0,0,0,0,-1.2728086989218905,1,0,0,0,0,0,0,0,1,-1.469660881399366,-1.4659101367309286,0.006326045598127978,-1.1015440337934654,-1.3543963712762639,0,1,1,0,-2.434863060048651,0,0,1,1,0,0,0,0,0,1
1,0,0,0,0.1839643523145703,1,0,0,0,0,0,0,0,1,0.18580914382032337,0.1401652842445472,0.5336878799751249,-1.1015440337934654,-0.9256622042978615,0,0,1,1,0.5805219911219093,0,1,0,1,0,0,0,0,0,1
1,1,1,0,-1.2728086989218905,1,0,0,0,0,0,0,0,0,0.20233080075864363,0.20120621242233597,0.006326045598127978,-1.1015440337934654,-0.9256622042978615,0,1,0,1,-1.6678139359514135,0,1,0,1,0,0,0,0,0,1
0,0,1,1,-0.8276835999329719,1,1,0,1,1,0,0,0,1,0.6533720351747868,0.3843364174429599,3.1609262160380887,-0.026393431304754394,0.3605402966373459,0,0,0,1,-0.06378699939100435,0,1,0,1,0,0,0,0,1,0
1,1,1,0,0.022100679954963547,1,1,0,1,0,0,1,1,1,1.185369388588699,1.1319080094523237,0.5917035886944668,0.5111818699396011,0.7892744636157483,1,0,0,1,0.7363911036404492,0,1,0,1,0,0,1,0,0,0
1,0,0,0,1.4788737311914244,1,1,0,0,0,0,0,0,0,-1.347400620055796,-1.3150942179361593,-0.3357883865339448,-1.1015440337934654,-0.9256622042978615,1,0,1,0,0.32946126032584827,0,0,1,0,0,1,1,0,0,0
0,0,1,1,0.5076916970337838,1,0,0,0,0,0,0,0,0,-1.4498348930733815,-1.4798942923167115,0.40571380490408665,-1.1015440337934654,-1.3543963712762639,0,0,0,0,-0.08099767524286225,0,0,1,0,0,1,0,0,0,1
1,0,0,0,-1.2728086989218905,1,0,0,0,0,0,0,1,1,-0.32140572418610824,-0.32100315781638417,0.006326045598127978,-0.56396873254911,-0.49692803731945906,0,1,1,0,-1.8247398137410407,1,0,0,1,0,0,0,0,1,0
0,1,1,0,-0.1397629924046432,0,0,1,0,1,0,0,1,1,-0.6518388629525134,-0.7372141940112175,1.0327277914545452,0.5111818699396011,-0.06819387034105659,0,0,0,0,0.12031909007433157,1,0,0,1,0,0,0,0,1,0
1,1,1,0,1.3574759769217193,1,1,0,0,0,1,1,1,1,1.1671955659565467,1.2973417015440087,-1.5802774667699497,0.5111818699396011,0.7892744636157483,1,0,0,0,1.2038487433639857,0,1,0,1,0,0,0,1,0,0
0,1,1,0,-1.2728086989218905,1,0,0,0,0,0,0,0,1,-1.4498348930733815,-1.446141958677728,0.006326045598127978,-1.1015440337934654,-1.3543963712762639,0,1,0,0,-2.417331193294469,0,0,1,1,0,0,0,0,0,1
1,0,0,0,-1.1514109446521854,1,0,0,0,0,0,0,0,1,-1.4713130470931979,-1.674299680375087,2.4526843652081065,-1.1015440337934654,-1.3543963712762639,0,1,1,0,-1.8169180294909117,0,0,1,1,0,0,0,0,1,0
0,0,1,0,1.5598055673712277,1,1,1,1,1,1,1,1,0,0.6946761775205874,0.7550168250418775,-0.7379730851423092,2.1239077736726677,2.0754769645509556,1,0,0,0,1.141485609006291,1,0,0,0,0,1,0,1,0,0
0,0,1,1,0.9528167960227024,1,1,0,1,1,1,0,1,1,1.1572825717935546,1.1665522406869735,-0.14961711421764426,1.0487571711839567,1.2180086305941509,1,0,0,0,1.075941050580522,0,1,0,0,1,0,0,1,0,0
0,1,0,0,-1.2728086989218905,1,0,0,0,0,0,1,0,0,0.4534599862211118,0.45160313442954597,0.006326045598127978,-0.56396873254911,-0.49692803731945906,0,1,1,1,-1.6045047897581586,0,1,0,1,0,0,0,0,1,0
0,0,0,0,-0.1397629924046432,1,0,1,0,1,1,0,0,0,-0.22227578255618674,-0.16251690273468836,-0.6994511863267181,0.5111818699396011,0.3605402966373459,1,0,1,0,0.3372735210552071,1,0,0,0,1,0,0,1,0,0
0,0,1,0,-0.6253540094834634,1,1,0,1,0,0,1,1,1,0.35267787889735835,0.43009070537165095,-0.9281862724155248,0.5111818699396011,0.7892744636157483,1,0,0,0,0.16665341078308385,1,0,0,1,0,0,1,0,0,0
1,0,1,1,-0.8276835999329719,0,0,0,1,0,1,0,0,0,-0.9657503447805982,-0.9463090677631167,-0.19672494374533073,-0.026393431304754394,-0.49692803731945906,0,0,0,0,-0.5365081963156147,1,0,0,1,0,0,0,0,0,1
0,1,0,0,-1.2728086989218905,0,0,0,0,0,0,0,0,1,-1.2862704893840113,-1.2830544897388216,0.006326045598127978,-1.1015440337934654,-1.3543963712762639,0,1,1,0,-2.288756966832239,1,0,0,1,0,0,0,0,0,1
0,0,0,0,-0.1802289104945449,1,0,1,1,0,0,0,0,0,-0.2867102446156358,-0.34141850836537424,0.6572495028648686,-0.026393431304754394,-0.06819387034105659,0,0,1,0,0.2553019936571632,1,0,0,1,0,0,0,0,1,0
1,0,0,0,-0.9086154361127753,0,0,0,0,1,0,0,0,0,-1.1640102280404412,-1.2921149046798721,1.5560111962673984,-0.56396873254911,-0.9256622042978615,0,0,1,0,-0.8671737257934157,1,0,0,1,0,0,0,0,0,1
0,0,1,1,1.6002714854611295,1,1,1,1,1,0,1,1,0,1.4860635448661277,1.5868548226745873,-1.2439265794526564,1.5863324724283123,1.6467427975725533,1,0,0,0,1.309636548065896,0,1,0,0,0,1,0,1,0,0
0,0,0,0,-0.54442217330366,0,0,0,1,0,0,0,1,1,-0.8269684264987079,-0.9018234419321384,0.9142845747886642,-0.026393431304754394,-0.49692803731945906,0,0,1,0,-0.22456428015450963,1,0,0,1,0,0,0,0,1,0
0,1,0,0,-1.232342780831989,1,0,0,1,0,0,1,0,1,0.6302417154611384,0.5636228100643501,0.766548949700035,-0.026393431304754394,-0.06819387034105659,1,1,1,1,-1.1454946151211034,0,1,0,1,0,0,1,0,0,0
1,0,1,0,1.6002714854611295,1,1,0,1,1,0,1,1,1,1.3737162776855498,1.3287931557046202,0.484172707186398,1.0487571711839567,1.2180086305941509,1,0,0,1,1.2643731952368327,0,1,0,0,0,1,1,0,0,0
1,0,0,0,1.0742145502924074,1,0,0,0,1,1,1,0,1,-0.0025377452765271515,-0.04712454408213793,0.5276783892195157,0.5111818699396011,0.3605402966373459,0,0,1,0,0.8201111590226762,1,0,0,1,0,0,0,0,1,0
1,0,1,0,1.6002714854611295,1,1,1,1,1,1,1,1,0,1.6661496054938185,1.6875947393044983,-0.31124570173503924,2.1239077736726677,2.0754769645509556,1,0,0,0,1.3264591696269836,0,1,0,0,0,1,1,0,0,0
1,0,1,1,1.2360782226520142,0,0,1,1,1,0,1,1,0,-0.1892324686795462,-0.1941312002580111,0.06449531949766449,1.5863324724283123,0.7892744636157483,0,0,0,0,0.8154004559535643,1,0,0,0,0,1,0,0,1,0
1,1,0,0,-1.2728086989218905,1,0,0,0,0,0,0,0,0,-0.6485345315648493,-0.6471780956941968,0.006326045598127978,-1.1015440337934654,-0.9256622042978615,0,1,1,0,-1.9472302632213818,1,0,0,1,0,0,0,0,1,0
1,0,1,0,-0.7467517637531685,1,1,0,0,0,0,1,0,1,0.7062413373774115,0.7746010436916653,-0.8332607880528765,-0.56396873254911,-0.06819387034105659,0,0,0,1,0.12384237734014508,0,1,0,1,0,0,0,0,1,0
0,0,0,0,-0.34209258285415167,0,0,0,1,1,0,1,1,1,-0.34949254098125276,-0.4304831716874092,0.970412143000864,1.0487571711839567,0.3605402966373459,1,0,1,0,0.12623105888312455,1,0,0,1,0,0,0,1,0,0
0,0,0,0,-0.7872176818430703,1,0,0,0,0,0,0,0,0,-1.4713130470931979,-1.4405663187140045,-0.3130575413322591,-1.1015440337934654,-1.3543963712762639,0,0,1,0,-0.8244292509255204,0,0,1,0,1,0,0,0,0,1
1,0,1,1,0.06256659804486524,1,1,0,0,1,0,0,1,1,0.8367624271901415,0.8679946103834858,-0.3984381853942925,-0.026393431304754394,0.3605402966373459,1,0,0,1,0.702128669302108,0,1,0,1,0,0,0,1,0,0
1,1,0,0,-1.232342780831989,1,0,1,0,0,0,0,0,1,-0.5114047789767912,-0.6323519621542963,1.448800273894053,-0.56396873254911,-0.49692803731945906,0,1,1,0,-1.5114765192457411,1,0,0,1,0,0,0,0,1,0
1,0,0,1,-1.191876862742087,1,0,0,0,0,0,0,0,0,-1.4713130470931979,-1.5773806963086998,1.3058523773962574,-1.1015440337934654,-1.3543963712762639,1,1,0,0,-1.8762637193569265,0,0,1,1,0,0,1,0,0,0
0,1,1,0,-0.5848880913935618,1,1,0,0,0,1,1,1,0,1.1572825717935546,1.2279617197318704,-0.8762689214147672,0.5111818699396011,0.7892744636157483,1,0,0,0,0.37314715487419203,0,1,0,1,0,0,1,0,0,0
0,0,0,0,1.114680468382309,0,0,1,0,1,0,0,1,1,-0.6700126855846655,-0.609893115421632,-0.6882707787479722,0.5111818699396011,-0.06819387034105659,0,0,1,0,0.6327782309675115,1,0,0,0,1,0,0,0,1,0
0,0,1,0,-1.2728086989218905,1,0,0,0,0,0,1,0,0,-0.31479706141078007,-0.3144137651319838,0.006326045598127978,-0.56396873254911,-0.49692803731945906,0,1,0,0,-1.8224950857487041,1,0,0,1,0,0,0,0,0,1
0,0,0,0,-0.9895472722925787,1,0,0,0,0,0,0,0,0,-1.469660881399366,-1.4138127508198892,-0.61013675804861,-1.1015440337934654,-1.3543963712762639,0,0,1,0,-1.1049657540719395,0,0,1,0,0,1,0,0,0,1
0,0,1,1,0.022100679954963547,1,1,0,0,1,1,1,1,1,0.47659030593476026,0.39424546629033486,0.9579337367466664,1.0487571711839567,1.2180086305941509,0,0,0,0,0.5751988840968685,1,0,0,0,1,0,0,0,1,0
1,0,0,0,-0.5848880913935618,1,0,1,0,0,0,0,0,0,-0.5064482818952951,-0.5318637237171926,0.31821236522968077,-0.56396873254911,-0.49692803731945906,0,0,1,0,-0.09334929666071673,1,0,0,1,0,0,0,0,1,0
1,0,1,1,0.9528167960227024,1,0,0,1,1,1,0,0,1,0.6979805089082513,0.6872915906233622,0.10239817084177352,0.5111818699396011,0.3605402966373459,0,0,0,0,0.9771422586211452,0,1,0,0,1,0,0,0,0,1
0,0,0,0,0.42675986085398043,1,0,0,0,0,0,0,0,1,-1.4894868697253503,-1.5360182100591406,0.6019926502432699,-1.1015440337934654,-1.3543963712762639,1,0,1,0,-0.16608807279074927,0,0,1,0,0,1,1,0,0,0
0,0,0,0,-0.018365238134938143,1,0,0,0,0,0,0,0,0,-1.4861825383376863,-1.490465920406389,0.10196306157889685,-1.1015440337934654,-1.3543963712762639,1,0,1,0,-0.3056318542039509,0,0,1,0,1,0,1,0,0,0
0,0,1,1,1.6002714854611295,1,1,1,1,1,1,1,1,1,1.7074537478396192,1.776276982515385,-0.8732908402377288,2.1239077736726677,2.0754769645509556,1,0,0,0,1.340905197947676,0,1,0,0,0,1,0,1,0,0
0,0,0,0,-0.05883115622483983,1,1,1,0,1,0,0,0,1,0.6616328636439469,0.6444491509754214,0.18050449426332563,-0.026393431304754394,0.3605402966373459,1,0,1,0,0.5952638965816641,0,1,0,1,0,0,0,1,0,0
0,1,1,0,0.38629394276407875,1,1,1,0,1,0,1,1,1,1.3373686324212455,1.4747240164091926,-1.671455272062667,1.0487571711839567,1.2180086305941509,1,0,0,0,0.9510478047600767,0,1,0,0,1,0,1,0,0,0
1,0,0,1,-0.22069482858444658,1,1,0,0,0,0,0,0,1,-1.2846183236901791,-1.1708517754183396,-1.301863795078654,-1.1015440337934654,-0.9256622042978615,1,0,0,0,-0.15862754025965714,0,0,1,0,0,1,0,1,0,0
0,1,0,0,-0.09929707431474152,1,1,1,1,1,0,0,0,0,0.8912838950865986,0.8960027593866399,-0.0865900871254369,0.5111818699396011,0.7892744636157483,1,0,1,0,0.629194257584215,0,1,0,1,0,0,0,1,0,0
1,0,1,0,0.14349843422466863,1,0,1,0,0,0,1,1,1,0.9540661914522153,0.9475006936020849,0.04477036624715056,0.5111818699396011,0.3605402966373459,0,0,0,0,0.7545657056621928,0,1,0,1,0,0,0,0,1,0
0,0,1,1,-0.38255850094405336,1,1,0,0,0,0,0,1,0,0.6897196804390912,0.5433532651764669,1.7081405288050673,-0.56396873254911,-0.06819387034105659,0,0,0,1,0.38407001600794427,0,1,0,1,0,0,0,0,1,0
1,0,0,0,0.224430270404472,1,0,0,0,1,1,0,1,1,-0.08018953288663264,-0.09141484428622772,0.1355947175506758,0.5111818699396011,0.3605402966373459,0,0,1,0,0.5296836361436161,1,0,0,0,1,0,0,0,0,1
0,0,1,1,1.6002714854611295,0,0,0,1,1,1,1,1,1,-0.1561891548029057,-0.18189375670126767,0.3095488563510252,1.5863324724283123,0.7892744636157483,0,0,0,0,0.9034171785302735,1,0,0,0,0,1,0,0,1,0
1,0,0,1,-1.191876862742087,1,0,0,0,0,0,1,0,1,-0.3313187183491003,-0.2721318287404158,-0.6889205419138679,-0.56396873254911,-0.49692803731945906,1,1,0,0,-1.1238874713890814,1,0,0,1,0,0,0,1,0,0
1,0,0,0,0.4672257789438821,1,1,0,0,1,0,0,1,1,0.848327587046966,0.9092664081460728,-0.7503526957806909,-0.026393431304754394,0.3605402966373459,0,0,1,1,0.8730213736216133,0,1,0,1,0,0,0,0,0,1
0,0,1,0,0.993282714112604,1,1,0,1,1,1,1,1,1,1.4761505507031356,1.4810801379866578,-0.10926340180917599,1.5863324724283123,1.6467427975725533,1,0,0,0,1.1444021115498846,0,1,0,0,1,0,1,0,0,0
1,1,1,0,-1.0300131903824803,1,0,0,0,0,0,1,1,1,0.8185886045579893,1.0519438750690124,-2.789512033956137,-0.026393431304754394,-0.06819387034105659,0,0,0,1,-0.2548112167158243,0,1,0,1,0,0,0,0,1,0
0,0,1,1,-0.7467517637531685,1,0,0,0,0,0,0,0,0,0.1808526467388276,0.3296993697681411,-1.7675273973063181,-1.1015440337934654,-0.9256622042978615,0,0,0,1,0.019372301007830432,0,1,0,1,0,0,0,0,1,0
1,1,0,0,-0.8681495180228737,1,0,0,0,0,0,0,1,1,0.45511215191494375,0.4852988924747748,-0.3728993657720576,-0.56396873254911,-0.49692803731945906,0,0,1,1,-0.09378080703851975,0,1,0,1,0,0,0,0,1,0
0,0,1,0,-0.54442217330366,1,1,0,0,1,0,0,1,0,0.8235451016394856,0.9206638505164587,-1.1776108387926902,-0.026393431304754394,0.3605402966373459,0,0,0,1,0.34683301845463355,0,1,0,1,0,0,0,0,0,1
1,1,1,0,0.6695553693933906,1,1,1,1,1,0,0,0,1,0.7756322965183567,0.6636739969458559,1.2980286984599265,0.5111818699396011,0.7892744636157483,0,0,0,0,0.887790044126849,0,1,0,1,0,0,0,0,1,0
1,0,1,1,0.7909531236630957,1,0,0,0,0,0,0,0,1,-1.4498348930733815,-1.454125261353059,0.10079161356345426,-1.1015440337934654,-1.3543963712762639,1,0,0,0,0.03428182544119674,0,0,1,0,1,0,0,1,0,0
0,0,0,0,0.2648961884943737,1,0,1,0,0,0,0,0,1,-0.5576654184040879,-0.5394668691222694,-0.19610017147042855,-0.56396873254911,-0.49692803731945906,0,0,1,0,0.39010371828540524,1,0,0,0,1,0,0,0,1,0
0,1,0,0,-1.2728086989218905,1,0,0,1,0,0,0,1,1,0.7029370059897475,0.7003527082656555,0.006326045598127978,-0.026393431304754394,-0.06819387034105659,0,1,1,1,-1.5473454260005808,0,1,0,1,0,0,0,0,1,0
0,0,1,1,0.1839643523145703,1,1,0,0,0,0,1,1,1,1.0085876593486722,0.8180267951904524,2.220086712982884,-0.026393431304754394,0.3605402966373459,0,0,0,1,0.7447847172456634,0,1,0,1,0,0,0,0,1,0
1,0,1,0,1.0337486322025058,0,0,0,0,0,0,1,1,1,-0.6518388629525134,-0.6053979377685383,-0.5270398910993623,-0.026393431304754394,-0.49692803731945906,1,0,0,0,0.6132948486072093,1,0,0,0,1,0,0,1,0,0
0,0,0,0,-1.2728086989218905,1,0,0,0,0,1,0,0,1,-0.4139270030407016,-0.41325465539798767,0.006326045598127978,-0.56396873254911,-0.49692803731945906,0,1,1,0,-1.8570364075259076,1,0,0,1,0,0,0,0,1,0
0,0,0,0,-0.5039562552137584,1,0,0,0,0,0,0,0,1,-1.4944433668068464,-1.4527313513621283,-0.4420105388722262,-1.1015440337934654,-1.3543963712762639,1,0,1,0,-0.5651249277557124,0,0,1,1,0,0,1,0,0,0
0,0,0,0,-0.9086154361127753,1,0,0,0,0,0,0,0,1,-1.4812260412561902,-1.475958960574639,-0.011217559881147438,-1.1015440337934654,-1.3543963712762639,0,0,1,0,-1.0218075487491989,0,0,1,1,0,0,0,0,0,1
0,0,1,1,1.3574759769217193,1,1,0,0,0,0,0,0,1,0.31467806793922154,0.2926340359183897,0.2499872328102773,-1.1015440337934654,-0.49692803731945906,1,0,0,1,0.9856789169546326,0,1,0,0,1,0,1,0,0,0
0,0,1,0,1.6002714854611295,1,1,1,1,1,0,1,1,1,1.4811070477846315,1.6032367850427491,-1.4962512755434614,1.5863324724283123,1.6467427975725533,0,0,0,0,1.31240296843027,0,1,0,0,0,1,0,0,1,0
0,1,0,0,-1.191876862742087,1,0,0,0,1,0,0,0,0,0.3014607423885652,0.023841726000562644,3.2746347700704215,-0.56396873254911,-0.49692803731945906,0,1,1,1,-1.031461722455056,0,1,0,1,0,0,0,0,1,0
1,0,1,1,0.38629394276407875,1,1,1,0,0,0,1,1,0,1.069717790020457,1.0178594569574417,0.5767252819480917,0.5111818699396011,0.7892744636157483,0,0,0,0,0.8658146612375718,0,1,0,0,1,0,0,0,1,0
0,0,1,1,-0.9086154361127753,1,0,0,0,0,0,0,0,1,-1.4845303726438543,-1.4848546406985796,0.055058283040557834,-1.1015440337934654,-1.3543963712762639,1,0,0,0,-1.0303463182041674,0,0,1,1,0,0,1,0,0,0
0,0,1,1,0.10303251613476692,1,1,0,0,0,0,0,0,0,-1.335835460198972,-1.359679713240276,0.32823728264640817,-1.1015440337934654,-0.9256622042978615,1,0,0,0,-0.13280773325258555,0,0,1,0,0,1,1,0,0,0
1,0,0,0,-0.5848880913935618,0,0,1,0,1,0,0,0,0,-1.0285326411462152,-1.1257327393987653,1.1856461917049301,-0.026393431304754394,-0.49692803731945906,0,0,1,0,-0.38472906265066575,1,0,0,1,0,0,0,0,0,1
0,0,1,1,0.993282714112604,1,1,1,0,1,1,1,1,1,0.6533720351747868,0.6676369516045103,-0.19133874908063914,1.5863324724283123,1.6467427975725533,0,0,0,0,0.9838820876515371,1,0,0,0,0,1,0,0,1,0
0,0,0,0,-1.232342780831989,1,0,0,0,0,0,0,0,1,-1.4762695441746942,-1.4865019888696795,0.1720156529023898,-1.1015440337934654,-1.3543963712762639,0,1,1,0,-2.032675017339053,0,0,1,1,0,0,0,0,0,1
0,0,1,0,1.397941895011621,1,1,0,1,1,1,1,1,0,0.7078935030712438,0.7602719245786538,-0.644212956916937,1.5863324724283123,1.6467427975725533,1,0,0,0,1.1061246770624278,1,0,0,0,0,1,1,0,0,0
0,0,1,0,-0.54442217330366,1,1,0,1,0,0,0,1,1,0.805371279007333,0.6774632389408966,1.4857341801662105,-0.026393431304754394,0.3605402966373459,0,0,0,1,0.2946094241618977,0,1,0,1,0,0,0,0,1,0
1,0,0,0,-1.2728086989218905,1,0,0,0,0,0,0,0,0,-1.4861825383376863,-1.4823836184419295,0.006326045598127978,-1.1015440337934654,-1.3543963712762639,1,1,1,0,-2.4498553286833173,0,0,1,1,0,0,1,0,0,0
1,0,1,1,-0.6658199275733652,1,1,1,1,0,1,1,1,0,0.6665893607254432,0.7461695792743761,-0.9646637854422848,1.5863324724283123,1.6467427975725533,0,0,0,0,0.2016735765090545,1,0,0,1,0,0,0,0,1,0
1,0,1,1,-1.2728086989218905,1,0,0,0,0,0,1,1,0,0.8070234447011654,0.8041356430449598,0.006326045598127978,-0.026393431304754394,-0.06819387034105659,0,1,0,1,-1.5249509296718171,0,1,0,1,0,0,0,0,0,1
1,0,1,1,1.4384078131015228,1,1,0,0,0,0,0,0,0,-1.2994878149346674,-1.348076291080477,0.619778916932244,-1.1015440337934654,-0.9256622042978615,1,0,0,0,0.29437643783732753,0,0,1,0,0,1,1,0,0,0
1,0,0,1,-0.018365238134938143,1,1,0,1,1,1,1,1,0,0.6269373840734744,0.5781400658221697,0.5557820227615237,1.5863324724283123,1.6467427975725533,1,0,0,0,0.6000384145327627,1,0,0,0,1,0,0,1,0,0
1,0,1,0,0.5076916970337838,1,1,0,1,0,0,0,0,0,0.5509377621572014,0.6314203392394019,-0.9713509313579973,-0.56396873254911,-0.06819387034105659,1,0,0,1,0.8268825976132752,0,1,0,1,0,0,1,0,0,0
1,0,1,0,1.6002714854611295,1,1,1,1,1,1,1,1,1,0.9011968892495906,0.9704034091475173,-0.8500076601263465,2.1239077736726677,2.0754769645509556,1,0,0,0,1.195572338339631,1,0,0,0,0,1,0,1,0,0
1,0,0,0,-1.232342780831989,1,1,0,0,0,0,0,0,1,0.3890255241616627,0.5430309579255993,-1.835752529725719,-1.1015440337934654,-0.49692803731945906,0,1,1,1,-1.1502915721562526,0,1,0,1,0,0,0,0,1,0
0,0,0,0,1.155146386472211,1,1,0,0,1,0,0,1,0,0.8086756103949972,0.8378657719909266,-0.3733060729697848,-0.026393431304754394,0.3605402966373459,0,0,1,1,1.0637229030652202,0,1,0,1,0,0,0,0,0,1
1,0,1,1,1.3574759769217193,1,1,0,1,1,0,1,1,0,0.49972062564840825,0.4801821292160544,0.21395491179223777,1.0487571711839567,1.2180086305941509,1,0,0,0,1.0325613297874758,1,0,0,0,0,1,1,0,0,0
0,0,1,1,0.6695553693933906,1,1,0,1,0,1,1,1,0,0.481546803016256,0.4908705357325022,-0.12694170577504496,1.0487571711839567,1.2180086305941509,1,0,0,0,0.8476422933574183,1,0,0,0,0,1,1,0,0,0
1,0,1,0,1.3574759769217193,0,0,1,1,1,1,1,0,1,-0.2685364219834834,-0.24153108847119337,-0.31028582433086827,1.5863324724283123,0.7892744636157483,1,0,0,0,0.8291042762364665,1,0,0,0,0,1,1,0,0,0
1,0,0,0,-0.9086154361127753,1,1,0,0,0,0,1,0,1,0.7045891716835795,0.6150200730026721,1.035550900382247,-0.56396873254911,-0.06819387034105659,1,0,1,1,-0.12331178300086025,0,1,0,1,0,0,1,0,0,0
0,0,1,0,0.993282714112604,1,0,0,0,0,0,0,0,1,-1.4911390354191822,-1.477470474773736,-0.11028934365007233,-1.1015440337934654,-1.3543963712762639,1,0,0,0,0.07002509198461808,0,0,1,0,0,1,1,0,0,0
0,0,0,0,1.5598055673712277,1,1,1,1,1,1,1,1,1,1.7818012040620603,1.8008740949081663,-0.2871655703227597,2.1239077736726677,2.0754769645509556,0,0,1,0,1.3360486158469531,0,1,0,0,0,1,0,0,1,0
1,0,0,0,-1.1109450265622838,1,0,0,0,0,0,0,0,0,-1.4432262302980536,-1.3828837889074856,-0.6642295416097065,-1.1015440337934654,-1.3543963712762639,0,1,1,0,-1.3724810170051869,0,0,1,1,0,0,0,0,0,1
1,0,0,0,-0.09929707431474152,1,1,1,1,1,1,0,0,1,1.0003268308795121,0.9995111361374271,-0.02486258636502647,1.0487571711839567,1.2180086305941509,1,0,1,0,0.6503431723810388,0,1,0,1,0,0,0,1,0,0
0,0,1,1,1.0742145502924074,1,0,0,0,0,0,0,0,0,-1.4944433668068464,-1.450330131994084,-0.47042391121154264,-1.1015440337934654,-1.3543963712762639,1,0,0,0,0.11723925414548216,0,0,1,0,0,1,0,1,0,0
1,0,1,1,0.9528167960227024,1,1,0,0,0,0,0,0,1,-1.3308789631174758,-1.2907911427566665,-0.4284351298704073,-1.1015440337934654,-0.9256622042978615,0,0,0,0,0.21652659820484058,0,0,1,0,1,0,0,0,0,1
0,0,1,1,-0.7467517637531685,1,1,0,0,0,0,0,0,0,-1.2945313178531714,-1.2565792512747134,-0.40441709855949454,-1.1015440337934654,-0.9256622042978615,0,0,0,0,-0.630029952469411,0,0,1,1,0,0,0,0,0,1
1,0,0,0,-0.8681495180228737,0,0,0,1,0,1,0,0,1,-0.9607938476991021,-0.8598357686907505,-1.1614755716586473,-0.026393431304754394,-0.49692803731945906,0,0,1,0,-0.5469860446063619,1,0,0,1,0,0,0,0,1,0
0,0,1,1,-0.7062858456632669,1,0,0,0,0,0,0,0,0,-1.4845303726438543,-1.5335612349574381,0.6313982111930292,-1.1015440337934654,-1.3543963712762639,0,0,0,0,-0.8251183924043476,0,0,1,1,0,0,0,0,0,1
1,0,0,1,-1.2728086989218905,1,1,0,0,0,0,1,1,1,0.9441531972892232,0.9408655412462649,0.006326045598127978,-0.026393431304754394,0.3605402966373459,0,1,0,1,-1.4966129516164088,0,1,0,1,0,0,0,0,1,0
0,1,0,0,-1.1514109446521854,1,1,0,0,0,0,1,1,1,0.9771965111658637,1.3629985100906563,-4.598870392711494,-0.026393431304754394,0.3605402966373459,0,1,1,1,-0.5479472792425318,0,1,0,1,0,0,0,0,1,0
0,0,1,0,1.6002714854611295,1,1,1,1,1,1,1,1,1,0.914414214800247,0.9722109161685859,-0.7154525378547508,2.1239077736726677,2.0754769645509556,0,0,0,0,1.1959388901619423,1,0,0,0,0,1,0,0,1,0
0,0,1,0,1.519339649281326,1,1,1,0,1,1,0,0,0,0.018940408743288898,0.10718969894312519,-1.044897933517144,0.5111818699396011,0.7892744636157483,1,0,0,0,0.9726549143636877,1,0,0,0,0,1,0,1,0,0
0,0,0,0,-0.22069482858444658,1,0,0,0,0,0,0,0,0,-1.5060085266636707,-1.5213098455960716,0.23302119458957846,-1.1015440337934654,-1.3543963712762639,0,0,1,0,-0.4433318904496633,0,0,1,0,1,0,0,0,0,1
1,0,0,0,1.3170100588318177,1,1,1,0,1,1,1,1,1,1.4959765390291198,1.4853267837038444,0.07440123267155636,1.5863324724283123,1.6467427975725533,1,0,1,0,1.2278241424948633,0,1,0,0,1,0,0,1,0,0
1,0,0,0,0.10303251613476692,1,1,1,1,1,1,0,0,1,1.058152630163633,1.0706765771289504,-0.18470432517620064,1.0487571711839567,1.2180086305941509,0,0,1,0,0.7615117805006976,0,1,0,1,0,0,0,0,0,1
1,0,0,0,0.4672257789438821,1,0,1,1,1,0,1,1,1,1.3654554492163897,1.2445766404272585,1.3832332635169644,1.5863324724283123,1.2180086305941509,0,0,1,0,0.93883726225015,0,1,0,0,1,0,0,0,1,0
0,0,0,0,1.0742145502924074,1,1,0,1,1,0,0,0,1,0.6120678928289861,0.6306056619706057,-0.24047382809336895,-0.026393431304754394,0.3605402966373459,0,0,1,1,0.9972127018303022,0,1,0,1,0,0,0,0,1,0
1,0,0,0,-1.1109450265622838,1,0,0,0,1,0,1,1,1,0.17589614965733133,0.14947947984979418,0.3065166282434944,0.5111818699396011,0.3605402966373459,0,1,1,0,-0.6755579040570237,1,0,0,1,0,0,0,0,1,0
0,0,1,1,1.114680468382309,1,0,0,0,0,0,0,0,1,-1.5027041952760065,-1.527273856104406,0.3425784839508943,-1.1015440337934654,-1.3543963712762639,1,0,0,0,0.05259239860177098,0,0,1,0,0,1,0,1,0,0
0,0,1,0,-1.1514109446521854,1,0,1,1,0,0,0,0,0,-0.3313187183491003,-0.19704020794110425,-1.5774716712808428,-0.026393431304754394,-0.06819387034105659,0,1,0,0,-0.9188738472908644,1,0,0,1,0,0,0,0,0,1
0,0,0,0,-1.232342780831989,1,1,0,0,0,0,1,1,1,1.0333701447561527,0.7464784570564575,3.3591039816373005,-0.026393431304754394,0.3605402966373459,0,1,1,1,-1.1044282845258881,0,1,0,1,0,0,0,0,1,0
0,0,1,1,-0.9895472722925787,1,0,0,0,0,0,0,0,0,-1.4845303726438543,-1.4739409590650414,-0.07408214618188158,-1.1015440337934654,-1.3543963712762639,0,0,0,0,-1.1596054509758442,0,0,1,0,1,0,0,0,1,0
0,0,0,0,0.7909531236630957,1,1,0,1,0,0,0,0,1,0.5112857855052327,0.5898536617118668,-0.9473263548137311,-0.56396873254911,-0.06819387034105659,0,0,1,1,0.9083581375985212,0,1,0,0,1,0,0,0,0,1
0,0,0,0,-1.2728086989218905,1,0,0,0,1,0,0,0,0,0.38406902708016644,0.382414511243343,0.006326045598127978,-0.56396873254911,-0.49692803731945906,0,1,1,1,-1.6213713036484199,0,1,0,1,0,0,0,0,1,0
0,0,1,0,1.519339649281326,1,0,0,0,0,0,0,0,0,-1.4828782069500221,-1.5078704480033776,0.34689476783865303,-1.1015440337934654,-1.3543963712762639,1,0,0,0,0.1694065864937448,0,0,1,0,0,1,0,1,0,0
1,0,1,0,-1.232342780831989,1,1,0,0,1,0,1,0,1,0.8830230666174385,0.6912922933246051,2.238262520461419,-0.026393431304754394,0.3605402966373459,0,1,0,1,-1.1165424416411622,0,1,0,1,0,0,0,0,1,0
0,0,1,0,-0.5039562552137584,0,0,0,0,0,0,0,0,1,-1.3308789631174758,-1.3377464490193438,0.12718199445535353,-1.1015440337934654,-1.3543963712762639,0,0,0,0,-0.46702261206061135,1,0,0,1,0,0,0,0,1,0
0,0,0,1,-0.5848880913935618,1,1,1,0,0,0,0,1,0,0.002418751804968643,0.002426199776261623,-0.00017158606086230076,-0.026393431304754394,0.3605402966373459,0,0,0,0,0.08777046205248253,1,0,0,1,0,0,0,0,1,0
0,0,0,0,-1.232342780831989,1,0,0,0,0,0,0,0,0,-0.6700126855846655,-0.7707292085267016,1.2148855341703892,-1.1015440337934654,-0.9256622042978615,0,1,1,0,-1.5716932780724489,1,0,0,1,0,0,0,0,1,0
1,0,1,0,-0.5848880913935618,1,0,0,0,1,1,0,0,0,0.4451991577519517,0.5552945498660112,-1.3181078742261338,-0.026393431304754394,-0.06819387034105659,0,0,0,0,0.23262439433919474,0,1,0,1,0,0,0,0,1,0
0,1,1,0,0.6290894513034889,1,0,0,0,0,0,0,0,1,0.19572213798331592,0.30021870145616303,-1.2432497428215104,-1.1015440337934654,-0.9256622042978615,1,0,0,1,0.7871796555784553,0,1,0,1,0,0,1,0,0,0
0,0,1,0,1.397941895011621,1,1,0,0,0,0,0,0,1,-1.3044443120161635,-1.280817046700462,-0.23457122366952518,-1.1015440337934654,-0.9256622042978615,1,0,0,0,0.33678354568875846,0,0,1,0,0,1,0,1,0,0
0,0,0,0,1.3170100588318177,1,0,1,1,0,1,0,0,1,-0.16940648035356187,-0.23746993363260246,0.8112326628010934,0.5111818699396011,0.3605402966373459,0,0,1,0,0.8208437701794807,1,0,0,0,0,1,0,0,0,1
0,0,0,0,0.42675986085398043,1,1,1,1,1,1,1,1,0,1.6628452741061543,1.6175808457651382,0.47823543329644236,2.1239077736726677,2.0754769645509556,1,0,1,0,0.9903062404974089,0,1,0,0,0,1,0,1,0,0
1,0,1,1,-0.5039562552137584,1,1,0,1,0,1,1,0,0,1.059804795857465,0.8761247581220327,2.1368994665811574,0.5111818699396011,0.7892744636157483,0,0,0,0,0.36986573031522135,0,1,0,1,0,0,0,0,0,1
1,0,0,1,1.519339649281326,1,1,1,1,1,1,1,1,1,1.647975782861666,1.576977270743904,0.7832571453945775,2.1239077736726677,2.0754769645509556,0,0,0,0,1.2902271857557148,0,1,0,0,0,1,0,0,1,0
1,0,1,1,1.6002714854611295,1,1,0,1,0,0,1,0,1,0.8251972673333176,0.8819957239651471,-0.700562131969559,-0.026393431304754394,0.3605402966373459,0,0,0,1,1.1773782051071087,0,1,0,0,1,0,0,0,1,0
0,0,1,1,-1.2728086989218905,1,0,0,0,0,0,0,0,0,-1.4779217098685262,-1.474146877586429,0.006326045598127978,-1.1015440337934654,-1.3543963712762639,0,1,0,0,-2.442314573464842,0,0,1,1,0,0,0,0,1,0
1,0,1,1,-0.30162666476425,1,0,0,1,0,0,0,0,1,0.3559822102850222,0.37226684650936687,-0.20497693595224853,-0.56396873254911,-0.49692803731945906,0,0,0,1,0.394972157263597,0,1,0,1,0,0,0,0,1,0
0,0,0,0,0.1839643523145703,0,0,0,0,0,1,0,0,0,-1.1937492105294176,-1.2661803017159319,0.8982576995444403,-0.56396873254911,-0.9256622042978615,1,0,1,0,-0.026079181896076182,1,0,0,1,0,0,0,1,0,0
0,0,1,1,1.1956123045621125,1,1,0,1,1,1,1,1,1,1.522411190130432,1.5022127156145075,0.18647812336917752,1.5863324724283123,1.6467427975725533,0,0,0,0,1.2010069241114196,0,1,0,0,1,0,0,0,1,0
0,0,1,1,1.5598055673712277,1,1,1,1,1,1,1,1,0,1.616584634678858,1.6566499226327014,-0.5298658401768883,2.1239077736726677,2.0754769645509556,1,0,0,0,1.312534032954151,0,1,0,0,0,1,0,1,0,0
1,0,1,0,-0.7872176818430703,0,0,1,0,0,1,1,1,1,-0.33957954681826047,-0.3416583695001773,0.036315114793470715,1.0487571711839567,0.3605402966373459,0,0,0,0,-0.2274043240306548,1,0,0,1,0,0,0,0,1,0
1,1,1,0,1.6002714854611295,1,1,0,0,0,0,0,0,1,-1.3127051404853236,-1.308245188855227,-0.007481421677227058,-1.1015440337934654,-0.9256622042978615,1,0,0,0,0.3614905626103061,0,0,1,0,0,1,1,0,0,0
0,0,1,0,-1.191876862742087,1,1,0,0,0,0,1,1,0,0.9970224994918483,0.8672839896037953,1.500781327165981,-0.026393431304754394,0.3605402966373459,0,1,0,1,-0.8245440554722814,0,1,0,1,0,0,0,0,1,0
1,0,1,1,1.4384078131015228,0,0,1,1,0,0,1,0,0,-0.6584475257278416,-0.687465448760953,0.3660846220113599,0.5111818699396011,-0.06819387034105659,0,0,0,0,0.6786591010997818,1,0,0,0,1,0,0,0,0,1
1,0,0,1,1.3574759769217193,1,0,0,0,0,0,0,0,0,-1.4597478872363738,-1.4556266905719404,0.0016004953006803768,-1.1015440337934654,-1.3543963712762639,0,0,0,0,0.18287883695243698,0,0,1,0,0,1,0,0,0,1
0,0,1,1,1.3170100588318177,1,1,1,1,1,1,1,1,0,0.8863273980051023,0.8898991232142305,-0.07284509707757263,2.1239077736726677,2.0754769645509556,1,0,0,0,1.1146371203998007,1,0,0,0,0,1,1,0,0,0
0,0,0,0,-0.30162666476425,1,1,1,1,1,1,1,0,1,0.45015565483344744,0.28904281690539174,1.8908991319717712,1.5863324724283123,1.6467427975725533,1,0,1,0,0.37371237403144136,1,0,0,1,0,0,1,0,0,0
1,0,0,1,0.871884959842899,1,0,1,1,0,1,1,1,1,1.3588467864410616,1.4219217136550963,-0.7932436279943316,1.5863324724283123,1.2180086305941509,0,0,0,0,1.0999746645233182,0,1,0,0,1,0,0,0,1,0
0,0,1,1,1.3170100588318177,1,1,0,0,0,0,0,0,1,-1.3027921463223315,-1.2467874861566033,-0.6177464843569277,-1.1015440337934654,-0.9256622042978615,1,0,0,0,0.3423503880696653,0,0,1,0,0,1,1,0,0,0
1,1,1,0,1.114680468382309,1,1,0,1,1,0,1,1,1,1.3092818156261008,1.3480076417336457,-0.5034131580496901,1.0487571711839567,1.2180086305941509,0,0,0,1,1.1530763950938188,0,1,0,0,1,0,0,0,1,0
0,1,0,0,1.5598055673712277,1,1,1,1,0,1,1,0,1,1.1539782404058907,1.19931358741364,-0.5762644211784135,1.0487571711839567,1.2180086305941509,1,0,1,0,1.2315698716082826,0,1,0,0,1,0,0,1,0,0
1,0,1,1,0.38629394276407875,1,0,0,0,0,0,0,0,0,-1.469660881399366,-1.462458550086719,-0.03451621054409881,-1.1015440337934654,-1.3543963712762639,0,0,0,0,-0.10782120027508516,0,0,1,0,1,0,0,0,0,1
1,0,1,0,-1.2728086989218905,1,0,0,0,0,0,0,0,1,0.14615716716835514,0.14519637460493415,0.006326045598127978,-1.1015440337934654,-0.9256622042978615,0,1,0,1,-1.682890676120207,0,1,0,1,0,0,0,0,1,0
0,0,0,1,-1.232342780831989,1,0,1,0,0,0,0,1,1,-0.116537178150937,-0.058251124525923896,-0.6856717260843755,-0.026393431304754394,-0.06819387034105659,1,1,0,0,-1.3094117037042194,1,0,0,1,0,0,0,1,0,0
0,0,0,0,-0.5848880913935618,1,1,1,0,1,0,0,0,1,-0.13636316647692137,-0.016518304191389208,-1.4134064718913255,-0.026393431304754394,0.3605402966373459,0,0,1,0,0.08216466920220102,1,0,0,1,0,0,0,0,0,1
0,0,1,0,-0.6658199275733652,1,1,0,0,0,0,1,0,1,0.6682415264192751,0.7049858749968745,-0.45784851604101534,-0.56396873254911,-0.06819387034105659,0,0,0,1,0.19260888102696896,0,1,0,1,0,0,0,0,1,0
1,0,0,0,-1.1109450265622838,1,0,0,0,1,1,1,1,0,0.3444170504281982,0.45423889150330604,-1.3113936548451737,1.0487571711839567,0.7892744636157483,1,1,1,0,-0.59686144541943,1,0,0,1,0,0,1,0,0,0
0,0,1,0,1.6002714854611295,1,1,1,0,1,0,1,1,1,1.3307599696459171,1.339981395366675,-0.15503180726680746,1.0487571711839567,1.2180086305941509,1,0,0,0,1.2664045595345907,0,1,0,0,0,1,0,1,0,0
1,0,0,0,0.10303251613476692,1,1,1,0,0,0,0,0,0,-0.31314489571694815,-0.32185036544723566,0.11381543789971652,-0.56396873254911,-0.06819387034105659,0,0,1,0,0.40255665490203363,1,0,0,0,0,1,0,0,0,1
1,1,0,1,0.224430270404472,1,1,1,0,0,0,0,0,1,0.5195466139743928,0.609011587304923,-1.0765555674647067,-0.56396873254911,-0.06819387034105659,0,0,0,0,0.7153321361464093,0,1,0,1,0,0,0,0,0,1
1,0,0,0,-1.2728086989218905,1,0,0,0,0,0,0,0,1,-1.474617378480862,-1.4708521812442288,0.006326045598127978,-1.1015440337934654,-1.3543963712762639,0,1,1,0,-2.4393233776494894,0,0,1,1,0,0,0,0,0,1
0,0,0,0,-1.2728086989218905,1,0,0,0,0,0,0,0,0,-1.4481827273795498,-1.4444946105066279,0.006326045598127978,-1.1015440337934654,-1.3543963712762639,0,1,1,0,-2.4158920028736723,0,0,1,1,0,0,0,0,0,1
1,1,0,0,-1.1514109446521854,0,0,0,1,0,0,1,1,1,-0.4552311453865022,-0.42519792963846326,-0.3396728402431224,0.5111818699396011,-0.06819387034105659,1,1,1,0,-0.997468903593109,1,0,0,1,0,0,0,1,0,0
0,0,1,1,1.397941895011621,1,1,0,0,1,1,0,1,1,0.17093965257583552,0.13676293546034693,0.3985114549855675,0.5111818699396011,0.7892744636157483,1,0,0,0,0.9533362971347091,1,0,0,0,0,1,1,0,0,0
0,0,0,0,-0.9895472722925787,1,0,1,0,0,1,0,1,0,0.043722894150769284,0.23291766471601238,-2.24023010049789,0.5111818699396011,0.3605402966373459,1,0,1,0,-0.3577365288251245,1,0,0,1,0,0,1,0,0,0
1,0,0,0,1.2360782226520142,1,1,0,0,0,0,0,0,0,-1.3044443120161635,-1.3176226529482546,0.20094558433646728,-1.1015440337934654,-0.9256622042978615,0,0,1,0,0.27026825143020583,0,0,1,0,0,1,0,0,0,1
0,1,1,0,-0.22069482858444658,1,0,1,0,1,0,1,1,1,1.2068475426085152,1.2280532390747094,-0.2925650107154415,1.0487571711839567,0.7892744636157483,0,0,0,0,0.6283493408798438,0,1,0,1,0,0,0,0,1,0
0,0,0,0,0.38629394276407875,1,1,0,0,1,1,1,1,1,0.4534599862211118,0.5131825779682865,-0.7223369333029667,1.0487571711839567,1.2180086305941509,1,0,1,0,0.7559386733518484,1,0,0,0,0,1,0,1,0,0
1,1,0,0,-0.949081354202677,1,1,0,0,1,0,1,1,1,1.182065057201035,1.2297005872458093,-0.6044513303469915,0.5111818699396011,0.7892744636157483,0,0,1,1,-0.06262194065376056,0,1,0,1,0,0,0,0,1,0
0,0,0,0,-1.1514109446521854,1,0,0,0,0,0,0,0,0,-1.4762695441746942,-1.4469656327632778,-0.29581382654493665,-1.1015440337934654,-1.3543963712762639,0,1,1,0,-1.5671957908435077,0,0,1,1,0,0,0,0,0,1
1,1,1,0,0.224430270404472,1,1,0,1,1,0,1,1,1,1.25145601634198,1.3429919000653225,-1.1263137467480313,1.0487571711839567,1.2180086305941509,0,0,0,1,0.8646303426529907,0,1,0,1,0,0,0,0,1,0
0,0,1,0,-0.46349033712385673,1,0,0,0,1,1,0,0,0,0.4782424716285922,0.6006489213385993,-1.464923408616181,-0.026393431304754394,-0.06819387034105659,0,0,0,0,0.34015122307234413,0,1,0,0,1,0,0,0,1,0
1,0,1,1,1.4384078131015228,1,1,1,1,1,1,1,1,1,0.7971104505381729,0.8382938918868874,-0.5148222348156244,2.1239077736726677,2.0754769645509556,1,0,0,0,1.1322026463120274,1,0,0,0,0,1,0,1,0,0
0,0,0,0,-1.2728086989218905,1,0,0,0,1,0,1,0,1,0.6847631833575953,0.6822318783835549,0.006326045598127978,-0.026393431304754394,-0.06819387034105659,0,1,1,1,-1.5513385791274037,0,1,0,1,0,0,0,0,1,0
1,0,1,1,0.7100212874832923,1,1,0,0,0,0,0,0,0,-1.3143573061791556,-1.3018672058527843,-0.10244430837337545,-1.1015440337934654,-0.9256622042978615,0,0,0,0,0.13689432075555297,0,0,1,0,0,1,0,0,0,1
0,0,1,0,0.4672257789438821,1,1,1,1,1,1,0,0,1,1.003631162267176,0.9074318613191662,1.1036874287335652,1.0487571711839567,1.2180086305941509,1,0,0,0,0.8726416746209501,0,1,0,1,0,0,0,1,0,0
0,0,1,0,1.4384078131015228,1,1,0,1,1,0,0,0,0,0.7178064972342358,0.6591447782797555,0.6693711350354246,-0.026393431304754394,0.3605402966373459,1,0,0,1,1.0930543387134202,0,1,0,0,1,0,0,1,0,0
0,0,0,0,-1.1514109446521854,1,0,0,0,0,0,0,0,0,-0.6303607089326971,-0.5594568055831184,-0.8172487671789384,-1.1015440337934654,-0.9256622042978615,0,1,1,0,-1.048762097532578,1,0,0,1,0,0,0,0,0,1
1,0,1,1,1.397941895011621,1,0,1,0,1,1,0,0,1,-0.14297182925224955,-0.18887108212247755,0.5480539627193479,0.5111818699396011,0.3605402966373459,1,0,0,0,0.8558553692607321,1,0,0,0,0,1,1,0,0,0
0,1,1,0,1.6002714854611295,1,1,0,1,1,0,1,1,0,1.3307599696459171,1.33460463397489,-0.0914091639391913,1.0487571711839567,1.2180086305941509,1,0,0,1,1.265429159446205,0,1,0,0,1,0,0,1,0,0
1,0,0,0,-0.9895472722925787,0,0,1,0,0,0,0,0,0,-1.1689667251219373,-1.2416648669399326,0.9005626026667172,-0.56396873254911,-0.9256622042978615,0,0,1,0,-0.9705518206844472,1,0,0,1,0,0,0,0,0,1
1,0,1,1,0.871884959842899,1,1,0,1,0,1,1,0,1,0.19737430367714784,0.16710000399104205,0.3514224825978567,0.5111818699396011,0.7892744636157483,0,0,0,0,0.8259065773910624,1,0,0,0,1,0,0,0,1,0
1,1,1,0,0.9123508779328007,1,1,1,1,0,0,0,0,0,-0.1561891548029057,-0.14662386595921023,-0.10779599408523376,-0.026393431304754394,0.3605402966373459,1,0,0,0,0.7451549713309482,1,0,0,0,1,0,0,1,0,0
1,0,1,1,-0.34209258285415167,1,1,0,0,0,0,0,0,1,-1.3424441229743,-1.3267092162729734,-0.13987066672916024,-1.1015440337934654,-0.9256622042978615,1,0,0,0,-0.3437786973649384,0,0,1,0,0,1,1,0,0,0
1,0,0,0,1.0337486322025058,1,0,0,0,0,0,0,0,0,-1.4680087157055342,-1.4903363337506883,0.3148515212681331,-1.1015440337934654,-1.3543963712762639,1,0,1,0,0.06849800472198761,0,0,1,0,0,1,0,1,0,0
0,0,1,1,0.34582802467417706,1,1,1,1,1,1,0,1,0,0.5013727913422407,0.5397965304189273,-0.47196303603196127,1.5863324724283123,1.6467427975725533,1,0,0,0,0.7470692210792796,1,0,0,1,0,0,0,1,0,0
1,0,0,0,-0.6253540094834634,1,0,0,0,0,0,0,0,0,-1.4960955325006784,-1.4178463312682443,-0.8742941510086056,-1.1015440337934654,-1.3543963712762639,1,0,1,0,-0.6357886874844826,0,0,1,0,0,1,0,1,0,0
1,1,0,0,-0.54442217330366,1,0,0,0,1,0,1,1,1,1.0300658133684888,0.949882604919655,0.9132586329477693,0.5111818699396011,0.3605402966373459,1,0,1,1,0.35282553873721184,0,1,0,1,0,0,0,1,0,0
0,0,0,0,-0.018365238134938143,1,1,1,0,1,1,1,1,1,1.4811070477846315,1.58168397980419,-1.2412192329280776,1.5863324724283123,1.6467427975725533,1,0,1,0,0.7982591614230063,0,1,0,0,1,0,1,0,0,0
0,0,0,0,0.14349843422466863,1,0,1,1,1,1,0,1,1,0.3576343759788541,0.31976952107012163,0.43571120439642214,1.5863324724283123,1.2180086305941509,0,0,1,0,0.6111380043044936,1,0,0,0,1,0,0,0,0,1
1,1,1,1,1.155146386472211,1,1,0,1,0,0,1,1,0,1.1325000863860741,1.0910172761858774,0.45178662917024065,0.5111818699396011,0.7892744636157483,0,0,0,1,1.1152016002117344,0,1,0,0,1,0,0,0,1,0
0,1,0,0,-0.7467517637531685,1,1,0,1,1,0,1,1,1,1.325803472564421,1.470840981434457,-1.7619579987414724,1.0487571711839567,1.2180086305941509,0,0,1,1,0.25890757176350526,0,1,0,1,0,0,0,0,1,0
0,0,0,0,-1.2728086989218905,1,0,0,0,0,0,0,1,1,0.5691115847893535,0.5669175064065505,0.006326045598127978,-0.56396873254911,-0.49692803731945906,0,1,1,1,-1.5773606928877153,0,1,0,1,0,0,0,0,1,0
1,0,0,0,-1.191876862742087,1,0,1,0,0,1,1,0,1,-0.01079857374568728,0.015604985145062323,-0.3120579056924123,0.5111818699396011,0.3605402966373459,1,1,1,0,-1.0338585488550776,1,0,0,1,0,0,0,1,0,0
0,1,1,0,-1.2728086989218905,1,0,0,0,0,0,0,0,1,0.1891134752079877,0.18802742705353573,0.006326045598127978,-1.1015440337934654,-0.9256622042978615,0,1,0,1,-1.6713290632105542,0,1,0,1,0,0,0,0,0,1
0,0,1,1,-1.0704791084723821,1,1,0,0,0,1,0,0,1,0.5211987796682247,0.6281439467657696,-1.2834538387115173,-0.56396873254911,-0.06819387034105659,0,1,0,0,-0.44145459169772533,0,1,0,1,0,0,0,0,1,0
1,0,1,1,-0.9086154361127753,0,0,1,1,1,1,0,1,0,-0.3643620322257408,-0.41654935174018787,0.6300986848612309,1.5863324724283123,0.7892744636157483,1,0,0,0,-0.419172076466386,1,0,0,0,0,1,0,1,0,0
1,0,0,0,-0.46349033712385673,1,0,0,0,0,0,0,0,0,-1.4779217098685262,-1.477755354532648,0.04902476792863849,-1.1015440337934654,-1.3543963712762639,0,0,1,0,-0.5580170487089836,0,0,1,1,0,0,0,0,0,1
1,0,0,1,-0.9895472722925787,1,0,0,0,0,0,0,0,0,-1.466356550011702,-1.397133350587501,-0.7685165297365057,-1.1015440337934654,-1.3543963712762639,0,0,0,0,-1.0906127227505618,0,0,1,1,0,0,0,0,0,1
0,0,0,0,0.9123508779328007,1,0,0,1,1,0,0,0,1,0.5558942592386972,0.5682653367283593,-0.16556584647153252,-0.026393431304754394,-0.06819387034105659,0,0,1,1,0.9386558142377535,0,1,0,1,0,0,0,0,1,0
0,0,0,0,1.519339649281326,1,1,0,1,0,0,1,1,0,1.1291957549984104,1.0856439119406596,0.4763832844713919,0.5111818699396011,0.7892744636157483,0,0,1,1,1.2007906230312462,0,1,0,0,1,0,0,0,1,0
0,1,1,1,1.0742145502924074,1,1,0,0,1,0,0,1,1,0.7938061191505089,0.8537236151106157,-0.736386291829547,-0.026393431304754394,0.3605402966373459,1,0,0,1,1.0460879037440574,0,1,0,1,0,0,0,1,0,0
0,0,0,0,0.38629394276407875,1,0,0,1,0,0,0,0,1,-0.5014917848137992,-0.5030351307229415,0.03556538806358701,-0.56396873254911,-0.49692803731945906,0,0,1,0,0.4509669796380403,1,0,0,1,0,0,0,0,1,0
1,0,1,1,1.6002714854611295,1,1,1,1,1,1,1,1,0,1.6430192857801702,1.5736989171414966,0.7635708685229966,2.1239077736726677,2.0754769645509556,1,0,0,0,1.3074060779641627,0,1,0,0,0,1,1,0,0,0
1,0,0,0,-0.9086154361127753,0,0,0,1,0,1,0,0,0,-0.9574895163114381,-0.8488135118368446,-1.2529149699142612,-0.026393431304754394,-0.49692803731945906,0,0,1,0,-0.6014366195419492,1,0,0,1,0,0,0,0,1,0
1,0,0,0,0.8314190417529973,1,0,0,1,0,1,0,0,1,0.5245031110558886,0.569870300298145,-0.5549222135501627,-0.026393431304754394,-0.06819387034105659,0,0,1,0,0.9157121070870209,0,1,0,1,0,0,0,0,0,1
0,0,0,0,0.2648961884943737,0,0,0,0,1,0,1,1,1,-0.4651441395494945,-0.5234157843782177,0.7055711756695056,0.5111818699396011,-0.06819387034105659,1,0,1,0,0.39641051631686053,1,0,0,1,0,0,0,1,0,0
1,0,1,1,0.022100679954963547,1,0,0,0,0,0,0,0,1,-1.4960955325006784,-1.5338008492368709,0.49778327653269383,-1.1015440337934654,-1.3543963712762639,1,0,0,0,-0.33017594057181443,0,0,1,0,1,0,1,0,0,0
1,1,1,0,0.06256659804486524,1,0,0,0,1,0,1,0,1,0.6765023548884352,0.652337354219768,0.26260028250126427,-0.026393431304754394,-0.06819387034105659,1,0,0,1,0.6551901321044852,0,1,0,1,0,0,0,1,0,0
0,0,0,0,-0.9086154361127753,1,1,0,0,1,0,1,1,1,1.185369388588699,1.3599509159741217,-2.1067037699056375,0.5111818699396011,0.7892744636157483,0,0,1,1,0.027553896494053307,0,1,0,1,0,0,0,0,1,0
1,0,1,0,-1.1514109446521854,1,0,0,0,0,0,1,0,1,0.5162422825867284,0.39888799295434363,1.3708286939861642,-0.56396873254911,-0.49692803731945906,0,1,0,1,-0.7505355982743975,0,1,0,1,0,0,0,0,1,0
0,0,0,0,-0.46349033712385673,1,0,0,1,1,1,1,1,1,1.315890478401429,1.3803152771749585,-0.8077343779639905,1.5863324724283123,1.2180086305941509,0,0,1,0,0.49805909023799005,0,1,0,0,1,0,0,0,0,1
1,0,1,0,0.8314190417529973,1,1,0,1,0,1,0,1,0,1.0911959440402736,1.001972833781788,1.0181176320443537,0.5111818699396011,0.7892744636157483,1,0,0,0,1.009069739490441,0,1,0,0,1,0,1,0,0,0
1,0,1,1,-0.09929707431474152,1,1,1,1,1,1,0,0,0,0.09494003065956198,0.06359772852977742,0.3675943658380063,1.0487571711839567,1.2180086305941509,0,0,0,0,0.42696743691598277,1,0,0,1,0,0,0,0,1,0
0,1,1,0,-0.2611607466743483,1,1,0,0,1,0,1,1,1,1.1027611038970975,1.0484500487281072,0.6046079760451931,0.5111818699396011,0.7892744636157483,1,0,0,1,0.570030970795344,0,1,0,1,0,0,1,0,0,0
0,0,0,0,-1.2728086989218905,0,0,0,0,0,0,0,0,0,-1.3259224660359796,-1.3225908458452231,0.006326045598127978,-1.1015440337934654,-1.3543963712762639,0,1,1,0,-2.317600736653251,1,0,0,1,0,0,0,0,1,0
0,1,0,0,-0.7467517637531685,0,0,0,0,0,0,1,1,1,-0.6072303892190486,-0.549984553599293,-0.6564323836189192,-0.026393431304754394,-0.49692803731945906,0,0,1,0,-0.2585385949827775,1,0,0,1,0,0,0,0,1,0
1,1,0,0,-0.5848880913935618,1,1,0,0,0,0,1,1,1,1.0151963221240006,1.0747583398195644,-0.7398186565759602,-0.026393431304754394,0.3605402966373459,0,0,1,1,0.34378830490586965,0,1,0,1,0,0,0,0,1,0
0,0,1,0,1.114680468382309,1,0,1,0,0,1,1,1,1,1.0730221214081213,0.9484158870304736,1.4374294184908187,1.0487571711839567,0.7892744636157483,0,0,0,0,1.0763169700976893,0,1,0,0,0,1,0,0,1,0
0,0,1,0,1.2765441407419158,1,1,1,1,1,1,1,1,1,1.6611931084123224,1.6744245338740886,-0.21388275234484977,2.1239077736726677,2.0754769645509556,0,0,0,0,1.250133135701779,0,1,0,0,1,0,0,0,1,0
1,0,1,1,0.5076916970337838,1,1,0,1,1,0,0,1,1,1.0003268308795121,1.0655881016671076,-0.8067442626635696,0.5111818699396011,0.7892744636157483,1,0,0,1,0.918709066472444,0,1,0,0,1,0,0,1,0,0
0,0,1,1,0.6290894513034889,0,0,1,0,1,0,0,1,0,-0.6518388629525134,-0.6255566509485084,-0.28850399092857326,0.5111818699396011,-0.06819387034105659,1,0,0,0,0.48582817066980155,1,0,0,0,1,0,0,1,0,0
0,0,1,0,1.6002714854611295,1,1,1,1,1,1,1,1,0,0.9011968892495906,0.8295780203541715,0.8163641257522976,2.1239077736726677,2.0754769645509556,1,0,0,0,1.166337131705451,1,0,0,0,0,1,1,0,0,0
1,1,0,0,-0.54442217330366,1,0,1,0,0,0,0,1,1,0.7458933140293801,0.7060750755968453,0.4454291535004415,-0.026393431304754394,-0.06819387034105659,0,0,1,0,0.3009829955472792,0,1,0,1,0,0,0,0,1,0
1,0,0,0,-0.9895472722925787,1,0,0,0,0,0,0,0,1,-0.6468823658710173,-0.3275925505007845,-3.7558026849574566,-1.1015440337934654,-0.9256622042978615,0,0,1,0,-0.5276331968287419,1,0,0,1,0,0,0,0,0,1
0,0,0,0,-0.30162666476425,1,0,0,1,1,0,1,1,1,1.1490217433243946,0.9890340017692308,1.8534727736159893,1.0487571711839567,0.7892744636157483,0,0,1,1,0.5334808265185044,0,1,0,1,0,0,0,0,1,0
1,0,0,1,0.5886235332135872,1,0,0,0,0,0,0,0,0,-1.4597478872363738,-1.4229388844379782,-0.38519082372658486,-1.1015440337934654,-1.3543963712762639,1,0,0,0,-0.0010623154211330814,0,0,1,0,1,0,0,1,0,0
0,0,0,0,-0.7062858456632669,1,1,0,0,0,0,0,0,1,-0.5163612760582872,-0.6404788797983901,1.4864865375162006,-1.1015440337934654,-0.49692803731945906,0,0,1,0,-0.25216885719693743,1,0,0,1,0,0,0,0,1,0
0,0,0,0,-1.0300131903824803,1,0,0,0,0,0,0,1,1,0.481546803016256,0.32922869886211237,1.785748887067425,-0.56396873254911,-0.49692803731945906,0,0,1,1,-0.41658403496928986,0,1,0,1,0,0,0,0,1,0
0,0,1,0,0.8314190417529973,1,1,1,1,1,0,0,1,0,0.3097215708577253,0.2502536730637682,0.6929908554473078,1.0487571711839567,1.2180086305941509,1,0,0,0,0.836494809192208,1,0,0,0,1,0,1,0,0,0
1,0,1,1,0.5076916970337838,1,1,0,1,1,1,1,1,1,1.4877157105599597,1.4549479938408911,0.33640573387485745,1.5863324724283123,1.6467427975725533,1,0,0,0,0.9910195742919701,0,1,0,0,0,1,1,0,0,0
0,0,0,1,-0.2611607466743483,0,0,0,0,1,0,0,0,1,-1.1540972338774491,-1.1364405025109159,-0.16911000919461927,-0.56396873254911,-0.9256622042978615,0,0,0,0,-0.16026448781832892,1,0,0,1,0,0,0,0,0,1
1,0,1,1,0.7100212874832923,1,0,0,0,0,0,0,0,1,-0.6584475257278416,-0.6630914790270236,0.07767004121384523,-1.1015440337934654,-0.9256622042978615,1,0,0,0,0.49565158802647175,1,0,0,0,1,0,1,0,0,0
1,0,1,0,0.9123508779328007,1,0,1,1,1,0,0,0,0,-0.20244979423020237,-0.294885201358216,1.1007634944870275,0.5111818699396011,0.3605402966373459,0,0,0,0,0.6963299600537006,1,0,0,0,0,1,0,0,1,0
0,0,1,1,1.4384078131015228,1,1,1,1,1,1,1,1,0,0.7690236337430286,0.8524417055916289,-1.0136110180499016,2.1239077736726677,2.0754769645509556,1,0,0,0,1.135193015061035,1,0,0,0,0,1,0,1,0,0
1,0,0,0,-1.232342780831989,1,0,0,0,0,0,1,0,1,0.5129379511990646,0.24815563529868817,3.115442794425151,-0.56396873254911,-0.49692803731945906,0,1,1,1,-1.2233225603328646,0,1,0,1,0,0,0,0,1,0
1,0,0,0,-0.30162666476425,1,1,0,0,0,0,0,1,1,0.6632850293377789,0.5599327501610861,1.200070933987889,-0.56396873254911,-0.06819387034105659,0,0,1,1,0.44043039435579323,0,1,0,1,0,0,0,0,1,0
1,1,0,0,0.871884959842899,0,0,0,1,1,0,1,1,1,-0.3065362329416199,-0.32286405112077504,0.20378185212412359,1.0487571711839567,0.3605402966373459,0,0,1,0,0.6751261548169859,1,0,0,0,1,0,0,0,1,0
0,0,1,1,0.5886235332135872,1,0,0,0,0,0,0,0,0,-1.4762695441746942,-1.4203802372786098,-0.6103959720775589,-1.1015440337934654,-1.3543963712762639,1,0,0,0,0.0011999793247769962,0,0,1,0,0,1,0,1,0,0
1,0,1,0,1.519339649281326,1,1,0,0,0,0,0,0,0,-1.337487625892804,-1.3215789033972616,-0.14209842615510182,-1.1015440337934654,-0.9256622042978615,1,0,0,0,0.3335072628566841,0,0,1,0,0,1,1,0,0,0
0,0,0,1,-1.2728086989218905,1,1,0,0,0,0,0,0,0,-1.345748454361964,-1.342359023898424,0.006326045598127978,-1.1015440337934654,-0.9256622042978615,0,1,0,0,-2.332533741742769,0,0,1,1,0,0,0,0,0,1
1,0,1,0,0.9528167960227024,1,1,1,0,0,0,1,1,1,1.183717222894867,1.111571995476509,0.81284457527034,0.5111818699396011,0.7892744636157483,0,0,0,0,1.0653630895923643,0,1,0,0,1,0,0,0,1,0
0,1,0,0,-0.7467517637531685,1,1,0,0,0,0,0,0,1,0.3163302336330535,0.44677875764275293,-1.5544979022008418,-1.1015440337934654,-0.49692803731945906,0,0,1,1,0.04858827995679699,0,1,0,1,0,0,0,0,1,0
0,1,1,1,1.6002714854611295,1,1,1,1,1,1,1,1,0,0.916066380494079,0.813951092564431,1.1767119481738177,2.1239077736726677,2.0754769645509556,1,0,0,0,1.1630077165520756,1,0,0,0,0,1,0,1,0,0
1,0,1,1,-0.8276835999329719,1,0,0,0,0,0,0,0,1,-1.5043563609698385,-1.4768924578715956,-0.2730721157384707,-1.1015440337934654,-1.3543963712762639,0,0,0,0,-0.9084247056357359,0,0,1,1,0,0,0,0,1,0
0,1,1,0,-0.2611607466743483,1,1,0,1,1,0,0,1,1,0.9623270199213754,0.8847923438838207,0.8842560462917437,0.5111818699396011,0.7892744636157483,0,0,0,1,0.5367929450791786,0,1,0,1,0,0,0,0,1,0
1,0,1,1,1.2765441407419158,1,1,0,0,1,0,0,1,0,0.8433710899654697,0.764779465644772,0.9008671791507334,-0.026393431304754394,0.3605402966373459,1,0,0,1,1.0782659051688148,0,1,0,0,1,0,0,1,0,0
1,0,0,0,-0.949081354202677,1,1,0,0,0,0,0,1,0,-0.1594934861905698,-0.14748248379384413,-0.13662185089966647,-0.56396873254911,-0.06819387034105659,0,0,1,0,-0.3938741094621061,1,0,0,1,0,0,0,0,0,1
1,0,1,1,-0.34209258285415167,1,0,1,1,0,1,0,1,1,0.18415697812649146,0.20951159278496587,-0.3063724779908007,1.0487571711839567,0.7892744636157483,1,0,0,0,0.32701374497183183,1,0,0,1,0,0,0,1,0,0
0,0,1,0,-0.38255850094405336,1,0,0,0,0,1,1,0,0,-0.1561891548029057,-0.20332519933301862,0.563144828201195,-0.026393431304754394,-0.06819387034105659,1,0,0,0,0.17824881289480643,1,0,0,0,1,0,1,0,0,0
1,0,0,0,1.3170100588318177,1,0,0,0,0,0,0,0,1,-1.4927912011130144,-1.5153812694999644,0.31881214661358526,-1.1015440337934654,-1.3543963712762639,1,0,1,0,0.1151776289746324,0,0,1,0,0,1,0,1,0,0
0,0,0,0,-0.42302441903395505,1,1,0,0,0,0,0,0,0,-1.271400998139523,-1.2256968215996102,-0.4969450610800561,-1.1015440337934654,-0.9256622042978615,0,0,1,0,-0.3242867327624521,0,0,1,0,0,1,0,0,0,1
1,0,0,0,-1.0300131903824803,1,0,0,0,1,1,1,0,0,-0.014102905133351612,-0.03412924059195878,0.23745608603936627,0.5111818699396011,0.3605402966373459,1,0,1,0,-0.51690619560014,1,0,0,1,0,0,1,0,0,0
1,0,1,1,-0.8681495180228737,1,0,0,0,0,0,0,0,0,-1.4894868697253503,-1.456924601252201,-0.33391357581811043,-1.1015440337934654,-1.3543963712762639,0,0,0,0,-0.9441828009092115,0,0,1,0,0,1,0,0,0,1
1,0,1,1,1.397941895011621,1,0,0,0,0,0,0,0,1,-1.4514870587672137,-1.4387903601231173,-0.10015752994771943,-1.1015440337934654,-1.3543963712762639,0,0,0,0,0.20778614451006655,0,0,1,0,0,1,0,0,0,1
1,0,0,0,1.1956123045621125,0,0,1,1,1,1,0,0,1,-0.6947951709921459,-0.7417146246099069,0.5791656366955937,1.0487571711839567,0.3605402966373459,1,0,1,0,0.5964428957687768,1,0,0,0,0,1,1,0,0,0
1,0,1,0,1.6002714854611295,1,1,1,1,1,1,0,0,0,0.11311385329171464,0.06735917352045576,0.5375074337206179,1.0487571711839567,1.2180086305941509,0,0,0,0,0.9790958691156765,1,0,0,0,0,1,0,0,0,1
1,1,0,0,-1.0704791084723821,1,0,1,0,0,0,1,0,1,0.6748501891946033,0.6322623171935197,0.4806531567044461,-0.026393431304754394,-0.06819387034105659,1,1,1,0,-0.44051803710743,0,1,0,1,0,0,1,0,0,0
0,0,0,0,-1.0300131903824803,1,1,0,0,0,1,1,1,1,0.32789539348987795,0.31957994528852673,0.08708232478843969,0.5111818699396011,0.7892744636157483,0,0,1,0,-0.41905146626872464,1,0,0,1,0,0,0,0,1,0
0,0,0,0,0.5886235332135872,0,0,1,0,1,1,0,0,0,-0.754273135970099,-0.8185373554496909,0.7864565871233247,0.5111818699396011,-0.06819387034105659,0,0,1,0,0.38637299504914696,1,0,0,0,0,1,0,0,0,1
1,0,1,1,-0.6658199275733652,1,0,1,0,1,0,1,0,0,-0.015755070827183543,-0.024480487018372632,0.1037905204829877,0.5111818699396011,0.3605402966373459,0,0,0,0,0.005700328835582175,1,0,0,0,0,1,0,0,0,1
1,0,0,1,-0.018365238134938143,1,0,0,0,0,0,0,0,0,-1.4614000529302058,-1.4156660175123768,-0.49074277631465607,-1.1015440337934654,-1.3543963712762639,0,0,0,0,-0.23640805249012317,0,0,1,0,0,1,0,0,0,1
0,0,1,0,0.14349843422466863,1,0,0,0,0,0,0,1,0,0.5178944482805609,0.5554318288802694,-0.46204490315411334,-0.56396873254911,-0.49692803731945906,0,0,0,1,0.6688793239840349,0,1,0,1,0,0,0,0,1,0
0,1,1,0,-0.7062858456632669,1,1,0,0,1,1,0,0,1,0.605459230053658,0.6307247922338263,-0.3198550636832051,-0.026393431304754394,0.3605402966373459,0,0,0,0,0.13532129847600435,0,1,0,1,0,0,0,0,1,0
0,0,0,0,0.5886235332135872,1,0,1,0,0,0,0,0,0,0.3543300445911903,0.35202619498070997,0.015035636970820495,-0.56396873254911,-0.49692803731945906,1,0,1,0,0.7871885336413128,0,1,0,1,0,0,0,1,0,0
1,0,0,0,-0.949081354202677,1,0,0,0,0,0,0,0,0,0.17589614965733133,0.2738725706364168,-1.165413530239854,-1.1015440337934654,-0.9256622042978615,0,0,1,1,-0.272907349627087,0,1,0,1,0,0,0,0,0,1
0,1,1,1,1.5598055673712277,1,1,1,1,0,0,1,0,0,0.1478093328621871,0.17900181524286085,-0.3741972281776919,0.5111818699396011,0.7892744636157483,0,0,0,0,1.0014468646954744,1,0,0,0,1,0,0,0,1,0
1,0,0,0,-0.7467517637531685,1,0,0,0,0,0,0,0,0,-1.4911390354191822,-1.426138445171513,-0.7176957678322573,-1.1015440337934654,-1.3543963712762639,1,0,1,0,-0.7649918539486632,0,0,1,1,0,0,0,1,0,0
0,0,0,0,0.6290894513034889,1,1,0,1,1,0,1,1,1,1.4100639229498546,1.382148932579695,0.2816631871478556,1.0487571711839567,1.2180086305941509,1,0,1,1,1.0187439211002998,0,1,0,1,0,0,1,0,0,0
1,0,1,1,-1.0300131903824803,1,0,1,0,0,0,1,1,0,0.16433098980050734,0.2962817354401111,-1.5670290489717476,0.5111818699396011,0.3605402966373459,1,0,0,0,-0.425049578307039,1,0,0,1,0,0,0,1,0,0
0,0,0,0,-0.8276835999329719,0,0,1,0,0,1,0,0,1,-1.0285326411462152,-0.9375232108505831,-1.041417059414114,-0.026393431304754394,-0.49692803731945906,0,0,1,0,-0.5318747024567628,1,0,0,0,1,0,0,0,0,1
1,0,0,1,-0.7872176818430703,1,0,0,0,0,0,1,1,0,0.05528805400759374,-0.025114082468795644,0.9494822717916179,-0.026393431304754394,-0.06819387034105659,1,0,0,0,-0.12508612480181086,1,0,0,1,0,0,0,1,0,0
0,0,1,1,-0.6253540094834634,1,0,1,0,0,1,1,0,0,0.8962403921680944,0.918287181018835,-0.2918005834614488,0.5111818699396011,0.3605402966373459,0,0,0,0,0.27635241252552234,0,1,0,1,0,0,0,0,1,0
0,0,1,1,0.871884959842899,1,1,1,1,0,0,1,1,1,1.3010209871569407,1.3115798926390052,-0.16983196826784241,1.0487571711839567,1.2180086305941509,1,0,0,0,1.0801252032547501,0,1,0,1,0,0,1,0,0,0
1,1,1,1,1.0337486322025058,1,1,1,1,0,1,0,0,1,0.8301537644148134,0.7786017463929086,0.5813664474187982,0.5111818699396011,0.7892744636157483,1,0,0,0,1.0192906884214996,0,1,0,0,1,0,1,0,0,0
1,0,1,0,1.155146386472211,1,1,0,1,1,0,1,1,0,0.5344161052188812,0.5310269208427473,0.021664717055419957,1.0487571711839567,1.2180086305941509,1,0,0,0,0.9950976575734423,1,0,0,0,0,1,1,0,0,0
1,0,0,0,1.4788737311914244,1,1,0,0,1,1,1,1,1,1.380324940460878,1.375908706083734,0.004631011252304427,1.0487571711839567,1.2180086305941509,1,0,1,0,1.2460897479455761,0,1,0,0,0,1,1,0,0,0
1,1,1,1,-0.9086154361127753,0,0,0,0,0,0,0,1,1,-0.9971414929634068,-0.938429252344688,-0.6603309626143157,-0.56396873254911,-0.9256622042978615,1,0,0,0,-0.6468602293373978,1,0,0,1,0,0,1,0,0,0
1,0,1,1,1.397941895011621,1,1,0,1,1,1,1,1,1,1.5356285156810885,1.5701525426064895,-0.4615034338491998,1.5863324724283123,1.6467427975725533,1,0,0,0,1.2614914791052623,0,1,0,0,0,1,1,0,0,0
1,0,1,0,-0.6253540094834634,1,0,0,0,1,0,1,1,1,1.054848298775969,0.9450323630908121,1.2630444511723231,0.5111818699396011,0.3605402966373459,1,0,0,1,0.28184371562358873,0,1,0,0,1,0,1,0,0,0
0,0,1,1,1.1956123045621125,0,0,1,1,0,1,1,0,0,-0.5295786016089434,-0.5343347459738423,0.07455117801752867,1.0487571711839567,0.3605402966373459,1,0,0,0,0.6838902458736154,1,0,0,0,0,1,1,0,0,0
0,0,0,0,1.1956123045621125,1,1,0,0,0,0,0,0,1,-1.2862704893840113,-1.3019989937064722,0.23049433783330509,-1.1015440337934654,-0.9256622042978615,1,0,1,0,0.27214192803089254,0,0,1,0,0,1,0,1,0,0
0,0,1,1,-0.30162666476425,0,0,1,1,1,0,1,1,1,-0.20244979423020237,-0.15277596258364556,-0.5807999511082671,1.5863324724283123,0.7892744636157483,1,0,0,0,0.24698230686289327,1,0,0,1,0,0,0,1,0,0
1,0,0,0,-0.54442217330366,1,0,0,0,0,0,0,0,1,-1.479573875562358,-1.485418207178166,0.12020558993727923,-1.1015440337934654,-1.3543963712762639,0,0,1,0,-0.6282621117152869,0,0,1,0,0,1,0,0,0,1
0,0,0,0,-1.1514109446521854,1,1,0,1,0,0,0,1,1,0.8004147819258371,0.7926042058472591,0.06480473052904602,-0.026393431304754394,0.3605402966373459,0,1,1,1,-0.6598069954425103,0,1,0,1,0,0,0,0,1,0
1,0,0,0,-0.949081354202677,1,0,0,0,1,0,0,0,1,0.2998085766947332,0.4451967804308231,-1.7307074845720363,-0.56396873254911,-0.49692803731945906,0,0,1,1,-0.22967669123421322,0,1,0,1,0,0,0,0,1,0
1,1,1,0,0.9123508779328007,1,1,0,1,1,1,1,1,1,1.6149324689850255,1.6364657944394991,-0.3105221018457432,1.5863324724283123,1.6467427975725533,0,0,0,0,1.1484166335573933,0,1,0,0,0,1,0,0,1,0
1,0,1,0,-1.191876862742087,0,0,0,0,0,1,0,0,1,-1.1507929024897852,-1.1199670207999153,-0.32505316901039566,-0.56396873254911,-0.9256622042978615,0,1,0,0,-1.5036631752277145,1,0,0,1,0,0,0,0,1,0
1,0,0,0,0.38629394276407875,1,1,0,1,0,0,1,1,1,1.2233691995468357,1.219228159586673,0.0067901621452030655,0.5111818699396011,0.7892744636157483,0,0,1,1,0.9048107466720964,0,1,0,1,0,0,0,0,1,0
0,0,1,1,-1.0704791084723821,1,0,0,0,0,0,1,0,0,-0.3263622212676043,-0.18317502750101203,-1.6830581857394418,-0.56396873254911,-0.49692803731945906,0,1,0,0,-0.6599837876758676,1,0,0,1,0,0,0,0,1,0
1,0,0,0,-1.191876862742087,1,0,0,0,1,0,0,0,1,-0.5147091103644553,-0.2765247571966824,-2.8006508310858336,-0.56396873254911,-0.49692803731945906,0,1,1,0,-1.1253668154703933,1,0,0,1,0,0,0,0,1,0
1,0,1,0,0.6695553693933906,1,0,0,1,0,0,1,0,1,0.6798066862760991,0.7567995976386558,-0.9345044976781731,-0.026393431304754394,-0.06819387034105659,1,0,0,1,0.9084094024210249,0,1,0,1,0,0,0,1,0,0
1,0,1,1,1.2765441407419158,1,1,1,1,1,0,0,0,1,0.8945882264742624,0.9353572207991491,-0.5132814361317816,0.5111818699396011,0.7892744636157483,0,0,0,0,1.1142728414808896,0,1,0,1,0,0,0,0,1,0
1,0,0,1,0.6290894513034889,1,1,1,0,1,0,1,1,1,0.46337298038410385,0.39452938425164163,0.7986310060162999,1.0487571711839567,1.2180086305941509,1,0,0,0,0.8111159485956997,1,0,0,0,1,0,0,1,0,0
0,0,1,0,0.10303251613476692,1,0,0,1,0,1,0,0,0,-0.2602755935143233,-0.3811548996068381,1.439332296333811,-0.026393431304754394,-0.06819387034105659,0,0,0,0,0.3816064392859629,1,0,0,1,0,0,0,0,1,0
1,0,0,0,1.1956123045621125,1,1,0,0,1,0,1,1,1,1.058152630163633,1.1219675595401042,-0.7916250423301752,0.5111818699396011,0.7892744636157483,0,0,1,1,1.1314528297610278,0,1,0,0,1,0,0,0,1,0
1,0,1,1,0.6695553693933906,1,0,0,1,1,0,1,0,1,0.848327587046966,0.8890581222326892,-0.5112302067496327,0.5111818699396011,0.3605402966373459,1,0,0,1,0.936579400971701,0,1,0,1,0,0,0,1,0,0
0,1,1,0,-0.5039562552137584,1,0,0,1,0,0,0,1,1,-0.1561891548029057,-0.05849822675158915,-1.1505772712851547,-0.026393431304754394,-0.06819387034105659,0,0,0,0,0.13584607600461795,1,0,0,1,0,0,0,0,1,0
0,1,1,0,0.42675986085398043,1,1,1,0,1,1,1,1,1,1.4811070477846315,1.5678922276740497,-1.0780229028883108,1.5863324724283123,1.6467427975725533,0,0,0,0,0.9819107128555503,0,1,0,0,1,0,0,0,0,1
0,0,0,0,-0.8276835999329719,1,0,0,0,0,0,0,0,1,-0.6501866972586814,-0.6968730988557154,0.574868815759808,-1.1015440337934654,-0.9256622042978615,0,0,1,0,-0.416644101321348,1,0,0,1,0,0,0,0,1,0
1,0,1,0,-0.42302441903395505,1,0,1,0,0,1,0,0,1,-0.34784037528742057,-0.40681502163823285,0.709842346130661,-0.026393431304754394,-0.06819387034105659,0,0,0,0,0.08017578266706038,1,0,0,1,0,0,0,0,1,0
1,0,0,0,-1.1514109446521854,0,0,1,1,0,1,0,0,0,-0.7377514790317787,-0.9272272847812078,2.2675018629268724,0.5111818699396011,-0.06819387034105659,0,1,1,0,-1.215369942310891,1,0,0,1,0,0,0,0,0,1
0,0,1,1,1.6002714854611295,1,1,0,0,0,0,0,0,0,-1.337487625892804,-1.316504809546437,-0.20213963679448835,-1.1015440337934654,-0.9256622042978615,1,0,0,0,0.355157300200649,0,0,1,0,0,1,0,1,0,0
0,0,0,0,0.2648961884943737,1,1,0,1,1,0,1,1,1,1.2795428331371246,1.2414009832302895,0.40717993717585943,1.0487571711839567,1.2180086305941509,0,0,1,1,0.8623101607440403,0,1,0,1,0,0,0,0,1,0
1,1,1,0,-0.6253540094834634,1,0,0,0,0,0,0,1,0,0.5542420935448653,0.4429787822396691,1.2974436776022702,-0.56396873254911,-0.49692803731945906,1,0,0,1,0.16980905963615214,0,1,0,1,0,0,1,0,0,0
0,0,1,1,0.2648961884943737,1,0,0,0,0,0,0,0,1,-1.4828782069500221,-1.4109562913308984,-0.7998800979366343,-1.1015440337934654,-1.3543963712762639,1,0,0,0,-0.1078947698884155,0,0,1,0,0,1,1,0,0,0
0,0,1,1,1.397941895011621,1,0,1,1,1,0,0,0,0,0.6632850293377789,0.6198539334569749,0.4910299714434281,0.5111818699396011,0.3605402966373459,1,0,0,0,1.0748063210178866,0,1,0,0,1,0,1,0,0,0
1,0,1,1,0.5886235332135872,1,1,0,1,0,0,1,1,1,1.1440652462428982,1.1960643079224258,-0.654773413833644,0.5111818699396011,0.7892744636157483,0,0,0,1,0.9712514203864427,0,1,0,1,0,0,0,0,1,0
1,0,0,0,0.224430270404472,1,1,1,1,0,0,1,1,1,1.325803472564421,1.2372581582412947,1.002002602185036,1.0487571711839567,1.2180086305941509,0,0,1,0,0.8451856730378087,0,1,0,0,1,0,0,0,1,0
1,0,0,1,-1.2728086989218905,1,0,0,0,0,0,0,0,0,-1.4861825383376863,-1.4823836184419295,0.006326045598127978,-1.1015440337934654,-1.3543963712762639,0,1,0,0,-2.4498553286833173,0,0,1,1,0,0,0,0,0,1
1,0,0,0,-0.8681495180228737,1,0,0,0,1,0,0,0,0,0.27006959420575705,0.3183176914950862,-0.5802328850725716,-0.56396873254911,-0.49692803731945906,0,0,1,1,-0.13522347682690386,0,1,0,1,0,0,0,0,1,0
0,0,0,0,-1.191876862742087,1,0,0,0,0,0,1,0,1,0.48485113440392036,0.5537387210377498,-0.8318684384116624,-0.56396873254911,-0.49692803731945906,0,1,1,1,-0.8937735874024203,0,1,0,1,0,0,0,0,1,0
1,0,0,0,1.4788737311914244,1,1,1,1,1,1,0,1,1,0.5542420935448653,0.5185475441652645,0.40324658824516507,1.5863324724283123,1.6467427975725533,1,0,1,0,1.0697199250982807,1,0,0,0,0,1,0,1,0,0
1,1,0,0,-0.949081354202677,1,1,0,1,0,0,1,1,1,1.1473695776305626,1.232629206216654,-1.0484561603780178,0.5111818699396011,0.7892744636157483,1,0,1,1,-0.06207442276276733,0,1,0,1,0,0,0,1,0,0
0,0,0,0,0.10303251613476692,1,1,0,0,0,1,0,0,0,0.5063292884237365,0.5364650987865006,-0.3740638763810689,-0.56396873254911,-0.06819387034105659,1,0,1,0,0.6466916318841384,0,1,0,1,0,0,0,1,0,0
1,0,0,0,1.3574759769217193,1,0,0,0,0,0,0,0,0,-1.487834704031518,-1.5071936802915271,0.28040796285009717,-1.1015440337934654,-1.3543963712762639,1,0,1,0,0.13306728476675928,0,0,1,0,0,1,1,0,0,0
0,0,0,0,-1.1514109446521854,0,0,0,0,0,0,0,0,1,-1.337487625892804,-1.3419471868556487,0.098917296738745,-1.1015440337934654,-1.3543963712762639,0,1,1,0,-1.478513715171678,1,0,0,1,0,0,0,0,0,1
1,1,1,0,1.5598055673712277,1,0,1,1,0,1,1,0,1,0.2072872978401399,0.19273745069766682,0.1650146835796741,1.0487571711839567,0.7892744636157483,1,0,0,0,1.005175644941519,1,0,0,0,1,0,1,0,0,0
0,0,1,0,1.2765441407419158,1,1,0,1,1,1,1,1,1,1.5339763499872565,1.4464984705132906,0.9821891003827905,1.5863324724283123,1.6467427975725533,0,0,0,0,1.211271263359547,0,1,0,1,0,0,0,0,1,0
0,0,0,1,0.10303251613476692,1,0,0,0,0,0,0,0,1,-1.474617378480862,-1.5263913481556026,0.6635150762503255,-1.1015440337934654,-1.3543963712762639,1,0,0,0,-0.2854620477034736,0,0,1,0,1,0,0,1,0,0
0,0,1,1,-0.34209258285415167,1,0,0,0,0,0,0,0,0,-1.4812260412561902,-1.4007026049582176,-0.9017179787458162,-1.1015440337934654,-1.3543963712762639,0,0,0,0,-0.4042720547505184,0,0,1,0,1,0,0,0,0,1
0,0,1,1,1.155146386472211,0,0,0,1,1,1,1,0,0,-0.4420138198358461,-0.3807397832995536,-0.7097981780640714,1.0487571711839567,0.3605402966373459,1,0,0,0,0.7313957693965726,1,0,0,0,0,1,0,1,0,0
1,0,0,0,-1.2728086989218905,1,0,0,0,0,0,1,1,1,0.805371279007333,0.8024882948738593,0.006326045598127978,-0.026393431304754394,-0.06819387034105659,0,1,1,1,-1.525300247591993,0,1,0,1,0,0,0,0,1,0
0,0,1,1,-0.38255850094405336,1,1,1,0,0,0,0,0,0,0.5658072534016892,0.4609142327879376,1.2216656715536807,-0.56396873254911,-0.06819387034105659,1,0,0,0,0.36438156616255013,0,1,0,0,1,0,0,1,0,0
0,0,0,1,-0.9086154361127753,1,1,1,0,1,1,0,1,0,0.2915477482255731,0.15112682802089414,1.6515263816545596,1.0487571711839567,1.2180086305941509,1,0,0,0,-0.23957415264934143,1,0,0,0,1,0,0,1,0,0
0,0,0,0,-0.30162666476425,1,1,0,0,0,0,1,0,1,0.6566763665624507,0.6187101329059366,0.42659286130163876,-0.56396873254911,-0.06819387034105659,0,0,1,1,0.45401853067007075,0,1,0,1,0,0,0,0,0,1
0,0,1,0,0.9123508779328007,1,0,1,0,0,0,1,1,1,0.992066002410352,1.0274861032611995,-0.4533518595861043,0.5111818699396011,0.3605402966373459,0,0,0,0,1.0374904504680662,0,1,0,0,1,0,0,0,1,0
0,0,0,0,-1.0704791084723821,1,0,0,0,0,0,0,0,0,-1.4547913901548777,-1.5139577917213471,0.7503048705525566,-1.1015440337934654,-1.3543963712762639,0,1,1,0,-1.3785406446008772,0,0,1,1,0,0,0,0,0,1
0,1,1,0,1.3574759769217193,1,1,0,0,1,1,1,1,1,1.3621511178287258,1.3489336510843704,0.10940211146120733,1.0487571711839567,1.2180086305941509,1,0,0,0,1.2132464427260592,0,1,0,0,1,0,0,1,0,0
1,0,0,0,-0.9895472722925787,1,0,0,0,0,0,0,0,1,0.17754831535116325,0.13757738931359625,0.4668456894290869,-1.1015440337934654,-0.9256622042978615,0,0,1,1,-0.3835880900906186,0,1,0,1,0,0,0,0,0,1
1,0,0,0,0.06256659804486524,1,0,0,0,0,0,0,0,0,-1.487834704031518,-1.4784106022645702,-0.06017912549977677,-1.1015440337934654,-1.3543963712762639,0,0,1,0,-0.25583404805418664,0,0,1,1,0,0,0,0,0,1
0,0,1,1,-0.30162666476425,1,1,0,0,1,0,0,1,1,0.805371279007333,0.988177380720259,-2.190913076206154,-0.026393431304754394,0.3605402966373459,0,0,0,1,0.5333081188835278,0,1,0,1,0,0,0,0,1,0
0,1,1,1,-0.7467517637531685,1,1,0,0,0,0,1,1,1,1.0267614819808244,1.0352350579049971,-0.1356936178055246,-0.026393431304754394,0.3605402966373459,0,0,0,1,0.17785170018823582,0,1,0,1,0,0,0,0,1,0
1,0,0,0,-0.5039562552137584,1,1,0,0,1,0,1,0,1,0.858240581209958,0.8014175185626443,0.6427690665962649,-0.026393431304754394,0.3605402966373459,1,0,1,1,0.3540454911557144,0,1,0,1,0,0,0,1,0,0
1,0,0,0,-1.191876862742087,1,0,0,0,0,0,0,0,1,-1.5076606923575024,-1.5504740095140652,0.5586247366123336,-1.1015440337934654,-1.3543963712762639,0,1,1,0,-1.8470558031288145,0,0,1,1,0,0,0,0,0,1
1,0,1,1,1.5598055673712277,1,1,1,0,1,0,1,1,0,1.3489337922780695,1.3033749472359466,0.4925502287561182,1.0487571711839567,1.2180086305941509,0,0,0,0,1.2509285052943833,0,1,0,0,0,1,0,0,1,0
1,1,0,0,1.5598055673712277,1,1,0,1,0,1,1,1,1,1.39023793462387,1.4043968336721393,-0.21550859019614574,1.0487571711839567,1.2180086305941509,0,0,1,0,1.2691689623803126,0,1,0,0,0,1,0,0,1,0
0,0,1,0,-1.2728086989218905,1,0,1,1,0,0,0,0,1,-0.3693185293072371,-0.36877625477828613,0.006326045598127978,-0.026393431304754394,-0.06819387034105659,0,1,0,0,-1.8412579211403244,1,0,0,1,0,0,0,0,0,1
0,0,0,0,0.14349843422466863,0,0,0,1,0,1,0,0,1,-0.9872284988004145,-0.9733530335720094,-0.13012421924067621,-0.026393431304754394,-0.49692803731945906,1,0,1,0,0.13975561572439887,1,0,0,1,0,0,1,0,0,0
0,0,1,0,0.1839643523145703,1,1,0,1,0,1,0,1,0,0.24363494310444428,0.2341086529207942,0.10431735548236319,0.5111818699396011,0.7892744636157483,0,0,0,0,0.6060093692009677,1,0,0,0,1,0,0,0,0,1
1,0,0,0,-0.2611607466743483,1,1,0,0,0,1,0,0,1,0.5211987796682247,0.5138222076610947,0.06930309090834273,-0.56396873254911,-0.06819387034105659,0,0,1,0,0.4542445422073573,0,1,0,1,0,0,0,0,1,0
0,0,0,0,0.10303251613476692,1,0,0,0,0,0,0,0,0,-1.4531392244610457,-1.4737232737710033,0.29370701154434276,-1.1015440337934654,-1.3543963712762639,0,0,1,0,-0.23312313354732986,0,0,1,0,1,0,0,0,0,1
0,0,0,0,-1.2728086989218905,1,0,0,0,0,0,0,0,0,-1.466356550011702,-1.4626154403887286,0.006326045598127978,-1.1015440337934654,-1.3543963712762639,0,1,1,0,-2.431906972295142,0,0,1,1,0,0,0,0,0,1
0,0,1,0,0.6695553693933906,1,0,0,0,0,0,0,0,0,-1.5109650237451666,-1.515364201214361,0.10418833466619057,-1.1015440337934654,-1.3543963712762639,1,0,0,0,-0.06255347487486758,0,0,1,0,1,0,0,1,0,0
1,0,1,1,-0.9895472722925787,1,0,0,0,0,0,0,0,0,-0.6634040228093376,-0.6127897026224831,-0.5760241918389083,-1.1015440337934654,-0.9256622042978615,1,0,0,0,-0.6356185589952101,1,0,0,1,0,0,1,0,0,0
0,0,0,0,-0.7872176818430703,0,0,1,0,0,0,0,0,1,-1.1194017543069765,-1.1342862779794773,0.2147500765057514,-0.56396873254911,-0.9256622042978615,1,0,1,0,-0.5945464227780499,1,0,0,1,0,0,1,0,0,0
1,0,1,1,1.6002714854611295,1,1,1,1,1,1,1,1,0,1.646323617167834,1.6677350419084582,-0.3101627631252066,2.1239077736726677,2.0754769645509556,1,0,0,0,1.32317816370756,0,1,0,0,0,1,1,0,0,0
1,0,0,0,-1.2728086989218905,1,0,0,0,0,0,0,0,0,-1.4927912011130144,-1.4889730111263297,0.006326045598127978,-1.1015440337934654,-1.3543963712762639,0,1,1,0,-2.4559536381938125,0,0,1,1,0,0,0,0,0,1
1,0,1,1,0.5481576151236855,1,0,0,0,0,0,0,0,0,-1.4861825383376863,-1.5196280118754961,0.4470349755122762,-1.1015440337934654,-1.3543963712762639,1,0,0,0,-0.10664525402928383,0,0,1,0,0,1,0,1,0,0
1,0,1,1,0.2648961884943737,1,0,1,0,1,1,1,1,0,0.5046771227299045,0.5558507058724936,-0.622944589684121,1.5863324724283123,1.2180086305941509,1,0,0,0,0.7193594371533252,1,0,0,0,1,0,0,1,0,0
0,0,0,0,-0.1802289104945449,0,0,0,0,1,1,0,0,1,-0.9574895163114381,-1.0018286233867393,0.5576965035181931,-0.026393431304754394,-0.49692803731945906,0,0,1,0,-0.03397850153835046,1,0,0,1,0,0,0,0,0,1
1,0,1,1,1.5598055673712277,1,0,0,0,0,0,0,0,0,-1.4960955325006784,-1.4934278118143747,0.020053436426980837,-1.1015440337934654,-1.3543963712762639,0,0,0,0,0.19270017700493983,0,0,1,0,0,1,0,0,0,1
0,0,1,1,1.519339649281326,0,0,0,1,1,1,1,1,1,-0.20905845700553058,-0.19714610889496093,-0.13374432830782643,1.5863324724283123,0.7892744636157483,1,0,0,0,0.8807436871984295,1,0,0,0,1,0,1,0,0,0
0,1,1,0,1.519339649281326,1,1,1,1,1,1,1,1,1,0.9078055520249189,0.914249101510348,-0.1075681550530336,2.1239077736726677,2.0754769645509556,1,0,0,0,1.1663419935140193,1,0,0,0,0,1,1,0,0,0
0,0,1,0,1.6002714854611295,1,1,0,0,0,0,0,0,0,-1.3176616375668195,-1.2765337365615506,-0.4411983349148517,-1.1015440337934654,-0.9256622042978615,1,0,0,0,0.3852309634118051,0,0,1,0,0,1,0,1,0,0
0,0,0,0,-1.1514109446521854,0,0,1,1,0,0,0,0,1,-1.0268804754523833,-0.9976514190957355,-0.31043349777766616,-0.026393431304754394,-0.49692803731945906,0,1,1,0,-1.2529948935628494,1,0,0,1,0,0,0,0,1,0
1,0,1,1,-1.0300131903824803,0,0,1,1,1,0,0,0,0,-0.8649682374568447,-0.8152076091464034,-0.5589679087340595,0.5111818699396011,-0.06819387034105659,0,0,0,0,-0.8091196903780464,1,0,0,0,0,1,0,0,0,1
0,0,0,0,-1.2728086989218905,1,0,0,0,0,0,0,0,1,-0.6815778454414898,-0.6801250591161981,0.006326045598127978,-1.1015440337934654,-0.9256622042978615,0,1,1,0,-1.961038832755044,1,0,0,1,0,0,0,0,1,0
0,0,0,0,-0.22069482858444658,1,0,0,0,1,1,0,1,1,0.8086756103949972,0.7755205951839991,0.36441774591583725,0.5111818699396011,0.3605402966373459,0,0,1,0,0.5373344734247297,0,1,0,1,0,0,0,0,1,0
0,0,0,0,-0.8276835999329719,1,1,0,0,0,0,1,1,1,0.9738921797781999,0.739065390286507,2.7450777898626884,-0.026393431304754394,0.3605402966373459,0,0,1,1,0.01913181765344478,0,1,0,1,0,0,0,0,1,0
0,1,1,0,-1.1109450265622838,1,0,0,0,0,0,0,0,1,0.15276582994368287,0.11785039496467314,0.407879682123745,-1.1015440337934654,-0.9256622042978615,0,1,0,1,-0.6843183310777516,0,1,0,1,0,0,0,0,1,0
0,0,0,0,-1.2728086989218905,1,0,1,0,0,0,0,0,1,-0.5378394300781035,-0.5368057682304924,0.006326045598127978,-0.56396873254911,-0.49692803731945906,1,1,1,0,-1.9030611905456363,1,0,0,1,0,0,1,0,0,0
0,0,0,0,-1.2728086989218905,1,0,0,0,0,0,0,0,1,0.17920048104499567,0.17814333802693544,0.006326045598127978,-1.1015440337934654,-0.9256622042978615,0,1,1,1,-1.673978347069836,0,1,0,1,0,0,0,0,0,1
1,0,0,0,-0.34209258285415167,1,0,0,0,1,0,0,0,1,-0.4965352877323029,-0.5299418175175757,0.4124280242850454,-0.56396873254911,-0.49692803731945906,0,0,1,0,0.08836332328906268,1,0,0,1,0,0,0,0,0,1
1,0,1,0,0.993282714112604,1,0,1,1,0,1,0,0,1,-0.16444998327206584,-0.13884113110684534,-0.29735273930627903,0.5111818699396011,0.3605402966373459,0,0,0,0,0.7700993876383614,1,0,0,0,0,1,0,0,1,0
1,0,0,0,-1.0704791084723821,1,0,0,0,0,0,0,0,0,-1.4580957215425419,-1.492816823525563,0.4611602617274739,-1.1015440337934654,-1.3543963712762639,0,1,1,0,-1.357582277406955,0,0,1,0,1,0,0,0,0,1
0,0,0,0,-0.7062858456632669,1,0,0,1,1,0,1,1,1,1.2068475426085152,1.06771135042097,1.6047434337098252,1.0487571711839567,0.7892744636157483,0,0,1,1,0.22767838280551206,0,1,0,1,0,0,0,0,1,0
1,0,0,0,-0.5848880913935618,1,1,1,0,0,0,0,0,0,-0.28010158184030765,-0.3578854529804577,0.9300726797846302,-0.56396873254911,-0.06819387034105659,0,0,1,0,-0.028474258783555764,1,0,0,1,0,0,0,0,0,1
1,0,0,0,-0.7872176818430703,1,0,0,1,1,0,0,0,1,0.49806845995457627,0.33400781883101827,1.9241270206402123,-0.026393431304754394,-0.06819387034105659,0,0,1,1,-0.026143794059803178,0,1,0,1,0,0,0,0,1,0
1,0,1,1,-0.8276835999329719,1,0,1,0,0,0,0,0,1,-0.5130569446706231,-0.5649479661534521,0.6317230927759798,-0.56396873254911,-0.49692803731945906,0,0,0,0,-0.3614124204872977,1,0,0,1,0,0,0,0,1,0
1,0,1,1,1.4384078131015228,1,1,0,1,0,0,1,1,1,1.2002388798331871,1.1473170282185405,0.5848063700617957,0.5111818699396011,0.7892744636157483,1,0,0,1,1.194489997993166,0,1,0,0,1,0,0,1,0,0
1,0,0,0,-0.2611607466743483,1,0,0,0,1,1,1,1,1,1.1209349265292503,1.0817771694203628,0.42467356087314223,1.0487571711839567,0.7892744636157483,0,0,1,0,0.5765897078699448,0,1,0,1,0,0,0,0,1,0
1,0,1,1,1.0337486322025058,1,1,1,1,1,1,0,0,0,0.22711328616612403,0.26991199217907846,-0.5142686840454869,1.0487571711839567,1.2180086305941509,1,0,0,0,0.898414818999795,1,0,0,0,0,1,0,1,0,0
1,1,1,0,1.519339649281326,1,1,0,1,1,0,1,1,1,1.324151306870589,1.3070239725912063,0.1569782767772952,1.0487571711839567,1.2180086305941509,0,0,0,1,1.242666574102733,0,1,0,0,1,0,0,0,1,0
1,1,0,0,1.114680468382309,1,1,1,1,0,0,0,1,1,0.2320697832476203,0.26904950126880706,-0.44558423628467053,0.5111818699396011,0.7892744636157483,0,0,1,0,0.9195298362617084,1,0,0,0,1,0,0,0,1,0
1,0,1,1,-0.46349033712385673,1,1,1,0,0,0,1,1,1,0.3691995358356786,0.2983213093662353,0.8259558677250921,0.5111818699396011,0.7892744636157483,1,0,0,0,0.2664025895177389,1,0,0,0,1,0,1,0,0,0
0,0,1,1,-1.1109450265622838,1,1,0,0,0,0,0,0,1,-1.335835460198972,-1.2616389635145207,-0.8318684384116651,-1.1015440337934654,-0.9256622042978615,0,1,0,0,-1.2789156061927314,0,0,1,1,0,0,0,0,0,1
0,0,0,1,0.34582802467417706,1,1,0,1,0,0,1,0,1,0.7855452906813488,0.7960194398605155,-0.15104342360620743,-0.026393431304754394,0.3605402966373459,1,0,0,1,0.8046901494573748,0,1,0,1,0,0,1,0,0,0
1,0,0,0,1.4788737311914244,1,1,1,1,1,1,1,1,0,0.8565884155161261,0.8856674402088254,-0.37364415359067354,2.1239077736726677,2.0754769645509556,0,0,1,0,1.1513510721208677,1,0,0,0,0,1,0,0,0,1
0,0,1,0,1.519339649281326,1,1,0,1,1,1,1,1,1,0.6632850293377789,0.6521324739430266,0.10908144911959272,1.5863324724283123,1.6467427975725533,1,0,0,0,1.1097201007853286,1,0,0,0,0,1,1,0,0,0
0,0,0,0,0.871884959842899,1,1,1,0,1,0,1,1,1,1.2960644900754448,1.3074615222112551,-0.17957841575632505,1.0487571711839567,1.2180086305941509,1,0,1,0,1.0793720953694292,0,1,0,0,1,0,1,0,0,0
0,0,0,0,1.3574759769217193,0,0,1,1,1,1,0,0,1,-0.5725349096485762,-0.5470143349271581,-0.2822278694397756,1.0487571711839567,0.3605402966373459,0,0,1,0,0.7182312171949574,1,0,0,0,0,1,0,0,0,1
1,0,0,1,-0.7062858456632669,1,0,0,0,1,1,0,0,0,-0.31479706141078007,-0.23413299759370756,-0.9436277029463024,-0.026393431304754394,-0.06819387034105659,1,0,0,0,-0.10076186882871989,1,0,0,0,1,0,0,1,0,0
1,0,0,0,-0.7872176818430703,1,0,0,0,0,0,0,0,1,0.17920048104499567,0.2283240977004448,-0.5874575244696293,-1.1015440337934654,-0.9256622042978615,0,0,1,1,-0.053681969393184446,0,1,0,1,0,0,0,0,1,0
1,0,1,0,0.7909531236630957,1,1,1,0,1,1,0,0,1,0.8879795636989343,0.7990668794415747,1.0214560378604345,0.5111818699396011,0.7892744636157483,1,0,0,0,0.9549571124334092,0,1,0,0,0,1,0,1,0,0
0,0,0,0,-1.2728086989218905,1,0,0,0,0,0,0,0,0,-1.4861825383376863,-1.4823836184419295,0.006326045598127978,-1.1015440337934654,-1.3543963712762639,0,1,1,0,-2.4498553286833173,0,0,1,1,0,0,0,0,0,1
0,0,0,1,-1.232342780831989,1,0,0,1,0,0,0,0,0,-0.43540515706051813,-0.38360238831818655,-0.597953698688004,-0.56396873254911,-0.49692803731945906,0,1,0,0,-1.4158829122032415,1,0,0,1,0,0,0,0,0,1
1,0,1,1,1.4384078131015228,1,0,1,1,0,1,1,1,0,0.5988505672783297,0.6656857195473583,-0.8115155627739435,1.5863324724283123,1.2180086305941509,1,0,0,0,1.0945273348141937,1,0,0,0,0,1,1,0,0,0
1,0,0,0,-1.232342780831989,0,0,0,0,1,0,1,1,1,-0.5114047789767912,-0.6447070734375469,1.5949969862213424,0.5111818699396011,-0.06819387034105659,0,1,1,0,-1.5166249169809933,1,0,0,1,0,0,0,0,1,0
0,0,0,0,-0.018365238134938143,1,1,0,1,0,0,0,0,1,-0.34784037528742057,-0.34200684699791006,-0.057025863077028636,-0.56396873254911,-0.06819387034105659,0,0,1,0,0.3391211057233311,1,0,0,1,0,0,0,0,1,0
1,0,0,0,-1.1109450265622838,1,0,0,0,0,0,0,1,0,0.46337298038410385,0.6763014249675949,-2.5355474593990177,-0.56396873254911,-0.49692803731945906,0,1,1,1,-0.5451416308000407,0,1,0,1,0,0,0,0,0,1
0,0,0,0,-1.2728086989218905,1,0,0,0,0,0,0,0,1,-0.6386215374018572,-0.6372940066675965,0.006326045598127978,-1.1015440337934654,-0.9256622042978615,0,1,1,0,-1.943146061647438,1,0,0,1,0,0,0,0,0,1
1,1,1,1,-0.42302441903395505,0,0,1,0,0,0,0,1,0,-0.815403266641884,-0.8149080912971125,0.022274777852013462,-0.026393431304754394,-0.49692803731945906,0,0,0,0,-0.08947895335448827,1,0,0,1,0,0,0,0,0,1
0,1,1,0,-0.38255850094405336,1,0,1,0,0,0,1,1,1,1.003631162267176,1.1989262134407666,-2.345534109232188,0.5111818699396011,0.3605402966373459,0,0,0,0,0.5219522176373609,0,1,0,1,0,0,0,0,1,0
0,0,0,0,-1.232342780831989,1,0,0,1,0,1,0,0,1,-0.3197535584922763,-0.4404359002211388,1.439053826405565,-0.026393431304754394,-0.06819387034105659,1,1,1,0,-1.4364799333126594,1,0,0,1,0,0,0,1,0,0
0,0,0,0,-1.1514109446521854,1,0,0,0,0,0,0,0,0,-1.4465305616857176,-1.4288448028811773,-0.15936356170613383,-1.1015440337934654,-1.3543963712762639,1,1,1,0,-1.5509745169403502,0,0,1,1,0,0,1,0,0,0
0,0,0,0,-1.2728086989218905,1,0,1,0,0,0,0,0,0,-0.48166579648781477,-0.48079593041309043,0.006326045598127978,-0.56396873254911,-0.49692803731945906,0,1,1,0,-1.8817788979904917,1,0,0,1,0,0,0,0,1,0
1,1,1,0,0.6290894513034889,1,1,0,0,1,0,0,1,1,0.869805741066782,0.8669751118217143,0.003483331747316615,-0.026393431304754394,0.3605402966373459,1,0,0,1,0.9189827752981222,0,1,0,1,0,0,0,1,0,0
1,0,0,0,-1.1109450265622838,1,0,0,1,0,0,0,0,1,-0.4420138198358461,-0.4046884449082674,-0.42641622289064895,-0.56396873254911,-0.49692803731945906,0,1,1,0,-0.8500848084531467,1,0,0,1,0,0,0,0,1,0
0,1,0,0,0.6695553693933906,1,0,0,0,0,0,0,0,0,-0.6914908396044821,-0.7170054865385811,0.3257708347105435,-1.1015440337934654,-0.9256622042978615,0,0,1,0,0.4594205416558557,1,0,0,1,0,0,0,0,0,1
0,0,0,0,-1.1109450265622838,1,1,0,1,0,0,1,0,1,0.8615449125976219,0.868382221717862,-0.11063132426370259,-0.026393431304754394,0.3605402966373459,0,1,1,1,-0.5035942495329714,0,1,0,1,0,0,0,0,1,0
1,0,1,0,0.10303251613476692,1,1,0,0,0,1,1,0,1,0.8846752323112703,0.9134254274247983,-0.3707222372421593,-0.026393431304754394,0.3605402966373459,1,0,0,0,0.7298320351289527,0,1,0,1,0,0,0,1,0,0
1,0,0,0,-1.2728086989218905,1,0,0,0,0,0,1,1,1,0.8532840841284618,0.8502613918357613,0.006326045598127978,-0.026393431304754394,-0.06819387034105659,0,1,1,1,-1.5152478895650745,0,1,0,1,0,0,0,0,1,0
1,0,1,1,1.6002714854611295,1,1,1,1,1,1,1,1,1,1.6380627886986738,1.5544798551453294,0.9325092916567495,2.1239077736726677,2.0754769645509556,1,0,0,0,1.3041333834068585,0,1,0,0,0,1,0,1,0,0
1,0,0,0,-1.1514109446521854,1,0,0,0,0,0,0,0,0,-1.487834704031518,-1.1627980732485168,-3.7947884749114014,-1.1015440337934654,-1.3543963712762639,0,1,1,0,-1.35118988204531,0,0,1,0,1,0,0,0,0,1
0,0,0,0,-0.2611607466743483,1,1,0,0,1,0,1,1,1,1.182065057201035,1.1615468366286312,0.20200472209773113,0.5111818699396011,0.7892744636157483,1,0,1,1,0.5920162713138839,0,1,0,1,0,0,1,0,0,0
0,0,0,0,0.7504872055731939,1,0,0,0,0,0,1,1,0,0.7541541424985403,0.7584298065330652,-0.07661431146074925,-0.026393431304754394,-0.06819387034105659,1,0,1,1,0.9339478478534521,0,1,0,0,1,0,0,1,0,0
1,0,1,0,-0.7062858456632669,1,1,0,0,1,1,1,1,1,1.2795428331371246,1.2490294724533837,0.316912838897881,1.0487571711839567,1.2180086305941509,0,0,0,0,0.26234960981189487,0,1,0,1,0,0,0,0,1,0
1,1,1,0,-0.09929707431474152,1,0,0,1,0,0,0,0,1,-0.47340496801865467,-0.45553659178955613,-0.19510053583058176,-0.56396873254911,-0.49692803731945906,1,0,0,0,0.2573030639944142,1,0,0,1,0,0,1,0,0,0
0,0,1,1,1.2765441407419158,1,1,0,1,1,1,1,1,1,1.5438893441502486,1.6079128514659236,-0.8108526610146155,1.5863324724283123,1.6467427975725533,0,0,0,0,1.239038454052666,0,1,0,0,1,0,0,0,1,0
1,1,1,0,1.4788737311914244,1,1,0,1,0,0,1,0,1,0.8334580958024776,0.8002202068122,0.36454330401552726,-0.026393431304754394,0.3605402966373459,0,0,0,1,1.1332744622128963,0,1,0,1,0,0,0,0,1,0
0,0,0,0,-0.949081354202677,1,0,0,0,0,0,0,0,0,0.1428528357806908,0.25190792835508247,-1.2953661634196652,-1.1015440337934654,-0.9256622042978615,0,0,1,1,-0.27867073572472567,0,1,0,1,0,0,0,0,1,0
1,0,1,1,1.2360782226520142,1,0,0,0,0,0,0,0,0,-1.487834704031518,-1.4658578399635922,-0.20871462121132403,-1.1015440337934654,-1.3543963712762639,0,0,0,0,0.14403565332614382,0,0,1,0,0,1,0,0,0,1
1,0,1,0,1.3574759769217193,1,1,1,1,1,1,1,1,0,0.8912838950865986,0.8999813548180539,-0.13366838196375602,2.1239077736726677,2.0754769645509556,1,0,0,0,1.1263447647426343,1,0,0,0,0,1,1,0,0,0
0,0,1,0,0.9123508779328007,1,1,1,1,0,1,0,0,1,0.043722894150769284,-0.05916465396626131,1.215948782987314,0.5111818699396011,0.7892744636157483,1,0,0,0,0.7722758410887589,1,0,0,0,1,0,0,1,0,0
0,0,1,1,1.114680468382309,1,1,1,1,1,1,1,1,0,1.6694539368814825,1.5780872696306214,1.0235302818131142,2.1239077736726677,2.0754769645509556,1,0,0,0,1.1933685348731162,0,1,0,0,0,1,0,1,0,0
1,0,0,0,-0.8276835999329719,1,0,0,0,0,0,0,0,1,-0.6386215374018572,-0.7084045360534159,0.8477693454374162,-1.1015440337934654,-0.9256622042978615,1,0,1,0,-0.4217102421520781,1,0,0,1,0,0,1,0,0,0
1,0,1,0,-0.38255850094405336,1,0,1,0,0,0,0,1,1,-0.15784132049673763,-0.1190239472728111,-0.45387577929299106,-0.026393431304754394,-0.06819387034105659,1,0,0,0,0.20515136024316333,1,0,0,1,0,0,1,0,0,0
1,0,0,0,0.6695553693933906,1,1,0,1,1,0,1,1,1,1.2878036616062847,1.253256545447526,0.3643588104812879,1.0487571711839567,1.2180086305941509,1,0,1,1,1.0082078528922864,0,1,0,1,0,0,1,0,0,0
1,0,1,1,1.6002714854611295,0,0,1,0,1,1,1,0,0,-0.5229699388336154,-0.5191425350625862,-0.027245051306658826,1.0487571711839567,0.3605402966373459,0,0,0,0,0.7839664674978974,1,0,0,0,0,1,0,0,0,1
0,1,1,0,0.7100212874832923,1,1,0,1,0,0,1,0,1,0.7706757994368605,0.7447322679950916,0.28039614897434917,-0.026393431304754394,0.3605402966373459,0,0,0,1,0.9184928964805168,0,1,0,1,0,0,0,0,1,0
1,0,1,1,1.397941895011621,1,0,0,1,1,1,1,1,0,1.2696298389741325,1.2577464849647368,0.09680799093900261,1.5863324724283123,1.2180086305941509,1,0,0,0,1.2060071016331684,0,1,0,0,0,1,1,0,0,0
1,0,0,0,-1.1109450265622838,1,0,1,0,1,0,0,0,1,-0.294971073084796,-0.3252862630612442,0.3688938921698033,-0.026393431304754394,-0.06819387034105659,0,1,1,0,-0.8219088323909833,1,0,0,1,0,0,0,0,0,1
0,1,0,0,-0.9895472722925787,1,0,0,1,0,0,1,0,1,0.739284651254052,0.8057829912160598,-0.812375543434697,-0.026393431304754394,-0.06819387034105659,0,0,1,1,-0.22142852275393318,0,1,0,1,0,0,0,0,1,0
0,0,0,0,0.5481576151236855,1,0,0,1,1,1,1,1,1,1.3109339813199332,1.3794898977600383,-0.8564464364261039,1.5863324724283123,1.2180086305941509,1,0,1,0,0.991475427444974,0,1,0,0,0,1,1,0,0,0
0,0,1,1,0.6290894513034889,1,0,0,0,0,0,0,0,0,-1.4713130470931979,-1.4279868090420624,-0.46190953582788635,-1.1015440337934654,-1.3543963712762639,1,0,0,0,0.007693607489074775,0,0,1,0,0,1,1,0,0,0
1,0,1,1,1.6002714854611295,1,1,0,0,0,0,0,0,0,-1.3209659689544837,-1.3233230005879344,0.07346823940769881,-1.1015440337934654,-0.9256622042978615,1,0,0,0,0.3498808606329878,0,0,1,0,0,1,1,0,0,0
1,0,0,0,0.5481576151236855,1,0,0,0,0,0,0,0,0,-1.479573875562358,-1.4834221640280578,0.09658662451323761,-1.1015440337934654,-1.3543963712762639,0,0,1,0,-0.07058025077268952,0,0,1,0,0,1,0,0,1,0
0,0,1,1,0.022100679954963547,1,0,0,0,1,0,1,1,1,0.9606748542275434,0.9863922543384851,-0.33745773854119854,0.5111818699396011,0.3605402966373459,0,0,0,1,0.7076931795961973,0,1,0,0,1,0,0,0,1,0
1,0,0,1,-0.949081354202677,1,0,0,1,0,0,0,0,1,-0.48331796218164674,-0.3610886299798191,-1.429650551038804,-0.56396873254911,-0.49692803731945906,0,0,0,0,-0.46539788716941505,1,0,0,1,0,0,0,0,1,0
1,0,0,0,-1.1109450265622838,0,0,1,1,1,1,0,0,1,-0.7096646622366343,-0.6900091481427987,-0.20809579914856233,1.0487571711839567,0.3605402966373459,0,1,1,0,-0.9632110306485818,1,0,0,1,0,0,0,0,0,1
1,0,0,1,0.14349843422466863,1,0,0,1,0,0,1,1,1,0.9904138367165201,1.0815307711896425,-1.1123495383580937,0.5111818699396011,0.3605402966373459,0,0,0,1,0.7813733060516799,0,1,0,1,0,0,0,0,1,0
0,0,1,1,1.519339649281326,1,1,1,1,1,1,1,1,1,1.63475845731101,1.5023288650477695,1.5106205979638807,2.1239077736726677,2.0754769645509556,1,0,0,0,1.2774308428935819,0,1,0,0,0,1,1,0,0,0
0,0,0,0,-0.8276835999329719,1,0,0,0,0,0,0,0,1,-1.4993998638883423,-1.5308431104751228,0.4237988796882784,-1.1015440337934654,-1.3543963712762639,1,0,1,0,-0.9622101178126771,0,0,1,0,1,0,1,0,0,0
1,0,0,0,-0.2611607466743483,1,0,0,0,0,0,0,0,0,-1.4845303726438543,-1.553599747069486,0.8685117849641956,-1.1015440337934654,-1.3543963712762639,1,0,1,0,-0.5011164108237616,0,0,1,0,1,0,0,1,0,0
0,0,0,0,-1.1109450265622838,1,0,0,1,0,1,0,1,1,0.8136321074764931,0.9092364563611438,-1.1593490740247978,0.5111818699396011,0.3605402966373459,0,1,1,0,-0.49510020793260273,0,1,0,1,0,0,0,0,1,0
0,0,1,1,-0.8276835999329719,1,0,0,0,0,0,0,0,1,-1.474617378480862,-1.4950132877536966,0.29222183859371686,-1.1015440337934654,-1.3543963712762639,1,0,0,0,-0.9259824995045669,0,0,1,1,0,0,0,1,0,0
1,0,0,0,-1.2728086989218905,1,0,0,0,0,0,0,0,1,0.18415697812649146,0.18308538254023535,0.006326045598127978,-1.1015440337934654,-0.9256622042978615,0,1,1,1,-1.6726523117570535,0,1,0,1,0,0,0,0,1,0
0,1,0,0,-0.7467517637531685,1,0,1,1,0,0,0,0,0,0.46667731177176774,0.32334531253675497,1.6799303143352913,-0.026393431304754394,-0.06819387034105659,0,0,1,0,0.01774725308155089,0,1,0,1,0,0,0,0,1,0
0,0,0,0,-0.7872176818430703,1,1,0,0,0,0,0,1,1,0.6566763665624507,0.6932564392209171,-0.45550562001013567,-0.56396873254911,-0.06819387034105659,0,0,1,1,0.05936970661374069,0,1,0,1,0,0,0,0,1,0
1,0,0,0,0.5886235332135872,1,0,1,1,1,1,1,1,1,0.7343281541725561,0.7682795328527177,-0.4270798108047569,2.1239077736726677,1.6467427975725533,1,0,1,0,0.8846722859164126,1,0,0,0,1,0,1,0,0,0
1,0,0,0,1.0742145502924074,0,0,0,0,0,1,1,1,1,-0.4304486599790219,-0.45457796545270107,0.30037141050499233,0.5111818699396011,-0.06819387034105659,0,0,1,0,0.6833146392876469,1,0,0,1,0,0,0,0,1,0
0,0,1,0,1.1956123045621125,1,1,1,1,0,1,1,1,1,0.6682415264192751,0.6039296999927181,0.7379384102983487,1.5863324724283123,1.6467427975725533,0,0,0,0,1.0223291752472217,1,0,0,0,0,1,0,0,1,0
0,0,1,1,1.4384078131015228,1,1,1,0,1,1,1,1,0,1.5538023383132407,1.5062451238511665,0.5091280719159014,1.5863324724283123,1.6467427975725533,1,0,0,0,1.2598591987019105,0,1,0,0,0,1,0,1,0,0
1,1,0,0,-0.54442217330366,1,1,1,0,0,0,1,0,1,0.8549362498222938,0.7454380266326046,1.2661826262150508,-0.026393431304754394,0.3605402966373459,0,0,1,0,0.3096473662819797,0,1,0,1,0,0,0,0,1,0
1,0,1,1,1.155146386472211,1,0,1,1,1,1,1,1,0,0.6665893607254432,0.7103448201231476,-0.5407532363785232,2.1239077736726677,1.6467427975725533,1,0,0,0,1.0361048546656806,1,0,0,0,1,0,1,0,0,0
1,0,0,0,-1.2728086989218905,1,0,0,0,0,0,0,0,0,-1.4762695441746942,-1.4724995294153291,0.006326045598127978,-1.1015440337934654,-1.3543963712762639,0,1,1,0,-2.4408171993109495,0,0,1,1,0,0,0,0,0,1
1,0,1,1,-1.3132746170117922,1,1,0,0,0,0,0,0,0,-1.287922655077843,-1.2847018379099218,0.006326045598127978,-1.1015440337934654,-0.9256622042978615,0,1,0,0,-4.359284532484085,0,0,1,0,0,1,0,0,0,1
1,0,1,0,0.7100212874832923,0,0,1,0,0,1,1,0,1,-0.6700126855846655,-0.6910305040088807,0.2718192751844876,0.5111818699396011,-0.06819387034105659,1,0,0,0,0.4835746924796066,1,0,0,0,1,0,1,0,0,0
0,0,0,0,0.14349843422466863,1,0,0,0,0,0,0,0,0,-1.4927912011130144,-1.5649798253540297,0.9057065610634166,-1.1015440337934654,-1.3543963712762639,0,0,1,0,-0.3090656502175539,0,0,1,0,1,0,0,0,0,1
1,0,0,0,-1.2728086989218905,1,1,0,0,0,0,1,0,1,0.6583285322562831,0.655874307645954,0.006326045598127978,-0.56396873254911,-0.06819387034105659,0,1,1,1,-1.5571923857067496,0,1,0,1,0,0,0,0,0,1
0,0,0,0,0.6290894513034889,1,1,0,0,1,1,1,1,1,1.2927601586877804,1.2618581963358255,0.3210550790804838,1.0487571711839567,1.2180086305941509,0,0,1,0,0.9968246266889853,0,1,0,1,0,0,0,0,1,0
1,0,1,1,-0.9086154361127753,1,0,0,1,0,0,0,0,0,-0.5014917848137992,-0.5657990960418536,0.7782446866862158,-0.56396873254911,-0.49692803731945906,0,0,0,0,-0.4763314402239643,1,0,0,0,1,0,0,0,0,1
0,0,0,0,-0.34209258285415167,1,0,1,0,0,0,1,1,1,0.9871095053288558,1.001199668012805,-0.2007859635322045,0.5111818699396011,0.3605402966373459,0,0,1,0,0.5102361468462616,0,1,0,1,0,0,0,0,1,0
1,0,0,0,-0.05883115622483983,1,1,0,1,0,0,0,0,1,0.5195466139743928,0.4485741394052652,0.821883619312084,-0.56396873254911,-0.06819387034105659,0,0,1,1,0.5492354121052972,0,1,0,1,0,0,0,0,1,0
1,0,1,0,1.155146386472211,0,0,1,0,1,1,1,1,1,-0.08514602996812866,-0.09207577344892127,0.0849367368167369,1.5863324724283123,0.7892744636157483,0,0,0,0,0.8273825345445125,1,0,0,0,0,1,0,0,0,1
1,1,0,0,0.022100679954963547,1,1,0,1,1,0,0,0,1,0.6318938811549702,0.5788483007366387,0.6058802395868083,-0.026393431304754394,0.3605402966373459,1,0,1,1,0.6195708049489738,0,1,0,1,0,0,0,1,0,0
1,0,0,1,-0.6253540094834634,1,0,0,0,0,0,0,0,0,-0.6650561885031695,-0.8124943298057681,1.767566438811595,-1.1015440337934654,-0.9256622042978615,0,0,0,0,-0.2504595575820451,1,0,0,0,1,0,0,0,0,1
0,1,0,0,-1.1109450265622838,1,0,1,1,0,0,0,0,0,0.5278074424435529,0.33661823208676167,2.244110388954505,-0.026393431304754394,-0.06819387034105659,0,1,1,0,-0.6260802111033847,0,1,0,1,0,0,0,0,1,0
1,0,1,1,0.5076916970337838,1,1,0,1,1,0,1,1,0,0.46337298038410385,0.5031468283164103,-0.4866276095972981,1.0487571711839567,1.2180086305941509,1,0,0,0,0.7969755333770351,1,0,0,0,1,0,0,1,0,0
1,1,1,0,-0.018365238134938143,1,1,0,1,1,0,0,1,1,0.9507618600645514,0.9256275706635895,0.264606904043004,0.5111818699396011,0.7892744636157483,0,0,0,1,0.6759423964598523,0,1,0,1,0,0,0,0,1,0
1,1,1,0,0.7909531236630957,1,1,0,1,1,0,1,1,1,1.334064301033581,1.2733764336283082,0.6720833817347102,1.0487571711839567,1.2180086305941509,1,0,0,1,1.0493455938959675,0,1,0,0,1,0,1,0,0,0
1,1,0,0,1.6002714854611295,1,1,1,1,1,1,1,1,0,1.6215411317603536,1.4571261542004574,1.8895562880955814,2.1239077736726677,2.0754769645509556,1,0,1,0,1.2872891574840444,0,1,0,0,0,1,1,0,0,0
1,0,0,0,-1.2728086989218905,1,0,0,0,0,0,0,0,0,-0.6716648512784977,-0.6702409700895978,0.006326045598127978,-1.1015440337934654,-0.9256622042978615,0,1,1,0,-1.9568643719287082,1,0,0,1,0,0,0,0,0,1
0,0,0,0,1.2360782226520142,1,0,0,0,1,1,1,0,1,0.8367624271901415,0.9090168099383302,-0.8838494916835901,0.5111818699396011,0.3605402966373459,1,0,1,0,1.098931170892114,0,1,0,0,1,0,0,1,0,0
0,0,0,0,-1.232342780831989,1,1,0,0,0,1,0,0,1,-0.34288387820592453,-0.2048651117538297,-1.6213306849790285,-0.56396873254911,-0.06819387034105659,0,1,1,0,-1.3551775175075509,1,0,0,1,0,0,0,0,0,1
1,0,1,1,0.5481576151236855,1,1,0,0,0,0,0,0,0,-1.3160094718729878,-1.2916493497619526,-0.2428440032379479,-1.1015440337934654,-0.9256622042978615,0,0,0,0,0.09212305359753444,0,0,1,0,1,0,0,0,1,0
1,0,1,0,1.519339649281326,1,1,1,1,1,1,1,0,0,0.48485113440392036,0.4692062263150148,0.16839554383524372,1.5863324724283123,1.6467427975725533,1,0,0,0,1.0669534714792457,1,0,0,0,1,0,1,0,0,0
0,0,1,0,-0.6253540094834634,1,0,0,0,0,0,0,0,0,-1.4993998638883423,-1.5381027477585492,0.5097013923564042,-1.1015440337934654,-1.3543963712762639,0,0,0,0,-0.7513527892196931,0,0,1,0,1,0,0,0,0,1
0,0,1,0,-0.38255850094405336,1,0,0,0,1,1,0,0,0,-0.34618820959358865,-0.38324426915055615,0.4504250442039233,-0.026393431304754394,-0.06819387034105659,0,0,0,0,0.11667297981374483,1,0,0,1,0,0,0,0,1,0
0,0,0,0,0.34582802467417706,1,1,0,1,1,0,1,1,1,1.3737162776855498,1.4376012836684622,-0.8033422506404877,1.0487571711839567,1.2180086305941509,0,0,1,1,0.9293673555025763,0,1,0,1,0,0,0,0,1,0
1,0,1,1,-1.232342780831989,1,0,1,1,0,1,0,0,0,-0.17271081174122596,0.01670321725912897,-2.235356876753646,0.5111818699396011,0.3605402966373459,0,1,0,0,-1.2872396532897756,1,0,0,0,0,1,0,0,0,1
1,0,1,1,-0.38255850094405336,1,0,1,0,0,1,0,0,0,-0.24871043365749904,-0.09417047703925797,-1.820073462026851,-0.026393431304754394,-0.06819387034105659,1,0,0,0,0.21286816443325168,1,0,0,0,1,0,0,1,0,0
0,0,0,0,-0.949081354202677,1,0,0,0,0,0,0,0,1,-0.6782735140538256,-0.6565130686637638,-0.2340863257845262,-1.1015440337934654,-0.9256622042978615,1,0,1,0,-0.5799752022489033,1,0,0,1,0,0,1,0,0,0
0,0,0,0,0.42675986085398043,0,0,0,0,1,0,1,1,1,-0.5180134417521194,-0.5422841586599649,0.30506599419869823,0.5111818699396011,-0.06819387034105659,1,0,1,0,0.45043673903011633,1,0,0,1,0,0,1,0,0,0
0,0,1,1,-1.2728086989218905,1,0,0,0,0,0,0,0,1,0.14450500147452275,0.14354902643383372,0.006326045598127978,-1.1015440337934654,-0.9256622042978615,0,1,0,1,-1.6833396212621978,0,1,0,1,0,0,0,0,0,1
1,0,1,1,1.519339649281326,1,1,1,1,1,1,1,1,1,0.8400667585778059,0.8025118284191611,0.41539837018629716,2.1239077736726677,2.0754769645509556,1,0,0,0,1.142824437040269,1,0,0,0,0,1,0,1,0,0
0,0,0,0,0.6290894513034889,1,1,0,0,0,0,0,0,0,-1.345748454361964,-1.321046456934817,-0.24586328316644573,-1.1015440337934654,-0.9256622042978615,1,0,1,0,0.09652553411636301,0,0,1,0,0,1,0,1,0,0
0,0,0,0,0.10303251613476692,1,0,0,0,1,1,1,1,1,1.1407609148552342,1.1917331341595032,-0.642508887206794,1.0487571711839567,0.7892744636157483,0,0,1,0,0.7848581905402531,0,1,0,0,1,0,0,0,1,0
1,1,0,0,1.2765441407419158,1,1,0,0,1,1,1,1,0,1.2349343594036595,1.3099230112030265,-0.9299420662645602,1.0487571711839567,1.2180086305941509,0,0,1,0,1.1867810637444056,0,1,0,0,1,0,0,0,1,0
1,0,1,1,0.5481576151236855,1,0,0,0,0,0,0,0,0,-1.479573875562358,-1.5154022056974568,0.4750030422183662,-1.1015440337934654,-1.3543963712762639,1,0,0,0,-0.10232783499080753,0,0,1,0,0,1,0,1,0,0
1,0,1,0,0.993282714112604,1,1,0,0,1,1,1,1,0,1.4282377455820068,1.3175880572162533,1.2600269751696922,1.0487571711839567,1.2180086305941509,0,0,0,0,1.1152596021704193,0,1,0,0,0,1,0,0,1,0
1,0,0,0,-1.1109450265622838,1,1,0,1,1,0,0,0,1,0.6798066862760991,0.661804761061914,0.18955925838166382,-0.026393431304754394,0.3605402966373459,0,1,1,1,-0.5483914214205764,0,1,0,1,0,0,0,0,1,0
0,0,1,1,1.0742145502924074,1,1,0,0,1,1,1,0,1,0.24363494310444428,0.20941503212239443,0.3965143331880179,0.5111818699396011,0.7892744636157483,1,0,0,0,0.8931248418909515,1,0,0,0,0,1,1,0,0,0
0,0,1,1,1.5598055673712277,1,1,1,1,1,1,1,1,0,0.869805741066782,0.7874765446386239,0.944181387025395,2.1239077736726677,2.0754769645509556,0,0,0,0,1.1485216707642376,1,0,0,0,0,1,0,0,0,1
0,0,1,1,-0.54442217330366,1,1,0,0,0,0,0,0,1,-1.3160094718729878,-1.3220706306332968,0.1171277644145999,-1.1015440337934654,-0.9256622042978615,1,0,0,0,-0.4869878491833895,0,0,1,0,0,1,1,0,0,0
0,0,1,0,1.3574759769217193,1,1,1,1,0,1,0,0,0,0.8020669476196691,0.8114738303525872,-0.13898462604839099,0.5111818699396011,0.7892744636157483,0,0,0,0,1.1077008688220205,0,1,0,0,1,0,0,0,1,0
1,0,0,0,-1.2728086989218905,1,0,0,0,0,0,0,0,0,-1.4762695441746942,-1.4724995294153291,0.006326045598127978,-1.1015440337934654,-1.3543963712762639,0,1,1,0,-2.4408171993109495,0,0,1,1,0,0,0,0,0,1
1,0,1,0,-0.30162666476425,1,0,0,0,0,1,1,1,1,1.0234571505931607,0.9485751306870129,0.850758256000557,0.5111818699396011,0.3605402966373459,1,0,0,0,0.5252715464630918,0,1,0,1,0,0,0,1,0,0
1,0,0,1,1.5598055673712277,1,1,1,1,0,0,0,0,1,0.6847631833575953,0.6645982923267093,0.2149823861967003,-0.026393431304754394,0.3605402966373459,1,0,0,0,1.1214612473854049,0,1,0,0,1,0,0,1,0,0
1,0,0,0,0.2648961884943737,0,0,0,0,1,1,0,0,0,-0.9640981790867663,-1.0271241674645835,0.7790443951980922,-0.026393431304754394,-0.49692803731945906,0,0,1,0,0.16024620952711227,1,0,0,0,1,0,0,0,0,1
0,0,0,1,-1.1514109446521854,1,0,0,0,0,0,0,0,1,-1.46470438431787,-1.4350223585228026,-0.30068705028918075,-1.1015440337934654,-1.3543963712762639,0,1,0,0,-1.5564576767144405,0,0,1,0,1,0,0,0,0,1
1,0,1,1,-1.2728086989218905,1,0,0,0,0,0,0,0,0,-1.4828782069500221,-1.4790889220997292,0.006326045598127978,-1.1015440337934654,-1.3543963712762639,1,1,0,0,-2.4468281808575076,0,0,1,0,1,0,0,1,0,0
0,0,0,0,0.6695553693933906,1,1,1,1,0,0,0,0,1,-0.16444998327206584,-0.1601009466554676,-0.04578761240153316,-0.026393431304754394,0.3605402966373459,1,0,1,0,0.668161131704281,1,0,0,1,0,0,0,1,0,0
0,0,1,1,-1.2728086989218905,1,0,0,0,0,0,0,0,1,-1.47296521278703,-1.4692048330731289,0.006326045598127978,-1.1015440337934654,-1.3543963712762639,1,1,0,0,-2.4378330916639057,0,0,1,1,0,0,0,1,0,0
1,0,0,0,-0.5848880913935618,1,0,0,0,0,0,0,0,0,-1.474617378480862,-1.397545187630276,-0.8611077808771241,-1.1015440337934654,-1.3543963712762639,0,0,1,0,-0.582315314710734,0,0,1,0,1,0,0,0,0,1
1,0,1,1,0.9528167960227024,1,1,1,1,0,1,0,1,1,0.3675473701418462,0.37394243493482854,-0.08835373000430893,1.0487571711839567,1.2180086305941509,1,0,0,0,0.9030036764284644,1,0,0,0,0,1,0,1,0,0
1,0,0,0,-1.2728086989218905,1,0,0,0,0,0,1,1,1,0.8318059301086458,0.8288458656114608,0.006326045598127978,-0.026393431304754394,-0.06819387034105659,0,1,1,1,-1.5197342839663956,0,1,0,1,0,0,0,0,1,0
0,0,0,0,-1.2728086989218905,1,0,0,0,0,0,0,0,0,0.15937449271901108,0.1583751599737344,0.006326045598127978,-1.1015440337934654,-0.9256622042978615,0,1,1,1,-1.679310592360202,0,1,0,1,0,0,0,0,0,1
1,0,0,0,-1.1109450265622838,1,1,0,1,1,0,1,1,0,1.3406729638089092,1.4950334660043267,-1.8727890301819705,1.0487571711839567,1.2180086305941509,0,1,1,1,-0.3844436256200885,0,1,0,1,0,0,0,0,1,0
1,1,0,1,-0.8681495180228737,1,0,0,1,0,1,0,0,1,-0.3362752154305966,-0.3322350771647938,-0.03620390707890182,-0.026393431304754394,-0.06819387034105659,0,0,0,0,-0.3291295829816659,1,0,0,1,0,0,0,0,1,0
0,0,0,0,-0.949081354202677,1,1,0,0,0,0,0,0,1,0.3460692161220301,0.1872952723108245,1.8668145772891183,-1.1015440337934654,-0.49692803731945906,1,0,1,1,-0.29593712031587616,0,1,0,1,0,0,0,1,0,0
1,1,0,0,-1.2728086989218905,1,0,0,0,0,0,0,0,0,0.14450500147452275,0.14354902643383372,0.006326045598127978,-1.1015440337934654,-0.9256622042978615,0,1,1,1,-1.6833396212621978,0,1,0,1,0,0,0,0,1,0
1,0,1,0,0.022100679954963547,1,0,0,0,0,0,0,0,1,-0.6667083541970017,-0.6728367914501191,0.09552080746245337,-1.1015440337934654,-0.9256622042978615,1,0,0,0,0.22998418726275238,1,0,0,1,0,0,0,1,0,0
1,0,1,1,-0.22069482858444658,1,1,0,1,0,1,0,0,1,0.6765023548884352,0.49242076133569174,2.1548762475043723,-0.026393431304754394,0.3605402966373459,1,0,0,0,0.4728871163152898,0,1,0,1,0,0,0,1,0,0
1,0,0,0,0.5481576151236855,1,1,0,1,1,0,1,0,1,0.9970224994918483,1.0348001989157316,-0.48142008741262377,0.5111818699396011,0.7892744636157483,1,0,1,1,0.9264564005485224,0,1,0,0,1,0,0,1,0,0
0,0,0,0,0.3053621065842754,1,0,0,1,0,0,0,0,0,0.33285189057137377,0.3146261340025752,0.2041789296143961,-0.56396873254911,-0.49692803731945906,1,0,1,1,0.6761330537012685,0,1,0,1,0,0,0,1,0,0
0,1,1,0,0.3053621065842754,0,0,0,1,0,0,1,0,1,-0.8401857520493644,-0.7844021983468321,-0.6310916201488566,-0.026393431304754394,-0.49692803731945906,0,0,0,0,0.3010214272337423,1,0,0,1,0,0,0,0,1,0
0,0,1,1,1.5598055673712277,1,1,1,1,1,0,1,0,0,1.182065057201035,1.12942890161993,0.582052816960243,1.0487571711839567,1.2180086305941509,1,0,0,0,1.2182268529956402,0,1,0,0,0,1,1,0,0,0
0,0,1,1,0.10303251613476692,1,0,0,0,0,0,0,0,1,-1.4828782069500221,-1.437105077281979,-0.49046430638641403,-1.1015440337934654,-1.3543963712762639,0,0,0,0,-0.19913900673996188,0,0,1,0,0,1,0,0,0,1
1,0,1,0,1.5598055673712277,1,1,1,1,0,1,1,0,0,0.2898955825317412,0.35313347755421265,-0.7582896235690127,1.0487571711839567,1.2180086305941509,1,0,0,0,1.0471580497504576,1,0,0,0,0,1,0,1,0,0
0,0,1,1,0.7504872055731939,0,0,1,0,0,1,0,0,0,-1.0087066528202309,-0.9818804829282923,-0.28262745641345377,-0.026393431304754394,-0.49692803731945906,1,0,0,0,0.3542750728810778,1,0,0,0,0,1,1,0,0,0
0,0,0,0,0.34582802467417706,1,1,0,1,1,0,1,1,1,0.5228509453620567,0.48973321770695966,0.3738384313834753,1.0487571711839567,1.2180086305941509,0,0,1,0,0.7351676768815909,1,0,0,0,1,0,0,0,1,0
0,0,1,0,-0.2611607466743483,0,0,1,0,1,0,0,0,0,-0.9690546761682624,-0.8930131304583602,-0.86635586798631,-0.026393431304754394,-0.49692803731945906,1,0,0,0,-0.02282485952575567,1,0,0,0,1,0,0,1,0,0
1,0,1,0,-1.1514109446521854,1,1,0,0,1,0,1,0,0,0.028853402906280957,-0.07307725806582457,1.205139086681901,-0.026393431304754394,0.3605402966373459,0,1,0,0,-0.879956955852753,1,0,0,1,0,0,0,0,1,0
0,0,0,0,-0.8681495180228737,0,0,0,1,1,1,0,0,1,-0.8038381067850597,-0.8673237149230235,0.7789535192308323,0.5111818699396011,-0.06819387034105659,1,0,1,0,-0.5506911602462675,1,0,0,0,1,0,0,1,0,0
1,0,0,0,-1.0300131903824803,1,1,0,1,0,0,1,1,1,1.1589347374873864,1.0357057288110258,1.41816858178738,0.5111818699396011,0.7892744636157483,0,0,1,1,-0.2580247701918724,0,1,0,1,0,0,0,0,1,0
0,0,1,1,-0.9086154361127753,1,1,1,1,0,0,1,0,0,0.18415697812649146,0.09462278575216183,1.0530945058615224,0.5111818699396011,0.7892744636157483,0,0,0,0,-0.25532242469199173,1,0,0,0,1,0,0,0,1,0
1,0,0,0,-0.9086154361127753,1,0,0,0,0,0,0,0,1,-0.6336650403203612,-0.8066413986566829,2.0686743341617566,-1.1015440337934654,-0.9256622042978615,0,0,1,0,-0.5811441713357672,1,0,0,1,0,0,0,0,1,0
0,0,0,0,-0.42302441903395505,1,1,0,0,0,1,1,0,1,0.8351102614963096,0.8528072935547342,-0.238221182294792,-0.026393431304754394,0.3605402966373459,0,0,1,0,0.4249505525969706,0,1,0,1,0,0,0,0,1,0
1,0,0,0,0.7909531236630957,1,1,1,1,1,1,1,1,1,0.8103277760888292,0.8146533275219828,-0.07914280160859245,2.1239077736726677,2.0754769645509556,0,0,1,0,0.9582945359805334,1,0,0,0,0,1,0,0,0,1
1,1,0,0,-0.949081354202677,1,0,0,0,0,0,0,1,1,0.4898076314854162,0.4973628058489921,-0.10629956982437759,-0.56396873254911,-0.49692803731945906,0,0,1,1,-0.2170820349043025,0,1,0,1,0,0,0,0,1,0
1,0,1,1,-0.38255850094405336,1,1,0,0,0,0,0,0,0,-1.33418329450514,-1.361697458950468,0.371605947123124,-1.1015440337934654,-0.9256622042978615,0,0,0,0,-0.39840939102681855,0,0,1,0,1,0,0,0,0,1
0,0,0,0,0.38629394276407875,1,0,1,1,1,1,0,1,0,0.30311290808239755,0.34621207405464455,-0.5204462353271874,1.5863324724283123,1.2180086305941509,1,0,1,0,0.7149140448063688,1,0,0,0,1,0,0,1,0,0
0,1,0,0,-0.7467517637531685,1,1,0,1,0,0,0,0,1,0.469981643159432,0.45995754301155317,0.10239817084177906,-0.56396873254911,-0.06819387034105659,0,0,1,1,0.05179360936052173,0,1,0,1,0,0,0,0,1,0
1,0,1,1,-1.1514109446521854,1,1,0,0,0,0,0,0,0,-1.3424441229743,-1.5309803894893812,2.2772483104153607,-1.1015440337934654,-0.9256622042978615,1,1,0,0,-1.6483988663927565,0,0,1,0,1,0,0,1,0,0
1,0,1,0,0.7100212874832923,1,0,0,0,0,0,0,0,0,-1.4597478872363738,-1.4295696360764611,-0.3067298477320418,-1.1015440337934654,-1.3543963712762639,0,0,0,0,0.03195878732392009,0,0,1,0,0,1,0,0,0,1
1,0,0,0,-0.6658199275733652,1,0,0,0,0,0,0,0,0,-1.4861825383376863,-1.5258324264546936,0.5204511506157636,-1.1015440337934654,-1.3543963712762639,1,0,1,0,-0.77658786373832,0,0,1,1,0,0,0,1,0,0
1,1,1,1,1.114680468382309,1,1,1,1,0,0,0,1,1,0.9425010315953912,1.037811981115504,-1.1603237187736455,0.5111818699396011,0.7892744636157483,0,0,0,0,1.0943202324983925,0,1,0,1,0,0,0,0,1,0
0,0,1,0,0.871884959842899,1,1,1,1,1,1,1,1,1,1.6496279485554983,1.5578889506660776,1.0286200932793281,2.1239077736726677,2.0754769645509556,0,0,0,0,1.123603423914333,0,1,0,0,1,0,0,0,0,1
0,0,0,0,-1.232342780831989,0,0,1,1,0,0,0,1,1,-0.7311428162564505,-0.9404060701500082,2.5014166026505364,0.5111818699396011,-0.06819387034105659,0,1,1,0,-1.654375207863015,1,0,0,1,0,0,0,0,1,0
0,0,1,1,0.5481576151236855,1,0,0,0,0,0,0,0,0,-1.4977476981945104,-1.439874873244195,-0.6331256613638441,-1.1015440337934654,-1.3543963712762639,0,0,0,0,-0.029772698249661063,0,0,1,0,0,1,0,0,0,1
0,0,0,0,-0.7467517637531685,1,0,0,0,0,1,0,1,0,-0.18592813729188212,-0.31429609740547676,1.5253795041607279,-0.026393431304754394,-0.06819387034105659,1,0,1,0,-0.1712740379206455,1,0,0,0,1,0,0,1,0,0
1,1,0,0,-1.2728086989218905,1,0,0,0,0,0,1,0,1,0.47493814024092784,0.4730186606538465,0.006326045598127978,-0.56396873254911,-0.49692803731945906,0,1,1,1,-1.5993744624377553,0,1,0,1,0,0,0,0,1,0
0,0,1,1,0.7504872055731939,1,1,0,0,0,1,0,0,1,0.5294596081373849,0.5265090247978016,0.01664581352711482,-0.56396873254911,-0.06819387034105659,0,0,0,0,0.881317340400111,0,1,0,1,0,0,0,0,1,0
1,1,1,0,-0.9086154361127753,1,0,1,0,0,0,0,0,0,0.349373547509694,0.24057783371162775,1.275313508599,-0.56396873254911,-0.49692803731945906,0,0,0,0,-0.21542162239949156,0,1,0,1,0,0,0,0,1,0
1,0,0,0,-0.2611607466743483,1,0,0,0,0,0,0,0,1,-1.4911390354191822,-1.5351621194621736,0.5723697266601979,-1.1015440337934654,-1.3543963712762639,1,0,1,0,-0.4814373295263176,0,0,1,0,1,0,1,0,0,0
0,0,1,0,1.6002714854611295,1,1,1,0,1,1,1,0,1,1.1060654352847619,1.0773666410904728,0.3014268167772915,1.0487571711839567,1.2180086305941509,1,0,0,0,1.2169046845080194,0,1,0,0,0,1,1,0,0,0
1,0,1,0,1.519339649281326,1,1,0,1,1,1,1,0,0,0.37580819861100634,0.34464317103454867,0.35580580554241104,1.0487571711839567,1.2180086305941509,1,0,0,0,1.0360749590962737,1,0,0,0,0,1,0,1,0,0
1,0,0,0,-1.232342780831989,1,0,0,0,0,0,0,0,0,-0.6402737030956891,-0.6587095328918973,0.24024078532179188,-1.1015440337934654,-0.9256622042978615,0,1,1,0,-1.5225111155231188,1,0,0,1,0,0,0,0,1,0
1,0,1,0,-0.42302441903395505,1,0,0,0,1,0,1,1,1,0.9904138367165201,0.7346475020094662,2.9922831397979204,0.5111818699396011,0.3605402966373459,1,0,0,1,0.39954038309810896,0,1,0,1,0,0,0,1,0,0
0,1,1,0,-0.42302441903395505,1,1,1,1,0,1,0,0,1,-0.038885390540831996,-0.06371732527548338,0.2951753075296218,0.5111818699396011,0.7892744636157483,0,0,0,0,0.19422742006859436,1,0,0,1,0,0,0,0,0,1
0,0,1,1,-0.6253540094834634,1,1,1,0,1,0,1,0,0,0.980500842553528,0.9817585370229843,-0.048712716689792615,0.5111818699396011,0.7892744636157483,0,0,0,0,0.28930711463849934,0,1,0,1,0,0,0,0,1,0
0,0,0,0,0.224430270404472,1,0,0,0,0,0,0,0,0,-1.4762695441746942,-1.4901868466208243,0.2156181811403532,-1.1015440337934654,-1.3543963712762639,0,0,1,0,-0.1973131459329915,0,0,1,0,0,1,0,0,0,1
0,0,0,0,-0.46349033712385673,0,0,1,0,0,1,0,0,0,-0.9789676703312544,-0.9244032593450363,-0.6118771951001236,-0.026393431304754394,-0.49692803731945906,0,0,1,0,-0.17327065057659746,1,0,0,0,0,1,0,0,0,1
0,0,0,0,0.1839643523145703,1,1,0,1,1,0,1,1,1,1.2283256966283318,1.0239007936544169,2.3765567077980427,1.0487571711839567,1.2180086305941509,1,0,1,1,0.7872329220779763,0,1,0,1,0,0,1,0,0,0
1,0,0,0,-1.232342780831989,1,0,0,0,0,0,0,0,1,-0.6518388629525134,-0.5442188350004428,-1.250965680416563,-1.1015440337934654,-0.9256622042978615,0,1,1,0,-1.47592390983431,1,0,0,1,0,0,0,0,0,1
1,0,1,1,1.397941895011621,1,1,1,1,0,1,0,0,0,0.8202407702518213,0.8363449878828862,-0.21886053219554902,0.5111818699396011,0.7892744636157483,0,0,0,0,1.1224628793354257,0,1,0,0,1,0,0,0,1,0
0,0,0,0,-0.6658199275733652,1,0,0,1,1,0,0,1,1,0.9408488659015594,1.107453625048759,-2.003878748902104,0.5111818699396011,0.3605402966373459,1,0,1,1,0.2760525955897273,0,1,0,1,0,0,0,1,0,0
0,0,0,0,-0.05883115622483983,0,0,1,1,0,1,0,1,1,-0.49157879065080684,-0.5175158525495468,0.32387159280364075,1.0487571711839567,0.3605402966373459,1,0,1,0,0.2542473280921318,1,0,0,0,0,1,1,0,0,0
0,0,0,1,-1.2728086989218905,1,0,0,0,0,0,1,1,1,0.8136321074764931,0.8107250357293597,0.006326045598127978,-0.026393431304754394,-0.06819387034105659,0,1,0,1,-1.5235555927352034,0,1,0,1,0,0,0,0,1,0
1,0,1,1,0.10303251613476692,1,0,0,0,0,0,0,0,0,-1.4812260412561902,-1.5061524991963733,0.34605935805392424,-1.1015440337934654,-1.3543963712762639,0,0,0,0,-0.2648318152457942,0,0,1,0,1,0,0,0,1,0
0,0,0,0,0.06256659804486524,1,0,1,0,1,1,1,1,1,0.5030249570360725,0.5097448345860188,-0.09687163369172383,1.5863324724283123,1.2180086305941509,1,0,1,0,0.6221145504700875,1,0,0,0,1,0,1,0,0,0
1,0,0,0,-0.09929707431474152,1,0,1,1,0,1,1,0,0,0.1874613095141558,0.1125239692114493,0.8802575037323732,1.0487571711839567,0.7892744636157483,0,0,1,0,0.44083063846269227,1,0,0,0,1,0,0,0,1,0
1,0,1,0,1.6002714854611295,1,1,0,0,0,0,0,0,0,-1.287922655077843,-1.2800343514251382,-0.04890382350329217,-1.1015440337934654,-0.9256622042978615,1,0,0,0,0.38265379346108097,0,0,1,0,0,1,0,1,0,0
0,0,0,0,-1.2728086989218905,0,0,0,0,0,0,0,0,0,-1.332531128811308,-1.3291802385296234,0.006326045598127978,-1.1015440337934654,-1.3543963712762639,0,1,1,0,-2.3225391583215393,1,0,0,1,0,0,0,0,0,1
1,0,0,0,-0.9086154361127753,1,0,0,1,0,0,1,0,1,-0.16775431465972993,-0.027939918177682665,-1.648620737946792,-0.026393431304754394,-0.06819387034105659,0,0,1,0,-0.29089913889098007,1,0,0,1,0,0,0,0,0,1
1,0,0,0,-1.232342780831989,1,0,0,0,0,0,0,0,0,-1.469660881399366,-1.526862019061631,0.7275631597460905,-1.1015440337934654,-1.3543963712762639,0,1,1,0,-2.072217324396109,0,0,1,1,0,0,0,0,0,1
0,0,0,0,-1.2728086989218905,1,0,0,1,0,0,0,0,0,-0.46844847093715863,-0.46761714504429,0.006326045598127978,-0.56396873254911,-0.49692803731945906,0,1,1,0,-1.8768741367920034,1,0,0,1,0,0,0,0,1,0
1,0,0,0,-1.232342780831989,1,0,0,0,1,0,1,1,1,1.0284136476746564,1.123721188238372,-1.1632476530201887,0.5111818699396011,0.3605402966373459,0,1,1,1,-1.0273287149597434,0,1,0,1,0,0,0,0,1,0
1,1,0,0,0.2648961884943737,1,1,0,1,0,0,0,1,0,0.858240581209958,0.7504067488490808,1.2463740568254966,-0.026393431304754394,0.3605402966373459,0,0,1,1,0.7633309126847798,0,1,0,1,0,0,0,0,1,0
0,0,0,0,-1.232342780831989,1,0,1,0,0,0,0,0,0,-0.4552311453865022,-0.10602422148782585,-4.116421242031437,-0.56396873254911,-0.49692803731945906,0,1,1,0,-1.3239619292623743,1,0,0,1,0,0,0,0,0,1
0,0,1,0,-0.38255850094405336,1,1,0,0,0,1,1,1,1,0.29485207961323745,0.220114904473224,0.8741836306598361,0.5111818699396011,0.7892744636157483,1,0,0,0,0.3030741101370418,1,0,0,1,0,0,0,1,0,0
1,0,0,0,-1.2728086989218905,1,0,0,0,0,0,0,0,0,-1.4564435558487099,-1.4527313513621283,0.006326045598127978,-1.1015440337934654,-1.3543963712762639,0,1,1,0,-2.423121078091575,0,0,1,1,0,0,0,0,1,0
1,0,0,0,-0.6658199275733652,1,1,0,1,0,0,0,0,1,0.5228509453620567,0.4386302675821331,0.9785341825746005,-0.56396873254911,-0.06819387034105659,0,0,1,1,0.13060370265527563,0,1,0,1,0,0,0,0,0,1
0,1,1,0,1.0337486322025058,1,0,1,1,0,1,1,1,1,1.3472816265842376,1.3919549145809411,-0.5750999597494827,1.5863324724283123,1.2180086305941509,1,0,0,0,1.139631817107907,0,1,0,0,1,0,0,1,0,0
1,0,0,0,-1.2728086989218905,1,0,0,0,0,0,0,0,0,-1.4713130470931979,-1.4675574849020288,0.006326045598127978,-1.1015440337934654,-1.3543963712762639,0,1,1,0,-2.4363463246567685,0,0,1,1,0,0,0,0,0,1
0,0,1,1,-0.7467517637531685,1,0,0,1,0,1,0,1,1,0.8235451016394856,0.7105898004717773,1.3081729601316148,0.5111818699396011,0.3605402966373459,1,0,0,0,0.10983766365384301,0,1,0,1,0,0,0,1,0,0
1,0,0,0,0.7504872055731939,1,0,1,0,0,0,1,0,0,0.7145021658465716,0.6235733631145797,1.0512981018146266,-0.026393431304754394,-0.06819387034105659,0,0,1,0,0.9038820440313455,0,1,0,0,1,0,0,0,0,1
0,1,1,0,1.3170100588318177,1,0,0,1,1,1,1,1,1,1.3588467864410616,1.2759108154300007,0.9344877371939465,1.5863324724283123,1.2180086305941509,1,0,0,0,1.1902917235752903,0,1,0,0,0,1,0,1,0,0
1,1,1,0,1.6002714854611295,1,1,0,1,1,1,1,1,1,1.4877157105599597,1.4967997893211171,-0.15882209240121892,1.5863324724283123,1.6467427975725533,1,0,0,0,1.2942080141827799,0,1,0,0,0,1,1,0,0,0
0,0,0,1,-0.7872176818430703,1,1,1,1,1,1,1,1,0,0.8004147819258371,0.8112319120896982,-0.15561492805671392,2.1239077736726677,2.0754769645509556,1,0,0,0,0.0850956566841881,1,0,0,0,0,1,0,1,0,0
1,0,0,0,-0.42302441903395505,0,0,0,0,1,1,1,1,0,-0.2635799249019874,-0.1789568177901652,-0.9922418016312962,1.0487571711839567,0.3605402966373459,1,0,1,0,0.1581762720357049,1,0,0,0,0,1,1,0,0,0
0,1,0,0,-0.949081354202677,1,1,0,0,0,0,0,0,1,0.3245910621022136,0.14720980014738952,2.087734053694799,-1.1015440337934654,-0.49692803731945906,0,0,1,1,-0.30689210348374024,0,1,0,1,0,0,0,0,1,0
1,0,0,0,-1.2728086989218905,1,1,0,0,0,0,0,0,1,0.3543300445911903,0.3527622441635421,0.006326045598127978,-1.1015440337934654,-0.49692803731945906,0,1,1,1,-1.6287404512413561,0,1,0,1,0,0,0,0,1,0
1,0,1,0,1.519339649281326,1,1,1,1,1,0,1,0,1,1.1440652462428982,1.1354879608890867,0.06202003124661767,1.0487571711839567,1.2180086305941509,1,0,0,0,1.2104649487778567,0,1,0,0,0,1,0,1,0,0
1,0,1,1,-0.30162666476425,1,0,0,0,0,0,0,0,0,-1.4812260412561902,-1.4669644395604327,-0.11764876645541414,-1.1015440337934654,-1.3543963712762639,0,0,0,0,-0.43821380776230245,0,0,1,0,1,0,0,0,1,0
1,0,1,1,-0.38255850094405336,1,1,0,1,0,1,0,0,0,-0.16610214896589778,-0.10727763857453235,-0.6903330705353903,-0.026393431304754394,0.3605402966373459,0,0,0,0,0.20881028442711483,1,0,0,0,0,1,0,0,0,1
0,0,1,0,1.519339649281326,1,1,0,0,1,0,1,1,1,1.0878916126526097,1.1533734553181731,-0.8123755434346915,0.5111818699396011,0.7892744636157483,0,0,0,1,1.213900455948206,0,1,0,0,1,0,0,0,1,0
1,1,1,0,1.6002714854611295,0,0,1,1,1,1,1,1,1,0.007375248886464908,-0.0528514832984294,0.7124020192084475,2.1239077736726677,1.2180086305941509,1,0,0,0,0.9437305448879771,1,0,0,0,0,1,0,1,0,0
1,1,0,0,-0.8276835999329719,0,0,0,0,1,1,0,1,1,-0.6964473366859781,-0.6863026147578234,-0.09601165303097585,0.5111818699396011,-0.06819387034105659,0,0,1,0,-0.41203567751804754,1,0,0,1,0,0,0,0,1,0
0,0,1,1,0.5481576151236855,1,1,1,0,1,1,0,1,0,1.1539782404058907,1.1832405938985524,-0.38607440546004074,1.0487571711839567,1.2180086305941509,0,0,0,0,0.9552834945754726,0,1,0,0,0,1,0,0,0,1
0,0,0,0,-0.1397629924046432,1,0,0,0,0,0,1,0,1,0.4683294774656001,0.5755518830274888,-1.284910204428186,-0.56396873254911,-0.49692803731945906,0,0,1,1,0.5374796823123097,0,1,0,1,0,0,0,0,1,0
1,0,0,0,-0.949081354202677,1,0,1,0,1,1,0,1,1,0.11641818467937849,-0.02100275199049476,1.6220704514671362,1.0487571711839567,0.7892744636157483,1,0,1,0,-0.35506171174487133,1,0,0,1,0,0,1,0,0,0
1,0,1,1,1.6002714854611295,1,0,0,0,0,0,0,0,0,-1.466356550011702,-1.513317156321475,0.6062740354449309,-1.1015440337934654,-1.3543963712762639,0,0,0,0,0.18162581059867466,0,0,1,0,0,1,0,0,1,0
1,0,1,1,-0.30162666476425,1,1,0,0,0,1,0,0,1,-0.3181013927984442,-0.20094442310661156,-1.3753303503696424,-0.56396873254911,-0.06819387034105659,0,0,0,0,0.2314881012901748,1,0,0,0,1,0,0,0,0,1
0,0,0,0,-0.09929707431474152,1,1,1,0,1,0,1,1,1,0.481546803016256,0.5324330180248558,-0.6187461199967745,1.0487571711839567,1.2180086305941509,1,0,1,0,0.5487169932913026,1,0,0,0,1,0,0,1,0,0
1,0,1,1,1.6002714854611295,0,0,1,1,1,1,1,1,1,0.012331745967960703,0.04246591226827733,-0.35699985800043627,2.1239077736726677,1.2180086305941509,1,0,0,0,0.9719336973585728,1,0,0,0,0,1,0,1,0,0
1,0,0,1,-1.232342780831989,1,0,0,0,0,0,0,0,0,-1.46470438431787,-1.4263737806245271,-0.4030247489182831,-1.1015440337934654,-1.3543963712762639,0,1,0,0,-1.9780190672174411,0,0,1,1,0,0,0,0,0,1
0,0,1,0,0.9528167960227024,1,1,0,1,1,1,0,0,0,0.8532840841284618,0.8772073012058983,-0.31252202223948744,0.5111818699396011,0.7892744636157483,0,0,0,0,1.0181659204904974,0,1,0,1,0,0,0,0,1,0
1,0,0,0,1.397941895011621,1,1,1,1,1,1,1,1,0,1.700845085064291,1.67907422018818,0.1989274855198524,2.1239077736726677,2.0754769645509556,1,0,1,0,1.2797414414464379,0,1,0,0,0,1,0,1,0,0
1,0,1,1,1.519339649281326,1,0,0,1,1,1,1,1,1,1.3687597806040541,1.385225943627857,-0.24206913039414513,1.5863324724283123,1.2180086305941509,0,0,0,0,1.2568177516248424,0,1,0,0,1,0,0,0,1,0
0,0,0,0,-1.0300131903824803,1,0,0,0,0,0,0,0,0,-1.466356550011702,-1.4242557615473985,-0.4475799374370746,-1.1015440337934654,-1.3543963712762639,0,0,1,0,-1.1976797403054942,0,0,1,1,0,0,0,0,0,1
1,1,0,0,-0.9895472722925787,1,1,0,0,1,0,1,1,1,1.185369388588699,1.2415065824720266,-0.7051646210613491,0.5111818699396011,0.7892744636157483,0,0,1,1,-0.13449394263153766,0,1,0,1,0,0,0,0,1,0
0,0,1,0,-1.232342780831989,1,0,0,0,0,0,0,0,1,0.19737430367714784,0.19708784199458582,-0.00342040189035467,-1.1015440337934654,-0.9256622042978615,0,1,0,1,-1.236877953019736,0,1,0,1,0,0,0,0,1,0
0,0,0,0,-1.232342780831989,1,0,0,0,0,0,0,0,0,-1.4944433668068464,-1.6133477980443844,1.4585467213825378,-1.1015440337934654,-1.3543963712762639,0,1,1,0,-2.1663693130267916,0,0,1,1,0,0,0,0,0,1
1,0,0,1,-1.2728086989218905,1,0,0,0,0,0,0,0,0,-0.6848821768291539,-0.6834197554583983,0.006326045598127978,-1.1015440337934654,-0.9256622042978615,0,1,0,0,-1.9624364926740356,1,0,0,1,0,0,0,0,1,0
0,0,0,0,-0.7872176818430703,1,0,0,1,1,0,0,0,1,0.4798946373224241,0.6842593838249089,-2.4347841869026676,-0.026393431304754394,-0.06819387034105659,0,0,1,1,0.05736396953920087,0,1,0,1,0,0,0,0,1,0
0,0,1,0,0.38629394276407875,1,1,1,0,1,1,1,1,0,0.6484155380932906,0.6686608672597305,-0.26193331860877384,1.5863324724283123,1.6467427975725533,1,0,0,0,0.7918763793861351,1,0,0,0,0,1,0,1,0,0
0,0,1,1,1.2360782226520142,1,0,1,0,0,0,0,0,1,-0.4651441395494945,-0.44847652819912726,-0.18117703941845933,-0.56396873254911,-0.49692803731945906,1,0,0,0,0.7268883033511565,1,0,0,0,0,1,1,0,0,0
0,0,1,0,1.0337486322025058,0,0,1,1,0,0,1,0,1,-0.6402737030956891,-0.6901795634708435,0.6126222962611886,0.5111818699396011,-0.06819387034105659,0,0,0,0,0.5773583091578784,1,0,0,0,1,0,0,0,1,0
1,0,1,0,-0.1397629924046432,1,1,0,1,1,0,0,0,1,0.6963283432144194,0.6392872157162568,0.650935917422818,-0.026393431304754394,0.3605402966373459,0,0,0,1,0.5521177999342202,0,1,0,1,0,0,0,0,1,0
0,0,0,0,0.4672257789438821,1,1,0,1,1,0,0,0,1,0.6632850293377789,0.7591705259201604,-1.1574883885951794,-0.026393431304754394,0.3605402966373459,1,0,1,1,0.8411731088985618,0,1,0,1,0,0,1,0,0,0
1,0,0,0,1.6002714854611295,1,1,0,1,1,0,1,1,1,1.2861514959124527,1.3605732475054257,-0.925001158857197,1.0487571711839567,1.2180086305941509,0,0,1,1,1.2701262218314846,0,1,0,0,0,1,0,0,1,0
1,0,1,1,0.5886235332135872,1,1,1,1,1,1,1,1,1,1.6099759719035296,1.5946875153675546,0.12535712769154989,2.1239077736726677,2.0754769645509556,1,0,0,0,1.042446396515466,0,1,0,0,1,0,1,0,0,0
1,0,0,0,0.022100679954963547,1,0,0,1,1,0,0,0,1,0.471633808853264,0.43957250081636084,0.36310509305542954,-0.026393431304754394,-0.06819387034105659,1,0,1,1,0.5863869626094962,0,1,0,1,0,0,0,1,0,0
1,0,1,0,-0.6253540094834634,1,1,1,1,1,0,0,0,0,0.8417189242716377,0.6851389633913788,1.8237518419805103,0.5111818699396011,0.7892744636157483,1,0,0,0,0.22633843505028084,0,1,0,1,0,0,0,1,0,0
1,0,1,0,-1.1109450265622838,0,0,0,0,0,0,0,0,1,-1.3143573061791556,-1.471511120512669,1.9049340163551944,-1.1015440337934654,-1.3543963712762639,0,1,0,0,-1.4509057849510467,1,0,0,1,0,0,0,0,1,0
1,1,0,0,-0.5039562552137584,1,1,0,0,1,0,1,1,1,1.117630595141586,0.9026470636767434,2.50531518164593,0.5111818699396011,0.7892744636157483,0,0,1,1,0.3753879191163007,0,1,0,1,0,0,0,0,1,0
1,0,0,1,0.7100212874832923,0,0,1,1,0,0,1,0,1,-0.7162733250119625,-0.678115294347456,-0.4268060807901903,0.5111818699396011,-0.06819387034105659,1,0,0,0,0.48918621193839545,1,0,0,0,1,0,1,0,0,0
0,0,1,0,-0.22069482858444658,1,1,0,0,0,0,1,1,0,1.0003268308795121,0.8718599567457402,1.4856201866283296,-0.026393431304754394,0.3605402966373459,1,0,0,1,0.5578432901397518,0,1,0,1,0,0,0,1,0,0
0,0,1,1,-0.7467517637531685,1,1,0,1,0,1,1,1,0,0.5195466139743928,0.5427956224725852,-0.293029127262511,1.0487571711839567,1.2180086305941509,1,0,0,0,0.07157614850108053,1,0,0,1,0,0,0,1,0,0
1,0,0,0,1.5598055673712277,1,1,1,1,1,1,1,1,1,1.7041494164519548,1.7228918807804572,-0.28057642272490896,2.1239077736726677,2.0754769645509556,1,0,1,0,1.32344339567908,0,1,0,0,1,0,1,0,0,0
0,0,0,0,-1.0300131903824803,1,0,0,0,0,0,0,0,0,-1.4564435558487099,-1.3993102035278833,-0.6258006915122488,-1.1015440337934654,-1.3543963712762639,0,0,1,0,-1.1760431133391924,0,0,1,1,0,0,0,0,0,1
1,0,1,1,-1.232342780831989,1,0,0,0,0,0,1,1,1,0.8202407702518213,0.9235683854497144,-1.2509656804165659,-0.026393431304754394,-0.06819387034105659,1,1,0,1,-1.0670573647638422,0,1,0,1,0,0,1,0,0,0
1,1,0,0,0.5886235332135872,1,1,0,0,0,0,1,0,1,0.7045891716835795,0.5766964455498892,1.4890302911869484,-0.56396873254911,-0.06819387034105659,1,0,1,1,0.8416699735082536,0,1,0,1,0,0,0,1,0,0
1,0,0,0,-1.2728086989218905,1,0,0,0,0,0,0,0,0,-1.4630522186240378,-1.4593207440465283,0.006326045598127978,-1.1015440337934654,-1.3543963712762639,0,1,1,0,-2.428964698086198,0,0,1,1,0,0,0,0,0,1
0,0,1,1,1.397941895011621,1,0,0,0,0,0,0,0,1,-1.5027041952760065,-1.457968443309058,-0.4775050640541767,-1.1015440337934654,-1.3543963712762639,1,0,0,0,0.1901617874416675,0,0,1,0,0,1,1,0,0,0
1,0,1,1,1.114680468382309,1,0,1,1,1,0,0,0,0,-0.13966749786458546,-0.10440432911957752,-0.41244631482381794,0.5111818699396011,0.3605402966373459,1,0,0,0,0.8131638834045598,1,0,0,0,0,1,1,0,0,0
1,0,0,0,-0.6658199275733652,1,0,0,0,0,0,0,0,0,-1.469660881399366,-1.4588059477430595,-0.07773706399006326,-1.1015440337934654,-1.3543963712762639,1,0,1,0,-0.7108761290364479,0,0,1,1,0,0,1,0,0,0
0,0,0,0,-0.5848880913935618,1,1,0,0,0,1,1,0,1,0.7805887935998526,0.8674670282894732,-1.0549537920370138,-0.026393431304754394,0.3605402966373459,0,0,1,0,0.3017511839363094,0,1,0,1,0,0,0,0,1,0
0,0,0,0,-1.232342780831989,1,0,0,0,0,0,0,0,0,-1.4812260412561902,-1.1875082958150178,-3.4244234703489345,-1.1015440337934654,-1.3543963712762639,0,1,1,0,-1.7983172431498715,0,0,1,1,0,0,0,0,1,0
1,0,1,1,0.8314190417529973,1,0,0,1,0,1,1,0,1,0.9193707118817428,0.8380150676958855,0.9309512903548712,0.5111818699396011,0.3605402966373459,0,0,0,0,0.9752550138617487,0,1,0,1,0,0,0,0,1,0
0,1,0,0,1.5598055673712277,1,1,0,1,1,0,1,1,1,1.3604989521348938,1.357412607665412,-0.010421371213068964,1.0487571711839567,1.2180086305941509,0,0,1,1,1.2607511993096705,0,1,0,0,1,0,0,0,1,0
1,0,1,1,-1.232342780831989,1,0,1,0,0,0,1,1,0,1.069717790020457,0.9005055110543134,1.9653619907838051,0.5111818699396011,0.3605402966373459,0,1,0,0,-1.0718004797352287,0,1,0,1,0,0,0,0,1,0
1,0,0,1,-1.0300131903824803,1,0,0,0,0,0,0,0,0,-1.4960955325006784,-1.4894436820323582,-0.027090345790966665,-1.1015440337934654,-1.3543963712762639,0,0,0,0,-1.2580029466344846,0,0,1,0,1,0,0,0,0,1
0,0,0,0,0.38629394276407875,1,0,0,0,1,1,0,1,0,0.0585923853952576,0.03415726335768895,0.28711655657594076,0.5111818699396011,0.3605402966373459,1,0,1,0,0.6302431160211234,1,0,0,0,0,1,0,1,0,0
1,0,0,0,-1.232342780831989,1,0,0,0,0,0,0,0,0,-1.4779217098685262,-1.5944032940767336,1.4293073789170796,-1.1015440337934654,-1.3543963712762639,0,1,1,0,-2.1445077249355236,0,0,1,1,0,0,0,0,0,1
0,0,1,0,1.2765441407419158,1,1,1,0,1,0,1,0,1,0.9871095053288558,0.9292826244182175,0.6502007328062315,0.5111818699396011,0.7892744636157483,1,0,0,0,1.1130253064309876,0,1,0,0,0,1,0,1,0,0
1,0,1,1,-0.38255850094405336,1,0,0,0,0,0,0,0,0,-1.4911390354191822,-1.521919974548331,0.41567684011453915,-1.1015440337934654,-1.3543963712762639,1,0,0,0,-0.5446997742661414,0,0,1,0,0,1,0,1,0,0
0,1,0,0,-1.1109450265622838,1,0,0,1,0,0,1,0,1,0.6599806979501149,0.45325048260064593,2.42344502274265,-0.026393431304754394,-0.06819387034105659,0,1,1,1,-0.5971014170420896,0,1,0,1,0,0,0,0,1,0
0,0,0,0,-0.5848880913935618,1,1,0,0,0,1,1,1,1,1.1605869031812184,1.1194197791249443,0.44708205979965654,0.5111818699396011,0.7892744636157483,1,0,1,0,0.35248919434684295,0,1,0,1,0,0,1,0,0,0
1,0,0,1,-1.191876862742087,1,0,0,0,0,0,0,0,0,-1.4498348930733815,-1.4670083688449953,0.25323604863977384,-1.1015440337934654,-1.3543963712762639,0,1,0,0,-1.764217315974117,0,0,1,1,0,0,0,0,0,1
1,0,0,0,-1.2728086989218905,1,0,0,0,0,0,0,0,1,-0.6832300111353219,-0.6817724072872983,0.006326045598127978,-1.1015440337934654,-0.9256622042978615,1,1,1,0,-1.9617372749064916,1,0,0,1,0,0,1,0,0,0
0,0,1,0,-1.232342780831989,1,0,0,0,0,0,0,0,1,-0.6518388629525134,-0.6545911624641472,0.055058283040557834,-1.1015440337934654,-0.9256622042978615,0,1,0,0,-1.5207741612216925,1,0,0,1,0,0,0,0,1,0
1,0,1,0,-0.8681495180228737,1,0,0,0,0,0,1,0,1,-0.3197535584922763,-0.3115683455637203,-0.08582218520210234,-0.56396873254911,-0.49692803731945906,1,0,0,0,-0.3219567231899144,1,0,0,1,0,0,1,0,0,0
1,0,1,1,-0.34209258285415167,1,0,1,0,1,0,0,0,1,-0.28010158184030765,-0.1367060811745645,-1.68711920552631,-0.026393431304754394,-0.06819387034105659,1,0,0,0,0.22638170370992997,1,0,0,0,1,0,0,1,0,0
0,0,0,0,-0.018365238134938143,1,0,0,0,0,0,0,0,0,-1.4812260412561902,-1.5137347133231775,0.4357788880595412,-1.1015440337934654,-1.3543963712762639,1,0,1,0,-0.3288160144816758,0,0,1,1,0,0,1,0,0,0
1,0,0,0,-1.191876862742087,1,1,0,0,0,0,0,0,1,0.3196345650207178,0.38790567181367674,-0.8188731750936817,-1.1015440337934654,-0.49692803731945906,0,1,1,1,-0.9337183001167607,0,1,0,1,0,0,0,0,1,0
0,0,0,0,-0.949081354202677,1,0,0,0,0,0,0,0,0,-0.6468823658710173,-0.6085569330161844,-0.4311811527739081,-1.1015440337934654,-0.9256622042978615,0,0,1,0,-0.5598996236178683,1,0,0,1,0,0,0,0,1,0
1,0,1,0,0.224430270404472,1,1,1,0,1,1,1,1,1,1.5191068587427683,1.706622333201832,-2.2712648411849137,1.5863324724283123,1.6467427975725533,0,0,0,0,0.9272600324827172,0,1,0,0,1,0,0,0,1,0
0,0,0,0,-0.7467517637531685,1,1,0,0,1,0,0,0,1,0.5195466139743928,0.38970991028678625,1.518417755954668,-0.56396873254911,-0.06819387034105659,0,0,1,1,0.03451659260833361,0,1,0,1,0,0,0,0,1,0
0,0,1,0,1.5598055673712277,0,0,1,1,1,1,0,0,1,-0.565926246873248,-0.565645962268202,0.016209766994901263,1.0487571711839567,0.3605402966373459,1,0,0,0,0.7567591557145449,1,0,0,0,0,1,1,0,0,0
1,0,1,1,1.6002714854611295,1,1,0,0,1,0,0,1,1,0.8615449125976219,0.8466921374650445,0.14602512626642727,-0.026393431304754394,0.3605402966373459,1,0,0,1,1.1699633167187264,0,1,0,0,0,1,0,1,0,0
0,1,0,0,-1.1109450265622838,0,0,0,0,0,0,1,1,0,-0.6287085432388649,-0.8283863945152039,2.3844592327887058,-0.026393431304754394,-0.49692803731945906,0,1,1,0,-1.026378784377302,1,0,0,1,0,0,0,0,1,0
0,0,0,0,1.3574759769217193,1,1,1,1,1,1,0,1,1,1.2679776732803,1.1591142140962492,1.2444202235294357,1.5863324724283123,1.6467427975725533,1,0,1,0,1.1779559952176213,0,1,0,1,0,0,1,0,0,0
0,1,0,0,-1.0300131903824803,1,0,0,1,1,0,1,0,1,0.007375248886464908,0.1903807815836786,-2.165739394693031,0.5111818699396011,0.3605402966373459,0,0,1,0,-0.45305780222135666,1,0,0,1,0,0,0,0,1,0
1,0,1,1,-0.7872176818430703,1,0,0,0,0,0,0,0,0,-1.4779217098685262,-1.5791970032665792,1.2493729637450315,-1.1015440337934654,-1.3543963712762639,0,0,0,0,-0.9645002609510561,0,0,1,0,1,0,0,0,0,1
0,0,0,0,-1.1514109446521854,1,1,0,0,0,0,1,0,1,0.6913718461329236,0.5162615501452232,2.0482067944359437,-0.56396873254911,-0.06819387034105659,0,1,1,1,-0.7220941929417423,0,1,0,1,0,0,0,0,1,0
1,0,0,0,-0.9086154361127753,1,0,0,0,0,0,0,1,1,-0.2635799249019874,-0.47503021181424004,2.5111630501390216,-0.56396873254911,-0.49692803731945906,1,0,1,0,-0.4409549225633054,1,0,0,1,0,0,1,0,0,0
1,0,0,0,-0.8681495180228737,1,0,0,1,0,0,1,0,1,-0.11488501245710507,0.05324439487262131,-1.9854934047760966,-0.026393431304754394,-0.06819387034105659,0,0,1,0,-0.20718461070970262,1,0,0,0,1,0,0,0,1,0
1,0,0,0,-1.232342780831989,1,0,0,0,0,0,0,0,0,-1.4828782069500221,-1.2830544897388216,-2.3133284566615333,-1.1015440337934654,-1.3543963712762639,0,1,1,0,-1.864178021345935,0,0,1,1,0,0,0,0,0,1
0,0,1,1,-0.34209258285415167,1,0,0,0,0,0,0,0,1,-1.4415740646042214,-1.4595266625679162,0.26217029217088617,-1.1015440337934654,-1.3543963712762639,1,0,0,0,-0.45688816302489277,0,0,1,0,0,1,0,1,0,0
0,0,1,1,1.5598055673712277,1,0,0,0,0,0,0,0,0,-1.4614000529302058,-1.4365826988679642,-0.24323791967042857,-1.1015440337934654,-1.3543963712762639,1,0,0,0,0.2462700380822239,0,0,1,0,0,1,1,0,0,0
1,0,0,0,-0.7062858456632669,1,0,0,0,0,0,0,0,1,-1.4845303726438543,-1.453500113841975,-0.31595648468780735,-1.1015440337934654,-1.3543963712762639,0,0,1,0,-0.7464654772178122,0,0,1,1,0,0,0,0,0,1
1,0,0,0,0.993282714112604,1,0,0,0,0,0,0,0,0,-1.5175736865204947,-1.500533349169137,-0.1492751336040154,-1.1015440337934654,-1.3543963712762639,1,0,1,0,0.047497039588392236,0,0,1,0,0,1,0,1,0,0
0,0,0,0,-0.5039562552137584,0,0,0,0,0,0,0,0,0,-1.3160094718729878,-1.2996103388583773,-0.14864246946879933,-1.1015440337934654,-1.3543963712762639,1,0,1,0,-0.43759248786289556,1,0,0,1,0,0,0,1,0,0
1,0,1,1,1.1956123045621125,1,1,0,0,0,0,0,0,0,-1.3193138032606517,-1.348603004869529,0.3920967252230415,-1.1015440337934654,-0.9256622042978615,1,0,0,0,0.23582924789030046,0,0,1,0,1,0,1,0,0,0
0,0,0,0,-0.949081354202677,1,0,0,1,1,0,0,0,0,0.5228509453620567,0.2606937852676161,3.0840375747400324,-0.026393431304754394,-0.06819387034105659,0,0,1,1,-0.27635904690515556,0,1,0,1,0,0,0,0,1,0
0,0,0,0,-1.232342780831989,1,0,0,0,0,0,0,1,0,0.5294596081373849,0.4936105127925973,0.4059303926260551,-0.56396873254911,-0.49692803731945906,0,1,1,1,-1.1619556081116396,0,1,0,1,0,0,0,0,1,0
0,0,1,0,0.993282714112604,0,0,1,1,1,0,1,1,1,-0.19749329714870634,-0.14618194576402824,-0.60034756298342,1.5863324724283123,0.7892744636157483,1,0,0,0,0.7677780606088138,1,0,0,1,0,0,1,0,0,0
1,0,0,0,1.155146386472211,1,1,1,0,1,0,1,1,1,1.3786727747670462,1.2697140441886494,1.24172820922065,1.0487571711839567,1.2180086305941509,0,0,1,0,1.1491615189323827,0,1,0,1,0,0,0,0,1,0
1,1,0,0,0.2648961884943737,1,1,0,0,0,0,1,1,1,1.0218049848993287,1.0425364911908253,-0.28056938303730217,-0.026393431304754394,0.3605402966373459,1,0,1,1,0.8240755914152859,0,1,0,1,0,0,1,0,0,0
0,0,0,0,-1.232342780831989,1,0,0,0,0,0,0,0,0,-1.4680087157055342,-1.4543786995332282,-0.11063132426370398,-1.1015440337934654,-1.3543963712762639,0,1,1,0,-2.0028863503349905,0,0,1,1,0,0,0,0,0,1
1,0,1,0,1.519339649281326,1,1,1,0,0,1,1,1,1,0.403895015406151,0.3566688126835794,0.5448868868190387,1.0487571711839567,1.2180086305941509,1,0,0,0,1.0391229694475066,1,0,0,0,0,1,0,1,0,0
0,0,1,1,-0.018365238134938143,0,0,1,1,0,0,0,0,1,-0.9773155046374224,-1.0509328365047532,0.9048266734429287,-0.026393431304754394,-0.49692803731945906,0,0,0,0,0.022101354061153343,1,0,0,1,0,0,0,0,1,0
1,0,1,1,0.38629394276407875,1,0,1,1,0,0,0,0,0,-0.3379273811244285,-0.32794555368030576,-0.10645427534006836,-0.026393431304754394,-0.06819387034105659,0,0,0,0,0.515178552629793,1,0,0,1,0,0,0,0,0,1
1,0,1,1,-1.1514109446521854,1,0,0,0,0,0,0,0,0,-1.4812260412561902,-1.501739959452355,0.2938462465084631,-1.1015440337934654,-1.3543963712762639,0,1,0,0,-1.6189339630502,0,0,1,0,0,1,0,0,0,1
0,0,0,0,-1.191876862742087,1,0,1,1,0,0,0,0,0,-0.30984056432928403,-0.31880669358825087,0.11678578380097103,-0.026393431304754394,-0.06819387034105659,0,1,1,0,-1.1397860942882365,1,0,0,1,0,0,0,0,1,0
1,1,1,0,0.5481576151236855,1,0,0,0,0,0,0,1,1,0.5178944482805609,0.4490963002561325,0.7962120507519527,-0.56396873254911,-0.49692803731945906,0,0,0,1,0.7977704687779206,0,1,0,1,0,0,0,0,1,0
1,1,1,0,0.06256659804486524,1,1,0,0,0,0,0,0,1,0.3576343759788541,0.21719517996536644,1.6494624280687589,-1.1015440337934654,-0.49692803731945906,0,0,0,1,0.5482760014473643,0,1,0,1,0,0,0,0,1,0
0,0,1,0,-0.2611607466743483,1,0,0,1,1,0,1,1,1,0.2898955825317412,0.28179955371615456,0.08579707896578427,1.0487571711839567,0.7892744636157483,1,0,0,0,0.3965095924810735,1,0,0,0,0,1,0,1,0,0
1,1,1,0,0.7504872055731939,0,0,0,1,0,0,0,0,1,-1.1656623937342732,-1.1903184779892475,0.3319720558016595,-0.56396873254911,-0.9256622042978615,1,0,0,0,0.2285844719246882,1,0,0,1,0,0,0,1,0,0
1,0,1,0,-1.1514109446521854,0,0,0,1,0,0,1,1,1,-0.5345350986904397,-0.47750123407089023,-0.6564323836189192,0.5111818699396011,-0.06819387034105659,0,1,0,0,-1.0169574784061308,1,0,0,1,0,0,0,0,1,0
1,0,0,0,1.0337486322025058,1,1,0,0,1,1,1,1,1,1.3191948097890933,1.3999644349990488,-1.0012549740736307,1.0487571711839567,1.2180086305941509,0,0,1,0,1.1410606308863023,0,1,0,0,1,0,0,0,1,0
1,0,0,0,-1.191876862742087,1,0,0,0,1,0,0,0,1,0.29319991391940503,0.42030351917864467,-1.514119762605686,-0.56396873254911,-0.49692803731945906,1,1,1,1,-0.925712786270643,0,1,0,1,0,0,0,1,0,0
0,0,1,0,0.6290894513034889,1,0,0,1,1,0,1,1,1,1.068065624326625,1.0881316037918976,-0.27429042167453027,1.0487571711839567,0.7892744636157483,0,0,0,1,0.9637575359988824,0,1,0,0,1,0,0,0,1,0
0,0,1,1,1.397941895011621,1,1,0,0,1,1,1,1,1,1.3522381236657337,1.1704124446102975,2.104867112298113,1.0487571711839567,1.2180086305941509,1,0,0,0,1.1895799103788978,0,1,0,0,0,1,1,0,0,0
1,0,1,1,-0.6253540094834634,1,1,0,0,0,0,0,0,1,-1.3077486434038275,-1.3334439632077646,0.349171669016633,-1.1015440337934654,-0.9256622042978615,0,0,0,0,-0.5657335750094543,0,0,1,0,0,1,0,0,0,1
1,0,1,1,-1.1109450265622838,1,0,0,0,0,0,0,0,0,-1.4597478872363738,-1.4777710435628493,0.26363225929415773,-1.1015440337934654,-1.3543963712762639,0,1,0,0,-1.4568326383062953,0,0,1,0,1,0,0,0,1,0
1,1,1,0,1.0337486322025058,1,1,0,1,0,0,1,1,1,1.1291957549984104,1.1506468100694558,-0.292789066979541,0.5111818699396011,0.7892744636157483,0,0,0,1,1.0949903435378785,0,1,0,1,0,0,0,0,1,0
1,0,1,1,1.4384078131015228,1,1,1,1,1,0,1,1,1,1.502585201804448,1.4850234032940537,0.15596268056841503,1.5863324724283123,1.6467427975725533,0,0,0,0,1.256177345527888,0,1,0,0,0,1,0,0,1,0
0,0,1,1,1.114680468382309,0,0,1,0,1,1,1,1,0,-0.16114565188440175,-0.16164967806530467,0.01152415092532131,1.5863324724283123,0.7892744636157483,1,0,0,0,0.7951459941902651,1,0,0,0,0,1,0,1,0,0
1,0,0,0,0.42675986085398043,0,0,1,0,1,0,0,0,1,-0.9756633389435903,-1.0115868353105644,0.4587425383194771,-0.026393431304754394,-0.49692803731945906,1,0,1,0,0.2304572331399107,1,0,0,0,1,0,0,1,0,0
1,0,0,1,-1.2728086989218905,0,0,0,1,0,0,0,0,1,-1.1028800973686563,-1.1001988427467144,0.006326045598127978,-0.56396873254911,-0.9256622042978615,0,1,0,0,-2.170250037391374,1,0,0,1,0,0,0,0,0,1
1,0,1,0,0.6695553693933906,1,1,0,1,0,0,1,1,1,1.134152252079906,1.130512297025356,0.00393916049890525,0.5111818699396011,0.7892744636157483,1,0,0,1,0.9849659883262648,0,1,0,1,0,0,1,0,0,0
1,0,1,0,0.3053621065842754,1,1,0,1,0,1,1,0,0,0.19902646937097979,0.27348361342935157,-0.8879105114704611,0.5111818699396011,0.7892744636157483,1,0,0,0,0.6654632839381698,1,0,0,0,1,0,0,1,0,0
1,0,1,1,-0.54442217330366,1,1,0,0,0,0,0,0,0,-0.48331796218164674,-0.5543196803653458,0.8568318316986412,-1.1015440337934654,-0.49692803731945906,1,0,0,0,-0.0682270797799331,1,0,0,1,0,0,0,1,0,0
0,0,1,1,-1.232342780831989,0,0,0,0,0,0,0,0,1,-1.332531128811308,-1.5309803894893812,2.3942056802771914,-1.1015440337934654,-1.3543963712762639,0,1,0,0,-2.0763954786455354,1,0,0,1,0,0,0,0,0,1
0,0,1,1,-0.9895472722925787,1,0,0,0,0,0,0,0,1,-0.636969371708025,-0.4373471224003262,-2.340131187254869,-1.1015440337934654,-0.9256622042978615,0,0,0,0,-0.5670289072378786,1,0,0,1,0,0,0,0,1,0
1,0,0,0,1.4384078131015228,1,1,1,1,1,0,1,0,0,1.2101518739961792,1.3121729738705394,-1.248959058874815,1.0487571711839567,1.2180086305941509,1,0,1,0,1.2253588221939542,0,1,0,0,1,0,1,0,0,0
0,1,1,0,-1.2728086989218905,1,1,0,0,1,0,1,1,1,1.191978051364027,1.1879677669112745,0.006326045598127978,0.5111818699396011,0.7892744636157483,0,1,0,1,-1.4484268623200918,0,1,0,1,0,0,0,0,1,0
1,0,0,0,1.114680468382309,1,1,1,1,1,1,1,1,1,1.714062410614947,1.737907498030179,-0.3412972481578714,2.1239077736726677,2.0754769645509556,1,0,1,0,1.2199125083001081,0,1,0,0,1,0,0,1,0,0
0,0,1,1,1.6002714854611295,1,0,1,1,1,0,0,1,0,0.13293984161769876,0.10373811229891566,0.34095407603614675,1.0487571711839567,0.7892744636157483,1,0,0,0,0.9894182646742161,1,0,0,0,0,1,0,1,0,0
1,1,0,0,0.9123508779328007,0,0,1,1,0,0,1,0,1,-0.6567953600340094,-0.6480466974571404,-0.08086035738978395,0.5111818699396011,-0.06819387034105659,0,0,1,0,0.5620463769207389,1,0,0,1,0,0,0,0,1,0
1,0,0,0,0.9528167960227024,1,1,0,1,0,0,1,1,0,1.119282760835418,1.1504611790871215,-0.40754988525222785,0.5111818699396011,0.7892744636157483,0,0,1,1,1.0728635512995346,0,1,0,1,0,0,0,0,1,0
1,1,0,0,-1.2728086989218905,0,0,0,1,1,0,0,1,1,-0.7080124965428023,-0.7064826298537993,0.006326045598127978,0.5111818699396011,-0.06819387034105659,0,1,1,0,-1.9723079574507467,1,0,0,1,0,0,0,0,1,0
1,0,1,1,-0.22069482858444658,1,0,1,1,0,0,0,0,1,-0.3296665526552684,-0.2901306328320645,-0.45644972033665027,-0.026393431304754394,-0.06819387034105659,1,0,0,0,0.25017758285728264,1,0,0,1,0,0,0,1,0,0
0,0,0,0,-0.8276835999329719,0,0,1,0,1,1,0,1,0,-0.49157879065080684,-0.617251270585879,1.5040301429954732,1.0487571711839567,0.3605402966373459,0,0,1,0,-0.3827337154491921,1,0,0,0,0,1,0,0,0,1
0,0,0,0,1.3170100588318177,1,1,0,1,1,0,1,0,1,1.0168484878178323,0.9861549440425085,0.3281087580641385,0.5111818699396011,0.7892744636157483,0,0,1,1,1.1343700324094812,0,1,0,0,1,0,0,0,1,0
1,0,0,0,-0.9895472722925787,1,1,0,0,0,0,0,1,1,0.7211108286218998,0.5424132023614369,2.0896291962620044,-0.56396873254911,-0.06819387034105659,0,0,1,1,-0.28045847316434563,0,1,0,1,0,0,0,0,1,0
1,0,1,0,0.993282714112604,1,1,1,1,1,1,1,0,1,1.2663255075864681,1.292097511831863,-0.3486498313509435,1.5863324724283123,1.6467427975725533,0,0,0,0,1.1105918548500602,0,1,0,1,0,0,0,0,1,0
0,0,1,1,1.4788737311914244,1,0,0,0,0,0,0,0,0,-1.47296521278703,-1.4944402970854878,0.3049345961873935,-1.1015440337934654,-1.3543963712762639,1,0,0,0,0.17372562934477484,0,0,1,0,0,1,1,0,0,0
1,0,0,0,1.4788737311914244,1,0,0,1,1,1,1,1,1,1.2993688214631087,1.3344623810833034,-0.46009090522768015,1.5863324724283123,1.2180086305941509,1,0,1,0,1.2386094737700764,0,1,0,0,1,0,1,0,0,0
1,0,0,0,-1.2728086989218905,1,0,0,0,0,0,0,0,1,-1.4828782069500221,-1.4790889220997292,0.006326045598127978,-1.1015440337934654,-1.3543963712762639,0,1,1,0,-2.4468281808575076,0,0,1,1,0,0,0,0,1,0
1,0,1,0,-1.0300131903824803,0,0,1,1,0,0,0,0,0,-1.0087066528202309,-0.9253446011570934,-0.9516105075559212,-0.026393431304754394,-0.49692803731945906,0,0,0,0,-0.8638652761372164,1,0,0,1,0,0,0,0,0,1
1,1,0,0,-0.8276835999329719,1,1,0,0,0,0,0,0,1,0.28328691975641296,0.140391609105892,1.681090605702968,-1.1015440337934654,-0.49692803731945906,1,0,1,1,-0.12788994274506568,0,1,0,1,0,0,0,1,0,0
1,0,0,0,-0.42302441903395505,1,1,1,0,0,0,1,1,1,1.190325885670195,1.0043633252959403,2.159404899872754,0.5111818699396011,0.7892744636157483,0,0,1,0,0.4561098034103353,0,1,0,1,0,0,0,0,1,0
1,0,0,1,-0.22069482858444658,1,0,0,0,0,0,0,0,0,-1.5060085266636707,-1.4773805610334032,-0.28678933812967294,-1.1015440337934654,-1.3543963712762639,0,0,0,0,-0.3997529780564996,0,0,1,1,0,0,0,0,0,1
0,0,0,0,-0.8681495180228737,1,0,0,0,1,1,0,0,0,-0.361057700838077,-0.18157759897146072,-2.111311181445642,-0.026393431304754394,-0.06819387034105659,1,0,1,0,-0.278622488873243,1,0,0,0,1,0,1,0,0,0
1,0,0,0,-1.232342780831989,1,0,0,0,0,0,0,1,1,0.5112857855052327,0.8502613918357613,-4.028703214635063,-0.56396873254911,-0.49692803731945906,0,1,1,1,-1.0822590939517962,0,1,0,1,0,0,0,0,1,0
1,0,0,0,-0.5848880913935618,1,0,0,0,0,0,0,0,0,-1.5027041952760065,-1.5265874610331145,0.3344564443771551,-1.1015440337934654,-1.3543963712762639,0,0,1,0,-0.7034437861217114,0,0,1,1,0,0,0,0,0,1
0,0,1,1,-1.1514109446521854,1,0,0,0,0,0,0,1,0,0.5327639395250487,0.36058714797626734,2.018967451970479,-0.56396873254911,-0.49692803731945906,0,1,0,1,-0.7601015806439465,0,1,0,1,0,0,0,0,1,0
1,1,1,0,0.993282714112604,0,0,0,0,0,0,1,1,1,-0.6567953600340094,-0.6458775576643812,-0.10652755690012833,-0.026393431304754394,-0.49692803731945906,0,0,0,0,0.5854458704521109,1,0,0,1,0,0,0,0,1,0
0,0,1,0,-0.8681495180228737,1,1,0,1,0,0,1,1,1,1.2316300280159957,1.2974415408271056,-0.8212359502424035,0.5111818699396011,0.7892744636157483,0,0,0,1,0.07615160020574921,0,1,0,1,0,0,0,0,1,0
0,1,1,1,-1.1514109446521854,1,0,0,0,0,0,0,0,0,-0.6187955490758729,-0.6372940066675965,0.24024078532179188,-1.1015440337934654,-0.9256622042978615,0,1,0,0,-1.0805326175891306,1,0,0,1,0,0,0,0,1,0
0,0,0,0,-1.2728086989218905,1,1,0,0,0,0,0,0,1,-0.48331796218164674,-0.4824432785841904,0.006326045598127978,-1.1015440337934654,-0.49692803731945906,0,1,1,0,-1.8823946882938205,1,0,0,1,0,0,0,0,0,1
0,0,1,1,1.4788737311914244,1,1,0,1,1,0,1,1,1,1.2960644900754448,1.4227506932097964,-1.5437828636575925,1.0487571711839567,1.2180086305941509,0,0,0,1,1.254438225329124,0,1,0,1,0,0,0,0,1,0
1,1,1,0,1.2765441407419158,1,1,0,0,0,0,0,0,0,-1.2912269864655073,-1.2369287409480196,-0.5979536986880026,-1.1015440337934654,-0.9256622042978615,1,0,0,0,0.33955504477218573,0,0,1,0,0,1,0,1,0,0
1,0,0,1,-1.3132746170117922,1,1,1,1,0,1,0,0,1,-0.09340685843728878,-0.09366911020457537,0.006326045598127978,0.5111818699396011,0.7892744636157483,1,1,0,0,-4.359284532484085,1,0,0,0,0,1,1,0,0,0
1,0,1,1,-0.09929707431474152,1,1,1,0,0,0,0,0,1,-0.33957954681826047,-0.38832478640867335,0.5885138422436897,-0.56396873254911,-0.06819387034105659,1,0,0,0,0.2820219760508543,1,0,0,1,0,0,1,0,0,0
0,0,0,0,0.06256659804486524,1,0,0,1,1,1,1,1,1,1.334064301033581,1.3891380494526706,-0.6977114553348611,1.5863324724283123,1.2180086305941509,0,0,1,0,0.8029175584273749,0,1,0,1,0,0,0,0,1,0
1,0,0,1,-0.38255850094405336,1,0,0,0,0,0,0,0,0,-1.4845303726438543,-1.4663398797320852,-0.1640249061571486,-1.1015440337934654,-1.3543963712762639,0,0,0,0,-0.4900177485309633,0,0,1,0,1,0,0,0,0,1
0,0,0,1,-0.6253540094834634,1,1,0,0,1,0,0,0,1,-0.2933189073909638,-0.31615801613667804,0.2803732161567336,-0.56396873254911,-0.06819387034105659,0,0,0,0,-0.0498123921361249,1,0,0,0,1,0,0,0,0,1
1,0,0,0,-0.949081354202677,1,0,0,0,0,0,0,0,0,-0.6534910286463453,-0.5552926754839489,-1.1394230036038873,-1.1015440337934654,-0.9256622042978615,0,0,1,0,-0.5383274565670023,1,0,0,1,0,0,0,0,0,1
1,0,0,0,0.3053621065842754,0,0,0,1,0,1,0,0,0,-0.949228687842278,-0.9940272531193152,0.562848197190675,-0.026393431304754394,-0.49692803731945906,1,0,1,0,0.19472809605439576,1,0,0,0,1,0,0,1,0,0
0,0,1,1,1.0742145502924074,1,0,0,1,0,1,1,1,1,0.3708517015295105,0.40346706244689345,-0.398729704262342,1.0487571711839567,0.7892744636157483,1,0,0,0,0.9432249083995832,1,0,0,0,0,1,0,1,0,0
0,0,1,0,1.5598055673712277,1,1,1,1,1,1,1,1,0,0.9408488659015594,0.8860390098616244,0.616096746215805,2.1239077736726677,2.0754769645509556,1,0,0,0,1.1694168480309244,1,0,0,0,0,1,0,1,0,0
1,0,1,0,0.1839643523145703,1,1,1,0,0,0,0,0,1,-0.3197535584922763,-0.32478760631755993,0.07059991552219586,-0.56396873254911,-0.06819387034105659,0,0,0,0,0.436506875309174,1,0,0,1,0,0,0,0,0,1
0,0,1,1,0.3053621065842754,1,1,0,0,0,0,0,0,1,-1.3193138032606517,-1.2890673105633368,-0.31238278727536295,-1.1015440337934654,-0.9256622042978615,0,0,0,0,0.006130183901262143,0,0,1,0,0,1,0,0,0,1
0,0,1,0,0.7100212874832923,1,1,0,0,1,0,1,1,0,0.36259087306035037,0.42109424630077275,-0.7047747631618078,0.5111818699396011,0.7892744636157483,1,0,0,0,0.8433937388015708,1,0,0,0,1,0,1,0,0,0
0,0,1,1,1.114680468382309,1,1,1,1,0,0,1,0,0,0.9722400140843679,1.058266554239996,-1.051488388485546,0.5111818699396011,0.7892744636157483,1,0,0,0,1.0983681559662302,0,1,0,0,1,0,1,0,0,0
0,1,0,0,1.2765441407419158,0,0,0,1,0,1,1,0,1,-0.6898386739106499,-0.7168815151838683,0.34379678988695533,0.5111818699396011,-0.06819387034105659,0,0,1,0,0.6275604903665303,1,0,0,1,0,0,0,0,1,0
0,0,0,0,-1.1109450265622838,1,0,0,0,0,0,0,0,0,-1.47296521278703,-1.3558672789014443,-1.3347851288175423,-1.1015440337934654,-1.3543963712762639,0,1,1,0,-1.3503953765329935,0,0,1,1,0,0,0,0,0,1
0,1,0,0,1.3574759769217193,1,1,0,1,0,0,0,0,1,0.5195466139743928,0.474890647211915,0.5104831929570856,-0.56396873254911,-0.06819387034105659,1,0,1,1,1.0312853421081651,0,1,0,1,0,0,0,1,0,0
0,0,0,0,0.14349843422466863,1,1,0,1,0,1,0,1,1,0.19737430367714784,0.16583398641510422,0.3664031333671943,0.5111818699396011,0.7892744636157483,0,0,1,0,0.5703442491072445,1,0,0,0,1,0,0,0,0,1
1,0,1,0,0.7909531236630957,1,0,1,1,0,0,1,1,1,0.35267787889735835,0.316045387811523,0.4212997905886711,1.0487571711839567,0.7892744636157483,0,0,0,0,0.8416455467089289,1,0,0,0,1,0,0,0,0,1
0,1,1,0,-1.1109450265622838,1,1,0,0,0,0,0,0,1,0.31798239932688543,0.07304252471075143,2.887375923194576,-1.1015440337934654,-0.49692803731945906,0,1,0,1,-0.6969413648043868,0,1,0,1,0,0,0,0,1,0
1,0,1,1,1.6002714854611295,0,0,1,1,1,1,1,1,1,0.03050556860011336,0.001373727333614693,0.34366142256072557,2.1239077736726677,1.2180086305941509,1,0,0,0,0.9599296464022921,1,0,0,0,0,1,1,0,0,0
1,0,0,0,-0.54442217330366,1,1,0,0,1,1,0,0,0,-0.17105864604739404,-0.1482917074568408,-0.26349665855679827,-0.026393431304754394,0.3605402966373459,0,0,1,0,0.07573951951630926,1,0,0,1,0,0,0,0,1,0
0,0,1,0,-0.7062858456632669,1,0,0,0,0,0,0,0,0,-1.4630522186240378,-1.4064957793599198,-0.6187461199967731,-1.1015440337934654,-1.3543963712762639,1,0,0,0,-0.7044866382587174,0,0,1,1,0,0,0,1,0,0
0,1,1,0,1.3170100588318177,1,1,0,1,1,0,1,1,1,1.456324562377151,1.4568403322528218,-0.056351109020136625,1.0487571711839567,1.2180086305941509,1,0,0,1,1.2228482563340606,0,1,0,1,0,0,1,0,0,0
0,0,1,0,0.022100679954963547,1,0,1,0,1,1,1,1,1,1.2894558273001167,1.2225620785043763,0.7470560547230586,1.5863324724283123,1.2180086305941509,0,0,0,0,0.7536300000688072,0,1,0,0,1,0,0,0,1,0
1,0,0,0,-1.191876862742087,1,0,0,0,0,0,1,0,0,-0.3164492271046122,-0.3852497364892865,0.8250276346309475,-0.56396873254911,-0.49692803731945906,0,1,1,0,-1.1631339843787833,1,0,0,1,0,0,0,0,0,1
0,0,0,0,-1.2728086989218905,1,0,0,0,0,0,0,0,0,-1.4977476981945104,-1.49391505563963,0.006326045598127978,-1.1015440337934654,-1.3543963712762639,1,1,1,0,-2.460566446626775,0,0,1,1,0,0,0,1,0,0
0,0,0,0,-0.5848880913935618,1,1,0,0,1,1,0,1,1,1.001978996573344,0.9408655412462653,0.6885773697921406,0.5111818699396011,0.7892744636157483,1,0,1,0,0.31695882892311183,0,1,0,1,0,0,1,0,0,0
0,0,0,0,-1.2728086989218905,1,0,0,0,0,0,0,0,0,0.1296355102300349,0.12872289289393352,0.006326045598127978,-1.1015440337934654,-0.9256622042978615,0,1,1,1,-1.6873945975774105,0,1,0,1,0,0,0,0,1,0
1,0,0,0,-0.22069482858444658,1,0,1,1,0,0,0,0,0,-0.3065362329416199,-0.3299720534145955,0.2878900841543891,-0.026393431304754394,-0.06819387034105659,1,0,1,0,0.23642568472163275,1,0,0,0,1,0,1,0,0,0
0,0,0,0,-1.0704791084723821,1,0,0,0,0,0,0,0,0,-1.4779217098685262,-1.5334514117460312,0.7080702647691184,-1.1015440337934654,-1.3543963712762639,0,1,1,0,-1.398504287376145,0,0,1,1,0,0,0,0,0,1
1,0,1,0,-0.9086154361127753,1,0,0,0,0,0,0,0,1,0.18415697812649146,0.2990586937856802,-1.365973760780701,-1.1015440337934654,-0.9256622042978615,0,0,0,1,-0.20011780774165744,0,1,0,1,0,0,0,0,1,0
1,0,0,0,0.3053621065842754,1,0,0,1,0,1,0,1,1,0.8218929359456532,0.7400126154848896,0.9405230373695065,0.5111818699396011,0.3605402966373459,1,0,1,0,0.7769944121840774,0,1,0,0,1,0,0,1,0,0
0,0,1,0,-0.2611607466743483,1,0,0,1,1,1,1,1,0,0.5674594190955217,0.500833500927421,0.7687981298896861,1.5863324724283123,1.2180086305941509,1,0,0,0,0.45114867367367895,1,0,0,1,0,0,1,0,0,0
1,1,0,0,0.7504872055731939,1,1,0,1,0,0,0,0,1,0.4914597971792481,0.43464513855057474,0.655324784243191,-0.56396873254911,-0.06819387034105659,1,0,1,1,0.8591900275731555,0,1,0,0,1,0,1,0,0,0
0,0,0,0,-0.05883115622483983,1,1,1,1,0,0,1,1,0,1.3092818156261008,1.2738424328628133,0.37417583790549963,1.0487571711839567,1.2180086305941509,0,0,1,0,0.723822755986647,0,1,0,1,0,0,0,0,1,0
1,0,1,1,1.519339649281326,1,1,0,0,0,0,0,0,0,-1.3077486434038275,-1.2905146235993747,-0.15880662184964983,-1.1015440337934654,-0.9256622042978615,1,0,0,0,0.3571465919858223,0,0,1,0,0,1,0,1,0,0
0,0,1,1,-1.0704791084723821,0,0,0,1,1,1,0,0,0,-0.7988816097035637,-0.9387587219789082,1.682715013617714,0.5111818699396011,-0.06819387034105659,0,1,0,0,-0.9675187706093122,1,0,0,0,0,1,0,0,0,1
0,0,0,0,-1.191876862742087,1,0,0,0,0,0,0,0,0,-1.4861825383376863,-1.4867765468981962,0.058307098870052976,-1.1015440337934654,-1.3543963712762639,0,1,1,0,-1.7828748450300125,0,0,1,1,0,0,0,0,1,0
0,0,0,0,1.3170100588318177,1,1,1,1,1,0,1,1,1,1.5306720185995923,1.4692841468991318,0.6735828351944719,1.5863324724283123,1.6467427975725533,1,0,1,0,1.2250267248208135,0,1,0,1,0,0,0,1,0,0
1,0,0,0,1.1956123045621125,1,0,1,1,0,0,1,1,1,0.3163302336330535,0.3634700072756927,-0.5687143562225477,1.0487571711839567,0.7892744636157483,1,0,1,0,0.9644412776243244,1,0,0,0,1,0,0,1,0,0
0,0,0,1,0.6695553693933906,1,0,0,0,0,0,0,0,0,-1.4630522186240378,-1.4441247976518912,-0.1734859652098591,-1.1015440337934654,-1.3543963712762639,1,0,0,0,0.00609948969817204,0,0,1,0,0,1,0,1,0,0
1,0,0,0,-1.2728086989218905,1,1,0,1,0,1,0,0,0,-0.15288482341524162,-0.1529736443641776,0.006326045598127978,-0.026393431304754394,0.3605402966373459,0,1,1,0,-1.7698597984467976,1,0,0,1,0,0,0,0,0,1
1,0,0,0,-0.9086154361127753,1,0,0,0,0,0,0,0,1,-1.4779217098685262,-1.4787594524655092,0.060906151533649644,-1.1015440337934654,-1.3543963712762639,1,0,1,0,-1.0244832118418534,0,0,1,1,0,0,0,1,0,0
1,0,0,0,-0.018365238134938143,1,0,0,0,0,0,0,0,1,-1.4762695441746942,-1.5004529686936832,0.3370961072386204,-1.1015440337934654,-1.3543963712762639,1,0,1,0,-0.31547819654283005,0,0,1,0,0,1,1,0,0,0
0,0,0,1,-0.30162666476425,1,0,0,0,0,0,0,0,0,-1.4762695441746942,-1.5114428401801348,0.46713808285374564,-1.1015440337934654,-1.3543963712762639,1,0,0,0,-0.4816371007304575,0,0,1,1,0,0,0,1,0,0
1,1,0,0,-0.5039562552137584,1,0,0,0,0,0,0,0,0,0.21720029200313196,0.15540993326575464,0.7236645807506914,-1.1015440337934654,-0.9256622042978615,1,0,1,1,0.19758795957035355,0,1,0,1,0,0,0,1,0,0
0,0,1,1,-0.7062858456632669,1,1,0,1,1,0,1,1,1,1.3423251295027412,1.2917507016905787,0.5521271049533392,1.0487571711839567,1.2180086305941509,1,0,0,1,0.2702480740404819,0,1,0,1,0,0,1,0,0,0
0,0,0,0,-1.2728086989218905,1,0,0,0,0,0,0,0,0,-1.4828782069500221,-1.4790889220997292,0.006326045598127978,-1.1015440337934654,-1.3543963712762639,0,1,1,0,-2.4468281808575076,0,0,1,1,0,0,0,0,0,1
1,1,0,0,-0.5039562552137584,1,0,1,0,0,1,0,0,0,-0.3544490380627488,-0.39365121216189697,0.47610481454315123,-0.026393431304754394,-0.06819387034105659,0,0,1,0,0.024997379313664407,1,0,0,0,1,0,0,0,0,1
1,1,0,0,0.1839643523145703,0,0,0,1,1,0,0,0,0,-0.9277505338224616,-0.9621332568391119,0.4388575800871537,-0.026393431304754394,-0.49692803731945906,0,0,1,0,0.16305140532490417,1,0,0,1,0,0,0,0,1,0
0,0,1,1,-0.46349033712385673,1,0,0,1,1,1,1,1,1,1.258064679117308,1.177534561827641,0.9094968461978267,1.5863324724283123,1.2180086305941509,0,0,0,0,0.4606445459734938,0,1,0,1,0,0,0,0,1,0
0,1,0,0,1.6002714854611295,1,1,1,1,1,1,1,1,1,1.7388448960224274,1.7273141340965774,0.0764463205847344,2.1239077736726677,2.0754769645509556,1,0,1,0,1.3329703319027435,0,1,0,0,0,1,0,1,0,0
1,0,1,1,1.4384078131015228,1,1,0,0,0,0,0,0,0,-1.287922655077843,-1.3161225817028155,0.3781243512618427,-1.1015440337934654,-0.9256622042978615,0,0,0,0,0.3194829862796181,0,0,1,0,0,1,0,0,0,1
0,0,0,0,-1.1514109446521854,1,1,0,0,0,0,0,0,0,-0.4634919738556624,-0.36589339547886085,-1.1388815342989738,-1.1015440337934654,-0.49692803731945906,0,1,1,0,-0.9760776137317176,1,0,0,1,0,0,0,0,1,0
0,0,1,0,1.0742145502924074,1,1,0,1,0,0,1,1,0,1.201891045527019,1.2397335891014356,-0.48925603008759916,0.5111818699396011,0.7892744636157483,0,0,0,1,1.1226036061255278,0,1,0,1,0,0,0,0,1,0
0,0,1,0,0.5886235332135872,1,0,0,0,0,0,0,0,0,-1.4894868697253503,-1.487080313227619,0.022915743450869823,-1.1015440337934654,-1.3543963712762639,1,0,0,0,-0.060605323205738325,0,0,1,0,0,1,1,0,0,0
0,1,1,1,1.3574759769217193,1,1,1,1,0,1,1,1,1,1.515802527355104,1.4665443265726055,0.5305667817212313,1.5863324724283123,1.6467427975725533,1,0,0,0,1.2341594790316508,0,1,0,0,1,0,0,1,0,0
1,0,0,0,-0.5848880913935618,1,1,0,1,0,0,0,0,1,0.5261552767497211,0.5244525313293043,0.0019942911588029725,-0.56396873254911,-0.06819387034105659,0,0,1,1,0.22536410329094284,0,1,0,1,0,0,0,0,1,0
1,0,0,0,-1.1109450265622838,1,0,0,0,0,0,0,0,0,-1.469660881399366,-1.4095708292793065,-0.6603309626143129,-1.1015440337934654,-1.3543963712762639,0,1,1,0,-1.3950853891934334,0,0,1,1,0,0,0,0,0,1
0,0,1,1,-1.0704791084723821,1,0,1,1,0,0,0,0,0,-0.29166674169713186,-0.1268906316550931,-1.9397146362695743,-0.026393431304754394,-0.06819387034105659,1,1,0,0,-0.6421159772292581,1,0,0,1,0,0,0,1,0,0
1,0,1,1,-1.0704791084723821,1,0,0,0,0,0,0,0,0,-1.4828782069500221,-1.3706385008356416,-1.2769562070525242,-1.1015440337934654,-1.3543963712762639,1,1,0,0,-1.2484764275629578,0,0,1,1,0,0,0,1,0,0
0,0,1,0,-0.018365238134938143,1,0,0,0,0,0,0,0,0,-1.5010520295821745,-1.522331811591106,0.3035926939969499,-1.1015440337934654,-1.3543963712762639,0,0,0,0,-0.33760252049356704,0,0,1,0,1,0,0,0,0,1
1,0,0,0,-0.8276835999329719,1,1,0,0,0,1,1,1,1,1.1638912345688828,0.9769699219962078,2.1716617959567643,0.5111818699396011,0.7892744636157483,0,0,1,0,0.06919259446144677,0,1,0,1,0,0,0,0,0,1
0,0,1,1,1.519339649281326,1,1,1,0,0,1,1,1,1,0.5245031110558886,0.4368711350708509,1.0188427046876989,1.0487571711839567,1.2180086305941509,1,0,0,0,1.059082155306108,1,0,0,0,0,1,1,0,0,0
0,0,0,0,-1.191876862742087,1,1,0,0,0,0,0,0,1,0.36589520444801427,0.5718595509198509,-2.449778721500342,-1.1015440337934654,-0.49692803731945906,0,1,1,1,-0.8895584783137684,0,1,0,1,0,0,0,0,1,0
0,0,0,0,-1.2728086989218905,1,0,0,0,0,0,0,0,0,-0.6865343425229858,-0.6850671036294983,0.006326045598127978,-1.1015440337934654,-0.9256622042978615,0,1,1,0,-1.963136487782226,1,0,0,1,0,0,0,0,0,1
1,0,1,0,-0.6253540094834634,1,0,0,0,0,0,0,0,1,0.1874613095141558,0.21981155647240722,-0.3892650583462975,-1.1015440337934654,-0.9256622042978615,1,0,0,1,0.11279838479079833,0,1,0,1,0,0,1,0,0,0
1,0,1,1,0.5886235332135872,1,0,1,0,1,0,0,1,0,0.8367624271901415,0.7670878341757519,0.7955809209423305,0.5111818699396011,0.3605402966373459,0,0,0,0,0.8844136764711317,0,1,0,1,0,0,0,0,1,0
0,0,1,0,1.1956123045621125,1,1,0,0,1,0,1,1,1,1.2101518739961792,1.142851683128566,0.7546016914883423,0.5111818699396011,0.7892744636157483,0,0,0,1,1.1354790179369858,0,1,0,1,0,0,0,0,1,0
0,0,0,0,0.5076916970337838,1,1,0,1,0,0,1,0,1,0.8119799417826612,0.8078696322327865,0.020620835247905485,-0.026393431304754394,0.3605402966373459,1,0,1,1,0.8658303326382143,0,1,0,1,0,0,0,1,0,0
0,0,1,0,-0.54442217330366,1,0,1,0,0,0,0,0,1,0.2799825883687491,0.3658543269970212,-1.0257714463404868,-0.56396873254911,-0.49692803731945906,0,0,0,0,0.2206662080755727,0,1,0,1,0,0,0,0,1,0
0,0,0,0,-0.8681495180228737,1,0,1,0,0,1,0,0,1,-0.33462304973676443,-0.28251511418250075,-0.6050420241341746,-0.026393431304754394,-0.06819387034105659,0,0,1,0,-0.3120093474242047,1,0,0,0,1,0,0,0,0,1
1,0,1,1,0.993282714112604,1,0,0,1,1,0,1,1,1,1.0845872812649453,1.1026524721553557,-0.2511853564660838,1.0487571711839567,0.7892744636157483,1,0,0,1,1.0747725848864136,0,1,0,0,1,0,0,1,0,0
1,0,1,1,-0.9895472722925787,1,0,0,0,0,0,0,0,0,-1.4894868697253503,-1.4339927659158649,-0.6052635343043673,-1.1015440337934654,-1.3543963712762639,1,0,0,0,-1.1227802397995927,0,0,1,1,0,0,0,1,0,0
0,0,0,0,0.14349843422466863,1,0,1,1,1,1,1,1,0,0.6979805089082513,0.6157430758110998,0.9490241054566819,2.1239077736726677,1.6467427975725533,1,0,1,0,0.6828432967373597,1,0,0,0,1,0,1,0,0,0
0,0,0,0,-1.191876862742087,1,0,0,0,0,0,0,0,0,-1.46470438431787,-1.4395525659933277,-0.24708158910250816,-1.1015440337934654,-1.3543963712762639,0,1,1,0,-1.7391883635502212,0,0,1,1,0,0,0,0,0,1
0,0,1,1,1.3170100588318177,1,1,1,0,1,1,1,1,0,1.4728462193154714,1.5861444917751688,-1.3914644695967415,1.5863324724283123,1.6467427975725533,0,0,0,0,1.2451252402025692,0,1,0,0,0,1,0,0,1,0
0,0,1,0,0.993282714112604,1,1,0,1,1,1,1,0,0,0.32624322779604553,0.39224079857972965,-0.7921986872304629,1.0487571711839567,1.2180086305941509,1,0,0,0,0.9187234751668073,1,0,0,0,1,0,1,0,0,0
0,0,1,1,1.0337486322025058,1,0,0,0,0,0,0,0,1,-1.4828782069500221,-1.4748001363439345,-0.044422698221229094,-1.1015440337934654,-1.3543963712762639,0,0,0,0,0.08352330414797517,0,0,1,0,0,1,0,0,0,1
0,0,1,1,-0.34209258285415167,1,1,1,1,1,0,0,0,0,-0.01245073943951968,0.006613209711141359,-0.22515208225341943,0.5111818699396011,0.7892744636157483,0,0,0,0,0.2700058949157423,1,0,0,0,0,1,0,0,1,0
1,0,1,1,1.155146386472211,1,0,0,1,1,1,1,1,0,1.2944123243816128,1.3501910532030466,-0.7046852875783056,1.5863324724283123,1.2180086305941509,1,0,0,0,1.163877109504202,0,1,0,0,1,0,0,1,0,0
1,0,0,1,0.871884959842899,1,1,0,1,0,0,0,0,1,-0.32140572418610824,-0.24617084182178303,-0.8791567577076542,-0.56396873254911,-0.06819387034105659,1,0,0,0,0.7012439427662905,1,0,0,1,0,0,0,1,0,0
0,1,0,0,-0.9086154361127753,0,0,0,0,0,1,0,0,1,-1.1590537309589453,-1.1730116319093373,0.20515357436324244,-0.56396873254911,-0.9256622042978615,0,0,1,0,-0.7840799098828489,1,0,0,1,0,0,0,0,1,0
1,0,0,0,-1.0704791084723821,1,0,0,0,0,0,0,0,1,0.14450500147452275,0.25556870206863824,-1.3191908128359666,-1.1015440337934654,-0.9256622042978615,0,1,1,1,-0.5325242308328568,0,1,0,1,0,0,0,0,1,0
0,0,1,0,-0.38255850094405336,1,1,0,0,1,0,0,1,0,0.8400667585778059,0.7962570213570899,0.4894108341578678,-0.026393431304754394,0.3605402966373459,0,0,0,1,0.4408921919036063,0,1,0,1,0,0,0,0,0,1
1,0,0,0,-1.0300131903824803,1,1,0,0,1,0,1,0,1,0.849979752740798,0.6601103458002116,2.217377275843228,-0.026393431304754394,0.3605402966373459,0,0,1,1,-0.3373376630736991,0,1,0,1,0,0,0,0,1,0
0,1,0,0,0.8314190417529973,1,0,0,1,0,0,0,0,1,0.2998085766947332,0.355870448259957,-0.6737185357683065,-0.56396873254911,-0.49692803731945906,1,0,1,1,0.8637897729466593,0,1,0,1,0,0,0,1,0,0
1,1,0,0,0.10303251613476692,1,1,0,0,1,0,1,1,1,1.2118040396900116,1.158127231469062,0.593340654333228,0.5111818699396011,0.7892744636157483,0,0,1,1,0.7784634310528085,0,1,0,1,0,0,0,0,1,0
0,0,0,0,1.155146386472211,1,1,1,1,1,1,1,1,1,1.6644974397999863,1.6442832103059921,0.1817621003908766,2.1239077736726677,2.0754769645509556,0,0,1,0,1.2149049592914813,0,1,0,0,1,0,0,0,0,1
1,0,0,0,-0.09929707431474152,1,1,1,1,1,0,0,0,0,0.848327587046966,0.9646422665158095,-1.405609313900541,0.5111818699396011,0.7892744636157483,1,0,1,0,0.643297787999846,0,1,0,0,1,0,1,0,0,0
0,0,0,0,-0.9895472722925787,1,0,1,0,0,0,1,0,0,0.6682415264192751,0.6196326478817523,0.5521271049533447,-0.026393431304754394,-0.06819387034105659,0,0,1,0,-0.2625702903902367,0,1,0,1,0,0,0,0,1,0
0,0,0,0,-0.8276835999329719,1,0,0,0,1,1,0,1,1,0.8152842731703255,0.875108893416521,-0.7360283714415543,0.5111818699396011,0.3605402966373459,0,0,1,0,0.04824388200757498,0,1,0,1,0,0,0,0,1,0
1,1,1,0,-1.0704791084723821,1,1,0,0,1,0,0,0,1,0.5311117738312168,0.3769233506730098,1.806170015138535,-0.56396873254911,-0.06819387034105659,0,1,0,1,-0.501391245195199,0,1,0,1,0,0,0,0,1,0
1,0,1,1,1.6002714854611295,1,1,0,1,1,0,1,1,1,1.2778906674432926,1.2406142688793471,0.39699614909494557,1.0487571711839567,1.2180086305941509,0,0,0,1,1.2481296311446497,0,1,0,0,0,1,0,0,1,0
1,0,1,0,-0.949081354202677,0,0,0,0,0,0,0,0,0,-1.3424441229743,-1.1820171352446844,-1.8519966088731974,-1.1015440337934654,-1.3543963712762639,1,0,0,0,-0.8560917757362708,1,0,0,0,1,0,1,0,0,0
0,0,0,0,-0.6658199275733652,1,0,0,1,0,0,0,0,0,0.3427648847343658,0.36439664062193605,-0.26779279001554,-0.56396873254911,-0.49692803731945906,1,0,1,1,0.11217623097348584,0,1,0,1,0,0,1,0,0,0
0,0,1,1,-0.38255850094405336,1,0,1,1,0,1,0,0,0,0.650067703787123,0.6414062932736838,0.08006003964145798,0.5111818699396011,0.3605402966373459,0,0,0,0,0.40671306889804487,0,1,0,1,0,0,0,0,0,1
1,0,1,0,-0.7062858456632669,1,0,0,0,0,0,0,0,1,-1.4960955325006784,-1.3844213138671788,-1.2698088122276368,-1.1015440337934654,-1.3543963712762639,1,0,0,0,-0.6856982254169474,0,0,1,1,0,0,0,1,0,0
1,1,0,0,-1.1109450265622838,1,0,0,1,0,0,0,1,1,0.6880675147452592,0.5586807655510502,1.5072789588249655,-0.026393431304754394,-0.06819387034105659,0,1,1,1,-0.5720063682176446,0,1,0,1,0,0,0,0,1,0
0,0,0,0,-0.7467517637531685,1,0,0,0,1,0,0,0,0,0.35102571320352594,0.2813379341737036,0.8124964878600365,-0.56396873254911,-0.49692803731945906,0,0,1,1,0.006897053085975077,0,1,0,1,0,0,0,0,1,0
1,0,0,0,-0.8681495180228737,1,0,0,1,0,0,0,0,1,0.3691995358356786,0.4619365002300827,-1.1100852121739,-0.56396873254911,-0.49692803731945906,0,0,1,1,-0.09941751996442072,0,1,0,1,0,0,0,0,0,1
0,0,1,0,-1.0300131903824803,1,1,0,0,0,0,1,0,1,0.7194586629280678,0.6085718815900804,1.2872877155134297,-0.56396873254911,-0.06819387034105659,0,0,0,1,-0.3490441314484076,0,1,0,1,0,0,0,0,1,0
1,0,0,1,-0.2611607466743483,0,0,0,1,0,0,1,0,1,-0.8187075980295478,-0.8357994612851543,0.23049433783330645,-0.026393431304754394,-0.49692803731945906,1,0,0,0,0.005546738022534176,1,0,0,0,1,0,1,0,0,0
1,0,1,1,1.2360782226520142,1,1,0,0,0,0,0,0,0,-1.3044443120161635,-1.3104318474394847,0.11585755070682778,-1.1015440337934654,-0.9256622042978615,0,0,0,0,0.2757926387157028,0,0,1,0,0,1,0,0,0,1
0,0,1,0,0.4672257789438821,1,1,0,0,0,0,1,1,1,1.0366744761438165,1.1347284691998134,-1.196031158208736,-0.026393431304754394,0.3605402966373459,0,0,0,1,0.9180242734087405,0,1,0,1,0,0,0,0,1,0
0,0,0,0,-0.8681495180228737,1,1,1,0,0,0,0,0,1,0.471633808853264,0.6503332274340718,-2.1308040764226153,-0.56396873254911,-0.06819387034105659,1,0,1,0,-0.05533799843150341,0,1,0,1,0,0,1,0,0,0
1,0,0,0,-0.2611607466743483,1,0,0,1,0,0,0,0,0,0.3559822102850222,0.4242318109712679,-0.8198728107335286,-0.56396873254911,-0.49692803731945906,1,0,1,1,0.432574346625663,0,1,0,0,1,0,1,0,0,0
1,0,1,1,1.0742145502924074,1,0,0,0,0,0,0,0,0,-1.4944433668068464,-1.4921001805358756,0.023836612272357192,-1.1015440337934654,-1.3543963712762639,0,0,0,0,0.07752325797843872,0,0,1,0,0,1,0,0,0,1
0,0,0,0,-0.38255850094405336,0,0,0,0,0,0,1,1,1,-0.6534910286463453,-0.7051217770168035,0.6334887535528779,-0.026393431304754394,-0.49692803731945906,0,0,1,0,-0.011202459686289733,1,0,0,1,0,0,0,0,1,0
0,0,0,0,-0.5039562552137584,1,0,0,0,0,0,0,0,0,-1.4944433668068464,-1.468957730847464,-0.2500055233490527,-1.1015440337934654,-1.3543963712762639,0,0,1,0,-0.5802867151977272,0,0,1,0,1,0,0,0,0,1
1,1,1,0,-0.018365238134938143,1,1,0,1,1,0,1,1,0,1.3753684433793818,1.4918520248488896,-1.4257925822412818,1.0487571711839567,1.2180086305941509,1,0,0,1,0.7828500348231033,0,1,0,1,0,0,1,0,0,0
0,1,1,0,-0.1802289104945449,1,1,0,1,1,1,1,1,1,1.524063355824264,1.637458482168578,-1.3943776934614325,1.5863324724283123,1.6467427975725533,0,0,0,0,0.7235870807992546,0,1,0,1,0,0,0,0,1,0
0,0,0,0,-1.1514109446521854,1,0,0,0,1,0,0,1,1,0.5988505672783297,0.49937623139144793,1.1564068492394683,-0.026393431304754394,-0.06819387034105659,1,1,1,1,-0.7261074932656065,0,1,0,1,0,0,0,1,0,0
0,0,1,1,0.5076916970337838,0,0,0,1,1,1,0,1,0,-0.4535789796926703,-0.47512173115707906,0.2705630663970808,1.0487571711839567,0.3605402966373459,1,0,0,0,0.5050740112965068,1,0,0,0,1,0,1,0,0,0
0,0,1,1,-0.54442217330366,1,1,0,0,0,1,0,1,1,0.8136321074764931,0.7919972881000116,0.22792948323107184,-0.026393431304754394,0.3605402966373459,1,0,0,0,0.3197441725793496,0,1,0,0,1,0,1,0,0,0
1,0,1,1,-0.8681495180228737,1,0,0,0,1,0,1,0,1,-0.16775431465972993,-0.08663044074623857,-0.9541420523581279,-0.026393431304754394,-0.06819387034105659,1,0,0,0,-0.2487548856452793,1,0,0,1,0,0,1,0,0,0
1,1,1,0,-1.0300131903824803,1,1,1,1,0,0,0,1,1,0.9904138367165201,1.034999722451983,-0.5617526080164823,0.5111818699396011,0.7892744636157483,1,0,0,0,-0.25816486264655336,0,1,0,1,0,0,0,1,0,0
1,1,1,0,0.42675986085398043,1,1,0,1,0,1,1,0,1,0.9771965111658637,0.895850794710391,0.9288386334618011,0.5111818699396011,0.7892744636157483,0,0,0,0,0.8557677952026101,0,1,0,1,0,0,0,0,1,0
1,0,0,0,-0.22069482858444658,1,0,0,0,0,0,0,0,1,-1.4977476981945104,-1.5714624454717847,0.9239360276622508,-1.1015440337934654,-1.3543963712762639,1,0,1,0,-0.4970764767246827,0,0,1,1,0,0,0,1,0,0
1,0,1,0,1.3574759769217193,1,0,1,1,1,1,1,1,1,0.6996326746020837,0.6600675575360269,0.4440301418992261,2.1239077736726677,1.6467427975725533,1,0,0,0,1.0744688783350267,1,0,0,0,0,1,1,0,0,0
0,0,0,0,0.022100679954963547,1,1,1,1,0,0,0,0,1,-0.1264501723139293,-0.1025048867586577,-0.27897905361027775,-0.026393431304754394,0.3605402966373459,0,0,1,0,0.4374668426216654,1,0,0,1,0,0,0,0,0,1
1,0,1,1,-0.2611607466743483,1,0,0,0,0,0,0,0,1,-1.4762695441746942,-1.4920142692883607,0.23724187840225844,-1.1015440337934654,-1.3543963712762639,1,0,0,0,-0.43765459227039905,0,0,1,0,1,0,1,0,0,0
1,0,0,0,-0.38255850094405336,1,0,0,1,0,0,1,1,0,1.0102398250425042,1.0081919447607897,-0.010624297860113072,0.5111818699396011,0.3605402966373459,0,0,1,1,0.4848531318436529,0,1,0,1,0,0,0,0,0,1
1,0,0,1,0.6695553693933906,1,1,0,0,0,0,0,0,0,0.3460692161220301,0.3401549877520621,0.05804188941458348,-1.1015440337934654,-0.49692803731945906,1,0,0,1,0.8104061515098739,0,1,0,1,0,0,0,1,0,0
0,0,0,0,-1.2728086989218905,1,1,0,0,0,0,0,1,1,0.669893692113107,0.6674057448436543,0.006326045598127978,-0.56396873254911,-0.06819387034105659,0,1,1,1,-1.5546246462059643,0,1,0,1,0,0,0,0,1,0
0,0,0,0,1.519339649281326,1,1,0,0,0,0,0,0,0,-1.278009660914851,-1.2593326760749808,-0.1769071671854079,-1.1015440337934654,-0.9256622042978615,1,0,1,0,0.3800151847681973,0,0,1,0,1,0,0,1,0,0
1,0,0,0,1.3170100588318177,1,1,0,0,0,0,0,0,0,-1.3193138032606517,-1.3216024369425632,0.07260188851983325,-1.1015440337934654,-0.9256622042978615,1,0,1,0,0.28685533539707186,0,0,1,0,1,0,0,1,0,0
1,0,1,1,1.5598055673712277,1,0,0,0,0,0,0,0,0,-1.487834704031518,-1.5293214402748228,0.5422433835565686,-1.1015440337934654,-1.3543963712762639,1,0,0,0,0.15636552230243736,0,0,1,0,0,1,0,1,0,0
1,0,0,0,-0.8276835999329719,1,1,0,0,0,0,0,0,0,-1.3143573061791556,-1.3632254340656915,0.6236010532022406,-1.1015440337934654,-0.9256622042978615,1,0,1,0,-0.8082240351274949,0,0,1,0,1,0,0,1,0,0
0,0,0,0,-1.0704791084723821,1,0,0,0,0,0,0,0,0,-1.4894868697253503,-1.49144403338298,0.07455117801753006,-1.1015440337934654,-1.3543963712762639,1,1,1,0,-1.3562451659786465,0,0,1,0,0,1,0,1,0,0
0,0,1,1,0.14349843422466863,1,1,1,0,1,0,1,1,1,1.314238312707597,1.2393558779153124,0.8407302444735124,1.0487571711839567,1.2180086305941509,1,0,0,0,0.8115431513253112,0,1,0,1,0,0,0,1,0,0
0,0,1,0,-1.2728086989218905,1,0,0,0,0,0,0,0,1,-1.4680087157055342,-1.4642627885598287,0.006326045598127978,-1.1015440337934654,-1.3543963712762639,1,1,0,0,-2.4333832813770204,0,0,1,1,0,0,1,0,0,0
0,0,0,0,0.3053621065842754,1,1,0,0,1,1,1,1,1,1.3621511178287258,1.437705749650044,-0.9410286502827057,1.0487571711839567,1.2180086305941509,1,0,1,0,0.9138417207160655,0,1,0,0,1,0,0,1,0,0
0,0,0,0,0.8314190417529973,1,0,0,0,0,0,0,0,0,-1.5208780179081587,-1.5079019740734982,-0.1010687720108496,-1.1015440337934654,-1.3543963712762639,0,0,1,0,-0.0056427089291854245,0,0,1,0,0,1,0,0,0,1
1,0,0,0,-0.34209258285415167,1,0,0,0,0,0,1,1,1,0.8466754213531336,0.9399045881464564,-1.1323839026399836,-0.026393431304754394,-0.06819387034105659,0,0,1,1,0.49780610200651443,0,1,0,1,0,0,0,0,1,0
0,0,1,1,1.5598055673712277,1,1,0,0,0,0,0,0,0,-1.3490527857496282,-1.3611527143011146,0.1897239870716101,-1.1015440337934654,-0.9256622042978615,1,0,0,0,0.31097273701485373,0,0,1,0,0,1,0,1,0,0
0,0,0,0,1.114680468382309,1,1,0,1,1,0,1,1,1,1.3604989521348938,1.379307256984547,-0.2694984183260235,1.0487571711839567,1.2180086305941509,0,0,1,1,1.1587115523882208,0,1,0,1,0,0,0,0,1,0
1,1,0,0,-0.30162666476425,1,1,0,1,0,0,1,0,1,0.8004147819258371,0.8864371576731187,-1.0455105673592755,-0.026393431304754394,0.3605402966373459,0,0,1,1,0.5124512972540562,0,1,0,1,0,0,0,0,1,0
0,0,0,0,0.34582802467417706,1,0,0,0,0,0,0,0,1,-1.4828782069500221,-1.4818211093103342,0.038655725072129915,-1.1015440337934654,-1.3543963712762639,0,0,1,0,-0.14140068533893763,0,0,1,0,0,1,0,0,0,1
1,1,0,0,1.4384078131015228,1,1,0,1,1,0,0,1,1,1.0300658133684888,1.017806391119997,0.10952372488798531,0.5111818699396011,0.7892744636157483,0,0,1,1,1.169131335096452,0,1,0,1,0,0,0,0,1,0
0,0,0,0,-1.2728086989218905,1,0,0,0,0,0,0,1,1,-0.3296665526552684,-0.32923989867188447,0.006326045598127978,-0.56396873254911,-0.49692803731945906,0,1,1,0,-1.8275570244138932,1,0,0,1,0,0,0,0,0,1
1,0,1,0,1.2360782226520142,1,1,1,0,0,1,0,0,1,0.6583285322562831,0.6793294077963787,-0.2712156495501869,-0.026393431304754394,0.3605402966373459,1,0,0,0,1.0495095000624448,0,1,0,0,0,1,0,1,0,0
0,0,1,1,-0.22069482858444658,1,0,1,1,1,1,0,0,0,0.047027225538433616,0.15422628309837125,-1.2700975958569203,1.0487571711839567,0.7892744636157483,0,0,0,0,0.38610446801574444,1,0,0,0,1,0,0,0,0,1
0,0,1,1,0.1839643523145703,1,1,0,0,0,0,0,0,0,-1.2647923353641948,-1.3213442039860124,0.7128117797635158,-1.1015440337934654,-0.9256622042978615,0,0,0,0,-0.06743314051165544,0,0,1,1,0,0,0,0,0,1
1,0,1,1,0.7909531236630957,1,0,0,1,1,1,1,0,1,0.13293984161769876,0.07363176847964448,0.6971992271858087,1.0487571711839567,0.7892744636157483,0,0,0,0,0.7760372568770484,1,0,0,0,1,0,0,0,1,0
0,0,0,0,-0.7872176818430703,1,1,0,0,0,0,0,1,1,0.7012848402959156,0.9478350912009191,-2.941599456303937,-0.56396873254911,-0.06819387034105659,0,0,1,1,0.11362696808752953,0,1,0,1,0,0,0,0,1,0
0,0,0,0,-1.232342780831989,1,0,0,0,0,0,1,0,1,0.4931119628730805,0.382414511243343,1.292857114078281,-0.56396873254911,-0.49692803731945906,0,1,1,1,-1.1890175950219577,0,1,0,1,0,0,0,0,0,1
1,0,0,0,-1.1514109446521854,1,0,0,0,0,1,1,0,1,-0.11323284676327314,-0.0788429766646747,-0.4030247489182845,-0.026393431304754394,-0.06819387034105659,0,1,1,0,-0.8817146912893039,1,0,0,1,0,0,0,0,1,0
0,1,0,0,0.5076916970337838,1,1,0,0,1,0,1,1,1,1.236586525097492,1.3339228148707403,-1.1944362849833432,0.5111818699396011,0.7892744636157483,1,0,1,1,0.9694195299080368,0,1,0,0,1,0,1,0,0,0
0,0,1,0,1.5598055673712277,1,0,1,0,1,1,1,1,0,0.5658072534016892,0.6160827285834664,-0.6144265676826279,1.5863324724283123,1.2180086305941509,1,0,0,0,1.1104484173343552,1,0,0,0,0,1,1,0,0,0
0,1,1,0,1.4788737311914244,1,1,0,1,0,1,1,1,0,1.3439772951965736,1.2088580516897176,1.5524798747135993,1.0487571711839567,1.2180086305941509,1,0,0,0,1.2153818748867637,0,1,0,0,0,1,0,1,0,0
1,0,1,0,0.7909531236630957,1,1,0,1,0,1,0,0,0,-0.11158068106944098,-0.12487368613791296,0.16114461531907742,-0.026393431304754394,0.3605402966373459,1,0,0,0,0.7167039134536405,1,0,0,1,0,0,1,0,0,0
0,1,0,0,-0.5848880913935618,1,1,0,1,0,1,1,1,1,1.2844993302186203,1.1732331527142128,1.2722812804914718,1.0487571711839567,1.2180086305941509,1,0,1,0,0.362815802254798,0,1,0,1,0,0,0,1,0,0
0,0,1,0,0.7504872055731939,0,0,0,1,0,0,1,1,1,-0.498187453426135,-0.4835738116427886,-0.1557325322496382,0.5111818699396011,-0.06819387034105659,0,0,0,0,0.5806329255873198,1,0,0,1,0,0,0,0,1,0
0,0,1,1,1.519339649281326,1,0,0,0,0,0,0,0,0,-1.4845303726438543,-1.4841486343395367,0.046704185193283836,-1.1015440337934654,-1.3543963712762639,1,0,0,0,0.19283709615631306,0,0,1,0,0,1,1,0,0,0
1,0,0,1,-1.1109450265622838,1,0,0,0,0,0,0,0,0,-1.466356550011702,-1.3291802385296234,-1.5725984475365986,-1.1015440337934654,-1.3543963712762639,1,1,0,0,-1.3293141396860388,0,0,1,1,0,0,0,1,0,0
0,0,1,1,1.6002714854611295,1,1,1,1,1,1,1,1,0,0.8665014096791182,0.9110531153164955,-0.5570727661668482,2.1239077736726677,2.0754769645509556,1,0,0,0,1.1834163520905843,1,0,0,0,0,1,0,1,0,0
0,1,0,0,-1.191876862742087,0,0,0,0,0,0,0,0,0,-1.3027921463223315,-1.279210677339588,-0.2340863257845262,-1.1015440337934654,-1.3543963712762639,0,1,1,0,-1.610076910503486,1,0,0,1,0,0,0,0,1,0
0,0,0,0,-0.7872176818430703,1,0,0,0,0,0,0,1,1,0.5211987796682247,0.4312013609259217,1.0469467466764804,-0.56396873254911,-0.49692803731945906,0,0,1,1,-0.0018389461717981772,0,1,0,1,0,0,0,0,1,0
0,0,1,1,-0.7467517637531685,1,1,0,0,0,0,1,0,1,0.6632850293377789,0.7001173728126414,-0.458718734566777,-0.56396873254911,-0.06819387034105659,0,0,0,1,0.10751650734960104,0,1,0,1,0,0,0,0,1,0
1,0,1,1,1.3574759769217193,1,0,1,1,1,0,1,1,1,1.2696298389741325,1.376913610172297,-1.313283874964151,1.5863324724283123,1.2180086305941509,1,0,0,0,1.2182850542261654,0,1,0,0,1,0,1,0,0,0
1,0,1,0,0.224430270404472,1,1,0,0,1,1,0,1,0,0.14120067008685888,0.18139468310147455,-0.4804833579057204,0.5111818699396011,0.7892744636157483,1,0,0,0,0.608620171805151,1,0,0,0,1,0,0,1,0,0
1,0,0,1,-1.0704791084723821,1,0,0,0,1,0,1,1,0,0.9838051739411919,1.0268022041719853,-0.5427238295865866,0.5111818699396011,0.3605402966373459,0,1,0,1,-0.3566980056360547,0,1,0,1,0,0,0,0,0,1
0,0,1,1,1.519339649281326,1,0,1,0,0,1,1,1,0,0.35102571320352594,0.4263045732305094,-0.902878270113497,1.0487571711839567,0.7892744636157483,1,0,0,0,1.0564884622619537,1,0,0,0,0,1,0,1,0,0
1,0,1,0,-0.22069482858444658,1,1,1,0,0,1,1,1,0,0.5327639395250487,0.5567893657990463,-0.30267243774054053,1.0487571711839567,1.2180086305941509,0,0,0,0,0.4881307167295652,1,0,0,0,1,0,0,0,0,1
0,0,0,0,0.3053621065842754,1,0,1,1,0,0,1,0,0,0.012331745967960703,-0.0030649607940716117,0.18176210039087104,0.5111818699396011,0.3605402966373459,0,0,1,0,0.5886301259646985,1,0,0,1,0,0,0,0,0,1
0,0,1,0,0.42675986085398043,1,0,1,0,1,1,1,1,1,0.46502514607793577,0.5182249593026395,-0.6455526282829385,1.5863324724283123,1.2180086305941509,0,0,0,0,0.7719484879640214,1,0,0,0,0,1,0,0,1,0
1,0,1,1,-0.1802289104945449,1,1,0,0,0,0,1,1,0,0.9078055520249189,0.8887975722668522,0.1935970723411805,-0.026393431304754394,0.3605402966373459,1,0,0,1,0.5842705872784046,0,1,0,0,1,0,1,0,0,0
1,0,1,1,-0.6253540094834634,1,0,1,0,1,0,1,0,1,0.8152842731703255,0.8504551975029498,-0.4443038206342236,0.5111818699396011,0.3605402966373459,0,0,0,0,0.262206566606581,0,1,0,1,0,0,0,0,1,0
1,0,0,0,-1.2728086989218905,1,0,0,1,0,0,0,0,0,-0.4651441395494945,-0.4643224487020898,0.006326045598127978,-0.56396873254911,-0.49692803731945906,0,1,1,0,-1.875653893125269,1,0,0,1,0,0,0,0,0,1
0,0,0,0,-0.8276835999329719,1,1,0,0,0,1,1,1,1,0.3675473701418462,0.2128749286342949,1.8175408705417693,0.5111818699396011,0.7892744636157483,0,0,1,0,-0.10815233125035698,1,0,0,0,1,0,0,0,0,1
1,0,0,0,-0.46349033712385673,1,1,0,1,0,0,0,0,1,0.5823289103400096,0.7738558147571201,-2.286409696931429,-0.56396873254911,-0.06819387034105659,0,0,1,1,0.3788106082342133,0,1,0,1,0,0,0,0,1,0
1,1,0,0,-1.2728086989218905,1,0,0,0,0,0,0,0,0,-0.6435780344833533,-0.6422360511808967,0.006326045598127978,-1.1015440337934654,-0.9256622042978615,1,1,1,0,-1.9451848509138148,1,0,0,1,0,0,1,0,0,0
1,0,0,0,-1.0300131903824803,0,0,1,0,1,0,0,0,0,-0.9723590075559264,-0.8867495868627491,-0.9794575003801689,-0.026393431304754394,-0.49692803731945906,0,0,1,0,-0.844134607916552,1,0,0,0,1,0,0,0,0,1
0,0,1,0,-0.9895472722925787,1,0,0,0,0,0,0,0,0,-1.47296521278703,-1.4895907666904922,0.24755062093815525,-1.1015440337934654,-1.3543963712762639,1,0,0,0,-1.174640114590699,0,0,1,1,0,0,1,0,0,0
1,0,0,0,-0.8276835999329719,0,0,0,1,0,1,0,0,0,-1.015315315595559,-0.9183041488544158,-1.1128910076630099,-0.026393431304754394,-0.49692803731945906,0,0,1,0,-0.5218562646091809,1,0,0,1,0,0,0,0,0,1
1,0,1,0,1.519339649281326,1,0,0,0,0,0,0,0,0,-1.4828782069500221,-1.4582382009626627,-0.24039831082468757,-1.1015440337934654,-1.3543963712762639,1,0,0,0,0.21747080867328225,0,0,1,0,0,1,0,1,0,0
0,1,1,0,0.871884959842899,1,0,0,0,0,0,0,0,1,-1.5126171894389986,-1.503982183351908,-0.049986762113123424,-1.1015440337934654,-1.3543963712762639,0,0,0,0,0.010046739851145617,0,0,1,0,0,1,0,0,0,1
1,0,1,0,0.7504872055731939,1,1,0,0,0,1,1,1,1,0.3460692161220301,0.38719505103398666,-0.49857815566814595,0.5111818699396011,0.7892744636157483,1,0,0,0,0.8474486977419298,1,0,0,0,0,1,1,0,0,0
0,0,1,0,-0.30162666476425,1,1,0,1,0,0,0,0,0,-0.3511447066750847,-0.32363891489014424,-0.31335743202421207,-0.56396873254911,-0.06819387034105659,0,0,0,0,0.19020761483969834,1,0,0,1,0,0,0,0,1,0
0,0,1,0,1.6002714854611295,1,1,1,1,0,1,1,1,1,0.716154331540404,0.6394694654420825,0.8826941156044925,1.5863324724283123,1.6467427975725533,1,0,0,0,1.124586071382116,1,0,0,0,0,1,1,0,0,0
0,0,1,1,-0.8681495180228737,1,0,0,0,0,0,0,0,0,-1.4481827273795498,-1.527161536910922,0.9845149571698106,-1.1015440337934654,-1.3543963712762639,1,0,0,0,-1.0129182876707028,0,0,1,0,0,1,0,1,0,0
0,0,1,1,1.6002714854611295,1,1,0,0,0,0,0,0,0,-1.3060964777099955,-1.3152006589109826,0.15279349257787572,-1.1015440337934654,-0.9256622042978615,1,0,0,0,0.3561615338170866,0,0,1,0,0,1,1,0,0,0
0,1,1,0,1.519339649281326,1,1,1,1,1,1,1,1,1,1.616584634678858,1.4979751591670052,1.347715689942043,2.1239077736726677,2.0754769645509556,0,0,0,0,1.276676436878875,0,1,0,0,0,1,0,0,1,0
0,1,0,0,-0.38255850094405336,1,1,0,0,1,0,0,0,1,0.483198968710088,0.49593828738219536,-0.16741497484879708,-0.56396873254911,-0.06819387034105659,0,0,1,1,0.37282149535054165,0,1,0,1,0,0,0,0,0,1
1,0,0,0,-0.949081354202677,1,1,1,0,0,0,0,0,1,0.5426769336880413,0.7386077935723127,-2.3371531060778308,-0.56396873254911,-0.06819387034105659,0,0,1,0,-0.16190570219576844,0,1,0,1,0,0,0,0,1,0
0,0,1,1,-0.7467517637531685,1,0,0,0,0,0,0,1,1,0.5344161052188812,0.5798609563223366,-0.5561832094516311,-0.56396873254911,-0.49692803731945906,1,0,0,1,0.08023035649461094,0,1,0,1,0,0,1,0,0,0
0,0,0,0,1.4384078131015228,1,0,1,1,1,1,1,1,1,0.5856332417276738,0.6027715548363756,-0.22300213060154392,2.1239077736726677,1.6467427975725533,1,0,1,0,1.0802144008090802,1,0,0,0,0,1,0,1,0,0
1,0,0,0,-1.191876862742087,1,0,0,0,0,0,0,0,1,-0.7080124965428023,-0.7751221369829685,0.8185300029719572,-1.1015440337934654,-0.9256622042978615,0,1,1,0,-1.3209238266975385,1,0,0,1,0,0,0,0,1,0
0,0,0,0,0.871884959842899,1,1,0,1,0,0,1,1,1,1.0730221214081213,0.9965398081399243,0.8679841994876144,0.5111818699396011,0.7892744636157483,1,0,1,1,1.0197449427171017,0,1,0,0,0,1,1,0,0,0
1,1,0,0,-1.2728086989218905,0,0,0,0,1,0,0,1,1,-0.8286205921925401,-0.8267390463441039,0.006326045598127978,-0.026393431304754394,-0.49692803731945906,0,1,1,0,-2.0264485583428344,1,0,0,1,0,0,0,0,1,0
1,0,0,0,1.6002714854611295,1,0,0,0,0,0,0,0,0,-1.5010520295821745,-1.4856783147841295,-0.13012421924067483,-1.1015440337934654,-1.3543963712762639,1,0,1,0,0.20907717762855357,0,0,1,0,0,1,1,0,0,0
0,0,1,1,0.022100679954963547,1,0,0,0,0,0,0,0,0,-1.474617378480862,-1.4638135117858924,-0.07696177839438756,-1.1015440337934654,-1.3543963712762639,0,0,0,0,-0.2607387637686919,0,0,1,0,0,1,0,0,0,1
0,0,1,0,1.0742145502924074,1,0,0,0,0,0,0,0,0,-1.530791012071151,-1.5423582603321486,0.18969141360184724,-1.1015440337934654,-1.3543963712762639,1,0,0,0,0.02615801657311588,0,0,1,0,0,1,1,0,0,0
0,0,0,1,1.6002714854611295,1,0,0,0,0,0,0,0,1,-1.4861825383376863,-1.4160320948837324,-0.7788044465299089,-1.1015440337934654,-1.3543963712762639,0,0,0,0,0.27336787768750404,0,0,1,0,0,1,0,0,0,1
1,0,0,0,0.7100212874832923,0,0,1,0,0,1,0,0,1,-0.9690546761682624,-0.9806672594516938,0.17084607920377004,-0.026393431304754394,-0.49692803731945906,0,0,1,0,0.34247633696904867,1,0,0,0,1,0,0,0,0,1
1,1,0,0,0.993282714112604,1,0,0,0,1,1,0,0,1,-0.37097069500106905,-0.37834243450870914,0.10002873373304509,-0.026393431304754394,-0.06819387034105659,0,0,1,0,0.6895657218211271,1,0,0,0,1,0,0,0,1,0
0,0,0,0,-0.7872176818430703,1,0,0,1,1,0,0,0,1,0.5426769336880413,0.28040564372522386,3.08470399849993,-0.026393431304754394,-0.06819387034105659,0,0,1,1,-0.039960458489319735,0,1,0,1,0,0,0,0,1,0
1,0,0,1,0.224430270404472,1,1,0,0,1,0,1,1,1,1.1407609148552342,1.1417986668528122,-0.051639668412339836,0.5111818699396011,0.7892744636157483,1,0,0,1,0.8270992856883345,0,1,0,1,0,0,1,0,0,0
1,0,0,0,0.34582802467417706,1,0,0,1,0,1,1,0,1,0.8202407702518213,0.8640830447835278,-0.5470819971627349,0.5111818699396011,0.3605402966373459,0,0,1,0,0.8191498936899154,0,1,0,0,1,0,0,0,1,0
0,0,1,0,1.114680468382309,0,0,1,1,1,0,0,1,0,-0.4849701278754789,-0.5343347459738426,0.6008593423957718,1.0487571711839567,0.3605402966373459,0,0,0,0,0.6632512541635158,1,0,0,0,1,0,0,0,1,0
0,0,0,0,-1.232342780831989,1,0,1,1,0,1,0,0,1,0.7111978344589077,0.8593218067768118,-1.7772738447948062,0.5111818699396011,0.3605402966373459,0,1,1,0,-1.0803602300357018,0,1,0,1,0,0,0,0,1,0
0,0,0,1,-0.54442217330366,1,1,1,1,0,1,1,0,1,0.3691995358356786,0.2522740057264379,1.3708286939861698,1.0487571711839567,1.2180086305941509,0,0,0,0,0.19139795794919265,1,0,0,1,0,0,0,0,0,1
0,0,1,1,1.3574759769217193,1,1,0,1,1,0,1,1,1,1.246499519260484,1.169173021868269,0.8719877907118416,1.0487571711839567,1.2180086305941509,1,0,0,1,1.1798765558177327,0,1,0,0,1,0,0,1,0,0
1,0,0,0,-1.2728086989218905,1,0,0,0,0,0,0,0,1,0.17093965257583552,0.1699065971714351,0.006326045598127978,-1.1015440337934654,-0.9256622042978615,0,1,1,1,-1.6761946307201587,0,1,0,1,0,0,0,0,1,0
0,0,1,1,-0.6658199275733652,1,0,0,0,0,0,0,0,0,-1.46470438431787,-1.471264018287004,0.12815663920420264,-1.1015440337934654,-1.3543963712762639,0,0,0,0,-0.7225822524460391,0,0,1,1,0,0,0,0,1,0
1,1,0,0,-0.018365238134938143,1,1,0,0,1,0,0,0,1,0.5410247679942088,0.5636742896946971,-0.2866765320244838,-0.56396873254911,-0.06819387034105659,1,0,1,1,0.5966712219665505,0,1,0,1,0,0,0,1,0,0
0,0,0,0,-1.2728086989218905,1,0,0,0,0,0,0,0,1,-1.5076606923575024,-1.5037991446662302,0.006326045598127978,-1.1015440337934654,-1.3543963712762639,0,1,1,0,-2.469894699241541,0,0,1,1,0,0,0,0,0,1
1,0,0,0,-1.2728086989218905,1,1,0,0,0,0,1,0,0,0.6533720351747868,0.6509322631326536,0.006326045598127978,-0.56396873254911,-0.06819387034105659,0,1,1,1,-1.558296059144403,0,1,0,1,0,0,0,0,1,0
1,1,0,0,-0.5848880913935618,1,1,0,0,1,1,1,0,0,0.9639791856152078,1.0589254935084365,-1.1567500213611985,0.5111818699396011,0.7892744636157483,1,0,1,0,0.34067467173906885,0,1,0,1,0,0,1,0,0,0
1,0,1,1,-1.3132746170117922,1,0,0,0,0,0,0,0,0,-1.4828782069500221,-1.4790889220997292,0.006326045598127978,-1.1015440337934654,-1.3543963712762639,0,1,0,0,-4.359284532484085,0,0,1,0,0,1,0,0,0,1
0,0,0,0,-0.949081354202677,0,0,0,1,0,0,0,1,0,-0.7922729469282356,-0.8174040733745369,0.324709996888671,-0.026393431304754394,-0.49692803731945906,0,0,1,0,-0.6524261929629951,1,0,0,1,0,0,0,0,1,0
0,1,0,0,-0.7467517637531685,1,1,0,0,1,0,0,0,1,0.5162422825867284,0.3569982823177991,1.8665051662577368,-0.56396873254911,-0.06819387034105659,1,0,1,1,0.026306661616174083,0,1,0,1,0,0,1,0,0,0
0,0,0,0,-0.9086154361127753,1,1,0,0,0,0,0,0,1,0.36424303875418235,0.4278813207657046,-0.7655925954899571,-1.1015440337934654,-0.49692803731945906,0,0,1,1,-0.16766365193015528,0,1,0,1,0,0,0,0,0,1
0,1,0,0,-0.42302441903395505,1,0,1,1,0,0,0,0,0,0.5608507563201934,0.5938741128427332,-0.41011307436445243,-0.026393431304754394,-0.06819387034105659,0,0,1,0,0.3678644440497292,0,1,0,1,0,0,0,0,1,0
1,0,1,0,1.5598055673712277,0,0,0,1,0,0,1,1,0,-0.5081004475891271,-0.5018634253336377,-0.05627085658144261,0.5111818699396011,-0.06819387034105659,0,0,0,0,0.781865933900319,1,0,0,0,0,1,0,0,1,0
0,0,1,0,1.4384078131015228,1,1,1,1,1,1,0,0,0,0.20398296645247604,0.2465325128359867,-0.510522331511879,1.0487571711839567,1.2180086305941509,1,0,0,0,0.9923925536874613,1,0,0,0,0,1,0,1,0,0
1,0,1,1,1.4788737311914244,1,0,0,0,0,1,1,1,1,1.0069354936548403,1.052598721546965,-0.5750707350193832,0.5111818699396011,0.3605402966373459,1,0,0,0,1.1852354348682368,0,1,0,0,0,1,0,1,0,0
1,0,0,0,-0.30162666476425,1,0,0,0,0,0,0,0,1,-1.47296521278703,-1.4262419927708392,-0.5020486554013012,-1.1015440337934654,-1.3543963712762639,0,0,1,0,-0.40092364964959876,0,0,1,1,0,0,0,0,0,1
1,1,1,0,-0.22069482858444658,0,0,0,0,0,0,0,1,0,-0.9327070309039577,-0.8737799885632946,-0.6650958924975721,-0.56396873254911,-0.9256622042978615,1,0,0,0,0.010595556874386635,1,0,0,1,0,0,1,0,0,0
0,0,0,0,-0.7872176818430703,1,0,1,1,0,1,0,1,0,0.10154869343489017,0.0014969264489743525,1.180398104595747,1.0487571711839567,0.7892744636157483,1,0,1,0,-0.11719666822074302,1,0,0,1,0,0,1,0,0,0
1,0,0,0,1.519339649281326,1,1,1,0,0,1,1,1,1,1.2977166557692768,1.2793485233167252,0.17257259275887518,1.0487571711839567,1.2180086305941509,1,0,1,0,1.2375813320949234,0,1,0,0,0,1,0,1,0,0
1,0,1,0,1.5598055673712277,1,0,1,0,0,1,0,0,0,-0.3379273811244285,-0.3798436502376485,0.507650358667858,-0.026393431304754394,-0.06819387034105659,1,0,0,0,0.8272742485565272,1,0,0,0,0,1,1,0,0,0
0,0,1,1,-0.09929707431474152,1,0,0,1,1,1,1,1,0,0.5311117738312168,0.4689552018318001,0.7171669490917011,1.5863324724283123,1.2180086305941509,1,0,0,0,0.533547239919999,1,0,0,0,0,1,1,0,0,0
0,0,0,1,-0.6253540094834634,1,1,0,1,1,1,0,0,1,0.924327208963239,0.8841773835937039,0.44319622125850083,0.5111818699396011,0.7892744636157483,1,0,0,0,0.2692787981466102,0,1,0,1,0,0,0,1,0,0
1,0,0,0,1.6002714854611295,0,0,1,1,1,1,1,1,1,-0.03392889345933573,-0.09000833649101957,0.6647527203758475,2.1239077736726677,1.2180086305941509,1,0,1,0,0.9323847698060154,1,0,0,0,0,1,1,0,0,0
1,0,0,0,0.2648961884943737,1,1,0,0,0,0,0,0,1,0.2783304226749172,0.17391936835744776,1.2258815262086844,-1.1015440337934654,-0.49692803731945906,1,0,1,1,0.6229332979272411,0,1,0,1,0,0,0,1,0,0
1,0,0,0,0.42675986085398043,0,0,0,0,1,1,0,1,0,-0.6799256797476578,-0.6533077633075924,-0.2915072567244444,0.5111818699396011,-0.06819387034105659,0,0,1,0,0.40490717759430633,1,0,0,0,1,0,0,0,1,0
1,0,1,0,1.2360782226520142,1,1,0,1,1,0,1,1,1,1.2448473535666522,1.2369436895219164,0.050571823085539286,1.0487571711839567,1.2180086305941509,0,0,0,1,1.1633790648991151,0,1,0,1,0,0,0,0,1,0
0,0,0,0,0.5076916970337838,1,1,1,1,1,1,1,1,1,1.682671262432139,1.6195729877394915,0.6885773697921461,2.1239077736726677,2.0754769645509556,0,0,1,0,1.0192599837407843,0,1,0,1,0,0,0,0,1,0
0,0,0,0,-1.0300131903824803,1,1,0,0,0,0,0,0,1,0.3427648847343658,0.46948862885863246,-1.5113350633232632,-1.1015440337934654,-0.49692803731945906,1,0,1,1,-0.38176682360168196,0,1,0,1,0,0,1,0,0,0
1,0,0,0,-1.2728086989218905,1,0,0,0,0,0,0,0,0,0.1940699722894835,0.19296947156683564,0.006326045598127978,-1.1015440337934654,-0.9256622042978615,0,1,1,1,-1.6700085897416865,0,1,0,1,0,0,0,0,0,1
1,0,0,0,-0.949081354202677,1,0,1,0,0,0,0,0,0,0.35928654167268603,0.288698704176317,0.8228617574112878,-0.56396873254911,-0.49692803731945906,0,0,1,0,-0.2690466745491919,0,1,0,1,0,0,0,0,1,0
1,0,1,1,-1.2728086989218905,1,0,0,0,0,0,1,1,1,0.8384145928839735,0.8354352582958606,0.006326045598127978,-0.026393431304754394,-0.06819387034105659,0,1,0,1,-1.518350447068776,0,1,0,1,0,0,0,0,1,0
1,0,0,0,-1.2728086989218905,1,0,0,0,0,0,0,0,1,-0.6336650403203612,-0.6323519621542963,0.006326045598127978,-1.1015440337934654,-0.9256622042978615,0,1,1,0,-1.9411138526698568,1,0,0,1,0,0,0,0,0,1
1,1,1,0,0.871884959842899,0,0,0,0,0,0,0,0,1,-1.3143573061791556,-1.3004126584305982,-0.11965581267896902,-1.1015440337934654,-1.3543963712762639,1,0,0,0,0.18641559632405844,1,0,0,1,0,0,1,0,0,0
1,0,1,1,1.0742145502924074,1,0,0,1,1,1,1,1,0,0.39728635263082285,0.40321577204791165,-0.08386989217667268,1.5863324724283123,1.2180086305941509,1,0,0,0,0.9431625415285496,1,0,0,0,1,0,0,1,0,0
1,0,1,1,1.4788737311914244,1,0,1,1,1,0,0,0,1,-0.16444998327206584,-0.189740545574237,0.3049345961873935,0.5111818699396011,0.3605402966373459,1,0,0,0,0.874089501129794,1,0,0,0,0,1,1,0,0,0
0,0,1,0,1.6002714854611295,1,1,0,0,0,0,0,0,0,-1.3275746317298118,-1.3319715784862096,0.09783435812891235,-1.1015440337934654,-0.9256622042978615,0,0,0,0,0.34312367650684283,0,0,1,0,0,1,0,0,1,0
1,0,0,1,-1.2728086989218905,0,0,0,0,0,0,0,0,0,-1.3391397915866359,-1.3357696312140235,0.006326045598127978,-1.1015440337934654,-1.3543963712762639,0,1,0,0,-2.3275166193013055,1,0,0,1,0,0,0,0,0,1
0,0,0,0,1.1956123045621125,1,0,0,0,0,0,0,0,1,-1.5043563609698385,-1.5359755742662653,0.4260520906667973,-1.1015440337934654,-1.3543963712762639,1,0,1,0,0.06411837786723491,0,0,1,0,0,1,0,1,0,0
