gender,SeniorCitizen,Partner,Dependents,tenure,PhoneService,MultipleLines,OnlineSecurity,OnlineBackup,DeviceProtection,TechSupport,StreamingTV,StreamingMovies,PaperlessBilling,MonthlyCharges,AvgMonthlyCharge,ChargeIncrease,NumAddonServices,NumServices,IsAutoPayment,IsNewCustomer,LivesAlone,FiberNoSupport,LogTotalCharges,InternetService_DSL,InternetService_Fiber_optic,InternetService_No,Contract_Month_to_month,Contract_One_year,Contract_Two_year,PaymentMethod_Bank_transfer_automatic,PaymentMethod_Credit_card_automatic,PaymentMethod_Electronic_check,PaymentMethod_Mailed_check
1,0,1,0,62,1,0,0,1,1,1,0,0,1,60.15,60.53548387096774,-0.3854838709677395,3,5,1,0,0,0,8.230630492232374,1,0,0,0,0,1,0,1,0,0
0,0,1,1,60,0,0,0,1,0,0,1,1,1,49.75,51.1575,-1.4074999999999989,3,4,0,0,0,0,8.029579409644032,1,0,0,1,0,0,0,0,1,0
1,0,0,0,53,1,0,0,0,1,0,0,1,1,61.1,63.35660377358491,-2.2566037735849065,2,4,0,0,1,0,8.119368818404027,1,0,0,0,1,0,0,0,1,0
0,1,1,0,43,0,0,0,1,1,0,1,1,0,55.55,54.46976744186046,1.0802325581395351,4,5,1,0,0,0,7.759272795513524,1,0,0,1,0,0,0,1,0,0
0,0,0,0,72,1,0,1,1,1,1,0,1,1,73.0,73.12777777777778,-0.12777777777778,5,7,1,0,1,0,8.569064318826127,1,0,0,0,0,1,0,1,0,0
0,0,1,1,28,1,0,0,0,0,0,0,0,0,19.9,19.392857142857142,0.5071428571428562,0,1,0,0,0,0,6.298949246855942,0,0,1,0,1,0,0,0,0,1
0,0,0,0,4,1,1,0,0,0,1,1,0,1,64.4,63.25,1.1500000000000057,2,5,0,1,1,0,5.537334267018537,1,0,0,1,0,0,0,0,0,1
0,0,0,0,56,1,1,0,1,0,1,1,1,1,105.45,105.65982142857142,-0.2098214285714164,4,7,1,0,1,0,8.685745384124193,0,1,0,1,0,0,1,0,0,0
0,0,0,0,1,1,1,0,0,0,0,1,1,1,94.6,94.6,0.0,2,5,0,1,1,1,4.560172820057356,0,1,0,1,0,0,0,0,1,0
0,0,0,0,1,1,0,0,0,0,0,0,0,0,19.55,19.55,0.0,0,1,0,1,1,0,3.022860940942244,0,0,1,1,0,0,0,0,0,1
1,0,1,1,37,1,1,1,0,1,1,0,0,1,62.8,61.58783783783784,1.2121621621621586,3,6,1,0,0,0,7.731821066813775,1,0,0,0,0,1,0,1,0,0
1,1,1,0,1,1,1,0,0,0,0,0,0,1,74.4,74.4,0.0,0,3,0,1,0,1,4.32280727501391,0,1,0,1,0,0,0,0,1,0
1,0,0,0,11,1,0,0,0,1,0,0,1,0,84.8,80.79545454545455,4.00454545454545,2,4,0,0,1,1,6.790940524390302,0,1,0,1,0,0,0,0,1,0
1,0,1,1,4,1,0,0,0,0,0,0,0,1,69.55,71.225,-1.6749999999999972,0,2,0,1,0,1,5.655642099328266,0,1,0,1,0,0,0,0,0,1
1,0,1,1,57,1,0,0,0,0,0,0,0,0,19.4,18.62456140350877,0.7754385964912274,0,1,0,0,0,0,6.968474014016842,0,0,1,0,1,0,0,0,0,1
1,0,0,0,27,1,1,0,0,1,0,0,0,1,81.3,84.17777777777779,-2.877777777777794,1,4,0,0,1,1,7.729207719695006,0,1,0,1,0,0,0,0,1,0
0,0,0,0,55,1,0,1,0,0,0,0,0,1,50.55,51.50454545454546,-0.9545454545454604,1,3,1,0,1,0,7.949356201821739,1,0,0,1,0,0,0,1,0,0
0,0,1,1,52,1,0,0,0,1,0,0,0,1,50.95,50.204807692307696,0.7451923076923066,1,3,1,0,0,0,7.867737484480717,1,0,0,0,1,0,1,0,0,0
1,0,0,0,27,1,1,0,0,1,1,0,0,0,59.45,59.69074074074074,-0.24074074074074048,2,5,0,0,1,0,7.385634067599347,1,0,0,1,0,0,0,0,1,0
0,0,1,1,70,1,1,1,1,1,1,1,1,1,89.0,89.90285714285714,-0.9028571428571439,6,9,1,0,0,0,8.74738385341438,1,0,0,0,0,1,1,0,0,0
1,0,0,0,17,1,0,0,0,0,0,0,0,0,21.1,22.679411764705883,-1.5794117647058812,0,1,1,0,1,0,5.957261225766484,0,0,1,1,0,0,0,1,0,0
0,0,1,1,70,1,1,1,1,0,0,1,0,1,69.2,69.605,-0.40500000000000114,3,6,1,0,0,0,8.491536864602452,1,0,0,0,0,1,0,1,0,0
1,0,1,1,30,1,1,0,0,0,0,1,0,0,85.45,83.66499999999999,1.7850000000000108,1,4,0,0,0,1,7.828416446573827,0,1,0,1,0,0,0,0,1,0
0,1,0,0,3,1,0,0,0,0,0,0,0,0,45.0,42.36666666666667,2.633333333333333,0,2,0,1,1,0,4.852811208902689,1,0,0,1,0,0,0,0,1,0
0,0,0,0,39,1,0,0,0,0,0,0,0,0,20.7,19.55,1.1499999999999986,0,1,1,0,1,0,6.63784763462952,0,0,1,0,0,1,0,1,0,0
1,0,1,0,10,1,0,0,0,0,0,1,0,1,79.95,85.72,-5.769999999999996,1,3,0,0,0,1,6.7548371725574246,0,1,0,1,0,0,0,0,1,0
0,0,0,1,1,1,0,1,0,0,0,0,0,1,73.6,73.6,0.0,1,3,0,1,0,0,4.312140507209715,0,1,0,1,0,0,0,0,0,1
1,0,0,0,28,1,1,1,1,0,0,0,1,1,94.5,94.97857142857143,-0.47857142857142776,3,6,1,0,1,0,7.886231766410266,0,1,0,1,0,0,0,1,0,0
0,0,0,0,1,1,0,0,0,0,0,0,0,0,45.35,45.35,0.0,0,2,0,1,1,0,3.836221292011864,1,0,0,1,0,0,0,0,0,1
0,0,1,1,43,1,0,0,1,0,0,0,0,0,50.2,50.45116279069768,-0.251162790697677,1,3,0,0,0,0,7.682666761344722,1,0,0,1,0,0,0,0,0,1
1,0,1,0,72,1,1,0,0,0,0,0,0,0,24.8,26.031944444444445,-1.2319444444444443,0,2,1,0,0,0,7.536523925605876,0,0,1,0,0,1,0,1,0,0
1,0,0,0,1,1,0,0,0,0,0,0,0,0,19.45,19.45,0.0,0,1,0,1,1,0,3.017982882488811,0,0,1,1,0,0,0,0,1,0
1,0,0,0,1,1,0,0,0,0,0,0,0,1,20.45,20.45,0.0,0,1,0,1,1,0,3.065724645374026,0,0,1,1,0,0,0,0,0,1
1,1,0,0,31,1,1,0,0,1,1,1,0,1,96.6,92.83709677419354,3.762903225806454,3,6,1,0,1,0,7.965180923319997,0,1,0,1,0,0,1,0,0,0
0,1,0,0,64,1,0,1,1,0,1,1,0,1,70.2,70.015625,0.18437500000000284,4,6,1,0,1,0,8.407824654360873,1,0,0,0,0,1,0,1,0,0
1,0,0,0,8,1,0,0,0,0,0,0,0,1,20.45,20.2875,0.16249999999999787,0,1,1,0,1,0,5.095588999976419,0,0,1,1,0,0,0,1,0,0
1,1,0,0,1,1,0,0,0,0,1,0,0,0,74.7,74.7,0.0,1,3,0,1,1,0,4.3267781604434035,0,1,0,1,0,0,0,0,1,0
1,0,1,1,29,1,0,1,0,0,0,1,1,0,94.65,91.35000000000001,3.299999999999997,3,5,1,0,0,0,7.88237152115192,0,1,0,1,0,0,0,1,0,0
1,0,0,0,66,1,1,0,1,0,1,1,1,1,104.25,103.94848484848485,0.3015151515151473,4,7,0,0,1,0,8.833695929676212,0,1,0,0,1,0,0,0,1,0
0,0,0,0,6,1,0,0,0,0,0,0,0,0,19.55,20.741666666666667,-1.1916666666666664,0,1,0,1,1,0,4.8319072728124315,0,0,1,0,0,1,0,0,0,1
1,0,0,1,1,1,0,0,0,0,0,0,0,1,19.2,19.2,0.0,0,1,0,1,0,0,3.005682604407159,0,0,1,1,0,0,0,0,0,1
1,0,0,0,72,1,0,1,1,1,1,1,0,1,75.1,74.11597222222223,0.9840277777777686,5,7,1,0,1,0,8.582484554097485,1,0,0,0,0,1,1,0,0,0
1,0,0,0,31,1,0,0,0,0,0,0,0,0,20.4,19.648387096774194,0.751612903225805,0,1,1,0,1,0,6.413622878157807,0,0,1,0,0,1,1,0,0,0
0,0,0,0,20,1,0,0,0,0,0,0,0,1,44.35,46.3575,-2.0075000000000003,0,2,0,0,1,0,6.833193357655232,1,0,0,1,0,0,0,0,1,0
0,0,0,1,26,1,0,0,1,1,1,1,1,1,105.45,104.4346153846154,1.0153846153846047,5,7,0,0,0,0,7.907025939132466,0,1,0,0,0,1,0,0,1,0
1,0,0,0,18,1,1,0,0,1,1,1,1,1,82.0,79.19166666666666,2.808333333333337,4,7,1,0,1,0,7.2629441192155655,1,0,0,0,1,0,0,1,0,0
0,0,1,0,4,1,0,0,0,0,0,0,0,0,20.5,19.7625,0.7375000000000007,0,1,1,1,0,0,4.382651439442724,0,0,1,0,1,0,1,0,0,0
0,0,1,0,55,1,1,0,1,1,0,1,1,1,103.65,103.21181818181817,0.4381818181818318,4,7,1,0,0,1,8.64429269370997,0,1,0,1,0,0,0,1,0,0
1,0,1,0,71,1,1,1,1,1,1,0,1,0,80.4,80.66408450704225,-0.2640845070422415,5,8,1,0,0,0,8.653147895448441,1,0,0,0,0,1,0,1,0,0
1,0,1,1,8,1,1,1,1,0,1,0,1,1,76.15,80.725,-4.574999999999989,4,7,1,0,0,0,6.472037127702952,1,0,0,0,0,1,0,1,0,0
0,1,0,0,3,1,0,0,0,0,0,0,0,1,70.4,68.23333333333333,2.1666666666666714,0,2,0,1,1,1,5.326418796658912,0,1,0,1,0,0,0,0,1,0
1,0,0,1,66,1,1,0,0,0,0,0,0,1,25.3,25.36060606060606,-0.060606060606058776,0,2,1,0,0,0,7.423449034144988,0,0,1,0,0,1,0,1,0,0
1,0,1,0,69,1,0,1,1,1,1,1,1,1,84.7,85.20144927536231,-0.5014492753623045,6,8,0,0,0,0,8.679295033945333,1,0,0,0,0,1,0,0,0,1
0,0,0,0,9,1,0,0,0,0,0,1,1,1,88.4,87.62222222222222,0.7777777777777857,2,4,0,0,1,1,6.671526488119272,0,1,0,1,0,0,0,0,0,1
0,0,0,1,3,1,0,1,0,0,1,0,0,1,55.1,51.550000000000004,3.549999999999997,2,4,0,1,0,0,5.047609896887617,1,0,0,1,0,0,0,0,0,1
1,0,0,0,72,1,1,1,1,1,1,1,1,0,92.0,92.12152777777777,-0.12152777777777146,6,9,1,0,1,0,8.799925534142105,1,0,0,0,0,1,1,0,0,0
1,1,0,0,13,1,0,0,0,0,0,1,1,1,90.5,92.39615384615385,-1.896153846153851,2,4,0,0,1,1,7.091866899322588,0,1,0,1,0,0,0,0,1,0
0,0,1,1,56,1,1,1,1,1,1,1,0,0,81.25,82.50714285714285,-1.2571428571428527,5,8,1,0,0,0,8.438452968474406,1,0,0,0,0,1,0,1,0,0
0,0,0,0,1,1,0,0,1,1,0,0,0,1,82.3,82.3,0.0,2,4,0,1,1,1,4.422448549172797,0,1,0,1,0,0,0,0,1,0
1,0,0,1,1,1,0,0,0,0,0,0,0,1,19.45,19.45,0.0,0,1,0,1,0,0,3.017982882488811,0,0,1,1,0,0,0,0,0,1
1,0,0,0,3,1,0,0,0,0,0,0,0,0,19.85,21.516666666666666,-1.6666666666666643,0,1,0,1,1,0,4.182813210209709,0,0,1,1,0,0,0,0,0,1
0,0,0,0,1,0,0,0,0,0,0,0,0,0,25.85,25.85,0.0,0,1,0,1,1,0,3.2902658209548736,1,0,0,0,1,0,0,0,0,1
1,0,0,0,52,1,0,0,0,0,0,0,0,0,21.0,21.292307692307695,-0.2923076923076948,0,1,1,0,1,0,7.010492356433249,0,0,1,0,0,1,1,0,0,0
0,0,1,0,52,1,1,0,1,1,0,1,1,1,105.05,108.17019230769232,-3.120192307692321,4,7,0,0,0,1,8.635127326767599,0,1,0,1,0,0,0,0,1,0
0,0,0,0,29,0,0,0,0,0,0,0,0,1,25.1,24.58103448275862,0.5189655172413801,0,1,1,0,1,0,6.5706728562352295,1,0,0,1,0,0,0,1,0,0
1,0,0,0,2,1,0,0,1,0,0,0,0,0,74.95,75.875,-0.9249999999999972,1,3,0,1,1,1,5.028802598051705,0,1,0,1,0,0,0,0,1,0
1,0,1,1,25,1,1,0,0,0,0,0,0,0,25.5,25.224,0.2759999999999998,0,2,1,0,0,0,6.448256282381487,0,0,1,0,0,1,0,1,0,0
0,0,0,0,3,1,0,0,0,0,0,0,0,1,20.0,20.566666666666666,-0.5666666666666664,0,1,0,1,1,0,4.138361447638875,0,0,1,1,0,0,0,0,0,1
1,0,0,0,1,1,0,0,0,0,0,0,0,1,42.9,42.9,0.0,0,2,0,1,1,0,3.7819143200811256,1,0,0,1,0,0,0,0,1,0
0,0,0,1,43,1,0,1,1,0,0,0,1,1,63.95,63.65232558139535,0.29767441860465027,3,5,0,0,0,0,7.915001267186403,1,0,0,1,0,0,0,0,1,0
0,0,0,0,16,1,0,0,1,0,0,0,1,1,86.25,83.75625,2.4937500000000057,2,4,0,0,1,1,7.201245451716894,0,1,0,1,0,0,0,0,1,0
0,1,0,0,27,1,1,1,1,1,0,1,1,1,110.5,105.83703703703704,4.662962962962965,5,8,1,0,1,0,7.958087273475015,0,1,0,0,1,0,1,0,0,0
0,0,1,1,7,1,0,0,0,0,0,0,0,0,20.65,19.150000000000002,1.4999999999999964,0,1,0,0,0,0,4.9056450802386244,0,0,1,0,1,0,0,0,0,1
1,0,1,0,72,1,1,1,1,1,1,1,1,1,117.8,120.6222222222222,-2.8222222222222086,6,9,1,0,0,0,9.069444787271305,0,1,0,0,1,0,1,0,0,0
0,0,0,0,46,1,1,1,1,0,0,0,0,0,84.25,83.64347826086956,0.6065217391304429,2,5,0,0,1,0,8.255464724786458,0,1,0,1,0,0,0,0,0,1
1,0,1,0,16,1,1,0,0,0,0,0,0,1,75.4,74.3375,1.0625,0,3,0,0,0,1,7.082044664078827,0,1,0,1,0,0,0,0,1,0
1,0,1,0,30,1,0,0,0,0,0,0,0,0,19.8,19.221666666666668,0.5783333333333331,0,1,1,0,0,0,6.358968148929027,0,0,1,0,1,0,0,1,0,0
0,0,1,0,15,1,0,0,0,0,0,1,1,0,88.15,92.70666666666666,-4.556666666666658,2,4,0,0,0,1,7.238209443277787,0,1,0,1,0,0,0,0,1,0
0,0,1,0,72,1,1,0,0,0,0,0,0,1,25.25,25.572222222222223,-0.32222222222222285,0,2,1,0,0,0,7.518715788554135,0,0,1,0,0,1,1,0,0,0
1,0,1,0,33,1,1,1,1,1,0,1,0,1,72.75,74.1651515151515,-1.415151515151507,4,7,1,0,0,0,7.803210450268153,1,0,0,1,0,0,1,0,0,0
1,0,0,0,8,1,1,0,1,0,0,1,1,0,100.85,102.44375,-1.59375,3,6,0,0,1,1,6.709974847125637,0,1,0,1,0,0,0,0,1,0
0,1,0,0,2,1,1,0,0,0,0,0,0,1,75.45,79.2,-3.75,0,3,0,1,1,1,5.071416766356115,0,1,0,1,0,0,0,0,0,1
0,0,1,1,58,1,1,1,1,0,0,0,1,1,93.4,93.71724137931035,-0.3172413793103459,3,6,1,0,0,0,8.60090914445607,0,1,0,1,0,0,1,0,0,0
1,0,0,0,5,1,0,0,0,0,0,0,0,1,19.25,17.21,2.039999999999999,0,1,0,1,1,0,4.466482666214198,0,0,1,1,0,0,0,0,0,1
0,0,1,1,52,1,0,1,0,1,1,0,0,1,84.05,83.20769230769231,0.8423076923076849,3,5,1,0,0,0,8.372814608737682,0,1,0,1,0,0,1,0,0,0
0,1,1,0,71,1,1,1,1,1,1,0,1,1,82.7,82.12957746478872,0.5704225352112786,5,8,1,0,0,0,8.671149566653297,1,0,0,0,0,1,1,0,0,0
0,0,1,0,58,1,1,1,0,0,1,0,1,1,68.4,68.48706896551724,-0.08706896551723275,3,6,0,0,0,0,8.287339678576929,1,0,0,0,1,0,0,0,1,0
1,0,0,0,1,1,0,0,0,0,0,0,0,0,44.6,44.6,0.0,0,2,0,1,1,0,3.8199077165203406,1,0,0,1,0,0,0,0,0,1
1,0,0,0,64,1,1,1,1,1,1,1,0,0,81.25,86.99296875,-5.742968750000003,5,8,0,0,1,0,8.62488997587159,1,0,0,0,1,0,0,0,1,0
0,0,1,1,69,1,0,0,0,0,0,0,0,0,19.8,20.82536231884058,-1.0253623188405783,0,1,1,0,0,0,7.27097376716188,0,0,1,0,0,1,0,1,0,0
0,0,1,1,19,0,0,0,0,0,0,0,0,1,24.85,22.88421052631579,1.965789473684211,0,1,0,0,0,0,6.07718342251052,1,0,0,1,0,0,0,0,0,1
0,0,1,0,11,1,1,1,0,0,1,1,0,1,96.2,111.09545454545454,-14.895454545454541,3,6,1,0,0,0,7.109103017925889,0,1,0,1,0,0,0,1,0,0
0,0,0,0,70,1,1,1,1,1,0,1,1,1,111.15,110.53642857142857,0.6135714285714329,5,8,0,0,1,0,8.953969610532432,0,1,0,0,0,1,0,0,0,1
1,0,1,0,45,1,0,1,0,1,0,0,0,0,53.3,51.02777777777778,2.2722222222222186,2,4,1,0,0,0,7.7394680343809945,1,0,0,0,0,1,0,1,0,0
1,0,1,0,59,1,1,1,0,0,1,0,1,1,69.1,69.43898305084745,-0.3389830508474603,3,6,0,0,0,0,8.31822992635372,1,0,0,0,1,0,0,0,0,1
1,0,1,0,3,1,1,0,0,0,0,0,0,1,23.6,29.683333333333334,-6.083333333333332,0,2,0,1,0,0,4.500365071621965,0,0,1,1,0,0,0,0,0,1
1,1,0,0,52,1,1,0,1,1,1,1,1,1,110.75,112.15384615384616,-1.4038461538461604,5,8,0,0,1,0,8.671286726753637,0,1,0,1,0,0,0,0,1,0
1,1,1,0,61,1,1,0,0,0,0,0,0,0,25.0,24.618852459016395,0.3811475409836049,0,2,1,0,0,0,7.315052041919271,0,0,1,0,0,1,1,0,0,0
0,1,0,0,14,0,0,1,0,1,1,0,0,0,39.7,49.45357142857143,-9.753571428571426,3,4,0,0,1,0,6.541534922199873,1,0,0,0,0,1,0,0,0,1
1,1,0,0,8,1,1,0,0,1,0,0,0,1,81.25,73.24375,8.006249999999994,1,4,0,0,1,1,6.374939637324531,0,1,0,1,0,0,0,0,1,0
0,0,1,0,62,1,0,1,1,1,0,1,0,1,72.0,69.1,2.9000000000000057,4,6,1,0,0,0,8.362922504388402,1,0,0,0,0,1,0,1,0,0
0,1,0,0,2,1,0,0,0,0,0,0,0,1,70.35,69.525,0.8249999999999886,0,2,0,1,1,1,4.941999501706118,0,1,0,1,0,0,0,0,1,0
1,0,0,1,21,1,1,1,0,0,0,0,0,0,80.35,83.2,-2.8500000000000085,1,4,0,0,0,0,7.466341966146388,0,1,0,1,0,0,0,0,1,0
0,0,1,1,70,1,0,0,0,0,0,0,0,1,20.15,20.16,-0.010000000000001563,0,1,1,0,0,0,7.252904051082247,0,0,1,0,0,1,0,1,0,0
0,1,0,0,49,1,1,1,1,1,1,0,1,0,103.0,105.43265306122449,-2.432653061224485,5,8,1,0,1,0,8.550086234718263,0,1,0,0,1,0,1,0,0,0
0,0,0,0,43,1,1,0,1,1,0,1,1,1,104.6,110.69418604651163,-6.094186046511638,4,7,0,0,1,1,8.468181502712058,0,1,0,0,0,1,0,0,1,0
1,1,1,0,21,1,0,0,0,1,0,1,0,0,86.55,88.44047619047619,-1.8904761904761926,2,4,1,0,0,1,7.5273904636054025,0,1,0,1,0,0,1,0,0,0
1,0,0,0,15,0,0,0,0,1,0,1,1,0,50.75,45.88,4.869999999999997,3,4,0,0,1,0,6.5355315046537745,1,0,0,0,1,0,0,0,1,0
0,0,0,0,2,1,0,0,0,0,0,0,0,1,45.4,40.475,4.924999999999997,0,2,0,1,1,0,4.406109305189839,1,0,0,1,0,0,0,0,1,0
0,0,1,1,53,1,0,0,0,0,0,0,0,1,19.85,19.612264150943396,0.23773584905660528,0,1,1,0,0,0,6.947408590858789,0,0,1,0,1,0,1,0,0,0
1,0,1,1,62,1,1,1,1,0,0,1,1,1,105.5,104.63225806451612,0.8677419354838776,4,7,0,0,0,0,8.7777404214607,0,1,0,1,0,0,0,0,1,0
0,1,1,1,48,0,0,0,1,0,0,0,0,0,29.9,28.932291666666668,0.9677083333333307,1,2,1,0,0,0,7.236879153833579,1,0,0,0,1,0,1,0,0,0
1,0,0,0,9,1,0,0,0,0,0,0,0,1,70.5,66.43333333333334,4.066666666666663,0,2,0,0,1,1,6.395094639270416,0,1,0,1,0,0,0,0,1,0
1,0,1,1,19,0,0,1,1,0,0,0,0,1,34.95,32.11578947368421,2.8342105263157933,2,3,0,0,0,0,6.415424237852311,1,0,0,1,0,0,0,0,0,1
1,0,0,0,3,1,0,0,0,0,0,0,0,1,20.75,22.366666666666664,-1.6166666666666636,0,1,1,1,1,0,4.220977213155467,0,0,1,1,0,0,0,1,0,0
1,0,1,1,55,1,0,0,0,1,1,0,0,1,55.25,56.72545454545455,-1.4754545454545465,2,4,1,0,0,0,8.045876700744959,1,0,0,0,0,1,0,1,0,0
1,0,0,0,30,1,0,0,0,0,0,0,0,0,19.7,20.834999999999997,-1.134999999999998,0,1,0,0,1,0,6.439430240114957,0,0,1,0,1,0,0,0,0,1
0,0,0,0,50,1,0,0,0,0,0,0,0,0,19.75,19.781,-0.030999999999998806,0,1,1,0,1,0,6.897755446903804,0,0,1,0,1,0,1,0,0,0
0,0,1,0,4,1,1,0,1,0,0,1,0,1,91.65,91.35,0.30000000000001137,2,5,0,1,0,1,5.903725632799975,0,1,0,1,0,0,0,0,1,0
0,0,0,0,12,1,0,1,0,0,0,1,0,1,85.15,81.58749999999999,3.562500000000014,2,4,1,0,1,0,6.887603590771284,0,1,0,0,1,0,0,1,0,0
0,0,1,0,49,1,0,0,1,1,0,1,1,0,99.4,102.55102040816327,-3.1510204081632622,4,6,0,0,0,1,8.522379718103538,0,1,0,1,0,0,0,0,1,0
0,0,0,0,23,1,0,1,0,0,0,0,0,1,75.0,77.32608695652173,-2.326086956521735,1,3,1,0,1,0,7.484087704950247,0,1,0,1,0,0,1,0,0,0
1,0,1,0,8,1,0,0,0,0,0,0,0,0,20.25,19.79375,0.4562500000000007,0,1,0,0,0,0,5.0711030408633455,0,0,1,1,0,0,0,0,0,1
1,0,0,1,20,1,0,0,0,0,0,0,0,1,19.4,18.725,0.6749999999999972,0,1,0,0,0,0,5.928258471204189,0,0,1,1,0,0,0,0,1,0
0,0,0,0,5,1,0,0,0,0,0,0,0,1,44.05,40.43,3.6199999999999974,0,2,1,1,1,0,5.313944622433736,1,0,0,1,0,0,0,1,0,0
0,1,0,0,2,1,0,0,0,0,0,0,0,0,43.95,42.55,1.4000000000000057,0,2,0,1,1,0,4.455509411433685,1,0,0,1,0,0,0,0,1,0
1,1,1,0,16,1,1,0,0,0,0,1,0,1,85.05,86.946875,-1.8968750000000085,1,4,1,0,0,1,7.238604593709511,0,1,0,1,0,0,0,1,0,0
1,0,0,0,2,1,0,0,0,0,0,0,0,1,19.65,19.4,0.25,0,1,0,1,1,0,3.6838669122903918,0,0,1,1,0,0,0,0,0,1
0,0,0,0,66,1,1,0,0,0,0,0,0,1,25.15,25.509090909090908,-0.35909090909090935,0,2,1,0,1,0,7.4292834258812634,0,0,1,0,0,1,0,1,0,0
1,1,0,0,1,1,0,0,0,0,0,0,0,1,71.65,71.65,0.0,0,2,0,1,1,1,4.285653390016292,0,1,0,1,0,0,0,0,1,0
1,0,0,0,1,1,0,0,0,0,0,0,0,1,71.35,71.35,0.0,0,2,0,1,1,1,4.281515453077493,0,1,0,1,0,0,0,0,0,1
1,0,0,0,2,0,0,0,0,0,0,0,0,1,24.9,24.85,0.04999999999999716,0,1,1,1,1,0,3.9259259105971376,1,0,0,1,0,0,0,1,0,0
0,0,1,1,2,0,0,0,0,0,1,0,0,0,29.05,22.375,6.675000000000001,1,2,1,1,0,0,3.82319179172153,1,0,0,1,0,0,1,0,0,0
1,0,0,0,2,1,0,1,0,0,1,0,0,1,54.45,43.65,10.800000000000004,2,4,0,1,1,0,4.480740107609915,1,0,0,1,0,0,0,0,0,1
0,1,0,0,35,0,0,0,0,1,0,1,0,1,39.85,40.988571428571426,-1.1385714285714243,2,3,0,0,1,0,7.2693381592734525,1,0,0,1,0,0,0,0,1,0
1,0,1,0,51,1,1,1,0,1,1,1,1,1,111.55,112.16372549019609,-0.6137254901960887,5,8,0,0,0,0,8.651960070512938,0,1,0,0,1,0,0,0,1,0
1,0,1,1,53,1,0,0,0,0,0,0,0,1,19.4,20.95,-1.5500000000000007,0,1,0,0,0,0,7.013330771530775,0,0,1,0,0,1,0,0,0,1
1,0,1,1,17,1,1,0,1,1,1,0,0,1,66.7,63.35588235294117,3.3441176470588303,3,6,0,0,0,0,6.982909132582561,1,0,0,1,0,0,0,0,0,1
1,1,0,0,4,1,0,0,0,0,0,0,0,1,70.65,73.4625,-2.8125,0,2,0,1,1,1,5.686466752446513,0,1,0,1,0,0,0,0,1,0
0,0,1,1,3,0,0,1,0,0,0,0,0,0,29.7,30.566666666666666,-0.8666666666666671,1,2,1,1,0,0,4.529368472571809,1,0,0,1,0,0,0,1,0,0
0,0,0,0,50,1,0,0,0,0,0,0,0,0,19.4,20.479,-1.0790000000000006,0,1,1,0,1,0,6.932399109894897,0,0,1,0,0,1,0,1,0,0
1,0,1,1,70,1,1,0,0,0,0,0,0,0,25.35,24.502142857142857,0.8478571428571442,0,2,0,0,0,0,7.447838688815063,0,0,1,0,0,1,0,0,0,1
0,0,1,1,55,1,0,0,0,0,0,0,0,0,20.0,19.76818181818182,0.2318181818181806,0,1,1,0,0,0,6.992326180432407,0,0,1,1,0,0,0,1,0,0
1,0,1,1,62,1,1,0,0,0,0,0,0,1,24.25,22.97741935483871,1.272580645161291,0,2,1,0,0,0,7.262348056716545,0,0,1,0,0,1,1,0,0,0
0,0,1,1,8,1,1,0,1,0,0,0,0,0,55.75,55.85,-0.10000000000000142,1,4,0,0,0,0,6.104346704164654,1,0,0,1,0,0,0,0,1,0
1,0,1,1,19,1,1,0,0,1,1,1,1,0,103.3,105.93157894736842,-2.631578947368425,4,7,0,0,0,0,7.60772910488436,0,1,0,1,0,0,0,0,1,0
0,0,1,0,72,1,1,1,1,1,1,1,1,0,88.05,90.56666666666666,-2.5166666666666657,6,9,1,0,0,0,8.782905690439021,1,0,0,0,0,1,1,0,0,0
0,1,1,0,2,1,0,0,0,0,0,0,0,1,69.3,76.9,-7.6000000000000085,0,2,0,1,0,1,5.042133961155627,0,1,0,1,0,0,0,0,1,0
1,0,1,0,55,1,1,0,0,0,0,0,0,0,25.7,26.24818181818182,-0.5481818181818205,0,2,1,0,0,0,7.275622356674983,0,0,1,0,0,1,1,0,0,0
1,0,0,0,18,1,0,0,0,0,0,0,0,0,20.05,19.916666666666668,0.13333333333333286,0,1,0,0,1,0,5.884714177161102,0,0,1,1,0,0,0,0,0,1
1,0,1,1,46,1,0,0,0,0,0,0,0,1,20.2,19.944565217391304,0.25543478260869534,0,1,0,0,0,0,6.822687466592074,0,0,1,0,0,1,0,0,0,1
1,0,1,1,67,1,1,1,1,1,0,1,1,1,111.3,111.67313432835822,-0.37313432835821914,5,8,0,0,0,0,8.92040242361528,0,1,0,0,1,0,0,0,1,0
0,0,1,0,10,1,0,0,0,0,0,0,0,1,20.55,25.275,-4.724999999999998,0,1,0,0,0,0,5.536349530355997,0,0,1,1,0,0,0,0,0,1
1,1,1,0,70,1,1,1,1,1,1,1,1,0,90.05,90.47714285714285,-0.4271428571428544,6,9,1,0,0,0,8.753750376351865,1,0,0,0,0,1,0,1,0,0
0,1,1,0,43,1,1,0,0,1,1,1,1,1,107.55,105.43953488372092,2.110465116279073,4,7,0,0,0,0,8.419558311589467,0,1,0,0,1,0,0,0,1,0
1,0,1,1,69,1,1,0,1,1,1,1,1,1,81.95,81.17971014492753,0.7702898550724768,5,8,1,0,0,0,8.630950356341307,1,0,0,0,0,1,1,0,0,0
0,0,1,1,15,1,0,0,1,1,1,1,1,0,76.5,77.03999999999999,-0.539999999999992,5,7,1,0,0,0,7.053239945724118,1,0,0,1,0,0,1,0,0,0
0,0,0,0,2,1,0,0,0,0,0,0,0,0,68.95,59.875,9.075000000000003,0,2,0,1,1,1,4.793722292532682,0,1,0,1,0,0,0,0,1,0
1,0,1,1,1,1,0,0,0,0,0,0,0,0,19.75,19.75,0.0,0,1,0,1,0,0,3.0325462466767075,0,0,1,1,0,0,0,0,1,0
1,0,0,0,2,1,0,0,0,0,0,0,0,0,44.9,55.525,-10.625,0,2,1,1,1,0,4.718945200246936,1,0,0,1,0,0,1,0,0,0
1,0,0,0,59,1,0,0,0,1,0,0,1,1,61.35,61.78813559322034,-0.4381355932203377,2,4,1,0,1,0,8.201523082424288,1,0,0,0,1,0,1,0,0,0
0,0,0,0,8,1,0,0,0,0,0,0,0,0,20.0,17.7,2.3000000000000007,0,1,0,0,1,0,4.960043507980195,0,0,1,0,0,1,0,0,0,1
0,0,1,1,13,1,0,0,0,0,0,1,1,0,88.35,94.06153846153846,-5.711538461538467,2,4,0,0,0,1,7.10971605102844,0,1,0,1,0,0,0,0,1,0
1,0,0,0,43,1,1,0,0,0,0,1,1,0,94.35,91.19302325581396,3.1569767441860392,2,5,0,0,1,1,8.274433495416885,0,1,0,0,1,0,0,0,0,1
1,0,1,1,70,0,0,0,1,1,1,1,1,0,60.35,59.12428571428571,1.2257142857142895,5,6,0,0,0,0,8.328378600425618,1,0,0,0,1,0,0,0,1,0
1,0,1,0,14,0,0,0,0,0,0,1,1,0,46.35,47.69285714285714,-1.3428571428571416,2,3,0,0,0,0,6.505335529059933,1,0,0,1,0,0,0,0,1,0
0,0,1,1,16,1,0,0,0,0,0,0,0,0,19.7,18.846875,0.8531249999999986,0,1,0,0,0,0,5.71224655306833,0,0,1,0,0,1,0,0,0,1
0,0,1,1,71,1,1,0,0,0,0,0,0,0,24.7,25.500704225352113,-0.8007042253521135,0,2,1,0,0,0,7.501938111389494,0,0,1,0,0,1,1,0,0,0
0,0,0,0,66,1,1,0,0,1,0,1,0,1,92.15,91.77121212121212,0.37878787878788955,2,5,1,0,1,1,8.709118484352887,0,1,0,0,1,0,1,0,0,0
0,0,1,1,57,1,0,1,1,0,0,0,0,0,53.45,53.56140350877193,-0.11140350877192873,2,4,0,0,0,0,8.024207485778577,1,0,0,0,1,0,0,0,1,0
0,0,1,0,58,1,1,1,0,0,1,0,0,1,61.05,59.97844827586207,1.071551724137926,2,5,1,0,0,0,8.15471573110751,1,0,0,0,1,0,1,0,0,0
0,0,0,0,57,0,0,1,0,1,1,0,0,1,41.1,39.61842105263158,1.481578947368419,3,4,1,0,1,0,7.722788178782065,1,0,0,0,1,0,0,1,0,0
0,0,1,0,24,1,1,1,1,1,0,0,0,0,66.3,64.97708333333334,1.3229166666666572,3,6,0,0,0,0,7.352729520185014,1,0,0,1,0,0,0,0,0,1
1,0,0,0,46,1,0,0,0,0,0,0,0,1,45.2,44.8945652173913,0.3054347826086996,0,2,1,0,1,0,7.633442251109864,1,0,0,1,0,0,0,1,0,0
0,0,0,0,69,1,1,0,0,0,0,0,0,0,24.6,24.319565217391304,0.2804347826086975,0,2,1,0,1,0,7.425983436264869,0,0,1,0,0,1,0,1,0,0
0,0,0,0,63,1,1,1,1,1,0,1,0,0,98.0,98.70555555555555,-0.7055555555555486,4,7,1,0,1,0,8.735436757386255,0,1,0,0,0,1,0,1,0,0
0,0,1,0,53,1,1,0,0,0,1,0,1,1,91.15,91.74528301886792,-0.5952830188679172,2,5,0,0,0,0,8.489513622309495,0,1,0,0,1,0,0,0,1,0
0,0,1,1,53,1,1,1,1,1,1,0,1,1,104.05,105.02641509433961,-0.9764150943396146,5,8,1,0,0,0,8.624683437587189,0,1,0,0,0,1,1,0,0,0
1,0,0,0,3,0,0,0,0,0,0,0,0,0,24.75,22.316666666666666,2.4333333333333336,0,1,0,1,1,0,4.218772140597153,1,0,0,1,0,0,0,0,1,0
0,0,1,1,68,1,1,0,1,1,1,1,1,0,85.3,81.76470588235294,3.535294117647055,5,8,1,0,0,0,8.623533227187563,1,0,0,0,0,1,1,0,0,0
1,0,1,1,23,0,0,0,0,0,1,0,0,1,30.35,29.51086956521739,0.8391304347826107,1,2,1,0,0,0,6.52172508351258,1,0,0,1,0,0,1,0,0,0
0,0,0,0,1,1,0,0,0,0,0,1,0,1,79.65,79.65,0.0,1,3,0,1,1,1,4.390118804571218,0,1,0,1,0,0,0,0,1,0
0,1,0,0,46,1,1,1,1,1,0,1,1,1,110.0,105.97391304347826,4.026086956521738,5,8,0,0,1,0,8.492039472532698,0,1,0,0,1,0,0,0,1,0
0,0,1,1,61,1,0,0,0,1,1,1,1,1,73.8,75.67295081967214,-1.8729508196721412,4,6,1,0,0,0,8.437511251991344,1,0,0,0,0,1,1,0,0,0
1,0,1,1,27,1,1,0,0,0,0,0,0,1,75.75,71.44444444444444,4.305555555555557,0,3,1,0,0,1,7.5652752818989315,0,1,0,1,0,0,1,0,0,0
1,0,0,0,56,1,0,0,1,0,1,1,1,1,75.75,76.51160714285713,-0.7616071428571303,4,6,1,0,1,0,8.363027511476478,1,0,0,0,1,0,1,0,0,0
1,0,1,0,62,1,1,0,0,0,0,0,0,1,23.75,23.335483870967742,0.41451612903225765,0,2,1,0,0,0,7.277800441859041,0,0,1,0,1,0,0,1,0,0
0,0,0,0,6,1,1,0,1,0,0,1,0,1,90.1,86.88333333333333,3.2166666666666686,2,5,0,1,1,1,6.258242135442253,0,1,0,1,0,0,0,0,1,0
1,0,1,0,65,1,1,0,1,0,0,1,0,1,91.85,91.39769230769231,0.4523076923076843,2,5,1,0,0,1,8.689775811678336,0,1,0,1,0,0,1,0,0,0
1,0,1,0,72,1,1,1,1,1,1,1,1,0,114.45,116.32013888888888,-1.8701388888888744,6,9,1,0,0,0,9.03313172196904,0,1,0,0,0,1,0,1,0,0
0,1,1,1,56,1,0,1,0,0,1,1,1,1,72.6,72.93482142857142,-0.3348214285714306,4,6,1,0,0,0,8.315162682938405,1,0,0,0,0,1,0,1,0,0
0,0,0,0,1,1,0,0,0,0,1,1,1,1,95.85,95.85,0.0,3,5,0,1,1,0,4.573163389853005,0,1,0,1,0,0,0,0,1,0
0,0,1,1,26,1,0,1,1,0,0,0,0,0,81.95,79.6173076923077,2.332692307692298,2,4,0,0,0,0,7.635811004030272,0,1,0,1,0,0,0,0,1,0
1,0,1,1,34,1,0,0,0,0,0,0,0,0,19.6,19.96470588235294,-0.3647058823529399,0,1,1,0,0,0,6.521798637262015,0,0,1,0,1,0,0,1,0,0
0,0,0,0,26,1,1,0,0,1,0,0,0,1,80.7,84.34615384615384,-3.6461538461538368,1,4,0,0,1,1,7.693481640835175,0,1,0,1,0,0,0,0,1,0
0,0,1,1,51,1,1,1,1,0,0,0,1,1,93.8,89.00686274509805,4.79313725490195,3,6,0,0,0,0,8.420759380574932,0,1,0,1,0,0,0,0,1,0
0,0,1,0,6,1,0,0,0,0,0,0,0,0,45.65,53.90833333333333,-8.258333333333333,0,2,0,1,0,0,5.782131441067177,1,0,0,1,0,0,0,0,0,1
1,0,1,0,72,1,0,0,0,0,0,0,0,0,19.7,19.748611111111114,-0.04861111111111427,0,1,1,0,0,0,7.260452321551646,0,0,1,0,0,1,0,1,0,0
1,1,0,0,2,1,1,0,0,0,0,0,0,1,74.85,78.2,-3.3500000000000085,0,3,0,1,1,1,5.058790335983303,0,1,0,1,0,0,0,0,0,1
1,0,0,0,9,1,0,0,0,0,0,0,0,1,19.9,18.288888888888888,1.6111111111111107,0,1,0,0,1,0,5.109575241951159,0,0,1,0,1,0,0,0,1,0
1,0,0,0,26,1,0,0,1,1,1,0,0,1,85.2,84.02307692307691,1.1769230769230887,3,5,0,0,1,0,7.689645669376471,0,1,0,0,1,0,0,0,1,0
1,0,1,0,71,1,1,1,1,1,0,1,1,1,109.6,110.6218309859155,-1.0218309859155,5,8,0,0,0,0,8.968924646624515,0,1,0,0,1,0,0,0,1,0
0,0,1,0,70,1,0,0,0,0,0,0,0,0,19.8,19.966428571428573,-0.16642857142857181,0,1,1,0,0,0,7.2432627646664995,0,0,1,0,0,1,1,0,0,0
0,0,1,1,12,0,0,1,0,0,1,0,0,0,33.15,37.0625,-3.9125000000000014,2,3,1,0,0,0,6.09975825674325,1,0,0,0,1,0,0,1,0,0
1,0,0,0,4,1,0,0,0,0,0,0,0,1,45.9,49.9375,-4.037500000000001,0,2,0,1,1,0,5.302060352826871,1,0,0,1,0,0,0,0,1,0
1,0,0,0,57,0,0,1,0,1,0,1,1,1,53.75,56.07017543859649,-2.3201754385964932,4,5,0,0,1,0,8.069968149059841,1,0,0,1,0,0,0,0,1,0
1,0,0,0,63,1,0,1,1,1,1,1,1,0,109.2,111.90079365079364,-2.700793650793642,6,8,1,0,1,0,8.86088927312677,0,1,0,0,0,1,0,1,0,0
0,1,0,0,20,1,1,0,1,1,0,0,1,1,94.1,89.12,4.97999999999999,3,6,0,0,1,1,7.486276933700779,0,1,0,1,0,0,0,0,1,0
1,0,0,0,11,1,0,0,1,1,1,0,0,1,60.9,62.59090909090909,-1.690909090909095,3,5,0,0,1,0,6.5359666972333565,1,0,0,1,0,0,0,0,1,0
1,1,0,0,38,1,0,0,1,1,1,1,0,1,70.15,65.71973684210526,4.430263157894743,4,6,1,0,1,0,7.823385792960413,1,0,0,0,1,0,0,1,0,0
1,0,0,0,70,1,1,1,1,1,1,1,1,1,114.95,110.16071428571429,4.789285714285711,6,9,1,0,1,0,8.950565252777409,0,1,0,0,0,1,1,0,0,0
1,0,1,0,53,1,1,1,0,1,1,1,0,0,77.4,78.41415094339622,-1.014150943396217,4,7,1,0,0,0,8.332536911275563,1,0,0,0,1,0,1,0,0,0
0,0,1,0,34,1,1,1,1,0,1,0,0,0,62.65,66.90882352941176,-4.258823529411764,3,6,0,0,0,0,7.7301308575498675,1,0,0,1,0,0,0,0,1,0
1,0,1,1,3,1,0,0,1,1,0,0,0,1,56.15,56.050000000000004,0.09999999999999432,2,4,0,1,0,0,5.130785895226717,1,0,0,1,0,0,0,0,0,1
1,0,1,0,72,1,1,0,1,1,0,1,1,0,82.15,80.3375,1.8125,4,7,1,0,0,0,8.66307549653729,1,0,0,0,0,1,1,0,0,0
0,0,0,0,8,1,0,0,1,0,0,0,0,0,75.6,66.94375,8.65625,1,3,0,0,1,1,6.285159754373137,0,1,0,1,0,0,0,0,1,0
1,1,0,0,65,1,0,0,1,1,0,1,1,1,99.1,99.94076923076922,-0.8407692307692258,4,6,1,0,1,1,8.7791188981929,0,1,0,1,0,0,1,0,0,0
1,0,0,0,10,1,1,1,0,0,0,1,1,0,98.55,100.85499999999999,-2.3049999999999926,3,6,0,0,1,0,6.917259965996383,0,1,0,1,0,0,0,0,1,0
1,0,1,1,54,1,0,0,1,0,1,0,0,1,79.95,80.77870370370371,-0.8287037037037095,2,4,1,0,0,0,8.38092663306253,0,1,0,0,0,1,1,0,0,0
1,0,0,0,12,1,0,0,0,0,0,0,0,0,20.05,22.120833333333334,-2.070833333333333,0,1,1,0,1,0,5.5851866087427915,0,0,1,1,0,0,0,1,0,0
0,0,1,1,45,0,0,1,0,0,0,1,1,1,50.9,51.86333333333333,-0.9633333333333312,3,4,1,0,0,0,7.755702928210837,1,0,0,1,0,0,1,0,0,0
0,0,0,0,72,1,1,0,1,1,1,1,1,0,86.6,88.20138888888889,-1.6013888888888914,5,8,1,0,1,0,8.756446284463516,1,0,0,0,0,1,1,0,0,0
0,0,0,0,25,1,0,1,0,0,1,1,1,1,76.15,79.718,-3.567999999999998,4,6,1,0,1,0,7.597872874981718,1,0,0,1,0,0,0,1,0,0
0,0,1,1,64,1,1,0,1,0,0,0,0,1,53.85,53.12265625,0.7273437500000028,1,4,1,0,0,0,8.13178067935946,1,0,0,0,1,0,1,0,0,0
1,0,0,0,69,1,0,0,0,0,0,0,0,1,19.1,18.389130434782608,0.7108695652173935,0,1,0,0,1,0,7.146654062240853,0,0,1,0,0,1,0,0,0,1
1,0,1,1,68,1,0,1,0,1,0,0,0,0,80.35,79.04632352941177,1.303676470588229,2,4,1,0,0,0,8.589727783599452,0,1,0,0,0,1,0,1,0,0
1,0,1,1,25,1,1,0,0,0,0,0,0,1,25.4,21.874000000000002,3.5259999999999962,0,2,1,0,0,0,6.306001526851403,0,0,1,1,0,0,1,0,0,0
0,1,1,0,70,1,1,0,1,0,1,1,1,1,105.55,102.79071428571429,2.75928571428571,4,7,1,0,0,0,8.881329232019924,0,1,0,0,1,0,1,0,0,0
0,0,1,1,72,1,1,0,0,0,0,0,0,1,23.3,22.543750000000003,0.7562499999999979,0,2,1,0,0,0,7.3927398809883025,0,0,1,0,1,0,1,0,0,0
0,0,1,1,4,1,1,0,1,0,1,0,0,1,58.5,56.2125,2.2875000000000014,2,5,0,1,0,0,5.419871062100613,1,0,0,1,0,0,0,0,0,1
0,0,1,1,36,0,0,1,0,1,1,0,0,0,40.65,42.981944444444444,-2.3319444444444457,3,4,1,0,0,0,7.344945126784543,1,0,0,0,0,1,0,1,0,0
1,1,0,0,4,1,0,1,0,0,0,0,0,0,75.35,68.35,7.0,1,3,0,1,1,0,5.61458689585173,0,1,0,1,0,0,0,0,1,0
0,0,0,0,45,1,1,1,0,0,1,0,1,0,73.55,74.42444444444445,-0.8744444444444497,3,6,0,0,1,0,8.116745475119856,1,0,0,0,0,1,0,0,0,1
0,0,0,0,1,1,0,0,0,0,0,1,1,0,90.6,90.6,0.0,2,4,0,1,1,1,4.517431271680085,0,1,0,1,0,0,0,0,1,0
0,0,1,1,6,1,0,0,0,0,0,0,0,0,20.1,16.724999999999998,3.3750000000000036,0,1,0,1,0,0,4.618579872898009,0,0,1,0,0,1,0,0,0,1
0,0,1,0,14,1,0,0,0,0,0,0,1,1,78.1,80.17142857142858,-2.0714285714285836,1,3,0,0,0,1,7.0241150800983325,0,1,0,1,0,0,0,0,1,0
1,0,1,0,72,1,1,1,1,1,1,1,1,1,115.55,117.01805555555555,-1.4680555555555515,6,9,0,0,0,0,9.039113045987753,0,1,0,0,0,1,0,0,1,0
0,0,1,1,41,1,1,1,1,0,0,1,0,1,94.3,94.96585365853659,-0.6658536585365908,3,6,1,0,0,0,8.267346257267478,0,1,0,1,0,0,1,0,0,0
0,0,1,0,11,1,0,0,0,0,0,0,0,1,44.05,43.97272727272727,0.07727272727272805,0,2,0,0,0,0,6.18353014285133,1,0,0,1,0,0,0,0,1,0
0,0,1,1,22,1,1,0,0,0,0,0,0,1,75.8,73.41363636363636,2.3863636363636402,0,3,1,0,0,1,7.387771118354598,0,1,0,1,0,0,1,0,0,0
1,0,0,0,46,0,0,1,0,1,1,0,0,0,38.25,38.15978260869565,0.0902173913043498,3,4,0,0,1,0,7.470993070962844,1,0,0,0,0,1,0,0,0,1
1,0,1,0,72,1,1,0,0,0,0,0,0,0,25.85,26.00277777777778,-0.15277777777777857,0,2,1,0,0,0,7.535403477309386,0,0,1,0,0,1,0,1,0,0
0,0,1,0,71,0,0,0,1,1,1,1,1,1,61.4,60.70915492957747,0.690845070422526,5,6,1,0,0,0,8.36900635911107,1,0,0,0,0,1,0,1,0,0
1,0,0,0,29,0,0,0,1,0,1,0,0,0,34.3,34.64655172413793,-0.34655172413793167,2,3,0,0,1,0,6.9134888108298975,1,0,0,1,0,0,0,0,1,0
1,0,1,0,72,1,1,1,1,1,1,1,1,1,115.8,117.01249999999999,-1.2124999999999915,6,9,1,0,0,0,9.039065574441002,0,1,0,0,0,1,1,0,0,0
0,0,0,0,6,0,0,0,0,0,1,1,1,1,49.25,42.6,6.649999999999999,3,4,0,1,1,0,5.547518452181536,1,0,0,0,1,0,0,0,0,1
1,0,0,0,1,1,0,0,0,0,0,0,1,1,80.8,80.8,0.0,1,3,0,1,1,1,4.404277243608702,0,1,0,1,0,0,0,0,1,0
0,0,0,0,43,1,0,0,1,0,1,0,0,0,55.45,56.843023255813954,-1.3930232558139508,2,4,0,0,1,0,7.8019026461706025,1,0,0,0,1,0,0,0,1,0
0,0,1,0,41,0,0,0,1,0,1,0,0,0,35.45,33.94268292682927,1.5073170731707322,2,3,0,0,0,0,7.238963685928251,1,0,0,0,1,0,0,0,0,1
1,1,1,0,25,1,1,1,0,0,0,0,1,1,89.05,87.098,1.9519999999999982,2,5,0,0,0,0,7.686368893721923,0,1,0,0,1,0,0,0,1,0
1,0,0,0,6,1,0,0,0,1,0,1,0,0,60.9,69.01666666666667,-8.116666666666667,2,4,0,1,1,0,6.028519455058993,1,0,0,1,0,0,0,0,0,1
0,0,0,0,35,1,1,0,0,1,0,1,1,1,100.25,100.78857142857143,-0.53857142857143,3,6,0,0,1,1,8.168656470693966,0,1,0,1,0,0,0,0,1,0
1,0,1,0,60,1,1,0,0,0,0,0,0,0,24.15,25.098333333333336,-0.9483333333333377,0,2,1,0,0,0,7.3178098394241085,0,0,1,0,1,0,1,0,0,0
0,1,1,0,3,1,0,0,0,0,1,1,0,1,83.9,89.13333333333333,-5.23333333333332,2,4,0,1,0,0,5.592478405097527,0,1,0,1,0,0,0,0,0,1
1,0,1,0,50,1,1,0,0,0,1,1,1,0,99.4,101.195,-1.7949999999999875,3,6,0,0,0,0,8.529269972641687,0,1,0,0,1,0,0,0,1,0
1,0,1,1,58,1,0,0,1,0,0,1,1,1,92.85,91.46637931034483,1.3836206896551602,3,5,0,0,0,1,8.576602957947669,0,1,0,1,0,0,0,0,1,0
0,0,0,0,7,1,1,0,1,0,0,0,0,1,78.55,74.70714285714287,3.8428571428571274,1,4,1,0,1,1,6.261396259920951,0,1,0,1,0,0,1,0,0,0
0,0,1,0,65,1,1,0,1,1,1,1,1,1,107.65,108.96692307692308,-1.316923076923075,5,8,1,0,0,0,8.865572824200845,0,1,0,0,0,1,1,0,0,0
0,0,1,1,70,1,0,0,1,1,1,1,1,1,80.4,81.68357142857144,-1.2835714285714346,5,7,1,0,0,0,8.651523015209746,1,0,0,0,0,1,1,0,0,0
0,0,0,0,53,1,1,0,1,1,0,1,1,0,105.55,107.2122641509434,-1.6622641509434004,4,7,0,0,1,1,8.645278531179455,0,1,0,0,0,1,0,0,1,0
1,1,1,1,24,1,1,1,0,0,0,0,0,1,79.85,77.40625,2.4437499999999943,1,4,0,0,0,0,7.527659497774365,0,1,0,1,0,0,0,0,1,0
0,0,1,0,21,1,1,1,0,1,0,1,1,1,104.4,104.77380952380952,-0.3738095238095127,4,7,1,0,0,0,7.696780659810416,0,1,0,1,0,0,1,0,0,0
1,1,1,0,31,1,1,1,0,0,0,1,0,0,89.45,90.56935483870969,-1.1193548387096826,2,5,0,0,0,0,7.940459219839479,0,1,0,1,0,0,0,0,1,0
1,0,1,0,4,1,1,0,0,0,0,0,0,1,74.65,75.35,-0.6999999999999886,0,3,0,1,0,1,5.711750644305378,0,1,0,1,0,0,0,0,1,0
1,0,0,0,10,1,0,0,0,0,0,0,0,1,70.0,74.0,-4.0,0,2,0,0,1,1,6.608000625296087,0,1,0,1,0,0,0,0,1,0
0,1,1,0,47,1,1,1,1,1,0,0,0,1,67.45,69.19148936170212,-1.741489361702122,3,6,1,0,0,0,8.087332926473351,1,0,0,1,0,0,0,1,0,0
0,0,1,1,5,1,0,0,0,0,0,0,0,0,44.8,44.089999999999996,0.7100000000000009,0,2,0,1,0,0,5.400196830369207,1,0,0,1,0,0,0,0,0,1
1,0,0,0,18,1,0,0,0,0,0,0,0,0,19.65,22.84722222222222,-3.197222222222223,0,1,0,0,1,0,6.021629961439708,0,0,1,0,1,0,0,0,0,1
0,0,1,0,72,0,0,1,1,1,1,1,1,0,65.5,68.32916666666667,-2.8291666666666657,6,7,1,0,0,0,8.501206075788788,1,0,0,0,0,1,1,0,0,0
0,0,1,0,47,1,1,1,1,1,0,1,0,1,98.75,96.46170212765956,2.2882978723404364,4,7,0,0,0,0,8.419514208211142,0,1,0,1,0,0,0,0,1,0
0,0,1,1,10,1,1,0,0,0,0,0,1,0,85.95,85.86,0.09000000000000341,1,4,0,0,0,1,6.756467164768355,0,1,0,1,0,0,0,0,1,0
0,0,1,1,54,1,1,1,0,0,1,0,0,0,60.0,60.6287037037037,-0.6287037037036995,2,5,1,0,0,0,8.094057880777235,1,0,0,0,0,1,1,0,0,0
1,1,0,0,16,1,1,0,0,0,0,1,0,1,86.6,80.0625,6.537499999999994,1,4,0,0,1,1,7.156176637480615,0,1,0,1,0,0,0,0,1,0
1,0,0,0,40,1,1,0,1,1,0,1,1,1,102.65,102.70374999999999,-0.053749999999979536,4,7,0,0,1,1,8.320971473449527,0,1,0,1,0,0,0,0,0,1
0,1,1,0,54,1,1,0,1,0,0,1,1,1,101.5,99.50185185185185,1.9981481481481467,3,6,1,0,0,1,8.589346397115445,0,1,0,0,1,0,0,1,0,0
0,0,0,0,2,1,0,1,0,1,0,0,0,1,80.45,68.55,11.900000000000006,2,4,0,1,1,0,4.9279780604152466,0,1,0,1,0,0,0,0,1,0
0,0,1,0,72,1,1,1,0,1,0,1,1,1,105.5,104.77777777777777,0.7222222222222285,4,7,0,0,0,0,8.928640371201949,0,1,0,0,0,1,0,0,1,0
0,0,0,1,9,1,0,1,0,1,1,0,1,0,93.0,96.69444444444444,-3.694444444444443,4,6,1,0,0,0,6.769928962074734,0,1,0,1,0,0,1,0,0,0
1,0,0,0,62,1,0,0,0,0,0,0,0,1,20.05,19.381451612903227,0.6685483870967737,0,1,1,0,1,0,7.092282734325254,0,0,1,0,0,1,0,1,0,0
0,0,0,0,17,1,1,0,0,1,1,1,0,1,69.0,65.17647058823529,3.82352941176471,3,6,0,0,1,0,7.011213987350367,1,0,0,1,0,0,0,0,0,1
1,1,0,0,24,1,1,0,1,0,0,1,1,1,101.25,101.67291666666667,-0.4229166666666657,3,6,0,0,1,1,7.80022451873029,0,1,0,1,0,0,0,0,1,0
0,0,0,1,1,1,0,1,0,0,0,0,0,0,49.9,49.9,0.0,1,3,0,1,0,0,3.929862923556477,1,0,0,1,0,0,0,0,0,1
1,0,0,0,22,1,0,1,0,0,1,0,0,0,55.1,56.96136363636364,-1.8613636363636417,2,4,0,0,1,0,7.134213331264177,1,0,0,1,0,0,0,0,0,1
0,0,0,0,4,1,0,0,1,0,0,1,1,1,68.65,65.3125,3.3375000000000057,3,5,1,1,1,0,5.569298247276406,1,0,0,1,0,0,1,0,0,0
0,1,1,0,56,1,1,1,1,1,1,0,0,0,95.65,97.70982142857143,-2.059821428571425,4,7,0,0,0,0,8.607536511313839,0,1,0,0,1,0,0,0,1,0
0,1,1,0,72,1,1,0,1,1,1,1,1,1,110.8,109.47569444444444,1.3243055555555543,5,8,1,0,0,0,8.972495534371573,0,1,0,0,0,1,0,1,0,0
1,0,0,0,69,1,0,0,0,0,0,0,0,0,19.95,20.280434782608694,-0.33043478260869463,0,1,1,0,1,0,7.2444774843585575,0,0,1,0,0,1,0,1,0,0
0,0,0,0,58,1,0,1,1,1,1,0,0,1,64.9,65.43879310344828,-0.5387931034482705,4,6,1,0,1,0,8.24182169854154,1,0,0,0,0,1,0,1,0,0
0,0,0,0,28,1,1,1,0,1,0,0,0,0,59.0,59.0875,-0.08749999999999858,2,5,0,0,1,0,7.411828154175417,1,0,0,0,1,0,0,0,0,1
1,0,1,0,68,1,1,1,1,0,1,1,1,1,107.7,107.66029411764706,0.0397058823529477,5,8,0,0,0,0,8.898625136116282,0,1,0,1,0,0,0,0,1,0
0,1,0,0,56,1,1,0,1,1,0,1,1,1,104.75,98.40446428571428,6.345535714285717,4,7,1,0,1,1,8.61461931285449,0,1,0,0,1,0,1,0,0,0
1,0,0,0,18,1,0,0,0,0,0,0,0,0,19.0,19.37777777777778,-0.37777777777778,0,1,0,0,1,0,5.857361562584502,0,0,1,1,0,0,0,0,1,0
0,0,0,0,1,1,0,0,0,1,1,1,1,0,74.1,74.1,0.0,4,6,1,1,1,0,4.318820558770089,1,0,0,0,1,0,0,1,0,0
1,0,0,0,1,1,1,0,0,0,0,0,0,1,24.05,24.05,0.0,0,2,0,1,1,0,3.2208738275308737,0,0,1,1,0,0,0,0,0,1
1,1,0,0,4,0,0,0,0,0,0,0,0,1,25.2,25.625,-0.4250000000000007,0,1,1,1,1,0,4.639571612705423,1,0,0,1,0,0,1,0,0,0
0,0,1,0,55,1,0,1,1,0,1,0,0,0,56.8,56.582727272727276,0.2172727272727215,3,5,0,0,0,0,8.04335823198946,1,0,0,0,0,1,0,0,0,1
1,0,0,0,2,1,0,0,0,0,1,1,1,0,70.3,66.2,4.099999999999994,3,5,0,1,1,0,4.893352133481524,1,0,0,1,0,0,0,0,1,0
0,0,0,0,6,1,0,0,0,0,1,0,0,1,50.8,48.00833333333333,2.7916666666666643,1,3,1,1,1,0,5.666599683528485,1,0,0,1,0,0,1,0,0,0
0,0,0,0,47,1,0,1,1,0,1,0,0,1,58.9,59.85212765957447,-0.9521276595744723,3,5,0,0,1,0,7.942380005817831,1,0,0,0,1,0,0,0,0,1
1,1,1,0,2,1,0,0,0,1,0,0,0,1,74.2,70.05,4.150000000000006,1,3,0,1,0,1,4.9494688588587685,0,1,0,1,0,0,0,0,1,0
1,0,1,1,23,1,0,0,0,0,0,0,0,1,20.0,19.360869565217392,0.6391304347826079,0,1,1,0,0,0,6.100991371635224,0,0,1,0,1,0,0,1,0,0
1,0,0,0,1,1,0,0,0,0,0,0,0,1,44.95,44.95,0.0,0,2,0,1,1,0,3.827553848801696,1,0,0,1,0,0,0,0,0,1
0,1,0,0,52,1,1,1,0,1,0,0,0,0,59.85,59.67788461538461,0.17211538461538822,2,5,1,0,1,0,8.040527419296952,1,0,0,0,0,1,1,0,0,0
0,0,1,0,68,1,1,1,0,0,1,0,0,0,58.25,58.46617647058823,-0.21617647058823053,2,5,1,0,0,0,8.288207608618395,1,0,0,0,1,0,1,0,0,0
1,0,0,0,2,1,0,0,0,0,0,0,0,0,19.95,23.85,-3.900000000000002,0,1,0,1,1,0,3.885679030088544,0,0,1,0,1,0,0,0,0,1
1,0,1,1,40,1,0,0,0,1,0,1,0,1,85.05,83.89125,1.1587499999999977,2,4,0,0,0,1,8.118698731788875,0,1,0,0,1,0,0,0,1,0
0,0,0,0,14,1,0,0,1,0,0,0,0,0,51.45,51.989285714285714,-0.539285714285711,1,3,1,0,1,0,6.5914679495200215,1,0,0,0,1,0,0,1,0,0
0,0,1,0,1,0,0,0,0,0,0,0,1,0,35.0,35.0,0.0,1,2,0,1,0,0,3.58351893845611,1,0,0,1,0,0,0,0,1,0
0,1,1,0,42,1,1,0,0,0,0,1,1,1,95.05,93.91666666666667,1.1333333333333258,2,5,0,0,0,1,8.28033096796109,0,1,0,1,0,0,0,0,1,0
0,0,1,0,40,1,1,0,1,0,0,1,0,0,63.9,65.875,-1.9750000000000014,2,5,1,0,0,0,7.877017895622398,1,0,0,0,1,0,1,0,0,0
1,1,1,0,32,1,1,0,0,1,1,1,1,1,104.9,104.7359375,0.1640625,4,7,0,0,0,0,8.11747652928772,0,1,0,1,0,0,0,0,1,0
1,1,0,0,22,1,1,0,0,0,0,1,1,1,96.7,94.67954545454545,2.0204545454545553,2,5,0,0,1,1,7.6420204102629805,0,1,0,1,0,0,0,0,1,0
0,0,1,1,0,1,1,0,1,1,1,1,0,0,73.35,73.35,0.0,4,7,0,1,0,0,0.0,1,0,0,0,0,1,0,0,0,1
0,0,0,1,40,1,0,1,0,0,1,1,0,1,64.1,61.50875,2.591249999999995,3,5,1,0,0,0,7.808465258889269,1,0,0,1,0,0,0,1,0,0
1,0,0,0,26,1,1,1,1,0,0,0,0,1,86.65,84.95192307692308,1.6980769230769255,2,5,1,0,1,0,7.700634665941057,0,1,0,1,0,0,0,1,0,0
1,1,0,0,16,1,1,0,0,0,0,0,0,1,74.45,78.834375,-4.3843749999999915,0,3,1,0,1,1,7.140730342209636,0,1,0,1,0,0,1,0,0,0
1,0,0,1,55,1,0,0,0,0,0,0,0,0,19.1,18.20909090909091,0.8909090909090907,0,1,1,0,0,0,6.910252159180724,0,0,1,0,1,0,1,0,0,0
1,1,1,1,8,1,0,0,0,0,0,1,0,1,80.45,72.93125,7.518749999999997,1,3,1,0,0,1,6.37067123405378,0,1,0,1,0,0,0,1,0,0
1,0,0,0,35,1,0,0,0,0,0,0,0,0,20.6,21.542857142857144,-0.9428571428571431,0,1,1,0,1,0,6.626717749249025,0,0,1,0,1,0,1,0,0,0
1,0,0,1,70,1,1,1,1,0,1,0,0,0,64.95,65.02142857142857,-0.0714285714285694,3,6,1,0,0,0,8.423431811601763,1,0,0,0,1,0,1,0,0,0
1,0,1,1,54,0,0,0,0,1,1,0,1,0,46.0,44.88981481481482,1.1101851851851805,3,4,1,0,0,0,7.793607421715725,1,0,0,0,0,1,0,1,0,0
1,0,0,0,10,1,0,0,0,0,0,0,0,0,19.5,22.585,-3.085000000000001,0,1,0,0,1,0,5.424289006109973,0,0,1,0,1,0,0,0,0,1
0,0,1,1,67,1,1,1,0,1,1,1,1,1,109.4,108.68059701492538,0.7194029850746233,5,8,0,0,0,0,8.893243220287545,0,1,0,0,1,0,0,0,1,0
0,0,0,0,19,1,0,1,0,1,1,1,1,1,106.6,101.81315789473685,4.786842105263148,5,7,0,0,1,0,7.568095136565964,0,1,0,1,0,0,0,0,1,0
1,0,0,0,58,1,1,0,0,0,1,0,0,0,80.65,82.88534482758621,-2.2353448275862036,1,4,1,0,1,0,8.478109268906689,0,1,0,1,0,0,1,0,0,0
1,0,0,0,1,1,0,0,0,1,1,0,0,0,55.05,55.05,0.0,2,4,0,1,1,0,4.026244149518169,1,0,0,1,0,0,0,0,0,1
1,1,0,0,1,1,1,0,0,0,0,1,1,1,93.55,93.55,0.0,2,5,0,1,1,1,4.549128795104466,0,1,0,1,0,0,0,0,1,0
0,0,1,0,69,1,0,1,1,0,1,1,1,1,106.4,105.1,1.3000000000000114,5,7,1,0,0,0,8.889156667870047,0,1,0,0,1,0,0,1,0,0
1,0,1,1,40,1,1,0,0,0,0,0,0,0,25.25,25.1725,0.07750000000000057,0,2,1,0,0,0,6.9156242373608325,0,0,1,0,0,1,0,1,0,0
1,0,1,1,70,1,0,0,0,0,0,0,0,0,20.35,20.83,-0.4799999999999969,0,1,1,0,0,0,7.285575086269977,0,0,1,0,0,1,0,1,0,0
0,0,1,1,68,1,1,1,1,1,1,1,1,1,89.05,90.96764705882353,-1.9176470588235333,6,9,1,0,0,0,8.730173269163984,1,0,0,0,0,1,1,0,0,0
0,0,0,0,1,1,0,0,0,0,0,0,0,0,70.5,70.5,0.0,0,2,0,1,1,1,4.269697449699962,0,1,0,1,0,0,0,0,1,0
0,1,0,0,15,1,1,0,0,0,0,0,0,1,74.45,76.38000000000001,-1.9300000000000068,0,3,0,0,1,1,7.044643531044259,0,1,0,1,0,0,0,0,0,1
0,0,1,1,3,1,1,0,1,1,0,1,0,1,69.15,78.33333333333333,-9.183333333333323,3,6,1,1,0,0,5.4638318050256105,1,0,0,1,0,0,1,0,0,0
1,0,1,0,67,1,0,1,1,0,0,0,1,1,90.6,90.39029850746267,0.20970149253732018,3,5,1,0,0,0,8.708994671409323,0,1,0,0,1,0,0,1,0,0
1,0,1,1,47,1,1,1,1,1,1,1,1,1,90.5,91.87978723404257,-1.379787234042567,6,9,0,0,0,0,8.370860206954506,1,0,0,0,0,1,0,0,0,1
0,0,0,0,40,1,1,0,0,1,1,1,1,1,80.75,80.21625,0.5337499999999977,4,7,0,0,1,0,8.07391717591148,1,0,0,0,1,0,0,0,0,1
1,1,0,0,41,1,1,0,0,1,0,1,1,1,98.4,102.14024390243902,-3.740243902439019,3,6,0,0,1,1,8.34015763905152,0,1,0,1,0,0,0,0,1,0
1,0,1,0,71,1,0,0,1,1,1,1,1,1,105.25,102.70070422535211,2.549295774647888,5,7,0,0,0,0,8.894635982950636,0,1,0,0,0,1,0,0,1,0
1,0,0,0,41,1,1,0,0,0,0,0,0,1,25.25,24.303658536585367,0.9463414634146332,0,2,1,0,1,0,6.90520202219442,0,0,1,1,0,0,1,0,0,0
0,0,1,1,71,1,0,1,1,1,1,1,1,0,87.25,89.13661971830986,-1.8866197183098592,6,8,1,0,0,0,8.753008120650192,1,0,0,0,0,1,0,1,0,0
0,0,0,0,16,1,1,0,1,1,0,0,1,1,95.6,97.228125,-1.6281250000000114,3,6,1,0,1,1,7.350291355299401,0,1,0,1,0,0,0,1,0,0
0,1,0,0,45,1,1,1,1,0,1,1,0,1,97.05,97.44555555555556,-0.39555555555556055,4,7,0,0,1,0,8.386184328821656,0,1,0,1,0,0,0,0,1,0
1,0,1,0,4,1,0,0,0,1,1,0,0,1,80.6,79.7875,0.8125,2,4,0,1,0,0,5.768789635964811,0,1,0,1,0,0,0,0,0,1
1,0,0,0,24,1,1,0,0,0,0,0,0,0,24.6,24.693749999999998,-0.09374999999999645,0,2,0,0,1,0,6.3862899201118015,0,0,1,0,1,0,0,0,1,0
1,0,1,1,63,1,0,1,1,1,1,1,0,0,74.5,74.19920634920635,0.3007936507936506,5,7,1,0,0,0,8.450102081861738,1,0,0,0,0,1,0,1,0,0
1,0,0,1,2,1,1,1,1,0,0,0,0,0,60.95,67.3,-6.349999999999994,2,5,1,1,0,0,4.909709375506295,1,0,0,1,0,0,1,0,0,0
0,0,1,0,69,1,1,0,0,0,0,0,0,1,26.3,25.558695652173913,0.7413043478260875,0,2,0,0,0,0,7.475650979353125,0,0,1,0,1,0,0,0,1,0
0,0,0,1,62,1,1,0,0,1,0,1,1,1,100.15,103.44596774193548,-3.2959677419354705,3,6,0,0,0,1,8.766339715935429,0,1,0,0,1,0,0,0,1,0
1,0,0,0,8,1,0,0,0,0,0,0,1,1,54.75,54.75625,-0.006250000000001421,1,3,1,0,1,0,6.084613301806004,1,0,0,1,0,0,0,1,0,0
0,1,0,0,13,1,1,1,0,0,0,1,1,1,100.8,100.62307692307692,0.17692307692307452,3,6,0,0,1,0,7.177095157186053,0,1,0,1,0,0,0,0,1,0
0,1,0,0,1,1,0,0,0,0,0,0,0,1,69.25,69.25,0.0,0,2,0,1,1,1,4.2520603082138555,0,1,0,1,0,0,0,0,1,0
0,0,0,0,21,1,0,1,0,1,1,0,0,1,60.25,59.921428571428564,0.3285714285714363,3,5,0,0,1,0,7.138350993821386,1,0,0,0,1,0,0,0,1,0
0,1,1,0,55,1,1,0,1,1,1,0,0,0,90.45,91.72363636363637,-1.2736363636363706,3,6,0,0,0,0,8.526311493060765,0,1,0,1,0,0,0,0,1,0
1,0,1,1,72,1,1,1,1,1,1,1,0,1,80.85,79.54791666666667,1.3020833333333286,5,8,1,0,0,0,8.653200267007206,1,0,0,0,0,1,1,0,0,0
0,0,0,1,4,1,1,0,0,0,0,0,0,1,25.45,21.05,4.399999999999999,0,2,0,1,0,0,4.44500143383527,0,0,1,1,0,0,0,0,0,1
1,0,0,0,17,1,1,0,0,1,1,0,0,0,86.75,82.95588235294117,3.794117647058826,2,5,0,0,1,0,7.2522311154638714,0,1,0,0,1,0,0,0,1,0
1,0,0,0,1,1,0,0,0,0,1,0,0,0,51.25,51.25,0.0,1,3,0,1,1,0,3.9560398908449206,1,0,0,1,0,0,0,0,0,1
0,0,0,0,4,1,0,0,0,0,0,0,0,0,70.4,70.25,0.15000000000000568,0,2,0,1,1,1,5.641907070938114,0,1,0,1,0,0,0,0,1,0
1,0,1,1,72,1,1,1,0,1,0,1,1,1,106.1,109.00694444444444,-2.9069444444444485,4,7,1,0,0,0,8.968205114480373,0,1,0,0,1,0,1,0,0,0
1,0,0,0,14,0,0,0,1,0,0,0,0,1,31.1,29.978571428571428,1.1214285714285737,1,2,0,0,1,0,6.041919990596475,1,0,0,1,0,0,0,0,0,1
1,0,0,0,7,1,0,1,0,0,0,0,0,0,74.35,76.22857142857143,-1.8785714285714334,1,3,0,0,1,0,6.281518803704818,0,1,0,1,0,0,0,0,0,1
0,0,0,0,12,1,0,0,0,0,0,0,1,0,78.1,78.94166666666666,-0.8416666666666686,1,3,1,0,1,1,6.854670907889681,0,1,0,1,0,0,1,0,0,0
0,0,0,0,1,1,0,0,0,0,0,0,0,1,20.2,20.2,0.0,0,1,0,1,1,0,3.054001181677967,0,0,1,1,0,0,0,0,0,1
0,0,0,0,59,1,1,1,1,1,1,0,1,0,79.85,81.12033898305086,-1.2703389830508627,5,8,1,0,1,0,8.473680079084492,1,0,0,0,1,0,0,1,0,0
1,0,0,0,19,1,0,0,1,1,0,0,0,1,78.25,78.47105263157896,-0.2210526315789565,2,4,0,0,1,1,7.307839268137821,0,1,0,1,0,0,0,0,1,0
0,0,1,0,71,0,0,0,1,1,1,1,1,0,58.25,58.39295774647887,-0.14295774647887072,5,6,1,0,0,0,8.330116346138421,1,0,0,0,0,1,1,0,0,0
0,0,0,0,40,0,0,1,0,0,1,1,1,1,54.55,55.904999999999994,-1.3549999999999969,4,5,1,0,1,0,7.712980362947433,1,0,0,0,1,0,1,0,0,0
0,0,1,1,58,1,0,0,1,1,0,1,0,1,91.55,95.02844827586206,-3.478448275862064,3,5,0,0,0,1,8.614800730269245,0,1,0,1,0,0,0,0,1,0
1,0,1,0,14,1,0,0,1,1,1,1,1,0,81.95,84.41071428571429,-2.460714285714289,5,7,0,0,0,0,7.075597514511258,1,0,0,0,0,1,0,0,0,1
1,0,0,0,1,1,0,0,0,0,0,0,0,0,19.65,19.65,0.0,0,1,0,1,1,0,3.027715319407042,0,0,1,1,0,0,0,0,0,1
0,0,1,0,41,1,0,0,0,0,0,0,0,0,20.65,21.35487804878049,-0.7048780487804898,0,1,1,0,0,0,6.775993747799883,0,0,1,0,0,1,0,1,0,0
1,0,1,0,42,1,1,0,1,1,0,1,0,1,95.25,94.2702380952381,0.9797619047619008,3,6,1,0,0,1,8.284087684181289,0,1,0,1,0,0,1,0,0,0
0,1,0,0,28,1,1,0,1,1,1,0,0,0,64.45,66.7,-2.25,3,6,1,0,1,0,7.532944766358855,1,0,0,1,0,0,1,0,0,0
1,0,1,0,72,1,1,1,1,1,1,0,1,1,82.3,83.06319444444445,-0.7631944444444514,5,8,1,0,0,0,8.696435010683269,1,0,0,0,0,1,1,0,0,0
0,0,1,0,68,1,1,1,1,1,1,1,1,0,114.9,115.34632352941176,-0.4463235294117567,6,9,1,0,0,0,8.967574302145234,0,1,0,0,0,1,1,0,0,0
1,0,1,1,51,1,1,0,0,0,0,0,0,1,23.95,23.849999999999998,0.10000000000000142,0,2,0,0,0,0,7.104431644081176,0,0,1,0,1,0,0,0,0,1
1,0,1,1,15,1,0,0,0,0,0,0,0,0,19.65,22.176666666666666,-2.5266666666666673,0,1,0,0,0,0,5.810092539349616,0,0,1,0,1,0,0,0,0,1
0,0,1,1,52,1,0,0,0,0,0,0,0,0,19.85,20.58653846153846,-0.7365384615384585,0,1,0,0,0,0,6.976814814913632,0,0,1,0,0,1,0,0,0,1
1,0,0,0,69,1,0,0,0,0,0,0,0,1,19.3,20.984057971014494,-1.684057971014493,0,1,1,0,1,0,7.278559926826676,0,0,1,0,0,1,1,0,0,0
1,0,1,0,10,1,0,1,0,0,1,0,0,1,54.95,56.885000000000005,-1.9350000000000023,2,4,1,0,0,0,6.3453731683017445,1,0,0,1,0,0,0,1,0,0
1,0,1,1,69,1,1,0,1,1,0,1,1,1,105.0,105.76449275362319,-0.7644927536231876,4,7,0,0,0,1,8.895458379597747,0,1,0,0,0,1,0,0,1,0
1,0,0,0,1,1,0,0,0,0,0,0,0,0,44.0,44.0,0.0,0,2,0,1,1,0,3.8066624897703196,1,0,0,1,0,0,0,0,1,0
0,0,1,0,71,1,0,0,0,0,0,0,0,0,19.1,19.330281690140847,-0.23028169014084554,0,1,1,0,0,0,7.225081101523602,0,0,1,0,0,1,0,1,0,0
0,0,0,1,1,1,0,0,0,0,0,0,1,0,78.65,78.65,0.0,1,3,0,1,0,1,4.3776420363560575,0,1,0,1,0,0,0,0,1,0
1,0,0,0,1,1,0,0,0,0,0,0,0,0,20.75,20.75,0.0,0,1,1,1,1,0,3.079613757534693,0,0,1,1,0,0,0,1,0,0
1,1,1,1,32,1,0,0,1,0,0,1,1,1,93.95,89.4203125,4.5296875000000085,3,5,0,0,0,1,7.9594331804610325,0,1,0,1,0,0,0,0,0,1
0,0,0,1,51,0,0,1,0,1,1,1,1,0,60.15,60.333333333333336,-0.18333333333333712,5,6,1,0,0,0,8.032035314398824,1,0,0,0,1,0,1,0,0,0
0,0,1,1,5,0,0,0,1,0,0,0,0,1,30.5,33.44,-2.9399999999999977,1,2,0,1,0,0,5.125153747538848,1,0,0,1,0,0,0,0,1,0
1,0,0,0,1,0,0,0,0,0,0,0,1,1,35.25,35.25,0.0,1,2,1,1,1,0,3.590439381300684,1,0,0,1,0,0,1,0,0,0
1,0,1,1,71,1,1,0,0,0,0,0,0,0,23.9,22.907042253521126,0.9929577464788721,0,2,1,0,0,0,7.394738928262557,0,0,1,0,0,1,0,1,0,0
0,0,1,0,62,1,0,1,0,1,1,1,1,1,104.3,106.67177419354839,-2.37177419354839,5,7,0,0,0,0,8.797042165096359,0,1,0,0,1,0,0,0,1,0
1,0,0,0,18,1,0,0,0,0,1,0,0,1,75.9,76.28055555555555,-0.38055555555554577,1,3,1,0,1,0,7.225517862222083,0,1,0,1,0,0,1,0,0,0
1,0,0,0,9,1,0,0,0,0,0,0,0,0,20.4,20.200000000000003,0.19999999999999574,0,1,0,0,1,0,5.20839265902005,0,0,1,1,0,0,0,0,0,1
0,0,1,1,5,1,0,0,1,0,0,0,1,1,83.6,80.84,2.759999999999991,2,4,0,1,0,1,6.004380772374528,0,1,0,1,0,0,0,0,1,0
0,1,0,0,64,1,1,0,1,1,1,0,1,0,74.65,76.08359375,-1.43359375,4,7,1,0,1,0,8.490921082077374,1,0,0,1,0,0,0,1,0,0
1,0,0,0,9,1,1,0,0,0,0,0,0,1,76.25,76.09444444444445,0.15555555555555145,0,3,0,0,1,1,6.530658944924416,0,1,0,1,0,0,0,0,1,0
0,0,0,0,48,1,0,0,1,0,0,0,0,0,75.15,78.596875,-3.4468749999999915,1,3,0,0,1,1,8.235797981829272,0,1,0,0,1,0,0,0,1,0
0,0,0,0,56,1,1,1,1,0,0,1,1,1,106.6,105.24910714285714,1.3508928571428527,4,7,1,0,1,0,8.681851331171295,0,1,0,1,0,0,0,1,0,0
0,1,1,0,38,1,0,1,0,0,0,0,1,1,83.45,82.81973684210527,0.6302631578947313,2,4,0,0,0,0,8.054570257703245,0,1,0,1,0,0,0,0,1,0
0,0,0,0,9,1,1,0,0,0,0,1,1,1,94.75,98.87777777777778,-4.12777777777778,2,5,0,0,1,1,6.792232187726598,0,1,0,1,0,0,0,0,1,0
1,0,0,0,18,1,1,0,0,0,0,0,0,1,75.6,77.50277777777778,-1.9027777777777857,0,3,1,0,1,1,7.24140209929983,0,1,0,1,0,0,1,0,0,0
1,0,1,1,14,1,0,1,1,0,0,0,1,1,61.4,58.253571428571426,3.1464285714285722,3,5,1,0,0,0,6.705088147522752,1,0,0,0,0,1,1,0,0,0
1,0,0,0,15,1,0,0,0,1,1,1,1,1,101.35,103.59666666666666,-2.2466666666666697,4,6,0,0,1,0,7.349198669755537,0,1,0,1,0,0,0,0,1,0
0,0,0,0,37,1,0,0,0,0,0,0,0,1,19.8,18.785135135135135,1.0148648648648653,0,1,0,0,1,0,6.545421496834576,0,0,1,0,1,0,0,0,1,0
1,0,1,1,55,1,0,0,1,0,1,0,0,0,79.4,77.06272727272727,2.337272727272733,2,4,0,0,0,0,8.352188822830897,0,1,0,1,0,0,0,0,1,0
0,0,1,1,1,1,0,0,0,0,0,0,0,1,19.0,19.0,0.0,0,1,0,1,0,0,2.995732273553991,0,0,1,1,0,0,0,0,0,1
1,0,1,1,71,1,1,1,1,1,1,1,1,1,116.05,116.86619718309859,-0.8161971830985948,6,9,1,0,0,0,9.023830054560774,0,1,0,0,0,1,1,0,0,0
0,0,0,0,23,1,1,0,1,0,0,0,0,1,79.15,72.9108695652174,6.239130434782609,1,4,0,0,1,1,7.42532808920537,0,1,0,1,0,0,0,0,1,0
0,0,1,0,25,0,0,0,0,0,0,1,0,1,34.0,34.12,-0.11999999999999744,1,2,1,0,0,0,6.74993119378857,1,0,0,1,0,0,1,0,0,0
0,1,0,0,1,1,0,0,0,0,0,0,0,1,71.25,71.25,0.0,0,2,0,1,1,1,4.2801323269925415,0,1,0,1,0,0,0,0,1,0
1,0,1,1,72,1,1,1,1,1,1,0,1,0,103.95,104.4125,-0.4624999999999915,5,8,1,0,0,0,8.925148529659314,0,1,0,0,0,1,0,1,0,0
1,0,1,1,20,1,0,0,0,0,0,1,1,1,90.2,88.8275,1.3725000000000023,2,4,0,0,0,1,7.48299129067699,0,1,0,1,0,0,0,0,1,0
1,0,0,0,52,1,0,0,0,1,0,0,1,1,83.8,83.29615384615384,0.5038461538461547,2,4,1,0,1,1,8.373876939961582,0,1,0,1,0,0,0,1,0,0
1,1,0,0,6,1,0,0,0,0,0,0,0,0,44.7,46.083333333333336,-1.3833333333333329,0,2,1,1,1,0,5.625820933186489,1,0,0,1,0,0,0,1,0,0
1,0,0,0,21,0,0,1,0,0,1,1,0,1,43.55,48.166666666666664,-4.616666666666667,3,4,0,0,1,0,6.920177798980694,1,0,0,1,0,0,0,0,0,1
0,0,0,1,10,1,0,0,0,1,1,1,0,1,91.1,96.435,-5.335000000000008,3,5,0,0,0,0,6.872490729881826,0,1,0,1,0,0,0,0,1,0
0,0,1,1,11,0,0,1,0,0,0,0,0,1,29.6,31.495454545454546,-1.8954545454545446,1,2,0,0,0,0,5.8506207697603365,1,0,0,1,0,0,0,0,1,0
1,0,1,0,20,1,0,1,0,0,1,0,1,1,64.15,63.722500000000004,0.427500000000002,3,5,0,0,0,0,7.151054336499911,1,0,0,0,1,0,0,0,0,1
1,0,0,0,9,1,1,0,0,0,0,1,0,1,85.5,87.96666666666667,-2.4666666666666686,1,4,0,0,1,1,6.67544483984311,0,1,0,1,0,0,0,0,1,0
0,0,0,0,1,1,0,0,0,0,0,0,0,1,19.25,19.25,0.0,0,1,1,1,1,0,3.0081547935525483,0,0,1,1,0,0,1,0,0,0
1,0,0,0,14,1,0,0,0,0,0,0,0,1,20.05,21.37857142857143,-1.3285714285714292,0,1,0,0,1,0,5.7047819749892845,0,0,1,1,0,0,0,0,1,0
0,0,1,0,69,1,1,1,0,0,0,1,1,0,99.15,99.64275362318841,-0.4927536231884062,3,6,1,0,0,0,8.83584326689432,0,1,0,0,0,1,1,0,0,0
0,0,0,0,51,0,0,0,1,1,0,1,1,1,56.4,57.42156862745098,-1.021568627450982,4,5,1,0,1,0,7.9825870389848435,1,0,0,0,1,0,0,1,0,0
1,0,0,0,64,1,1,1,1,0,0,0,0,1,84.3,82.64140625,1.6585937499999943,2,5,1,0,1,0,8.573582976603518,0,1,0,0,1,0,0,1,0,0
0,0,0,0,1,1,0,0,0,0,0,0,0,0,19.5,19.5,0.0,0,1,0,1,1,0,3.0204248861443626,0,0,1,1,0,0,0,0,0,1
0,0,0,0,17,1,0,0,0,0,0,0,0,0,70.5,68.56470588235294,1.9352941176470608,0,2,1,0,1,1,7.0618488143195375,0,1,0,1,0,0,1,0,0,0
1,0,0,0,5,1,0,0,1,0,0,0,0,1,74.65,76.72999999999999,-2.079999999999984,1,3,0,1,1,1,5.952333829904943,0,1,0,1,0,0,0,0,1,0
1,0,0,0,32,1,0,1,1,1,0,0,1,1,93.4,93.103125,0.296875,4,6,1,0,1,0,7.99977924557339,0,1,0,1,0,0,0,1,0,0
1,0,0,1,1,0,0,0,0,0,0,0,0,0,24.75,24.75,0.0,0,1,0,1,0,0,3.248434627109745,1,0,0,1,0,0,0,0,1,0
0,0,0,0,1,1,0,0,0,0,0,0,0,0,20.15,20.15,0.0,0,1,0,1,1,0,3.0516399054922867,0,0,1,1,0,0,0,0,0,1
0,0,0,0,7,0,0,0,1,0,0,0,1,1,40.1,41.9,-1.7999999999999972,2,3,1,0,1,0,5.684599655239428,1,0,0,1,0,0,0,1,0,0
0,1,0,0,22,1,1,0,0,0,0,0,0,1,74.4,76.93636363636364,-2.5363636363636317,0,3,1,0,1,1,7.434611719820655,0,1,0,1,0,0,1,0,0,0
0,0,1,1,56,1,1,0,0,0,0,0,0,1,24.95,26.230357142857144,-1.2803571428571452,0,2,1,0,0,0,7.292949650247942,0,0,1,0,0,1,0,1,0,0
0,0,1,0,72,1,1,0,1,0,0,1,1,1,97.7,95.4125,2.2875000000000085,3,6,1,0,0,1,8.835021272311026,0,1,0,0,0,1,0,1,0,0
1,1,1,0,16,1,0,0,0,0,0,0,0,1,71.8,72.9875,-1.1875,0,2,1,0,0,1,7.06373286043649,0,1,0,1,0,0,1,0,0,0
0,0,1,0,72,1,1,1,1,1,1,1,1,1,90.95,89.84166666666667,1.1083333333333343,6,9,1,0,0,0,8.774869561781612,1,0,0,0,0,1,1,0,0,0
1,0,1,1,66,0,0,0,0,0,1,1,1,0,50.55,50.97803030303031,-0.42803030303031164,3,4,1,0,0,0,8.121346675973896,1,0,0,0,0,1,1,0,0,0
1,0,1,1,34,1,0,0,1,1,0,1,0,1,89.85,90.93382352941177,-1.0838235294117737,3,5,0,0,0,1,8.03681594174294,0,1,0,1,0,0,0,0,1,0
0,0,1,0,49,1,1,1,1,1,1,0,1,0,106.65,105.59897959183674,1.051020408163268,5,8,1,0,0,0,8.551662248696813,0,1,0,0,0,1,0,1,0,0
1,0,0,0,2,1,0,0,0,0,0,0,0,0,45.85,40.5,5.350000000000001,0,2,0,1,1,0,4.406719247264253,1,0,0,1,0,0,0,0,0,1
0,0,1,1,65,1,1,0,1,1,1,1,1,1,110.8,111.47538461538461,-0.6753846153846155,5,8,1,0,0,0,8.888329070200776,0,1,0,0,0,1,0,1,0,0
0,0,0,0,1,1,1,0,1,0,0,1,1,1,100.25,100.25,0.0,3,6,1,1,1,1,4.617592705986649,0,1,0,1,0,0,0,1,0,0
0,0,1,1,71,1,1,1,1,1,1,0,0,1,95.15,95.36408450704226,-0.21408450704225856,4,7,1,0,0,0,8.820529592978177,0,1,0,0,1,0,0,1,0,0
1,0,1,1,55,1,0,0,0,0,0,0,0,0,19.5,18.66090909090909,0.8390909090909098,0,1,0,0,0,0,6.934737950312024,0,0,1,0,1,0,0,0,0,1
0,0,0,0,30,1,1,0,1,1,0,1,0,1,68.95,67.95666666666666,0.9933333333333394,3,6,1,0,1,0,7.620558017200524,1,0,0,0,1,0,0,1,0,0
1,0,0,0,44,0,0,0,1,1,0,1,1,1,53.95,53.98636363636364,-0.03636363636363882,4,5,0,0,1,0,7.773342016481586,1,0,0,0,1,0,0,0,0,1
1,0,1,0,56,1,0,0,0,0,0,0,0,0,19.95,20.120535714285715,-0.170535714285716,0,1,1,0,0,0,7.027979776288506,0,0,1,0,1,0,0,1,0,0
0,0,1,0,72,1,1,1,1,1,1,1,0,1,103.95,104.95694444444445,-1.0069444444444429,5,8,1,0,0,0,8.930348652808409,0,1,0,0,0,1,1,0,0,0
0,0,0,1,24,1,0,0,0,0,0,0,0,0,21.05,22.147916666666664,-1.0979166666666629,0,1,1,0,0,0,6.277676789889175,0,0,1,0,1,0,1,0,0,0
1,1,0,0,3,1,1,0,0,0,0,0,0,1,76.05,77.26666666666667,-1.2166666666666686,0,3,0,1,1,1,5.450179715857283,0,1,0,1,0,0,0,0,1,0
1,0,0,1,1,1,1,0,0,0,0,0,0,1,50.05,50.05,0.0,0,3,0,1,0,0,3.9328055446106744,1,0,0,1,0,0,0,0,1,0
0,0,0,0,60,1,0,0,1,1,0,1,1,1,99.65,99.0175,0.6325000000000074,4,6,0,0,1,1,8.689809470662343,0,1,0,0,0,1,0,0,1,0
1,1,1,0,34,1,0,0,0,0,0,0,0,0,71.55,71.39264705882353,0.15735294117646959,0,2,1,0,0,1,7.794967293355625,0,1,0,1,0,0,0,1,0,0
1,0,0,0,1,1,0,1,0,0,0,0,0,1,50.75,50.75,0.0,1,3,0,1,1,0,3.9464244321454784,1,0,0,1,0,0,0,0,0,1
0,0,0,1,1,1,0,0,0,0,0,0,0,1,69.65,69.65,0.0,0,2,0,1,0,1,4.257738109130536,0,1,0,1,0,0,0,0,1,0
0,0,1,1,14,1,0,0,0,0,0,0,0,0,19.55,21.035714285714285,-1.485714285714284,0,1,0,0,0,0,5.688668836846153,0,0,1,0,1,0,0,0,0,1
1,0,0,0,21,0,0,0,1,0,1,0,0,1,36.0,37.15,-1.1499999999999986,2,3,0,0,1,0,6.660767192857912,1,0,0,1,0,0,0,0,0,1
1,0,0,0,52,1,1,0,1,1,0,1,1,1,103.05,103.16923076923078,-0.11923076923078213,4,7,0,0,1,1,8.58780075858019,0,1,0,1,0,0,0,0,1,0
0,1,0,0,1,1,1,0,0,0,0,0,0,1,74.2,74.2,0.0,0,3,0,1,1,1,4.320151230955794,0,1,0,1,0,0,0,0,1,0
1,0,0,0,10,1,1,0,0,0,0,0,0,1,74.15,81.17999999999999,-7.029999999999987,0,3,0,0,1,1,6.700485076824218,0,1,0,1,0,0,0,0,0,1
1,0,0,0,34,1,1,0,1,0,1,1,1,1,105.35,104.13676470588236,1.2132352941176379,4,7,0,0,1,0,8.172347999231082,0,1,0,1,0,0,0,0,1,0
1,0,0,0,24,1,0,0,0,0,1,1,1,1,96.0,88.43541666666665,7.564583333333346,3,5,0,0,1,0,7.66079740344362,0,1,0,1,0,0,0,0,1,0
1,0,0,0,54,1,0,1,1,0,0,1,0,1,65.3,65.0537037037037,0.24629629629629335,3,5,1,0,1,0,8.164481810743938,1,0,0,0,0,1,1,0,0,0
0,0,0,0,2,1,0,0,0,0,0,1,0,1,80.2,73.025,7.174999999999997,1,3,0,1,1,1,4.990772665000004,0,1,0,1,0,0,0,0,1,0
1,0,1,0,54,0,0,0,1,0,0,0,0,0,30.4,30.025,0.375,1,2,0,0,0,0,7.391630994381529,1,0,0,1,0,0,0,0,1,0
1,0,0,0,22,1,1,0,0,0,0,0,1,0,83.05,81.78636363636363,1.2636363636363654,1,4,0,0,1,1,7.495708596663577,0,1,0,1,0,0,0,0,1,0
0,0,1,0,70,1,1,0,1,1,1,1,1,1,109.5,109.63642857142857,-0.13642857142856712,5,8,0,0,0,0,8.94579523112564,0,1,0,0,1,0,0,0,1,0
1,0,0,0,55,1,1,0,0,1,0,1,1,1,77.8,78.60636363636364,-0.806363636363642,3,6,1,0,1,0,8.372017119054112,1,0,0,0,0,1,1,0,0,0
0,1,1,0,1,1,0,1,0,0,0,0,0,1,49.55,49.55,0.0,1,3,0,1,0,0,3.9229629454664803,1,0,0,1,0,0,0,0,1,0
1,1,1,0,49,1,1,0,1,0,0,0,1,0,90.05,92.80102040816327,-2.7510204081632708,2,5,1,0,0,1,8.422497822576913,0,1,0,1,0,0,0,1,0,0
1,0,0,0,27,1,0,0,0,0,0,0,0,1,19.4,19.62222222222222,-0.22222222222222143,0,1,0,0,1,0,6.274385302458052,0,0,1,1,0,0,0,0,1,0
1,1,1,0,21,1,0,0,0,0,0,0,0,1,69.1,70.22619047619048,-1.1261904761904873,0,2,0,0,0,1,7.296921614120799,0,1,0,1,0,0,0,0,1,0
1,1,1,0,41,1,1,0,0,1,0,1,1,1,99.8,103.88536585365854,-4.085365853658544,3,6,0,0,0,1,8.357094859319076,0,1,0,1,0,0,0,0,1,0
1,0,1,1,18,1,0,1,0,1,1,1,1,0,83.25,89.50833333333334,-6.25833333333334,5,7,0,0,0,0,7.385323970846676,1,0,0,1,0,0,0,0,1,0
1,0,0,0,10,1,1,0,0,0,0,0,0,1,24.0,22.655,1.3449999999999989,0,2,0,0,1,0,5.427369994462651,0,0,1,1,0,0,0,0,1,0
0,0,1,0,64,1,0,1,0,0,1,1,1,1,96.9,98.66171875,-1.76171875,4,6,0,0,0,0,8.750738456843377,0,1,0,0,1,0,0,0,0,1
1,0,0,0,11,1,1,0,0,1,0,0,0,0,53.75,55.27272727272727,-1.5227272727272734,1,4,0,0,1,0,6.411818267709897,1,0,0,1,0,0,0,0,1,0
0,0,0,0,52,1,0,0,0,0,0,0,0,0,20.65,19.672115384615385,0.9778846153846139,0,1,0,0,1,0,6.931422976282321,0,0,1,0,1,0,0,0,0,1
1,0,1,0,31,1,1,0,1,1,0,1,0,0,93.8,97.40322580645162,-3.6032258064516185,3,6,0,0,0,1,8.013177659578796,0,1,0,1,0,0,0,0,1,0
0,0,0,0,51,1,1,0,0,0,0,0,0,0,24.95,25.254901960784313,-0.30490196078431353,0,2,1,0,1,0,7.161622002939187,0,0,1,0,0,1,1,0,0,0
1,0,0,0,67,1,0,0,0,0,0,0,0,0,20.5,21.357462686567164,-0.857462686567164,0,1,1,0,1,0,7.266792430709889,0,0,1,0,0,1,1,0,0,0
0,0,0,0,1,1,0,0,0,0,0,0,0,1,70.85,70.85,0.0,0,2,0,1,1,1,4.274580612525034,0,1,0,1,0,0,0,0,1,0
0,0,1,1,69,0,0,1,1,1,1,0,0,0,46.25,45.23768115942029,1.0123188405797094,4,5,1,0,0,0,8.046357215866406,1,0,0,0,0,1,1,0,0,0
1,0,1,1,26,1,0,0,0,0,0,0,0,1,19.15,19.83653846153846,-0.6865384615384613,0,1,1,0,0,0,6.247559198561878,0,0,1,0,0,1,0,1,0,0
1,0,0,0,46,1,0,0,0,0,0,0,0,0,20.05,19.608695652173914,0.44130434782608674,0,1,1,0,1,0,6.805722553416985,0,0,1,0,0,1,1,0,0,0
1,0,0,0,3,1,0,0,0,0,0,0,0,1,19.45,23.083333333333332,-3.633333333333333,0,1,0,1,1,0,4.2520603082138555,0,0,1,0,1,0,0,0,0,1
0,0,0,1,62,1,1,0,0,0,0,0,0,0,26.0,26.43064516129032,-0.4306451612903217,0,2,1,0,0,0,7.402268577255823,0,0,1,0,0,1,1,0,0,0
0,1,1,0,71,1,0,1,1,1,1,1,1,1,109.7,111.3274647887324,-1.6274647887323965,6,8,1,0,0,0,8.975282374696942,0,1,0,0,0,1,1,0,0,0
0,0,0,0,4,1,0,0,0,0,0,0,0,1,70.9,68.25,2.6500000000000057,0,2,1,1,1,1,5.6131281063880705,0,1,0,1,0,0,1,0,0,0
1,0,0,0,11,0,0,0,1,1,0,0,0,0,34.7,34.86818181818182,-0.16818181818181444,2,3,0,0,1,0,5.952073819503063,1,0,0,1,0,0,0,0,0,1
0,0,0,0,7,1,0,0,0,0,0,0,0,0,20.05,23.55,-3.5,0,1,0,0,1,0,5.111083765393062,0,0,1,1,0,0,0,0,0,1
0,0,1,0,71,1,1,1,0,1,0,1,1,1,104.1,104.39788732394366,-0.29788732394366946,4,7,1,0,0,0,8.911024218626034,0,1,0,0,1,0,0,1,0,0
0,0,1,1,16,1,0,0,1,1,0,1,0,1,89.45,89.390625,0.05937500000000284,3,5,1,0,0,1,7.26630346730255,0,1,0,1,0,0,0,1,0,0
0,1,0,0,24,1,0,0,0,0,0,0,0,1,20.3,19.164583333333333,1.1354166666666679,0,1,0,0,1,0,6.133289577244604,0,0,1,1,0,0,0,0,0,1
1,0,1,1,41,1,1,1,1,1,0,1,0,1,74.55,73.74512195121952,0.8048780487804805,4,7,1,0,0,0,8.014517599068448,1,0,0,1,0,0,0,1,0,0
0,0,0,0,2,1,0,0,0,0,0,0,0,1,20.7,19.925,0.7749999999999986,0,1,1,1,1,0,3.709906821306012,0,0,1,1,0,0,1,0,0,0
1,0,0,1,30,0,0,0,0,0,0,1,1,1,44.5,43.593333333333334,0.9066666666666663,2,3,0,0,0,0,7.176865965848482,1,0,0,1,0,0,0,0,1,0
1,1,0,0,24,1,0,0,0,0,0,0,0,0,70.0,72.19166666666666,-2.191666666666663,0,2,1,0,1,1,7.4579554502221495,0,1,0,1,0,0,0,1,0,0
0,1,1,0,7,1,1,0,0,0,0,0,1,1,84.55,92.40714285714286,-7.857142857142861,1,4,0,0,0,1,6.47365918807482,0,1,0,1,0,0,0,0,1,0
0,0,0,0,31,1,1,0,0,0,0,0,0,1,76.05,71.86451612903227,4.18548387096773,0,3,0,0,1,1,7.709218603025541,0,1,0,1,0,0,0,0,1,0
1,0,0,0,10,1,1,0,1,1,0,0,1,1,95.25,102.155,-6.905000000000001,3,6,0,0,1,1,6.930054786476904,0,1,0,1,0,0,0,0,1,0
0,0,1,1,49,1,1,0,0,0,0,0,0,0,25.25,24.727551020408164,0.5224489795918359,0,2,0,0,0,0,7.100563326500228,0,0,1,0,0,1,0,0,0,1
1,0,1,1,15,1,1,0,0,1,1,0,0,1,59.65,57.806666666666665,1.8433333333333337,2,5,1,0,0,0,6.766306915397762,1,0,0,1,0,0,1,0,0,0
0,0,1,1,32,1,0,1,1,1,1,0,1,0,73.6,72.4015625,1.1984374999999972,5,7,0,0,0,0,7.748395310848131,1,0,0,0,0,1,0,0,0,1
1,0,1,0,72,0,0,1,1,1,1,1,1,1,64.7,65.91736111111112,-1.2173611111111171,6,7,0,0,0,0,8.465278651464038,1,0,0,0,0,1,0,0,1,0
0,0,1,0,71,1,1,1,1,1,1,1,1,0,89.3,89.98098591549295,-0.6809859154929541,6,9,1,0,0,0,8.762434772788538,1,0,0,0,0,1,0,1,0,0
0,0,1,1,63,1,1,1,0,0,0,1,1,1,99.65,100.17777777777778,-0.5277777777777715,3,6,1,0,0,0,8.750239547701803,0,1,0,0,1,0,0,1,0,0
0,0,1,0,72,0,0,1,1,1,0,0,1,1,49.2,49.735416666666666,-0.5354166666666629,4,5,0,0,0,0,8.183662623840933,1,0,0,0,0,1,0,0,1,0
1,0,0,0,12,1,0,0,0,1,0,1,1,0,95.7,98.66666666666667,-2.9666666666666686,3,5,0,0,1,1,7.077498053569231,0,1,0,0,1,0,0,0,1,0
0,0,0,0,13,0,0,0,0,0,0,0,1,1,35.1,34.315384615384616,0.7846153846153854,1,2,0,0,1,0,6.102782283239935,1,0,0,1,0,0,0,0,1,0
0,0,1,1,63,1,0,0,0,0,0,0,0,0,19.35,20.06111111111111,-0.7111111111111086,0,1,0,0,0,0,7.142708817055705,0,0,1,0,0,1,0,0,1,0
0,0,0,0,5,1,1,0,0,0,0,1,1,1,93.9,97.37,-3.469999999999999,2,5,0,1,1,1,6.1900079815539595,0,1,0,1,0,0,0,0,0,1
0,0,0,0,72,1,1,0,0,1,1,1,1,1,107.5,109.07916666666667,-1.5791666666666657,4,7,1,0,1,0,8.968867357726134,0,1,0,0,0,1,0,1,0,0
0,0,1,0,57,1,0,0,0,0,0,0,0,0,19.9,19.5719298245614,0.3280701754385973,0,1,1,0,0,0,7.01804363287626,0,0,1,0,0,1,1,0,0,0
0,1,1,0,44,1,0,1,1,0,1,0,0,1,85.15,83.42045454545455,1.729545454545459,3,5,0,0,0,0,8.208355576891664,0,1,0,1,0,0,0,0,1,0
0,0,1,1,42,1,1,0,0,0,0,1,1,1,94.2,99.67380952380952,-5.473809523809521,2,5,0,0,0,1,8.33981141379869,0,1,0,1,0,0,0,0,1,0
1,0,0,0,8,1,0,0,0,0,0,1,1,1,66.25,68.30625,-2.0562500000000057,2,4,0,0,1,0,6.305271133319434,1,0,0,1,0,0,0,0,1,0
1,0,0,0,69,0,0,0,1,1,0,0,0,1,35.75,36.119565217391305,-0.36956521739130466,2,3,1,0,1,0,7.821342359281977,1,0,0,0,1,0,1,0,0,0
1,1,0,0,49,1,1,0,0,0,0,1,1,1,96.2,96.29081632653062,-0.09081632653061433,2,5,0,0,1,1,8.459405167648843,0,1,0,1,0,0,0,0,1,0
0,0,0,0,12,1,0,0,0,0,0,0,0,0,19.3,19.0625,0.2375000000000007,0,1,0,0,1,0,5.436991761235796,0,0,1,0,1,0,0,0,0,1
0,0,0,0,28,0,0,0,0,1,0,0,0,1,29.75,28.239285714285717,1.5107142857142826,1,2,0,0,1,0,6.674182532177388,1,0,0,1,0,0,0,0,0,1
1,0,1,1,59,1,0,1,1,1,1,1,1,1,86.75,87.89830508474576,-1.1483050847457577,6,8,0,0,0,0,8.553910774351401,1,0,0,0,0,1,0,0,1,0
1,0,0,0,22,1,0,0,1,1,1,0,1,1,94.95,97.4,-2.450000000000003,4,6,1,0,1,0,7.670335234257419,0,1,0,1,0,0,1,0,0,0
1,0,0,0,27,1,0,0,0,0,0,0,0,0,20.3,22.038888888888888,-1.7388888888888872,0,1,0,0,1,0,6.3903245561640105,0,0,1,0,1,0,0,0,0,1
1,0,0,0,12,1,1,0,0,1,0,1,1,0,74.75,68.92083333333333,5.829166666666666,3,6,1,0,1,0,6.7190735390355,1,0,0,1,0,0,1,0,0,0
0,0,0,0,15,1,1,0,0,0,0,0,0,1,48.8,48.00666666666667,0.7933333333333294,0,3,0,0,1,0,6.5807778239227135,1,0,0,1,0,0,0,0,0,1
0,0,0,0,12,1,1,1,0,0,0,0,0,1,78.95,77.27916666666667,1.6708333333333343,1,4,0,0,1,0,6.83340881685348,0,1,0,1,0,0,0,0,1,0
1,0,1,1,15,1,0,1,0,0,1,1,1,0,101.9,111.15,-9.25,4,6,0,0,0,0,7.419530451783716,0,1,0,0,1,0,0,0,1,0
1,0,1,1,13,1,0,1,0,0,0,0,0,1,49.95,45.18846153846154,4.761538461538464,1,3,0,0,0,0,6.377491961323671,1,0,0,1,0,0,0,0,0,1
0,0,0,0,67,1,1,1,1,1,0,1,0,1,102.95,102.77985074626865,0.1701492537313527,4,7,1,0,1,0,8.837427155161741,0,1,0,1,0,0,0,1,0,0
1,0,0,0,72,1,0,0,0,0,0,0,0,0,19.85,19.918055555555554,-0.06805555555555287,0,1,1,0,1,0,7.268989812176886,0,0,1,0,0,1,1,0,0,0
1,0,0,0,3,1,0,0,1,0,0,0,0,1,49.9,43.36666666666667,6.533333333333331,1,3,0,1,1,0,4.875960390769654,1,0,0,1,0,0,0,0,0,1
0,0,0,0,12,1,0,0,0,1,0,1,1,1,96.0,88.50833333333333,7.491666666666674,3,5,0,0,1,1,6.968944447294559,0,1,0,1,0,0,0,0,1,0
1,0,0,0,4,1,0,0,0,0,0,1,1,1,88.45,92.6625,-4.2124999999999915,2,4,0,1,1,1,5.917952551171302,0,1,0,1,0,0,0,0,1,0
1,1,0,0,29,1,0,0,1,1,0,1,1,1,101.45,101.67586206896551,-0.22586206896551175,4,6,1,0,1,1,7.989424846919935,0,1,0,1,0,0,1,0,0,0
0,0,0,0,58,1,1,1,0,0,0,0,0,1,79.8,78.0491379310345,1.7508620689655032,1,4,1,0,1,0,8.41800249212582,0,1,0,1,0,0,1,0,0,0
1,0,0,0,43,1,0,0,1,0,0,0,1,1,60.0,59.268604651162796,0.7313953488372036,2,4,0,0,1,0,7.84367215199147,1,0,0,0,0,1,0,0,1,0
1,0,0,0,12,1,1,0,0,0,0,0,0,0,25.0,26.349999999999998,-1.3499999999999979,0,2,0,0,1,0,5.7595324897606925,0,0,1,1,0,0,0,0,1,0
1,0,0,0,2,1,0,0,1,0,0,0,0,1,74.75,72.4,2.3499999999999943,1,3,0,1,1,1,4.982235819574558,0,1,0,1,0,0,0,0,1,0
1,0,1,1,40,0,0,0,1,1,1,1,1,0,60.3,61.2125,-0.9125000000000014,5,6,0,0,0,0,7.80363920107863,1,0,0,0,1,0,0,0,0,1
1,0,0,0,1,1,0,0,0,0,0,0,0,0,20.2,20.2,0.0,0,1,1,1,1,0,3.054001181677967,0,0,1,1,0,0,1,0,0,0
0,0,1,1,22,1,0,1,1,1,0,0,0,0,61.15,64.63863636363637,-3.488636363636367,3,5,0,0,0,0,7.260557734506995,1,0,0,1,0,0,0,0,0,1
0,0,0,0,2,1,1,0,0,1,0,1,0,1,91.4,96.8,-5.3999999999999915,2,5,0,1,1,1,5.270946169751904,0,1,0,1,0,0,0,0,1,0
1,0,1,0,25,1,0,0,0,0,0,0,0,1,20.95,19.805999999999997,1.144000000000002,0,1,1,0,0,0,6.20687830036025,0,0,1,0,1,0,1,0,0,0
0,0,0,0,1,1,0,0,0,0,0,1,1,0,90.55,90.55,0.0,2,4,0,1,1,1,4.51688527112052,0,1,0,1,0,0,0,0,1,0
0,0,0,0,16,0,0,1,0,0,0,1,0,1,38.9,41.525,-2.625,2,3,0,0,1,0,6.500388363584376,1,0,0,1,0,0,0,0,1,0
1,1,0,0,7,1,1,0,0,0,0,1,0,1,84.8,78.13571428571429,6.664285714285711,1,4,0,0,1,1,6.306184041909401,0,1,0,1,0,0,0,0,1,0
1,0,0,1,6,1,0,0,0,0,0,0,0,0,19.7,18.608333333333334,1.091666666666665,0,1,0,1,0,0,4.724285666878253,0,0,1,1,0,0,0,0,0,1
1,0,0,0,6,1,0,0,0,0,1,0,0,0,50.05,48.05833333333334,1.99166666666666,1,3,0,1,1,0,5.667637028019848,1,0,0,1,0,0,0,0,0,1
1,0,0,0,71,1,0,0,0,0,0,0,0,1,19.9,19.085915492957746,0.8140845070422529,0,1,1,0,1,0,7.2123682120938994,0,0,1,0,0,1,0,1,0,0
0,0,0,0,2,1,0,0,1,0,0,1,0,1,87.15,91.875,-4.724999999999994,2,4,1,1,1,1,5.2190035598283115,0,1,0,1,0,0,1,0,0,0
1,0,1,0,53,0,0,0,1,1,1,1,1,1,60.45,60.08018867924528,0.3698113207547209,5,6,0,0,0,0,8.06628605786149,1,0,0,0,1,0,0,0,1,0
0,0,1,1,58,1,0,1,1,0,0,1,1,0,99.25,100.80431034482758,-1.5543103448275843,4,6,1,0,0,0,8.673795150117357,0,1,0,0,1,0,0,1,0,0
0,0,1,1,71,1,1,1,1,1,1,1,1,0,89.9,89.33380281690141,0.5661971830985948,6,9,1,0,0,0,8.755217473419737,1,0,0,0,0,1,1,0,0,0
1,1,0,0,72,1,1,0,0,0,0,0,0,0,25.4,25.12986111111111,0.27013888888888715,0,2,1,0,1,0,7.501275475732016,0,0,1,0,0,1,1,0,0,0
1,0,0,0,14,1,1,0,1,0,0,1,1,1,100.55,101.11071428571428,-0.5607142857142833,3,6,0,0,1,1,7.255979616917987,0,1,0,1,0,0,0,0,1,0
0,0,0,0,1,1,0,0,0,0,0,0,0,1,44.0,44.0,0.0,0,2,0,1,1,0,3.8066624897703196,1,0,0,1,0,0,0,0,0,1
0,0,1,0,71,1,1,0,0,0,0,0,0,0,25.05,26.390140845070423,-1.3401408450704224,0,2,1,0,0,0,7.536203925603146,0,0,1,0,0,1,0,1,0,0
0,0,0,0,12,1,0,0,1,0,0,0,0,1,49.4,50.97083333333333,-1.5708333333333329,1,3,0,0,1,0,6.417793810395455,1,0,0,1,0,0,0,0,1,0
0,0,0,0,3,1,0,1,0,1,0,1,1,1,99.0,95.8,3.200000000000003,4,6,1,1,1,0,5.664348405410794,0,1,0,1,0,0,0,1,0,0
0,1,0,0,1,1,0,0,0,0,0,0,0,1,69.95,69.95,0.0,0,2,0,1,1,1,4.261975403606051,0,1,0,1,0,0,0,0,1,0
1,1,0,0,10,1,0,0,0,0,0,0,1,1,79.25,79.35499999999999,-0.10499999999998977,1,3,0,0,1,1,6.6777759166586454,0,1,0,1,0,0,0,0,1,0
1,0,1,0,6,1,0,0,1,1,0,0,1,1,91.0,88.5,2.5,3,5,0,1,0,1,6.2766434893416445,0,1,0,1,0,0,0,0,1,0
1,0,0,0,64,1,0,1,1,0,0,1,1,1,100.3,103.184375,-2.8843750000000057,4,6,1,0,1,0,8.795551936407135,0,1,0,0,1,0,0,1,0,0
1,0,1,1,72,1,1,0,0,0,0,0,0,0,24.3,22.822916666666668,1.4770833333333329,0,2,1,0,0,0,7.40503963218146,0,0,1,0,0,1,1,0,0,0
1,0,1,1,32,1,0,0,0,0,0,0,0,1,69.75,73.371875,-3.621875000000003,0,2,1,0,0,1,7.76170241244579,0,1,0,1,0,0,1,0,0,0
1,0,0,0,16,1,0,0,0,0,0,0,0,0,19.75,17.771875,1.9781249999999986,0,1,0,0,1,0,5.653716496982717,0,0,1,0,0,1,0,0,0,1
1,1,1,0,9,1,0,0,0,0,0,0,0,1,21.25,22.727777777777778,-1.4777777777777779,0,1,0,0,0,0,5.325689313343887,0,0,1,1,0,0,0,0,0,1
1,1,0,0,35,1,1,0,0,0,0,1,1,1,95.45,99.25857142857143,-3.808571428571426,2,5,0,0,1,1,8.153364146384588,0,1,0,1,0,0,0,0,1,0
0,0,1,0,59,1,0,1,0,1,0,0,0,1,81.25,78.63474576271186,2.6152542372881413,2,4,1,0,0,0,8.442566623276399,0,1,0,0,1,0,0,1,0,0
1,0,0,0,1,1,0,0,0,0,0,0,0,0,45.6,45.6,0.0,0,2,0,1,1,0,3.8416005411316,1,0,0,1,0,0,0,0,0,1
0,0,0,0,71,1,1,1,1,1,1,1,1,1,113.15,112.58169014084507,0.5683098591549367,6,9,1,0,1,0,8.986484066713215,0,1,0,0,0,1,0,1,0,0
0,0,0,1,12,1,1,1,0,0,0,0,0,1,78.3,75.77083333333333,2.5291666666666686,1,4,0,0,0,0,6.813719287055543,0,1,0,1,0,0,0,0,1,0
1,1,1,0,71,1,0,0,1,1,1,0,1,1,95.5,94.4669014084507,1.0330985915493045,4,6,1,0,0,0,8.81107848405266,0,1,0,0,0,1,0,1,0,0
0,0,0,0,72,1,1,0,1,1,1,1,1,1,111.6,111.28819444444444,0.31180555555555145,5,8,1,0,1,0,8.988914095301467,0,1,0,0,0,1,1,0,0,0
0,1,1,0,72,1,1,1,1,1,1,1,1,1,114.65,115.74930555555557,-1.09930555555556,6,9,1,0,0,0,9.028212796366661,0,1,0,0,0,1,1,0,0,0
1,0,0,0,48,1,0,0,0,0,0,0,0,0,19.85,19.083333333333332,0.7666666666666693,0,1,1,0,1,0,6.821107472256465,0,0,1,0,0,1,0,1,0,0
1,0,0,0,16,1,0,0,0,0,1,0,0,1,49.45,49.9375,-0.48749999999999716,1,3,0,0,1,0,6.684611727667927,1,0,0,1,0,0,0,0,0,1
1,0,0,0,30,1,0,1,1,1,0,0,0,1,84.3,81.28666666666666,3.0133333333333354,3,5,1,0,1,0,7.799589370422301,0,1,0,1,0,0,0,1,0,0
0,1,1,0,55,1,1,0,1,1,0,0,0,1,85.45,88.63090909090909,-3.1809090909090827,2,5,0,0,0,1,8.492018962867517,0,1,0,1,0,0,0,0,1,0
1,0,0,0,66,1,0,1,1,0,0,0,0,1,54.8,52.51060606060606,2.289393939393939,2,4,0,0,1,0,8.150958411799742,1,0,0,0,1,0,0,0,0,1
0,0,1,1,25,1,0,0,0,0,0,0,0,0,20.1,19.442,0.6580000000000013,0,1,0,0,0,0,6.188366787216965,0,0,1,0,0,1,0,0,0,1
1,0,1,1,68,1,0,1,0,0,1,1,1,1,99.55,98.05882352941177,1.491176470588229,4,6,0,0,0,0,8.805225202632306,0,1,0,0,0,1,0,0,1,0
0,0,1,1,67,1,1,1,0,1,1,0,1,1,100.25,99.83582089552239,0.4141791044776113,4,7,1,0,0,0,8.808369153122275,0,1,0,0,1,0,1,0,0,0
1,0,1,0,70,1,1,1,1,1,1,1,1,0,115.65,113.84071428571428,1.8092857142857213,6,9,1,0,0,0,8.983420951029988,0,1,0,0,1,0,0,1,0,0
0,0,1,1,67,1,1,0,1,0,1,1,0,0,94.1,94.07164179104478,0.02835820895521124,3,6,1,0,0,0,8.748907905146114,0,1,0,0,0,1,0,1,0,0
1,0,0,0,13,0,0,1,0,0,1,1,0,1,45.55,45.92307692307692,-0.37307692307692264,3,4,1,0,1,0,6.393590753950631,1,0,0,1,0,0,0,1,0,0
0,0,0,0,48,0,0,1,1,0,0,1,0,1,44.8,43.84479166666667,0.9552083333333243,3,4,0,0,1,0,7.652331994648445,1,0,0,1,0,0,0,0,1,0
1,0,1,1,16,1,0,0,0,0,0,0,0,0,20.15,21.334375,-1.1843750000000028,0,1,0,0,0,0,5.835833605567072,0,0,1,1,0,0,0,0,1,0
1,0,0,0,53,1,1,0,0,0,0,0,0,0,24.6,24.132075471698112,0.46792452830188935,0,2,0,0,1,0,7.154615356913663,0,0,1,0,0,1,0,0,0,1
0,0,0,0,18,0,0,0,0,1,1,0,0,1,35.2,33.73888888888889,1.4611111111111157,2,3,0,0,1,0,6.41066818132666,1,0,0,1,0,0,0,0,1,0
1,0,0,0,45,0,0,1,0,1,1,0,0,0,42.3,40.90555555555556,1.3944444444444386,3,4,1,0,1,0,7.518471485562923,1,0,0,0,1,0,1,0,0,0
1,0,1,0,40,1,0,0,1,0,0,0,0,1,50.15,51.4625,-1.3125,1,3,0,0,0,0,7.630218513876136,1,0,0,1,0,0,0,0,0,1
1,0,0,0,18,1,1,0,0,0,0,1,0,0,84.3,85.4388888888889,-1.1388888888889,1,4,1,0,1,1,7.338823154469806,0,1,0,1,0,0,1,0,0,0
0,0,0,0,10,1,0,0,0,0,0,0,0,1,19.3,18.52,0.7800000000000011,0,1,0,0,1,0,5.226821364842967,0,0,1,0,1,0,0,0,0,1
1,0,0,0,54,0,0,1,0,0,1,1,0,0,45.2,45.56574074074074,-0.3657407407407405,3,4,1,0,1,0,7.8085465118093405,1,0,0,0,0,1,0,1,0,0
0,0,1,1,54,1,1,0,1,1,1,1,1,1,86.2,83.77870370370371,2.4212962962962905,5,8,0,0,0,0,8.417383905796736,1,0,0,1,0,0,0,0,1,0
1,0,0,0,5,1,0,0,0,0,0,1,0,1,80.6,83.11,-2.510000000000005,1,3,0,1,1,1,6.032006502420918,0,1,0,1,0,0,0,0,1,0
1,0,0,0,7,1,1,0,0,0,0,0,1,1,86.8,88.62142857142858,-1.8214285714285836,1,4,0,0,1,1,6.431894530252004,0,1,0,1,0,0,0,0,1,0
0,0,1,1,70,1,1,0,0,0,0,0,0,0,24.05,25.210714285714285,-1.1607142857142847,0,2,0,0,0,0,7.476330808289032,0,0,1,0,0,1,0,0,0,1
1,1,0,0,5,1,0,0,0,0,0,0,0,0,20.05,18.830000000000002,1.2199999999999989,0,1,1,1,1,0,4.555454593742159,0,0,1,1,0,0,1,0,0,0
1,1,1,0,10,1,1,0,0,1,0,0,1,1,89.8,91.42999999999999,-1.6299999999999955,2,5,0,0,0,1,6.819251880390734,0,1,0,1,0,0,0,0,1,0
1,1,0,0,5,1,0,0,0,0,0,0,0,1,70.25,66.38,3.8700000000000045,0,2,0,1,1,1,5.807842144580979,0,1,0,1,0,0,0,0,0,1
0,1,0,0,41,1,0,0,0,1,1,1,1,1,101.1,97.9560975609756,3.1439024390243873,4,6,1,0,1,0,8.298340421519184,0,1,0,0,1,0,1,0,0,0
0,0,0,0,3,1,1,0,0,0,1,1,0,1,63.6,51.88333333333333,11.716666666666669,2,5,0,1,1,0,5.054014017398201,1,0,0,1,0,0,0,0,1,0
0,0,1,1,4,1,1,0,0,0,0,0,0,0,50.85,59.8875,-9.037500000000001,0,3,0,1,0,0,5.482927968145463,1,0,0,1,0,0,0,0,0,1
1,0,0,0,4,1,0,0,0,0,1,0,0,1,50.8,50.575,0.22499999999999432,1,3,0,1,1,0,5.314682720634301,1,0,0,1,0,0,0,0,0,1
1,0,1,1,17,1,0,0,0,0,0,0,0,0,19.9,19.397058823529413,0.5029411764705856,0,1,1,0,0,0,5.801362802995065,0,0,1,0,1,0,1,0,0,0
0,0,0,0,1,1,1,0,0,0,0,0,1,1,60.15,60.15,0.0,1,4,0,1,1,0,4.113329862133181,1,0,0,1,0,0,0,0,1,0
1,0,1,0,40,1,1,0,1,1,0,1,1,1,106.0,104.46624999999999,1.533750000000012,4,7,1,0,0,1,8.337982789955662,0,1,0,0,1,0,1,0,0,0
0,0,0,0,29,1,1,0,1,0,0,0,0,1,55.25,55.86896551724138,-0.6189655172413779,1,4,0,0,1,0,7.390921894754154,1,0,0,0,1,0,0,0,1,0
1,1,1,0,39,1,1,0,1,1,0,1,1,1,105.65,109.86666666666667,-4.216666666666669,4,7,0,0,0,1,8.363062511388982,0,1,0,1,0,0,0,0,1,0
1,1,0,0,49,1,1,1,1,1,1,0,1,0,81.35,82.87551020408164,-1.525510204081641,5,8,1,0,1,0,8.309406123422718,1,0,0,0,0,1,0,1,0,0
1,0,1,0,11,1,1,0,0,0,0,0,0,1,74.95,75.06363636363636,-0.11363636363635976,0,3,0,0,0,1,6.71744187225863,0,1,0,1,0,0,0,0,1,0
1,0,1,1,58,1,0,0,1,0,1,1,1,1,75.2,74.15172413793104,1.0482758620689623,4,6,1,0,0,0,8.366788818742332,1,0,0,0,1,0,0,1,0,0
1,0,1,1,43,1,1,0,0,1,1,1,1,1,104.3,103.53139534883722,0.7686046511627751,4,7,1,0,0,0,8.40129961959827,0,1,0,0,1,0,0,1,0,0
0,0,0,0,23,1,1,1,0,1,0,1,1,1,78.55,80.13260869565217,-1.5826086956521692,4,7,0,0,1,0,7.519719518716397,1,0,0,0,1,0,0,0,1,0
1,0,0,0,1,1,0,0,0,0,0,0,0,1,69.35,69.35,0.0,0,2,0,1,1,1,4.253482783560398,0,1,0,1,0,0,0,0,1,0
1,0,1,1,37,1,1,0,1,1,0,1,0,1,92.95,92.30405405405405,0.6459459459459538,3,6,0,0,0,1,8.136298737242278,0,1,0,1,0,0,0,0,1,0
0,0,1,1,24,0,0,1,1,1,0,1,1,0,57.6,56.989583333333336,0.6104166666666657,5,6,0,0,0,0,7.221653193564811,1,0,0,0,1,0,0,0,1,0
0,0,1,1,44,1,1,0,1,1,0,0,1,0,94.4,97.62159090909091,-3.2215909090909065,3,6,0,0,0,1,8.365521104006048,0,1,0,0,1,0,0,0,1,0
1,1,0,0,55,1,1,1,0,0,0,1,1,1,98.8,102.14090909090909,-3.3409090909090935,3,6,0,0,1,0,8.63386449821993,0,1,0,1,0,0,0,0,1,0
0,0,1,0,48,1,1,0,0,1,1,0,1,1,69.55,71.575,-2.0250000000000057,3,6,0,0,0,0,8.142237889512645,1,0,0,0,1,0,0,0,0,1
0,0,0,0,1,0,0,0,0,0,0,1,0,1,34.7,34.7,0.0,1,2,0,1,1,0,3.5751506887855933,1,0,0,1,0,0,0,0,1,0
0,0,0,0,11,0,0,0,0,0,0,1,0,1,35.8,33.01363636363636,2.786363636363639,1,2,0,0,1,0,5.897565870663924,1,0,0,1,0,0,0,0,0,1
0,0,0,0,6,1,1,0,0,0,0,0,0,1,73.85,66.88333333333334,6.966666666666654,0,3,0,1,1,1,5.997198078955742,0,1,0,1,0,0,0,0,0,1
1,0,0,0,23,1,0,0,0,0,0,0,0,0,20.45,20.917391304347827,-0.46739130434782794,0,1,0,0,1,0,6.1781515614115765,0,0,1,0,1,0,0,0,0,1
1,1,0,0,51,1,1,0,0,0,0,0,0,0,25.0,24.719607843137254,0.2803921568627459,0,2,1,0,1,0,7.140215296933696,0,0,1,0,1,0,1,0,0,0
1,1,0,0,12,0,0,0,1,0,0,0,0,1,29.35,31.766666666666666,-2.4166666666666643,1,2,1,0,1,0,5.945944031806173,1,0,0,1,0,0,0,1,0,0
1,0,0,1,25,1,0,0,0,0,0,0,0,0,20.8,18.408,2.3919999999999995,0,1,0,0,0,0,6.133831788394904,0,0,1,1,0,0,0,0,0,1
0,0,1,1,1,1,0,0,0,0,0,0,0,0,19.45,19.45,0.0,0,1,0,1,0,0,3.017982882488811,0,0,1,1,0,0,0,0,1,0
1,0,0,0,50,1,0,1,1,1,1,0,0,1,90.1,90.98899999999999,-0.8889999999999958,4,6,1,0,1,0,8.422981408153506,0,1,0,0,1,0,0,1,0,0
0,1,0,0,13,1,1,0,0,0,0,0,1,1,82.0,86.70769230769231,-4.707692307692312,1,4,0,0,1,1,7.0283787213058755,0,1,0,1,0,0,0,0,1,0
0,0,0,0,15,1,0,0,0,0,0,0,0,0,19.75,19.82,-0.07000000000000028,0,1,1,0,1,0,5.698099691520703,0,0,1,1,0,0,1,0,0,0
0,1,1,0,43,1,1,1,1,0,0,1,0,1,94.5,96.66976744186047,-2.169767441860472,3,6,0,0,0,0,8.332741367213014,0,1,0,1,0,0,0,0,1,0
1,0,0,0,63,1,0,0,0,0,0,0,0,0,20.5,21.081746031746032,-0.5817460317460323,0,1,0,0,1,0,7.192294919161421,0,0,1,0,1,0,0,0,0,1
0,0,0,0,1,1,0,0,0,0,0,0,1,1,79.7,79.7,0.0,1,3,0,1,1,1,4.390738575275903,0,1,0,1,0,0,0,0,1,0
1,0,1,1,32,1,0,0,0,0,0,0,0,0,18.95,19.1859375,-0.23593750000000213,0,1,0,0,0,0,6.42154096368842,0,0,1,0,0,1,0,0,0,1
0,0,0,0,12,1,1,0,0,0,1,0,0,1,79.55,79.85416666666667,-0.30416666666667425,1,4,1,0,1,0,6.866151729127062,0,1,0,1,0,0,0,1,0,0
0,0,1,1,20,1,0,0,0,0,0,0,0,0,20.35,22.130000000000003,-1.7800000000000011,0,1,0,0,0,0,6.094923255476212,0,0,1,1,0,0,0,0,0,1
0,0,0,0,2,1,0,0,0,0,0,0,0,0,19.95,19.075,0.875,0,1,0,1,1,0,3.667400422436812,0,0,1,1,0,0,0,0,0,1
0,0,1,1,61,0,0,1,1,0,1,0,1,1,50.7,50.635245901639344,0.06475409836065893,4,5,1,0,0,0,8.035845460469845,1,0,0,0,1,0,1,0,0,0
0,0,0,0,11,1,0,0,0,0,0,0,0,1,44.65,42.93181818181818,1.7181818181818187,0,2,0,0,1,0,6.159623790089432,1,0,0,1,0,0,0,0,0,1
1,0,1,0,15,1,1,0,0,1,0,1,1,1,101.1,100.27,0.8299999999999983,3,6,0,0,0,1,7.31658139922248,0,1,0,1,0,0,0,0,1,0
1,0,1,1,71,1,1,1,1,1,1,1,1,0,90.35,89.08802816901408,1.2619718309859138,6,9,0,0,0,0,8.752462922528288,1,0,0,0,0,1,0,0,1,0
1,0,0,0,7,1,0,0,0,1,0,0,0,0,74.65,77.79285714285713,-3.1428571428571246,1,3,0,0,1,1,6.3017944601011076,0,1,0,1,0,0,0,0,0,1
1,0,0,0,1,1,0,0,0,0,0,1,1,1,89.25,89.25,0.0,2,4,0,1,1,1,4.502583597212991,0,1,0,1,0,0,0,0,1,0
0,1,1,1,72,1,1,1,1,1,1,1,1,1,90.15,93.28402777777778,-3.1340277777777743,6,9,1,0,0,0,8.81246389721669,1,0,0,0,0,1,1,0,0,0
0,0,1,1,65,1,1,0,1,0,1,1,1,1,79.4,78.02923076923076,1.3707692307692412,4,7,1,0,0,0,8.531667925170549,1,0,0,0,0,1,1,0,0,0
1,0,1,0,33,1,1,0,1,1,0,0,1,1,93.35,93.6969696969697,-0.34696969696970825,3,6,0,0,0,1,8.03689677268507,0,1,0,1,0,0,0,0,1,0
0,0,1,1,65,1,1,0,0,0,0,0,0,0,26.0,25.459230769230768,0.5407692307692322,0,2,1,0,0,0,7.412069751132471,0,0,1,0,0,1,0,1,0,0
1,0,1,1,64,1,0,1,0,1,1,1,0,0,69.25,69.49609375,-0.24609375,4,6,0,0,0,0,8.400378436824402,1,0,0,0,0,1,0,0,0,1
1,0,1,1,60,1,0,0,0,0,0,0,0,0,19.65,19.3625,0.28749999999999787,0,1,1,0,0,0,7.058543168104206,0,0,1,0,0,1,0,1,0,0
0,1,0,0,4,1,1,0,0,0,0,1,1,1,95.45,99.025,-3.575000000000003,2,5,0,1,1,1,5.984188138137206,0,1,0,1,0,0,0,0,1,0
0,0,1,1,31,1,0,0,0,0,0,0,0,0,21.0,22.506451612903227,-1.506451612903227,0,1,0,0,0,0,6.549221465558405,0,0,1,0,0,1,0,0,0,1
0,0,0,0,14,1,0,0,0,0,0,0,0,1,71.0,65.28571428571429,5.714285714285708,0,2,1,0,1,1,6.818924065275521,0,1,0,1,0,0,0,1,0,0
1,0,0,0,46,1,1,0,0,0,0,0,0,0,72.8,70.63913043478261,2.160869565217382,0,3,1,0,1,1,8.086533344673517,0,1,0,1,0,0,1,0,0,0
0,0,0,0,5,1,1,0,0,0,0,1,0,1,85.2,94.96000000000001,-9.760000000000005,1,4,0,1,1,1,6.164997597868857,0,1,0,1,0,0,0,0,1,0
1,0,0,0,5,1,0,0,0,0,0,0,0,0,20.35,18.55,1.8000000000000007,0,1,0,1,1,0,4.54063166485052,0,0,1,1,0,0,0,0,0,1
0,0,0,0,2,1,0,1,0,0,0,1,1,1,70.75,73.45,-2.700000000000003,3,5,0,1,1,0,4.996536369716754,1,0,0,1,0,0,0,0,1,0
0,1,0,0,57,1,0,1,0,1,1,1,0,0,69.85,70.2280701754386,-0.37807017543860866,4,6,1,0,1,0,8.295049140435111,1,0,0,0,0,1,1,0,0,0
0,0,1,0,64,1,0,0,1,1,1,0,1,1,68.3,68.41875,-0.11875000000000568,4,6,0,0,0,0,8.38475834022749,1,0,0,0,0,1,0,0,0,1
1,1,1,0,58,0,0,0,1,1,0,0,1,1,45.3,45.710344827586205,-0.4103448275862078,3,4,0,0,0,0,7.883144763243498,1,0,0,1,0,0,0,0,1,0
0,0,1,1,43,1,0,1,0,1,0,1,1,0,75.2,75.68255813953488,-0.4825581395348735,4,6,1,0,0,0,8.088055075743789,1,0,0,0,0,1,1,0,0,0
1,0,1,0,70,1,1,1,1,1,1,1,1,0,114.3,117.77571428571427,-3.4757142857142753,6,9,1,0,0,0,9.017398620020051,0,1,0,0,0,1,0,1,0,0
1,0,1,1,72,1,1,0,0,0,0,0,0,0,26.1,25.714583333333334,0.38541666666666785,0,2,0,0,0,0,7.524264366252684,0,0,1,0,0,1,0,0,0,1
1,0,1,1,34,0,0,0,0,1,1,1,0,1,44.85,42.42941176470588,2.420588235294119,3,4,0,0,0,0,7.274895272768633,1,0,0,1,0,0,0,0,1,0
0,0,1,1,31,1,0,0,0,0,0,0,0,1,19.55,21.256451612903227,-1.7064516129032263,0,1,0,0,0,0,6.492164074574964,0,0,1,1,0,0,0,0,0,1
1,0,1,0,5,1,0,0,0,1,0,1,1,1,94.45,99.62,-5.170000000000002,3,5,0,1,0,1,6.2128064764755635,0,1,0,1,0,0,0,0,1,0
0,0,0,0,45,1,0,1,1,0,0,1,1,1,100.3,99.64333333333333,0.6566666666666663,4,6,0,0,1,0,8.408482626158737,0,1,0,0,1,0,0,0,1,0
0,0,1,0,8,1,0,0,1,1,0,1,1,0,101.15,105.3625,-4.2124999999999915,4,6,0,0,0,1,6.738034004163921,0,1,0,1,0,0,0,0,1,0
1,0,0,0,6,1,0,0,0,0,0,0,0,0,20.15,21.75,-1.6000000000000014,0,1,1,1,1,0,4.879006851617819,0,0,1,1,0,0,1,0,0,0
0,0,0,0,8,0,0,0,1,0,0,0,0,1,29.25,28.36875,0.8812500000000014,1,2,0,0,1,0,5.42912630665945,1,0,0,1,0,0,0,0,0,1
1,0,0,0,56,1,1,1,1,0,1,0,0,1,64.65,65.45625,-0.8062499999999915,3,6,1,0,1,0,8.20700644442437,1,0,0,0,1,0,1,0,0,0
0,0,1,1,2,1,0,0,1,0,0,0,0,1,73.55,72.7,0.8499999999999943,1,3,1,1,0,1,4.986342601527212,0,1,0,1,0,0,1,0,0,0
1,1,1,0,27,1,1,0,1,1,1,1,1,1,84.8,85.53888888888889,-0.7388888888888943,5,8,1,0,0,0,7.745240870413761,1,0,0,1,0,0,1,0,0,0
0,0,1,0,23,1,0,1,0,1,1,0,1,1,68.75,73.45434782608696,-4.704347826086959,4,6,1,0,0,0,7.4327500446623205,1,0,0,0,1,0,1,0,0,0
1,0,0,0,22,1,0,0,1,0,0,1,1,1,93.2,98.05909090909091,-4.859090909090909,3,5,0,0,1,1,7.677076153764925,0,1,0,1,0,0,0,0,0,1
1,0,1,1,71,1,1,0,1,0,0,1,1,0,100.55,100.19366197183099,0.35633802816900584,3,6,1,0,0,1,8.8699253728722,0,1,0,0,1,0,1,0,0,0
0,0,0,0,29,1,0,0,0,0,0,0,0,0,20.0,20.66551724137931,-0.6655172413793089,0,1,0,0,1,0,6.3974295302577975,0,0,1,0,1,0,0,0,0,1
0,0,0,0,3,1,0,0,0,0,0,0,0,0,19.95,19.333333333333332,0.6166666666666671,0,1,0,1,1,0,4.07753744390572,0,0,1,1,0,0,0,0,0,1
1,1,0,0,66,1,1,0,1,1,1,1,1,0,110.9,112.60681818181818,-1.7068181818181785,5,8,1,0,1,0,8.913691551461717,0,1,0,0,1,0,0,1,0,0
1,0,1,0,56,1,1,1,1,1,0,0,0,1,93.15,93.82053571428571,-0.6705357142857054,3,6,0,0,0,0,8.566925768517926,0,1,0,0,1,0,0,0,1,0
0,0,0,0,1,1,0,0,0,0,0,0,0,0,19.15,19.15,0.0,0,1,0,1,1,0,3.0032042883926917,0,0,1,1,0,0,0,0,0,1
0,0,0,0,10,0,0,0,0,0,1,0,0,1,29.6,29.905,-0.3049999999999997,1,2,0,0,1,0,5.703949127435522,1,0,0,0,0,1,0,0,0,1
1,0,1,1,70,1,1,1,0,1,0,1,0,0,68.95,69.41,-0.45999999999999375,3,6,1,0,0,0,8.488731986594201,1,0,0,0,0,1,0,1,0,0
1,0,0,0,43,1,0,1,1,1,1,0,0,1,90.65,90.28604651162792,0.36395348837208985,4,6,1,0,1,0,8.26444058659791,0,1,0,0,1,0,0,1,0,0
0,0,0,0,38,1,1,0,0,0,0,0,0,1,24.25,24.063157894736843,0.1868421052631568,0,2,0,0,1,0,6.819361128219541,0,0,1,0,1,0,0,0,1,0
0,0,0,0,29,1,0,1,1,1,0,0,1,1,68.85,67.94827586206897,0.9017241379310263,4,6,1,0,1,0,7.5865499533176814,1,0,0,1,0,0,1,0,0,0
1,0,1,1,54,1,1,0,0,1,0,0,1,0,63.35,63.13148148148148,0.2185185185185219,2,5,1,0,0,0,8.134496895360774,1,0,0,0,0,1,0,1,0,0
1,0,1,0,47,1,0,0,0,0,0,0,0,0,19.65,20.70425531914894,-1.0542553191489397,0,1,0,0,0,0,6.88151396777691,0,0,1,0,0,1,0,0,0,1
1,0,1,0,61,1,1,1,1,1,1,0,1,1,80.8,79.68606557377049,1.1139344262295054,5,8,1,0,0,0,8.48917430289871,1,0,0,0,0,1,1,0,0,0
1,0,0,0,34,1,0,0,1,0,0,0,0,1,49.8,51.00588235294118,-1.205882352941181,1,3,0,0,1,0,7.458877959512665,1,0,0,1,0,0,0,0,1,0
0,1,1,0,72,1,1,1,1,1,1,0,1,0,78.45,78.92013888888889,-0.4701388888888829,5,8,1,0,0,0,8.645278531179455,1,0,0,0,0,1,1,0,0,0
1,0,0,0,7,1,0,0,0,0,0,0,0,0,69.15,69.80714285714285,-0.6571428571428442,0,2,1,0,1,1,6.193690850166804,0,1,0,1,0,0,1,0,0,0
0,1,0,0,2,1,0,0,0,0,0,1,0,0,81.5,81.275,0.22499999999999432,1,3,0,1,1,1,5.097118753984393,0,1,0,1,0,0,0,0,0,1
1,1,1,0,9,1,0,0,0,0,0,0,0,0,19.85,20.35,-0.5,0,1,1,0,0,0,5.2157506428910745,0,0,1,0,1,0,0,1,0,0
0,0,1,0,65,1,1,1,0,1,0,1,1,1,105.05,106.38384615384615,-1.333846153846153,4,7,0,0,0,0,8.841585617164554,0,1,0,1,0,0,0,0,1,0
1,0,0,0,39,1,0,0,0,0,1,0,0,1,49.8,50.542307692307695,-0.7423076923076977,1,3,1,0,1,0,7.586879597178514,1,0,0,0,0,1,1,0,0,0
1,0,1,1,42,0,0,0,1,1,0,0,1,1,45.1,48.786904761904765,-3.6869047619047635,3,4,1,0,0,0,7.6256194620789195,1,0,0,0,1,0,0,1,0,0
0,0,0,1,26,1,1,0,0,0,0,0,0,1,49.5,48.67884615384616,0.821153846153841,0,3,0,0,0,0,7.144130899065065,1,0,0,1,0,0,0,0,0,1
0,1,1,0,1,1,1,0,0,0,0,0,0,1,74.45,74.45,0.0,0,3,0,1,0,1,4.323470185213858,0,1,0,1,0,0,0,0,1,0
1,0,0,0,15,1,1,0,1,0,1,0,1,0,95.7,96.74,-1.039999999999992,3,6,0,0,1,0,7.280766063536691,0,1,0,1,0,0,0,0,1,0
1,0,1,1,63,1,0,0,1,1,0,0,0,1,80.3,77.71984126984128,2.5801587301587148,2,4,1,0,0,1,8.49644952147829,0,1,0,1,0,0,0,1,0,0
1,0,0,0,14,0,0,0,0,1,0,1,1,1,50.75,50.910714285714285,-0.1607142857142847,3,4,0,0,1,0,6.57053276097022,1,0,0,1,0,0,0,0,1,0
0,0,1,0,50,1,1,1,1,0,1,1,1,0,108.55,112.214,-3.6640000000000015,5,8,0,0,0,0,8.632608982915363,0,1,0,0,1,0,0,0,1,0
0,0,0,0,7,1,0,0,0,0,0,0,0,1,69.85,73.63571428571429,-3.785714285714292,0,2,1,0,1,1,6.246978478452642,0,1,0,1,0,0,1,0,0,0
0,0,0,0,1,0,0,0,0,0,0,0,0,1,25.1,25.1,0.0,0,1,0,1,1,0,3.261935314328648,1,0,0,1,0,0,0,0,0,1
1,0,0,0,25,1,0,1,0,0,0,0,0,0,74.3,78.09,-3.7900000000000063,1,3,1,0,1,0,7.577249930876854,0,1,0,1,0,0,1,0,0,0
0,1,0,0,15,1,0,1,0,1,1,0,1,1,96.3,95.11666666666666,1.1833333333333371,4,6,0,0,1,0,7.263855057544973,0,1,0,1,0,0,0,0,0,1
0,0,0,1,21,1,0,0,0,0,0,0,0,0,20.75,21.53333333333333,-0.7833333333333314,0,1,0,0,0,0,6.116333529153851,0,0,1,1,0,0,0,0,0,1
1,0,0,0,7,0,0,0,0,1,1,0,0,1,35.5,35.65,-0.14999999999999858,2,3,1,0,1,0,5.523658501405734,1,0,0,0,1,0,0,1,0,0
0,0,1,1,16,1,1,0,1,0,0,0,0,1,79.95,79.246875,0.703125,1,4,1,0,0,1,7.145945065834913,0,1,0,1,0,0,0,1,0,0
1,0,1,1,23,1,0,0,0,0,0,0,0,0,20.9,19.73913043478261,1.1608695652173893,0,1,0,0,0,0,6.12029741895095,0,0,1,0,0,1,0,0,0,1
1,0,0,1,14,1,0,1,1,1,1,0,1,0,76.1,75.34285714285714,0.7571428571428527,5,7,1,0,0,0,6.962054052389516,1,0,0,0,0,1,1,0,0,0
1,0,0,0,13,1,0,0,0,0,0,0,0,0,20.0,20.65,-0.6499999999999986,0,1,1,0,1,0,5.596382844379506,0,0,1,0,0,1,0,1,0,0
0,0,1,0,52,0,0,1,0,1,0,0,0,0,35.45,37.67211538461539,-2.2221153846153854,2,3,0,0,0,0,7.580674241695091,1,0,0,0,1,0,0,0,0,1
1,0,1,0,63,1,0,1,0,1,0,1,1,0,99.7,100.48253968253968,-0.782539682539678,4,6,1,0,0,0,8.75327665972029,0,1,0,0,0,1,0,1,0,0
0,0,1,0,70,0,0,0,1,1,1,1,1,0,57.8,57.70428571428572,0.09571428571427987,5,6,1,0,0,0,8.304074225623992,1,0,0,0,0,1,1,0,0,0
1,1,1,0,10,1,1,0,0,0,0,0,1,0,85.55,85.175,0.375,1,4,0,0,0,1,6.7484664212987555,0,1,0,1,0,0,0,0,1,0
1,0,1,1,61,1,1,0,0,1,0,1,1,1,99.9,102.31721311475411,-2.417213114754105,3,6,0,0,0,1,8.73911199303063,0,1,0,0,1,0,0,0,1,0
1,0,1,0,42,1,1,1,0,0,0,0,0,0,56.1,56.8297619047619,-0.7297619047619008,1,4,1,0,0,0,7.778148658469255,1,0,0,0,1,0,0,1,0,0
0,0,1,0,54,1,1,0,1,1,1,1,1,0,110.35,109.1324074074074,1.2175925925925952,5,8,0,0,0,0,8.681715612583577,0,1,0,0,1,0,0,0,1,0
0,0,0,0,41,1,0,0,0,0,0,0,0,1,19.75,19.681707317073172,0.06829268292682755,0,1,0,0,1,0,6.6945001754182565,0,0,1,0,1,0,0,0,0,1
0,1,0,0,53,1,0,1,1,0,1,0,1,1,96.75,98.23679245283019,-1.486792452830187,4,6,0,0,1,0,8.557864774625278,0,1,0,0,1,0,0,0,0,1
0,1,1,0,58,1,1,0,0,0,1,1,1,1,100.4,99.13448275862069,1.2655172413793139,3,6,1,0,0,0,8.657094254548438,0,1,0,1,0,0,1,0,0,0
0,0,1,0,72,1,1,1,0,1,1,1,1,1,84.9,84.24027777777778,0.6597222222222285,5,8,1,0,0,0,8.710504143009794,1,0,0,0,0,1,1,0,0,0
0,0,0,0,19,1,0,0,0,0,0,0,0,0,19.9,19.344736842105263,0.5552631578947356,0,1,0,0,1,0,5.909576387635298,0,0,1,1,0,0,0,0,0,1
1,0,0,0,1,1,0,0,0,0,0,0,0,0,20.6,20.6,0.0,0,1,0,1,1,0,3.0726933146901194,0,0,1,1,0,0,0,0,0,1
0,0,1,1,67,0,0,0,1,1,1,1,1,1,59.55,61.252238805970144,-1.702238805970147,5,6,0,0,0,0,8.319936661053873,1,0,0,0,0,1,0,0,1,0
0,0,0,0,18,1,1,0,0,0,1,0,1,1,90.1,89.59722222222223,0.5027777777777658,2,5,0,0,1,0,7.386315942160852,0,1,0,1,0,0,0,0,1,0
1,0,0,0,31,1,0,0,0,0,0,0,0,0,20.45,20.598387096774193,-0.1483870967741936,0,1,0,0,1,0,6.460764804045402,0,0,1,0,0,1,0,0,0,1
1,0,1,1,48,1,1,0,0,0,0,0,0,0,26.3,25.938541666666666,0.361458333333335,0,2,1,0,0,0,7.1277338269531905,0,0,1,0,0,1,1,0,0,0
0,0,0,0,9,1,0,0,0,0,0,0,0,0,71.0,74.72777777777777,-3.7277777777777743,0,2,0,0,1,1,6.512562232144577,0,1,0,1,0,0,0,0,1,0
1,0,1,0,48,1,0,0,0,0,0,0,0,1,20.05,21.583333333333332,-1.5333333333333314,0,1,0,0,0,0,6.9440872082295275,0,0,1,0,0,1,0,0,0,1
1,0,0,0,6,1,0,0,1,0,0,1,0,0,59.45,59.6,-0.14999999999999858,2,4,0,1,1,0,5.8822075611710325,1,0,0,1,0,0,0,0,1,0
0,1,0,0,5,1,0,0,0,0,0,0,0,1,69.05,63.7,5.349999999999994,0,2,0,1,1,1,5.766757273817589,0,1,0,1,0,0,0,0,0,1
0,0,0,0,53,1,0,1,1,1,1,0,1,0,99.5,102.34433962264151,-2.844339622641513,5,7,0,0,1,0,8.598819260296182,0,1,0,0,0,1,0,0,0,1
0,1,1,0,55,1,1,0,0,0,0,0,0,0,51.65,51.61000000000001,0.03999999999999204,0,3,1,0,0,0,7.951400867896387,1,0,0,1,0,0,1,0,0,0
0,0,0,0,2,1,0,0,0,0,0,0,0,1,20.0,20.45,-0.4499999999999993,0,1,0,1,1,0,3.735285826928092,0,0,1,1,0,0,0,0,0,1
0,0,1,1,52,1,0,0,1,1,1,0,0,0,85.8,85.25576923076923,0.5442307692307651,3,5,1,0,0,0,8.397125046886137,0,1,0,1,0,0,1,0,0,0
1,0,1,1,72,1,1,1,1,1,1,0,0,0,69.85,70.86597222222223,-1.0159722222222314,4,7,1,0,0,0,8.537652465817608,1,0,0,0,0,1,1,0,0,0
1,0,0,0,1,0,0,1,0,0,0,0,0,0,29.7,29.7,0.0,1,2,0,1,1,0,3.4242626545931514,1,0,0,1,0,0,0,0,0,1
0,0,1,1,12,0,0,0,1,0,0,0,0,0,29.2,25.758333333333336,3.441666666666663,1,2,0,0,0,0,5.736894826106403,1,0,0,1,0,0,0,0,0,1
0,0,0,0,7,1,0,1,1,1,0,0,0,0,61.4,62.699999999999996,-1.2999999999999972,3,5,0,0,1,0,6.086547428354674,1,0,0,1,0,0,0,0,1,0
1,0,1,1,60,1,0,0,1,0,1,1,1,0,76.95,75.7325,1.2175000000000011,4,6,1,0,0,0,8.421772005450956,1,0,0,0,0,1,1,0,0,0
0,1,1,0,21,1,1,0,1,1,0,0,1,0,71.7,71.28809523809524,0.4119047619047649,3,6,1,0,0,0,7.311919541357253,1,0,0,0,1,0,1,0,0,0
1,0,1,0,3,0,0,0,0,0,0,0,1,1,35.15,33.25,1.8999999999999986,1,2,0,1,0,0,4.612642200826793,1,0,0,1,0,0,0,0,1,0
0,0,1,1,48,1,1,0,1,0,1,1,1,0,79.65,80.63125000000001,-0.9812500000000028,4,7,0,0,0,0,8.2613456469289,1,0,0,0,0,1,0,0,1,0
0,0,0,0,23,1,0,0,1,1,0,0,0,0,55.8,57.73260869565217,-1.9326086956521706,2,4,1,0,1,0,7.192069185526151,1,0,0,0,1,0,1,0,0,0
0,0,1,0,65,1,0,0,0,0,1,1,0,1,59.8,58.58769230769231,1.2123076923076894,2,4,1,0,0,0,8.24517447231989,1,0,0,0,0,1,0,1,0,0
0,1,0,0,8,1,0,0,0,0,0,0,0,0,19.65,20.5375,-0.8875000000000028,0,1,0,0,1,0,5.107762004826979,0,0,1,1,0,0,0,0,1,0
0,0,1,1,55,1,1,0,0,0,0,0,0,1,25.65,25.236363636363638,0.41363636363636047,0,2,1,0,0,0,7.236339342754344,0,0,1,0,0,1,0,1,0,0
1,0,0,0,35,1,0,0,0,0,0,0,0,1,19.15,18.228571428571428,0.9214285714285708,0,1,0,0,1,0,6.459904454377535,0,0,1,0,1,0,0,0,0,1
0,0,1,0,2,1,1,0,0,1,1,1,1,1,104.4,121.4,-17.0,4,7,0,1,0,0,5.496348217047172,0,1,0,1,0,0,0,0,1,0
0,1,0,0,31,1,1,0,0,0,0,0,0,1,73.9,71.5209677419355,2.3790322580645125,0,3,0,0,1,1,7.704428794117748,0,1,0,1,0,0,0,0,1,0
0,0,1,1,23,1,1,0,0,0,0,0,0,0,25.1,26.584782608695654,-1.484782608695653,0,2,0,0,0,0,6.417467306433695,0,0,1,0,0,1,0,0,0,1
0,0,0,0,1,1,0,0,1,0,0,0,0,0,74.35,74.35,0.0,1,3,0,1,1,1,4.3221439250725044,0,1,0,1,0,0,0,0,1,0
0,1,1,0,46,1,1,0,0,0,1,1,1,0,100.25,103.3445652173913,-3.094565217391306,3,6,0,0,0,0,8.466920428740588,0,1,0,0,1,0,0,0,1,0
0,0,1,0,41,1,0,1,1,1,0,1,1,1,104.45,101.51341463414634,2.9365853658536594,5,7,1,0,0,0,8.33400325769215,0,1,0,0,1,0,1,0,0,0
0,0,1,1,17,1,0,0,0,0,0,0,0,0,20.75,24.602941176470587,-3.852941176470587,0,1,0,0,0,0,6.038467400703318,0,0,1,0,1,0,0,0,0,1
0,0,0,0,55,1,0,0,1,1,0,0,1,1,64.75,65.76545454545455,-1.0154545454545456,3,5,0,0,1,0,8.193704305153153,1,0,0,0,0,1,0,0,0,1
1,0,0,0,32,1,0,0,0,0,0,1,1,1,64.85,62.8421875,2.007812499999993,2,4,1,0,1,0,7.606859680016209,1,0,0,0,1,0,1,0,0,0
0,1,1,0,47,1,1,0,0,1,0,1,1,0,99.7,101.00425531914894,-1.304255319148936,3,6,0,0,0,1,8.465520877841568,0,1,0,1,0,0,0,0,1,0
0,0,1,1,53,0,0,1,1,1,0,0,1,1,48.7,47.079245283018864,1.6207547169811392,4,5,1,0,0,0,7.822524854484353,1,0,0,1,0,0,1,0,0,0
1,0,1,1,32,0,0,0,0,1,1,0,0,1,36.25,35.9703125,0.2796875000000014,2,3,0,0,0,0,7.049298243091741,1,0,0,0,1,0,0,0,0,1
0,0,0,0,36,1,0,0,1,0,0,1,1,1,94.8,99.04583333333333,-4.245833333333337,3,5,1,0,1,1,8.179382058873774,0,1,0,1,0,0,0,1,0,0
0,0,0,1,3,0,0,0,1,0,0,0,0,0,29.65,30.016666666666666,-0.36666666666666714,1,2,0,1,0,0,4.511408806173617,1,0,0,1,0,0,0,0,0,1
1,0,1,0,28,1,1,0,1,1,0,1,0,0,96.6,95.86964285714285,0.7303571428571445,3,6,1,0,0,1,7.895566352265149,0,1,0,1,0,0,0,1,0,0
1,0,0,0,5,1,0,0,0,1,1,1,0,1,63.95,63.620000000000005,0.3299999999999983,3,5,1,1,1,0,5.765504533284198,1,0,0,1,0,0,0,1,0,0
1,0,1,1,52,1,1,0,1,0,1,0,1,1,93.25,89.07115384615385,4.178846153846152,3,6,1,0,0,0,8.440895130460174,0,1,0,1,0,0,1,0,0,0
0,0,0,0,37,1,1,0,0,1,0,1,1,1,100.05,102.98783783783784,-2.937837837837847,3,6,0,0,1,1,8.245791209537222,0,1,0,1,0,0,0,0,1,0
1,0,0,0,10,1,1,0,1,0,0,0,0,0,79.85,79.725,0.125,1,4,0,0,1,1,6.682421831594891,0,1,0,1,0,0,0,0,1,0
1,1,0,0,12,1,1,0,0,1,0,1,1,1,99.45,100.0125,-0.5625,3,6,0,0,1,1,7.091034710201204,0,1,0,1,0,0,0,0,1,0
0,0,0,1,15,1,0,1,1,1,1,0,0,0,65.6,67.33333333333333,-1.7333333333333343,4,6,1,0,0,0,6.918695219020472,1,0,0,0,1,0,0,1,0,0
1,0,1,0,44,1,0,0,0,0,0,1,1,1,90.65,90.32159090909092,0.32840909090909065,2,4,1,0,0,1,8.28781776222551,0,1,0,0,1,0,1,0,0,0
1,0,0,0,59,1,1,0,0,0,0,0,0,0,25.0,25.60169491525424,-0.6016949152542388,0,2,0,0,1,0,7.320857814219512,0,0,1,0,0,1,0,0,0,1
1,1,1,0,71,1,1,0,0,0,0,0,0,0,23.95,24.735211267605635,-0.7852112676056358,0,2,1,0,0,0,7.4714769121016245,0,0,1,0,0,1,1,0,0,0
1,0,1,0,58,1,1,1,1,1,0,1,1,1,86.1,84.31896551724138,1.7810344827586135,5,8,0,0,0,0,8.495254283897484,1,0,0,0,0,1,0,0,1,0
1,1,1,0,13,1,0,0,0,0,0,0,0,0,70.45,65.31538461538462,5.134615384615387,0,2,1,0,0,1,6.745353989623313,0,1,0,1,0,0,1,0,0,0
1,1,0,0,21,1,0,0,0,0,0,0,0,0,20.5,20.454761904761906,0.04523809523809419,0,1,1,0,1,0,6.0650634611421745,0,0,1,0,1,0,1,0,0,0
1,0,1,1,53,1,1,1,1,0,0,0,1,0,69.7,69.54811320754717,0.151886792452828,3,6,1,0,0,0,8.212581959303028,1,0,0,0,0,1,1,0,0,0
1,0,1,0,72,1,1,1,0,1,1,1,1,0,86.65,84.64236111111111,2.0076388888888914,5,8,1,0,0,0,8.715265058301425,1,0,0,0,0,1,0,1,0,0
1,0,0,0,5,1,1,0,0,0,0,0,0,1,75.9,71.55,4.3500000000000085,0,3,1,1,1,1,5.882625767073831,0,1,0,1,0,0,1,0,0,0
1,0,0,1,10,1,0,0,0,0,0,0,0,1,19.95,21.95,-2.0,0,1,1,0,0,0,5.395897694886901,0,0,1,0,1,0,1,0,0,0
0,1,1,0,62,1,0,1,0,1,1,1,1,1,79.95,77.73790322580645,2.2120967741935544,5,7,1,0,0,0,8.480684796599714,1,0,0,0,0,1,0,1,0,0
1,0,1,1,40,1,1,0,0,1,0,0,0,1,81.2,82.3075,-1.1075000000000017,1,4,0,0,0,1,8.099645380565091,0,1,0,1,0,0,0,0,1,0
0,0,1,1,28,1,1,0,0,0,0,0,0,0,49.9,50.36607142857143,-0.466071428571432,0,3,0,0,0,0,7.2522311154638714,1,0,0,1,0,0,0,0,0,1
0,0,1,0,8,1,1,0,0,0,0,0,1,1,85.2,78.425,6.775000000000006,1,4,1,0,0,1,6.443176906381466,0,1,0,1,0,0,0,1,0,0
1,0,1,0,2,1,0,0,0,1,0,0,0,0,76.4,75.9,0.5,1,3,0,1,0,1,5.02912987673242,0,1,0,1,0,0,0,0,1,0
1,1,1,0,72,1,1,1,1,1,0,0,1,1,102.65,104.86527777777778,-2.2152777777777715,4,7,1,0,0,0,8.929475012851324,0,1,0,0,0,1,0,1,0,0
0,0,1,1,4,1,0,0,0,0,0,1,0,1,78.9,74.9375,3.9625000000000057,1,3,0,1,0,1,5.7062793548547885,0,1,0,1,0,0,0,0,0,1
1,0,1,1,70,1,1,1,1,1,1,1,1,0,114.75,112.03285714285714,2.7171428571428606,6,9,1,0,0,0,8.967414943150516,0,1,0,0,0,1,0,1,0,0
0,0,1,0,55,1,1,0,1,1,0,1,0,1,94.45,92.23818181818183,2.211818181818174,3,6,1,0,0,1,8.531904448281932,0,1,0,1,0,0,0,1,0,0
0,0,1,0,46,0,0,1,1,0,0,1,0,0,45.55,44.82934782608696,0.720652173913038,3,4,0,0,0,0,7.63198922007418,1,0,0,1,0,0,0,0,1,0
1,1,0,0,20,1,1,0,0,0,0,1,0,1,84.35,87.26,-2.910000000000011,1,4,0,0,1,1,7.465197277376707,0,1,0,1,0,0,0,0,1,0
1,0,0,0,15,1,1,1,0,0,0,1,0,1,87.75,82.81333333333333,4.936666666666667,2,5,1,0,1,0,7.125443979613383,0,1,0,1,0,0,1,0,0,0
1,0,1,1,67,1,1,1,0,0,1,1,1,0,104.6,102.7723880597015,1.827611940298496,4,7,1,0,0,0,8.837354554609945,0,1,0,0,0,1,1,0,0,0
1,0,0,0,26,1,1,0,0,0,0,0,0,1,51.55,49.823076923076925,1.7269230769230717,0,3,1,0,1,0,7.167346471267392,1,0,0,0,1,0,0,1,0,0
0,1,1,0,17,1,1,0,0,0,0,1,1,1,92.55,94.98235294117647,-2.4323529411764753,2,5,0,0,0,1,7.387523578282785,0,1,0,1,0,0,0,0,1,0
1,0,1,0,67,1,1,0,1,1,0,1,1,0,104.1,105.08731343283583,-0.9873134328358333,4,7,0,0,0,1,8.859626198721307,0,1,0,0,1,0,0,0,1,0
1,0,0,0,26,0,0,1,0,0,1,1,1,0,54.55,52.41730769230769,2.1326923076923094,4,5,1,0,1,0,7.218066861681702,1,0,0,0,1,0,0,1,0,0
0,0,1,1,22,1,0,0,0,0,0,0,0,0,20.75,20.561363636363637,0.1886363636363626,0,1,1,0,0,0,6.116664454092065,0,0,1,0,1,0,1,0,0,0
0,0,0,0,8,1,0,0,0,1,1,0,1,0,64.1,63.00625,1.093749999999993,3,5,0,0,1,0,6.224657434275193,1,0,0,1,0,0,0,0,0,1
0,0,0,0,20,1,1,0,1,0,1,0,1,1,68.9,68.5175,0.3825000000000074,3,6,1,0,1,0,7.223550935092717,1,0,0,1,0,0,0,1,0,0
1,0,1,0,1,1,0,0,0,0,0,1,1,1,90.75,90.75,0.0,2,4,0,1,0,1,4.51906748693468,0,1,0,1,0,0,0,0,1,0
0,0,1,0,71,1,1,0,0,0,0,0,0,1,24.25,24.40774647887324,-0.15774647887323923,0,2,1,0,0,0,7.458157321861312,0,0,1,0,0,1,0,1,0,0
0,0,1,1,4,1,0,0,0,0,0,0,0,1,19.95,20.725,-0.7750000000000021,0,1,0,1,0,0,4.429625613473161,0,0,1,1,0,0,0,0,1,0
1,0,0,0,2,1,0,0,0,1,1,0,0,1,79.85,76.225,3.625,2,4,0,1,1,0,5.033374781065745,0,1,0,1,0,0,0,0,1,0
0,0,0,0,4,1,0,0,0,0,0,0,0,1,45.3,49.2375,-3.9375,0,2,0,1,1,0,5.288014473552139,1,0,0,1,0,0,0,0,0,1
0,0,1,1,24,1,0,0,0,0,0,0,0,1,19.7,20.585416666666667,-0.8854166666666679,0,1,0,0,0,0,6.204658767568524,0,0,1,0,0,1,0,0,0,1
0,0,0,0,64,1,1,1,1,1,1,1,1,1,115.1,114.59453125,0.5054687499999915,6,9,1,0,1,0,8.900419507186433,0,1,0,0,0,1,1,0,0,0
0,1,0,0,27,1,1,0,0,0,0,0,1,1,85.25,84.71296296296296,0.5370370370370381,1,4,0,0,1,1,7.735542612264889,0,1,0,1,0,0,0,0,1,0
0,0,1,0,61,1,1,0,1,0,1,0,1,1,94.35,93.49180327868852,0.8581967213114723,3,6,1,0,0,0,8.648922962094131,0,1,0,0,0,1,1,0,0,0
0,0,0,1,4,1,1,0,1,0,0,1,0,0,89.6,91.4125,-1.8125,2,5,0,1,0,1,5.904407714539809,0,1,0,1,0,0,0,0,0,1
0,0,0,1,22,1,0,0,0,0,0,0,0,1,20.55,21.356818181818184,-0.8068181818181834,0,1,0,0,0,0,6.1545395719560725,0,0,1,1,0,0,0,0,1,0
0,1,0,0,41,1,1,1,1,1,0,1,1,1,113.2,114.3780487804878,-1.1780487804877993,5,8,0,0,1,0,8.453294465566005,0,1,0,1,0,0,0,0,1,0
0,1,0,0,23,1,0,0,1,0,0,1,1,1,94.75,99.72173913043478,-4.971739130434784,3,5,0,0,1,1,7.738313815365043,0,1,0,1,0,0,0,0,1,0
1,0,0,0,33,1,0,0,1,0,1,0,0,0,80.6,80.33636363636363,0.26363636363636545,2,4,1,0,1,0,7.883107057985496,0,1,0,0,0,1,1,0,0,0
0,0,1,0,53,1,0,0,0,0,1,1,1,1,93.45,91.92830188679245,1.5216981132075489,3,5,0,0,0,0,8.491506084480253,0,1,0,0,1,0,0,0,1,0
0,0,0,0,72,1,1,1,1,1,1,1,1,0,115.05,116.73611111111111,-1.6861111111111171,6,9,1,0,1,0,9.036701015565063,0,1,0,0,0,1,0,1,0,0
1,0,0,0,16,1,0,0,0,0,0,0,0,1,19.7,21.4,-1.6999999999999993,0,1,0,0,1,0,5.838895948463375,0,0,1,1,0,0,0,0,0,1
0,0,1,0,12,1,0,0,1,0,0,0,0,1,51.25,51.00833333333333,0.24166666666666714,1,3,0,0,0,0,6.418528054768642,1,0,0,1,0,0,0,0,1,0
0,1,0,0,21,0,0,1,0,0,0,1,0,1,41.9,40.00476190476191,1.895238095238092,2,3,0,0,1,0,6.734710558968391,1,0,0,1,0,0,0,0,1,0
0,0,0,1,9,1,0,0,0,1,1,1,1,1,72.9,72.37777777777778,0.5222222222222257,4,6,0,0,0,0,6.4806578707468585,1,0,0,1,0,0,0,0,0,1
0,0,0,0,16,1,0,1,0,0,0,0,0,1,50.15,47.640625,2.5093749999999986,1,3,0,0,1,0,6.6375856316149875,1,0,0,1,0,0,0,0,1,0
1,0,1,0,67,1,1,1,1,1,0,1,1,0,109.9,109.43880597014925,0.4611940298507591,5,8,1,0,0,0,8.900194534540113,0,1,0,0,1,0,0,1,0,0
1,0,1,1,72,1,0,0,0,0,0,0,0,1,19.8,19.647916666666667,0.15208333333333357,0,1,1,0,0,0,7.255344068559612,0,0,1,0,0,1,0,1,0,0
1,0,0,0,1,1,0,0,0,0,0,0,0,0,45.3,45.3,0.0,0,2,0,1,1,0,3.835141961092188,1,0,0,1,0,0,0,0,1,0
1,0,1,1,24,1,1,1,0,0,1,1,1,0,81.0,80.16041666666666,0.8395833333333371,4,7,1,0,0,0,7.56260332160788,1,0,0,1,0,0,1,0,0,0
1,0,0,0,1,1,0,0,0,0,0,0,0,1,45.65,45.65,0.0,0,2,0,1,1,0,3.8426729272933526,1,0,0,1,0,0,0,0,1,0
1,0,0,0,2,1,0,0,0,0,0,0,0,1,69.8,67.35,2.450000000000003,0,2,1,1,1,1,4.9104465668408235,0,1,0,1,0,0,0,1,0,0
1,0,1,0,44,1,0,1,1,0,1,0,0,1,59.85,59.18068181818182,0.6693181818181841,3,5,1,0,0,0,7.8651687601452975,1,0,0,0,1,0,1,0,0,0
1,0,1,0,71,1,1,0,1,1,1,1,1,1,108.6,108.3225352112676,0.277464788732388,5,8,1,0,0,0,8.947923106104142,0,1,0,0,0,1,0,1,0,0
0,0,0,1,25,1,0,0,1,0,1,0,0,1,54.75,50.653999999999996,4.096000000000004,2,4,1,0,0,0,7.144683385266964,1,0,0,0,1,0,0,1,0,0
0,0,0,0,46,1,0,0,0,1,0,0,0,1,74.8,77.13695652173914,-2.3369565217391397,1,3,1,0,1,1,8.174505679927726,0,1,0,1,0,0,0,1,0,0
1,0,0,0,24,1,0,1,0,0,0,0,0,1,51.15,53.15416666666667,-2.00416666666667,1,3,0,0,1,0,7.152033902826306,1,0,0,1,0,0,0,0,1,0
1,0,0,0,5,1,0,0,0,0,1,0,0,1,49.2,43.38,5.82,1,3,0,1,1,0,5.384036241950574,1,0,0,1,0,0,0,0,1,0
0,0,0,0,52,0,0,1,1,0,1,0,0,0,39.1,38.11730769230769,0.9826923076923109,3,4,0,0,1,0,7.592416555891784,1,0,0,0,0,1,0,0,0,1
0,0,1,0,56,1,0,0,0,1,1,1,1,1,98.7,101.24107142857143,-2.5410714285714278,4,6,0,0,0,0,8.643032576255385,0,1,0,1,0,0,0,0,1,0
0,0,0,0,12,1,0,0,0,0,0,0,0,0,20.15,21.724999999999998,-1.5749999999999993,0,1,0,0,1,0,5.5671988095361,0,0,1,0,1,0,0,0,1,0
1,0,0,1,29,1,1,0,1,1,1,0,1,0,100.55,97.60172413793103,2.948275862068968,4,7,1,0,0,0,7.948544226913045,0,1,0,0,1,0,0,1,0,0
1,1,1,0,12,1,1,0,1,0,0,1,1,1,101.35,101.54583333333333,-0.19583333333333997,3,6,0,0,0,1,7.106237217225485,0,1,0,1,0,0,0,0,1,0
0,1,0,0,3,1,0,0,0,1,0,1,0,1,86.85,73.64999999999999,13.200000000000003,2,4,0,1,1,1,5.402452131280044,0,1,0,1,0,0,0,0,1,0
0,0,0,0,2,1,0,0,0,0,0,0,0,1,20.55,16.8,3.75,0,1,0,1,1,0,3.543853682063679,0,0,1,1,0,0,0,0,0,1
1,0,0,0,46,0,0,1,0,0,0,0,0,1,30.75,32.37608695652174,-1.626086956521739,1,2,1,0,1,0,7.306732720954747,1,0,0,0,1,0,1,0,0,0
1,0,1,0,41,1,0,0,0,0,0,0,0,1,19.75,21.93780487804878,-2.18780487804878,0,1,0,0,0,0,6.802894638365962,0,0,1,0,0,1,0,0,1,0
1,0,0,0,12,1,0,0,0,0,1,1,0,1,59.8,60.65,-0.8500000000000014,2,4,0,0,1,0,6.5913993459457485,1,0,0,0,1,0,0,0,1,0
1,0,1,1,35,1,0,0,1,0,1,1,0,1,89.7,90.44571428571429,-0.7457142857142856,3,5,0,0,0,0,8.060413736067334,0,1,0,0,1,0,0,0,1,0
1,0,0,0,24,0,0,1,0,0,0,1,1,1,50.6,53.697916666666664,-3.097916666666663,3,4,0,0,1,0,7.162203680124759,1,0,0,0,1,0,0,0,0,1
1,1,1,0,70,1,1,1,1,1,1,1,1,1,88.55,90.09285714285714,-1.5428571428571445,6,9,1,0,0,0,8.749494680515213,1,0,0,0,0,1,0,1,0,0
0,0,1,0,45,1,1,1,1,1,1,1,1,0,113.3,111.82777777777778,1.4722222222222143,6,9,0,0,0,0,8.52382117770646,0,1,0,0,1,0,0,0,0,1
0,1,0,0,46,1,0,0,1,0,0,1,1,0,95.25,96.17826086956521,-0.9282608695652073,3,5,1,0,1,1,8.395070754160756,0,1,0,0,1,0,0,1,0,0
0,0,1,1,72,1,1,1,1,1,1,1,1,0,117.5,120.41805555555555,-2.9180555555555543,6,9,1,0,0,0,9.06775093600585,0,1,0,0,0,1,0,1,0,0
1,0,0,0,1,1,0,0,0,0,0,0,0,0,19.45,19.45,0.0,0,1,0,1,1,0,3.017982882488811,0,0,1,1,0,0,0,0,0,1
0,0,0,0,7,1,1,1,0,0,0,0,0,1,79.65,86.38571428571429,-6.73571428571428,1,4,0,0,1,0,6.406384813986902,0,1,0,1,0,0,0,0,0,1
0,0,1,1,71,1,1,1,0,1,1,0,1,0,100.45,100.84084507042253,-0.3908450704225288,4,7,0,0,0,0,8.876363020539099,0,1,0,0,0,1,0,0,1,0
1,1,1,0,51,1,1,1,0,1,0,0,1,1,93.65,94.88529411764705,-1.2352941176470438,3,6,1,0,0,0,8.484700990965981,0,1,0,0,1,0,1,0,0,0
1,0,0,0,1,1,0,0,0,0,0,0,0,1,44.9,44.9,0.0,0,2,0,1,1,0,3.8264651170664994,1,0,0,1,0,0,0,0,0,1
0,0,0,0,17,1,0,0,0,0,0,0,0,0,20.05,19.876470588235293,0.17352941176470793,0,1,1,0,1,0,5.825705078613006,0,0,1,0,1,0,0,1,0,0
0,0,1,1,18,1,0,0,0,0,0,1,0,0,55.95,60.15555555555555,-4.205555555555549,1,3,0,0,0,0,6.988228663132014,1,0,0,1,0,0,0,0,0,1
1,0,0,1,27,1,0,0,0,0,0,0,0,0,19.7,18.862962962962964,0.8370370370370352,0,1,1,0,0,0,6.234998788069926,0,0,1,0,0,1,0,1,0,0
0,0,0,0,25,1,1,0,1,0,0,1,1,1,100.25,95.51,4.739999999999995,3,6,0,0,1,1,7.778525495554483,0,1,0,1,0,0,0,0,1,0
0,0,0,0,3,1,0,0,0,0,0,0,1,1,55.3,65.38333333333334,-10.083333333333343,1,3,0,1,1,0,5.283964860323636,1,0,0,1,0,0,0,0,1,0
0,0,0,1,1,1,0,1,1,0,1,0,0,1,60.0,60.0,0.0,3,5,0,1,0,0,4.110873864173311,1,0,0,1,0,0,0,0,1,0
1,0,1,1,43,1,1,1,0,1,1,0,0,1,91.25,93.34418604651164,-2.0941860465116378,3,6,1,0,0,0,8.297742811939646,0,1,0,0,1,0,0,1,0,0
0,0,1,1,72,1,1,1,0,1,1,1,1,1,110.45,111.92847222222223,-1.4784722222222229,5,8,1,0,0,0,8.994650224905662,0,1,0,0,0,1,1,0,0,0
1,1,0,0,3,1,0,0,0,0,0,1,0,1,79.9,86.96666666666665,-7.066666666666649,1,3,0,1,1,1,5.567962751513666,0,1,0,1,0,0,0,0,1,0
0,1,1,0,47,1,1,1,0,0,0,0,0,0,80.35,81.40106382978723,-1.051063829787239,1,4,0,0,0,0,8.249797289465494,0,1,0,1,0,0,0,0,1,0
0,0,1,1,48,1,1,0,0,0,0,0,1,1,82.05,83.95729166666666,-1.9072916666666657,1,4,0,0,0,1,8.30175735917023,0,1,0,0,1,0,0,0,0,1
0,0,0,0,18,1,0,0,0,1,0,0,0,1,50.0,49.59444444444445,0.40555555555555145,1,3,0,0,1,0,6.795370148387346,1,0,0,1,0,0,0,0,0,1
0,0,0,0,18,1,1,0,0,0,0,1,0,1,85.2,86.32777777777778,-1.12777777777778,1,4,0,0,1,1,7.3491665138637705,0,1,0,1,0,0,0,0,1,0
0,0,0,0,72,1,0,0,0,0,0,0,0,0,20.25,21.762500000000003,-1.5125000000000028,0,1,1,0,1,0,7.357492423366405,0,0,1,0,0,1,0,1,0,0
0,0,0,0,67,1,1,0,0,0,0,0,0,1,25.6,26.721641791044775,-1.1216417910447731,0,2,1,0,1,0,7.490724804520613,0,0,1,0,0,1,1,0,0,0
0,0,1,0,31,1,0,1,0,0,1,0,1,1,64.0,61.63709677419355,2.3629032258064484,3,5,0,0,0,0,7.555774331924335,1,0,0,0,1,0,0,0,1,0
0,0,1,1,9,1,0,0,0,0,0,0,0,0,19.75,23.405555555555555,-3.655555555555555,0,1,0,0,0,0,5.354933966966933,0,0,1,0,0,1,0,0,0,1
0,0,0,0,53,0,0,1,1,1,1,1,0,1,53.6,54.32452830188679,-0.7245283018867852,5,6,0,0,1,0,7.965615015163282,1,0,0,0,1,0,0,0,1,0
0,1,1,0,66,1,1,0,1,1,0,1,0,1,70.85,71.80075757575759,-0.9507575757575921,3,6,1,0,0,0,8.463760768618771,1,0,0,0,1,0,1,0,0,0
0,1,0,0,13,1,0,0,1,1,0,0,0,1,54.8,56.25384615384615,-1.4538461538461505,2,4,0,0,1,0,6.596190266067024,1,0,0,1,0,0,0,0,1,0
0,0,1,0,49,1,0,0,0,0,0,0,0,1,20.15,19.864285714285714,0.2857142857142847,0,1,1,0,0,0,6.881770582010144,0,0,1,0,0,1,1,0,0,0
1,0,0,0,24,1,1,0,0,1,0,1,0,1,89.85,90.21041666666667,-0.36041666666667993,2,5,0,0,1,1,7.680660511320358,0,1,0,1,0,0,0,0,0,1
1,0,0,0,41,1,1,0,1,0,0,1,0,1,89.2,88.92073170731707,0.27926829268292863,2,5,0,0,1,1,8.201591638966322,0,1,0,1,0,0,0,0,1,0
1,0,1,0,22,1,0,0,0,1,0,1,0,1,87.0,84.12045454545455,2.8795454545454504,2,4,1,0,0,1,7.523832412465023,0,1,0,1,0,0,1,0,0,0
0,1,0,0,52,1,1,1,1,1,0,1,1,0,108.1,112.29423076923078,-4.194230769230785,5,8,1,0,1,0,8.6725374443659,0,1,0,1,0,0,0,1,0,0
0,0,0,1,13,1,0,1,1,0,0,0,0,1,56.0,58.81153846153846,-2.8115384615384613,2,4,0,0,0,0,6.640594529751104,1,0,0,1,0,0,0,0,1,0
0,1,1,0,32,1,1,0,0,1,0,0,0,0,79.3,80.3125,-1.0125000000000028,1,4,0,0,0,1,7.852050207265889,0,1,0,1,0,0,0,0,0,1
0,0,1,0,72,1,1,1,1,1,0,1,1,1,110.65,112.02291666666666,-1.3729166666666544,5,8,1,0,0,0,8.99549355735883,0,1,0,0,0,1,0,1,0,0
0,1,0,0,9,1,1,0,0,0,0,0,1,1,84.45,84.72222222222223,-0.2722222222222257,1,4,0,0,1,1,6.637913124658687,0,1,0,1,0,0,0,0,1,0
0,0,0,1,34,1,0,1,1,1,0,1,1,1,105.35,108.48823529411764,-3.1382352941176492,5,7,1,0,0,0,8.21327333007474,0,1,0,1,0,0,1,0,0,0
1,1,1,0,58,1,1,1,1,1,0,1,1,1,108.85,108.40086206896552,0.4491379310344712,5,8,0,0,0,0,8.746438091588423,0,1,0,0,1,0,0,0,1,0
1,0,1,1,72,1,1,1,0,0,0,0,0,0,55.3,55.327777777777776,-0.027777777777778567,1,4,1,0,0,0,8.290192209774723,1,0,0,0,0,1,1,0,0,0
0,0,1,1,7,1,0,0,0,0,0,0,0,0,20.65,22.707142857142856,-2.057142857142857,0,1,0,0,0,0,5.074861266395527,0,0,1,1,0,0,0,0,0,1
0,0,1,1,32,1,1,0,1,0,0,1,1,1,98.85,96.55,2.299999999999997,3,6,0,0,0,1,8.036120525799594,0,1,0,1,0,0,0,0,1,0
0,0,0,1,12,1,1,0,0,0,0,0,0,1,76.6,74.41666666666667,2.183333333333323,0,3,0,0,0,1,6.795705775173514,0,1,0,1,0,0,0,0,1,0
1,0,0,0,17,1,0,1,1,0,0,0,0,0,56.1,55.70294117647059,0.397058823529413,2,4,0,0,1,0,6.854301758248047,1,0,0,0,1,0,0,0,0,1
1,0,1,0,1,0,0,0,0,0,0,0,0,1,23.45,23.45,0.0,0,1,0,1,0,0,3.196630215920881,1,0,0,1,0,0,0,0,1,0
1,0,0,0,18,1,1,0,0,1,0,1,0,1,89.6,90.72222222222223,-1.1222222222222342,2,5,1,0,1,1,7.3987862754199485,0,1,0,0,1,0,0,1,0,0
1,0,1,0,63,1,0,0,0,0,0,0,0,1,19.95,19.599999999999998,0.3500000000000014,0,1,1,0,0,0,7.119473812626879,0,0,1,0,0,1,1,0,0,0
1,0,1,1,12,1,0,0,0,0,0,0,0,0,20.5,21.291666666666668,-0.7916666666666679,0,1,0,0,0,0,5.547128664610824,0,0,1,1,0,0,0,0,0,1
0,0,1,1,57,1,1,0,1,0,0,1,1,1,100.6,98.45087719298245,2.149122807017548,3,6,0,0,0,1,8.632787166159483,0,1,0,1,0,0,0,0,1,0
1,1,1,0,43,1,1,0,1,1,0,1,1,1,103.0,102.65813953488373,0.34186046511626955,4,7,0,0,0,1,8.392831060899427,0,1,0,1,0,0,0,0,1,0
0,1,0,0,6,0,0,0,0,0,0,1,1,1,44.4,43.84166666666667,0.55833333333333,2,3,0,1,1,0,5.5761384791529425,1,0,0,1,0,0,0,0,1,0
1,0,1,1,58,1,0,0,0,0,0,0,0,1,19.55,19.117241379310343,0.43275862068965765,0,1,0,0,0,0,7.011935097891801,0,0,1,0,1,0,0,0,1,0
0,0,1,1,71,1,1,1,1,1,1,1,1,0,114.6,114.08802816901408,0.5119718309859138,6,9,1,0,0,0,8.999773649741925,0,1,0,0,0,1,1,0,0,0
0,1,0,0,20,1,0,0,0,0,0,0,1,1,81.45,83.58,-2.1299999999999955,1,3,0,0,1,1,7.422134580947425,0,1,0,1,0,0,0,0,1,0
1,0,1,0,22,1,0,0,0,0,0,0,0,1,20.45,21.43409090909091,-0.9840909090909093,0,1,1,0,0,0,6.158143561441065,0,0,1,1,0,0,1,0,0,0
0,0,1,1,49,1,1,0,1,0,0,1,1,1,98.35,99.7795918367347,-1.4295918367347014,3,6,0,0,0,1,8.494988481428045,0,1,0,1,0,0,0,0,1,0
1,0,0,0,1,1,0,0,0,0,0,0,0,0,45.3,45.3,0.0,0,2,0,1,1,0,3.835141961092188,1,0,0,1,0,0,0,0,1,0
1,0,1,1,6,1,0,0,1,1,0,0,0,1,55.3,54.041666666666664,1.2583333333333329,2,4,0,1,0,0,5.784594117392615,1,0,0,1,0,0,0,0,0,1
1,0,1,1,71,1,0,0,0,0,0,0,0,1,19.6,19.541549295774647,0.058450704225354144,0,1,1,0,0,0,7.235943296015653,0,0,1,0,0,1,1,0,0,0
0,0,0,0,3,1,0,0,1,0,0,1,1,0,95.4,97.71666666666665,-2.3166666666666487,3,5,0,1,1,1,5.684089841310465,0,1,0,1,0,0,0,0,1,0
0,1,1,0,72,1,1,1,1,1,1,1,1,1,114.85,115.52708333333334,-0.6770833333333428,6,9,1,0,0,0,9.026291323928044,0,1,0,0,0,1,1,0,0,0
1,0,0,0,2,1,1,0,0,0,0,0,1,0,62.05,59.15,2.8999999999999986,1,4,1,1,1,0,4.78164132910387,1,0,0,1,0,0,1,0,0,0
1,0,1,1,37,1,0,1,0,1,1,0,0,1,58.75,59.54324324324324,-0.7932432432432392,3,5,0,0,0,0,7.698074541294341,1,0,0,0,1,0,0,0,0,1
0,0,1,0,26,1,0,0,0,0,1,0,1,0,85.9,84.47884615384615,1.4211538461538566,2,4,1,0,0,0,7.69505287617192,0,1,0,1,0,0,0,1,0,0
1,0,0,0,4,1,0,0,0,1,1,0,1,1,90.4,89.1625,1.2375000000000114,3,5,0,1,1,0,5.879554854554393,0,1,0,1,0,0,0,0,1,0
1,0,1,1,65,1,1,0,0,0,0,0,0,0,24.75,26.386153846153846,-1.6361538461538458,0,2,1,0,0,0,7.447809553408257,0,0,1,0,0,1,0,1,0,0
0,0,1,0,42,1,1,0,0,1,1,0,0,1,85.9,88.80357142857143,-2.903571428571425,2,5,1,0,0,0,8.224364564811577,0,1,0,1,0,0,0,1,0,0
1,0,0,0,1,1,0,0,0,0,0,0,0,1,69.85,69.85,0.0,0,2,0,1,1,1,4.260564966136689,0,1,0,1,0,0,0,0,1,0
1,0,1,0,72,1,1,1,1,1,1,1,1,1,89.05,86.86736111111111,2.1826388888888886,6,9,1,0,0,0,8.741208362759322,1,0,0,0,0,1,1,0,0,0
1,0,1,0,59,1,1,1,1,1,1,1,0,1,106.75,105.98135593220339,0.7686440677966146,5,8,0,0,0,0,8.7409605481234,0,1,0,1,0,0,0,0,1,0
0,0,1,1,48,0,0,1,1,0,1,0,0,0,39.4,41.221875000000004,-1.8218750000000057,3,4,0,0,0,0,7.590675340386566,1,0,0,0,0,1,0,0,0,1
1,0,0,0,2,1,0,0,0,0,0,0,0,1,71.3,78.875,-7.575000000000003,0,2,1,1,1,1,5.067330637772801,0,1,0,1,0,0,0,1,0,0
0,1,1,0,1,0,0,0,0,0,0,0,0,1,24.8,24.8,0.0,0,1,0,1,0,0,3.250374491927572,1,0,0,1,0,0,0,0,1,0
1,0,1,0,24,1,1,0,0,1,0,1,1,1,101.05,99.65833333333335,1.3916666666666515,3,6,0,0,0,1,7.7802195073157385,0,1,0,1,0,0,0,0,1,0
1,0,0,0,12,1,1,0,0,0,0,1,0,1,84.45,88.29583333333333,-3.8458333333333314,1,4,0,0,1,1,6.966542920465225,0,1,0,1,0,0,0,0,1,0
1,0,0,0,51,1,1,1,1,0,0,1,0,1,94.8,94.85490196078432,-0.054901960784320636,3,6,0,0,1,0,8.484380701669687,0,1,0,0,1,0,0,0,1,0
1,0,0,1,21,1,0,0,0,0,0,0,0,0,45.65,46.90714285714286,-1.2571428571428598,0,2,0,0,0,0,6.893707063256078,1,0,0,1,0,0,0,0,0,1
1,0,1,1,2,1,0,0,0,0,0,0,0,0,20.3,20.125,0.1750000000000007,0,1,0,1,0,0,3.71965111278069,0,0,1,1,0,0,0,0,0,1
1,0,0,0,47,1,1,1,1,0,0,1,0,0,94.8,96.50744680851065,-1.7074468085106531,3,6,1,0,1,0,8.419988217623041,0,1,0,0,1,0,1,0,0,0
0,0,0,1,18,1,1,1,0,0,0,0,0,0,57.65,55.150000000000006,2.499999999999993,1,4,0,0,0,0,6.901435350237318,1,0,0,1,0,0,0,0,0,1
0,0,0,0,61,1,1,1,1,1,1,1,1,0,89.65,87.02786885245901,2.6221311475409976,6,9,0,0,1,0,8.577290615464818,1,0,0,0,0,1,0,0,1,0
1,0,0,0,47,1,1,0,1,1,0,1,1,1,103.1,104.02765957446809,-0.9276595744680947,4,7,0,0,1,1,8.495008930280354,0,1,0,0,1,0,0,0,1,0
0,0,0,1,22,1,1,0,0,0,0,0,1,1,84.75,82.57954545454545,2.1704545454545467,1,4,0,0,0,1,7.505354751530167,0,1,0,1,0,0,0,0,1,0
1,0,0,0,1,1,0,0,0,0,0,1,0,1,79.05,79.05,0.0,1,3,0,1,1,1,4.382651439442724,0,1,0,1,0,0,0,0,1,0
1,0,0,0,1,1,0,0,0,0,0,0,0,1,44.75,44.75,0.0,0,2,0,1,1,0,3.82319179172153,1,0,0,1,0,0,0,0,1,0
1,1,1,0,35,1,1,0,0,1,0,1,1,1,100.8,98.21428571428571,2.585714285714289,3,6,0,0,0,1,8.14279060875989,0,1,0,1,0,0,0,0,1,0
0,0,1,1,72,1,1,0,1,0,1,1,1,1,78.95,79.58541666666666,-0.6354166666666572,4,7,0,0,0,0,8.653671487651899,1,0,0,0,0,1,0,0,1,0
0,0,0,1,2,1,1,1,0,0,0,0,0,0,80.55,94.05,-13.5,1,4,1,1,0,0,5.242275975664412,0,1,0,1,0,0,0,1,0,0
1,0,0,0,1,1,0,0,0,0,0,0,0,1,20.2,20.2,0.0,0,1,0,1,1,0,3.054001181677967,0,0,1,1,0,0,0,0,0,1
0,0,1,0,57,1,1,1,0,0,0,1,1,1,99.65,96.43947368421053,3.2105263157894797,3,6,0,0,0,0,8.612148762899917,0,1,0,1,0,0,0,0,1,0
0,0,1,0,64,1,0,1,1,1,1,0,1,1,74.35,74.36796875,-0.017968750000008527,5,7,0,0,0,0,8.468118486769002,1,0,0,0,0,1,0,0,0,1
1,1,1,0,18,1,0,0,0,0,0,0,1,0,78.55,79.03611111111111,-0.48611111111111427,1,3,0,0,0,1,7.260979275244611,0,1,0,1,0,0,0,0,1,0
0,0,1,1,69,0,0,0,1,1,0,1,1,1,54.95,54.67391304347826,0.27608695652174475,4,5,1,0,0,0,8.235758231724922,1,0,0,0,0,1,0,1,0,0
0,0,1,0,61,1,1,0,1,0,0,1,1,1,101.05,97.88934426229508,3.1606557377049143,3,6,1,0,0,1,8.694879019805663,0,1,0,0,0,1,1,0,0,0
0,0,1,0,68,1,1,1,1,1,1,1,1,0,118.6,117.50073529411765,1.099264705882348,6,9,0,0,0,0,8.986077444394057,0,1,0,0,0,1,0,0,0,1
0,0,0,0,48,1,1,0,0,0,0,0,0,0,24.55,25.082291666666666,-0.5322916666666657,0,2,1,0,1,0,7.094193351287931,0,0,1,0,1,0,1,0,0,0
0,0,0,0,6,1,0,0,0,0,0,0,0,0,70.55,72.325,-1.7750000000000057,0,2,1,1,1,1,6.075231081953549,0,1,0,1,0,0,0,1,0,0
0,0,0,1,13,1,1,0,1,1,0,1,1,1,104.15,99.93076923076923,4.2192307692307764,4,7,1,0,0,1,7.170196463568123,0,1,0,0,1,0,0,1,0,0
0,0,0,0,1,0,0,0,0,0,0,0,0,1,24.9,24.9,0.0,0,1,0,1,1,0,3.254242968705492,1,0,0,1,0,0,0,0,0,1
1,0,1,1,9,1,1,0,0,1,0,0,0,1,79.35,73.47222222222223,5.877777777777766,1,4,1,0,0,1,6.495643128152179,0,1,0,1,0,0,1,0,0,0
0,0,1,1,64,0,0,0,1,0,1,1,1,1,54.6,53.4921875,1.1078125000000014,4,5,0,0,0,0,8.13871075463796,1,0,0,0,0,1,0,0,1,0
0,0,1,0,53,1,0,0,0,1,0,1,1,1,94.85,94.3433962264151,0.5066037735848994,3,5,1,0,0,1,8.517433162620845,0,1,0,0,1,0,1,0,0,0
0,0,0,0,1,1,0,0,0,0,0,0,0,0,19.1,19.1,0.0,0,1,0,1,1,0,3.0007198150650303,0,0,1,1,0,0,0,0,0,1
1,0,0,0,1,1,0,0,0,0,0,0,0,1,69.9,69.9,0.0,0,2,0,1,1,1,4.2612704335380815,0,1,0,1,0,0,0,0,1,0
0,0,1,1,46,1,0,0,0,1,1,0,1,0,90.95,92.10000000000001,-1.1500000000000057,3,5,1,0,0,0,8.351752350230317,0,1,0,0,1,0,1,0,0,0
0,0,0,0,1,0,0,0,0,0,0,0,0,0,25.25,25.25,0.0,0,1,0,1,1,0,3.2676659890376327,1,0,0,1,0,0,0,0,1,0
1,0,1,1,71,1,0,1,0,1,1,0,1,1,70.85,70.04788732394366,0.8021126760563391,4,6,1,0,0,0,8.512060039304489,1,0,0,0,0,1,0,1,0,0
0,1,1,0,70,1,1,0,1,0,1,1,1,1,104.45,104.99071428571429,-0.5407142857142873,4,7,1,0,0,0,8.90250321012075,0,1,0,0,0,1,1,0,0,0
0,0,1,0,28,1,1,0,0,1,1,1,1,1,104.8,108.78750000000001,-3.9875000000000114,4,7,0,0,0,0,8.02192918843427,0,1,0,1,0,0,0,0,1,0
1,0,1,1,18,0,0,0,1,1,0,1,0,0,46.4,45.13333333333333,1.2666666666666657,3,4,1,0,0,0,6.701222993473124,1,0,0,0,1,0,0,1,0,0
1,0,0,0,1,1,0,0,0,0,0,0,0,1,45.1,45.1,0.0,0,2,1,1,1,0,3.8308129500026027,1,0,0,1,0,0,1,0,0,0
0,1,1,1,24,1,0,0,0,1,0,1,1,1,96.55,94.31041666666665,2.239583333333343,3,5,0,0,0,1,7.725087182823159,0,1,0,0,0,1,0,0,1,0
1,0,0,0,35,1,1,0,0,1,1,1,0,0,95.5,97.66285714285713,-2.162857142857135,3,6,0,0,1,0,8.137161884564883,0,1,0,1,0,0,0,0,1,0
0,0,0,0,10,1,1,0,0,0,0,0,0,1,74.75,79.965,-5.215000000000003,0,3,0,0,1,1,6.6854238977684854,0,1,0,1,0,0,0,0,1,0
1,0,0,0,1,1,0,0,0,0,0,0,1,1,80.85,80.85,0.0,1,3,0,1,1,1,4.404888303817144,0,1,0,1,0,0,0,0,0,1
1,0,1,0,66,1,1,1,0,1,0,1,1,1,106.05,105.7780303030303,0.2719696969696912,4,7,1,0,0,0,8.851140815311464,0,1,0,0,0,1,0,1,0,0
1,1,0,0,2,1,1,0,0,0,0,1,1,1,93.85,98.375,-4.525000000000006,2,5,0,1,1,1,5.2870036066477635,0,1,0,1,0,0,0,0,1,0
1,0,1,0,8,1,0,0,1,0,0,0,0,1,49.55,49.18125,0.3687499999999986,1,3,1,0,0,0,5.977492389541099,1,0,0,1,0,0,1,0,0,0
0,0,0,0,2,1,0,0,0,0,0,0,0,0,20.35,22.65,-2.299999999999997,0,1,0,1,1,0,3.835141961092188,0,0,1,1,0,0,0,0,0,1
1,0,0,0,14,1,1,0,1,0,0,0,0,1,55.5,54.824999999999996,0.6750000000000043,1,4,1,0,1,0,6.644505622670941,1,0,0,1,0,0,0,1,0,0
0,0,0,0,2,1,0,0,0,1,1,1,1,0,76.4,80.4,-4.0,4,6,0,1,1,0,5.086361004624392,1,0,0,1,0,0,0,0,1,0
1,0,0,0,7,0,0,0,0,0,0,0,0,1,24.35,21.55,2.8000000000000007,0,1,1,0,1,0,5.022893191491757,1,0,0,0,1,0,0,1,0,0
1,1,1,0,72,1,0,1,1,1,1,1,0,0,74.4,74.45486111111111,-0.054861111111108585,5,7,1,0,0,0,8.587045693315071,1,0,0,0,0,1,1,0,0,0
0,0,1,0,2,1,0,0,0,0,0,0,0,0,19.85,26.0,-6.149999999999999,0,1,1,1,0,0,3.970291913552122,0,0,1,1,0,0,1,0,0,0
0,0,1,1,52,1,0,1,0,1,0,1,1,0,100.3,100.85480769230769,-0.5548076923076906,4,6,0,0,0,0,8.565116313146317,0,1,0,0,1,0,0,0,1,0
1,0,1,1,20,1,0,0,0,0,0,0,0,1,70.45,73.5475,-3.0974999999999966,0,2,0,0,0,1,7.294343331320612,0,1,0,1,0,0,0,0,1,0
0,0,0,0,49,1,0,0,0,1,1,1,1,1,74.45,75.95714285714286,-1.5071428571428527,4,6,1,0,1,0,8.222258213452887,1,0,0,0,0,1,1,0,0,0
0,0,1,0,30,1,0,0,1,1,1,0,1,0,70.25,73.29666666666667,-3.046666666666667,4,6,1,0,0,0,7.696167183767863,1,0,0,0,1,0,1,0,0,0
0,0,1,1,44,1,0,1,0,0,1,0,0,0,56.25,54.98977272727273,1.2602272727272705,2,4,1,0,0,0,7.791750066055471,1,0,0,1,0,0,1,0,0,0
0,0,1,1,53,1,0,0,0,0,0,0,0,0,19.55,19.016981132075472,0.5330188679245289,0,1,1,0,0,0,6.916615907414333,0,0,1,0,1,0,1,0,0,0
0,0,1,1,14,1,0,0,0,0,0,0,0,1,19.5,19.428571428571427,0.07142857142857295,0,1,0,0,0,0,5.60947179518496,0,0,1,0,1,0,0,0,0,1
0,0,0,0,49,1,1,0,0,0,0,0,1,1,84.5,79.72857142857143,4.771428571428572,1,4,0,0,1,1,8.270704244607035,0,1,0,1,0,0,0,0,1,0
1,0,0,0,5,0,0,0,1,0,0,1,1,1,51.0,61.19,-10.189999999999998,3,4,0,1,1,0,5.726684867873505,1,0,0,1,0,0,0,0,0,1
0,0,1,0,4,0,0,1,0,0,0,0,0,1,29.05,32.4,-3.349999999999998,1,2,0,1,0,0,4.8721392168423305,1,0,0,1,0,0,0,0,1,0
1,0,0,0,20,1,0,0,0,0,1,0,0,0,50.0,50.152499999999996,-0.1524999999999963,1,3,0,0,1,0,6.911797099808469,1,0,0,1,0,0,0,0,0,1
0,0,0,0,5,1,0,1,0,0,1,0,0,0,53.85,51.96,1.8900000000000006,2,4,1,1,1,0,5.563753830052498,1,0,0,1,0,0,0,1,0,0
1,1,1,0,59,1,0,1,1,1,0,0,0,1,82.95,83.1042372881356,-0.15423728813559023,3,5,1,0,0,0,8.49783706442396,0,1,0,0,1,0,0,1,0,0
1,1,1,0,67,1,0,1,1,0,1,0,0,1,60.95,61.483582089552236,-0.5335820895522332,3,5,1,0,0,0,8.323705525009538,1,0,0,0,1,0,1,0,0,0
0,1,0,0,44,1,0,0,1,1,0,0,1,0,89.15,90.69886363636364,-1.5488636363636346,3,5,1,0,1,1,8.291985010219811,0,1,0,0,1,0,0,1,0,0
0,0,1,1,3,1,0,0,0,0,0,0,0,0,19.1,17.333333333333332,1.7666666666666693,0,1,0,1,0,0,3.970291913552122,0,0,1,0,0,1,0,0,0,1
0,0,1,1,40,1,0,1,1,0,1,0,1,1,71.35,71.17999999999999,0.1700000000000017,4,6,0,0,0,0,7.954442494785328,1,0,0,1,0,0,0,0,0,1
1,1,0,0,2,1,1,0,0,0,0,1,1,1,94.0,90.85,3.1500000000000057,2,5,0,1,1,1,5.207845463383961,0,1,0,1,0,0,0,0,1,0
1,0,0,0,55,1,0,1,0,1,1,0,0,1,59.2,57.74272727272727,1.4572727272727306,3,5,0,0,1,0,8.06364541880172,1,0,0,0,0,1,0,0,1,0
1,0,1,1,11,1,0,0,0,0,0,1,0,1,79.5,78.95454545454545,0.5454545454545467,1,3,1,0,0,1,6.767918333794338,0,1,0,1,0,0,1,0,0,0
0,0,0,0,25,1,0,1,1,0,0,0,0,1,79.85,80.61399999999999,-0.7639999999999958,2,4,1,0,1,0,7.609044225233705,0,1,0,1,0,0,1,0,0,0
1,0,1,0,17,1,1,0,1,0,0,0,0,1,80.5,78.64117647058823,1.8588235294117652,1,4,1,0,0,1,7.198856499479573,0,1,0,1,0,0,1,0,0,0
1,0,1,0,10,1,0,0,0,0,0,0,0,0,19.6,18.945,0.6550000000000011,0,1,1,0,0,0,5.249389692924613,0,0,1,0,1,0,1,0,0,0
1,0,0,0,9,0,0,1,0,1,1,0,1,0,50.8,51.51111111111111,-0.7111111111111157,4,5,0,0,1,0,6.141176820336309,1,0,0,0,1,0,0,0,0,1
0,1,0,0,6,1,0,0,0,0,0,0,0,0,19.5,17.8,1.6999999999999993,0,1,1,1,1,0,4.680277658474897,0,0,1,1,0,0,1,0,0,0
1,0,1,1,39,1,1,0,0,0,0,0,0,1,23.8,23.174358974358974,0.625641025641027,0,2,0,0,0,0,6.80771392480191,0,0,1,0,0,1,0,0,0,1
1,0,0,0,61,1,1,1,0,1,1,1,1,1,111.6,112.72213114754099,-1.1221311475409976,5,8,1,0,1,0,8.83594505990559,0,1,0,0,0,1,0,1,0,0
1,0,0,0,66,1,0,0,0,0,0,0,0,0,19.35,18.8,0.5500000000000007,0,1,1,0,1,0,7.124317218930792,0,0,1,0,0,1,1,0,0,0
0,0,0,1,18,1,1,0,0,0,0,0,0,0,25.3,25.258333333333333,0.04166666666666785,0,2,1,0,0,0,6.121724970942136,0,0,1,0,0,1,0,1,0,0
0,0,1,0,13,1,0,0,0,0,0,0,0,0,43.8,45.58846153846154,-1.78846153846154,0,2,0,0,0,0,6.3862899201118015,1,0,0,0,1,0,0,0,1,0
1,0,1,1,29,1,1,0,1,1,0,1,1,0,80.1,76.26896551724138,3.8310344827586107,4,7,1,0,0,0,7.702013960910494,1,0,0,1,0,0,0,1,0,0
0,0,1,1,33,1,1,0,0,0,0,0,1,0,86.15,83.2030303030303,2.9469696969697026,1,4,1,0,0,1,7.918155470084098,0,1,0,1,0,0,0,1,0,0
0,0,1,1,10,1,1,1,0,0,0,1,1,1,100.25,106.465,-6.215000000000003,3,6,0,0,0,0,6.971340220607248,0,1,0,1,0,0,0,0,1,0
1,0,0,0,3,1,0,0,0,0,0,0,0,1,19.8,19.383333333333333,0.41666666666666785,0,1,0,1,1,0,4.080076590424396,0,0,1,1,0,0,0,0,0,1
0,0,0,1,16,1,1,0,0,0,1,0,0,1,79.5,79.0125,0.48749999999999716,1,4,1,0,0,0,7.142985491431494,0,1,0,0,1,0,0,1,0,0
1,0,1,1,19,1,0,1,0,0,0,0,0,1,48.95,50.294736842105266,-1.344736842105263,1,3,1,0,0,0,6.863385331246197,1,0,0,0,1,0,1,0,0,0
1,0,1,1,44,1,0,0,0,0,0,0,0,1,20.5,19.660227272727273,0.8397727272727273,0,1,1,0,0,0,6.763942643616289,0,0,1,0,1,0,1,0,0,0
1,0,1,0,1,1,1,0,0,0,0,0,0,1,74.6,74.6,0.0,0,3,1,1,0,1,4.3254562831854875,0,1,0,1,0,0,1,0,0,0
1,0,1,1,13,1,0,0,0,0,0,0,0,0,44.8,43.01538461538462,1.7846153846153783,0,2,1,0,0,0,6.328293862826008,1,0,0,1,0,0,1,0,0,0
0,0,0,0,1,1,0,0,0,0,0,0,0,1,70.7,70.7,0.0,0,2,0,1,1,1,4.272490747605575,0,1,0,1,0,0,0,0,0,1
0,0,1,0,37,1,1,0,0,1,0,0,0,1,78.95,76.7472972972973,2.202702702702709,1,4,1,0,0,1,7.951788178207204,0,1,0,1,0,0,0,1,0,0
1,0,0,0,57,1,0,0,1,0,1,0,0,1,54.65,54.99473684210526,-0.344736842105263,2,4,0,0,1,0,8.05060771362897,1,0,0,0,1,0,0,0,0,1
1,1,1,0,63,1,1,1,1,1,0,1,1,0,108.5,110.98253968253968,-2.482539682539681,5,8,1,0,0,0,8.852650627587321,0,1,0,0,0,1,0,1,0,0
0,0,1,1,3,1,0,0,0,0,0,0,0,0,19.65,20.216666666666665,-0.5666666666666664,0,1,0,1,0,0,4.121473229610353,0,0,1,1,0,0,0,0,0,1
1,0,1,1,15,0,0,1,0,0,0,0,0,1,30.2,31.31,-1.1099999999999994,1,2,1,0,0,0,6.154114717993229,1,0,0,1,0,0,1,0,0,0
1,0,1,1,65,1,1,1,1,1,0,0,1,0,72.45,71.59769230769231,0.85230769230769,4,7,1,0,0,0,8.4456649657763,1,0,0,0,1,0,0,1,0,0
1,0,1,0,64,1,1,0,1,1,1,1,0,1,76.1,75.29375,0.8062499999999915,4,7,1,0,0,0,8.480487712407822,1,0,0,0,0,1,1,0,0,0
1,0,0,1,33,0,0,1,0,0,1,0,0,0,34.05,33.75606060606061,0.2939393939393895,2,3,1,0,0,0,7.016564839839412,1,0,0,0,1,0,0,1,0,0
1,0,0,0,51,1,1,0,0,0,0,0,1,0,83.4,81.36176470588235,2.038235294117655,1,4,1,0,1,1,8.330972041081171,0,1,0,1,0,0,1,0,0,0
1,0,1,1,29,1,0,1,0,0,0,0,1,1,60.2,63.24655172413794,-3.0465517241379345,2,4,0,0,0,0,7.514881501017032,1,0,0,1,0,0,0,0,0,1
0,0,1,0,72,1,1,1,1,1,0,1,0,0,100.65,101.86180555555556,-1.2118055555555571,4,7,1,0,0,0,8.900419507186433,0,1,0,0,0,1,1,0,0,0
1,1,1,0,36,1,1,0,1,0,0,1,1,1,96.5,95.44722222222222,1.0527777777777771,3,6,0,0,0,1,8.14238337156769,0,1,0,1,0,0,0,0,1,0
0,1,0,0,56,1,1,1,1,1,0,1,1,0,110.5,109.63392857142857,0.8660714285714306,5,8,0,0,1,0,8.722661451050438,0,1,0,0,1,0,0,0,1,0
1,0,1,1,35,1,1,0,1,1,1,1,1,1,109.95,108.06857142857143,1.8814285714285717,5,8,0,0,0,0,8.238378355231562,0,1,0,1,0,0,0,0,1,0
0,0,0,0,20,1,0,1,0,1,0,1,0,1,89.4,93.5575,-4.157499999999999,3,5,1,0,1,0,7.534842782032572,0,1,0,1,0,0,1,0,0,0
1,1,0,0,33,1,1,0,0,0,0,0,0,1,24.9,25.690909090909088,-0.7909090909090892,0,2,1,0,1,0,6.743823587299773,0,0,1,0,1,0,1,0,0,0
0,0,0,0,25,1,0,1,1,1,1,1,0,0,74.3,74.55199999999999,-0.25199999999999534,5,7,0,0,1,0,7.530909087721548,1,0,0,0,1,0,0,0,0,1
1,1,1,0,53,1,1,0,1,1,0,1,1,1,103.85,103.5,0.3499999999999943,4,7,0,0,0,1,8.610045808430854,0,1,0,1,0,0,0,0,1,0
1,1,1,0,72,1,1,0,1,1,1,1,1,0,109.7,109.70069444444444,-0.000694444444434339,5,8,1,0,0,0,8.974548415778346,0,1,0,0,0,1,0,1,0,0
0,0,0,0,41,1,0,1,0,1,1,1,1,1,79.85,80.9939024390244,-1.1439024390244015,5,7,1,0,1,0,8.108247031471418,1,0,0,0,1,0,1,0,0,0
1,0,1,1,38,1,1,0,0,1,1,1,0,1,94.9,95.16447368421052,-0.26447368421051465,3,6,1,0,0,0,8.19346934761719,0,1,0,0,0,1,1,0,0,0
1,0,0,0,1,1,0,0,0,0,0,0,0,0,20.05,20.05,0.0,0,1,1,1,1,0,3.0469005601283903,0,0,1,1,0,0,1,0,0,0
0,0,0,0,36,0,0,1,0,0,0,0,0,0,31.05,31.287499999999998,-0.23749999999999716,1,2,1,0,1,0,7.027625024832521,1,0,0,0,0,1,1,0,0,0
0,0,1,1,71,1,1,1,1,1,1,1,1,1,90.55,87.87394366197184,2.676056338028161,6,9,1,0,0,0,8.738743474151883,1,0,0,0,0,1,0,1,0,0
1,0,1,1,1,1,0,0,0,0,0,0,0,1,71.0,71.0,0.0,0,2,0,1,0,1,4.276666119016055,0,1,0,1,0,0,0,0,1,0
0,0,1,0,8,1,1,0,0,0,0,0,1,1,84.9,95.61875,-10.71875,1,4,0,0,0,1,6.6411168934587055,0,1,0,1,0,0,0,0,1,0
1,0,0,0,1,1,0,0,0,0,0,0,0,1,45.05,45.05,0.0,0,2,0,1,1,0,3.829727762701316,1,0,0,1,0,0,0,0,0,1
0,0,0,0,10,1,1,0,1,0,0,0,0,1,81.0,81.80499999999999,-0.8049999999999926,1,4,1,0,1,1,6.708145132050641,0,1,0,1,0,0,0,1,0,0
1,1,0,0,3,0,0,0,0,1,0,0,1,1,41.15,44.06666666666666,-2.9166666666666643,2,3,0,1,1,0,4.891851758106289,1,0,0,1,0,0,0,0,1,0
1,0,1,0,70,1,1,0,0,0,0,0,0,0,25.15,27.72642857142857,-2.576428571428572,0,2,1,0,0,0,7.571396405909305,0,0,1,0,0,1,1,0,0,0
1,0,1,1,70,1,1,1,1,1,1,1,0,1,79.25,81.88357142857143,-2.633571428571429,5,8,1,0,0,0,8.653968068254212,1,0,0,0,0,1,1,0,0,0
0,0,0,1,48,1,0,0,0,0,0,0,0,0,19.95,19.514583333333334,0.435416666666665,0,1,0,0,0,0,6.8434300684255795,0,0,1,0,1,0,0,0,0,1
0,0,0,0,67,1,0,1,1,0,1,0,0,0,60.5,57.76119402985075,2.738805970149251,3,5,1,0,1,0,8.261268150577648,1,0,0,0,1,0,0,1,0,0
1,0,0,0,52,1,0,0,1,1,1,1,1,1,105.0,104.36250000000001,0.6374999999999886,5,7,1,0,1,0,8.59929838608508,0,1,0,0,1,0,1,0,0,0
1,1,0,0,33,0,0,0,0,1,1,1,1,1,54.6,54.657575757575756,-0.05757575757575495,4,5,0,0,1,0,7.498149651967252,1,0,0,1,0,0,0,0,1,0
1,0,0,0,58,1,0,1,1,0,0,1,1,0,99.15,98.63706896551724,0.5129310344827616,4,6,1,0,1,0,8.652064935368452,0,1,0,0,1,0,1,0,0,0
1,0,0,0,27,1,0,0,0,0,0,0,0,1,69.05,66.41666666666667,2.6333333333333258,0,2,0,0,1,1,7.492342386310181,0,1,0,1,0,0,0,0,0,1
1,0,0,0,3,1,0,0,0,0,0,0,0,0,20.7,19.166666666666668,1.5333333333333314,0,1,0,1,1,0,4.069026754237811,0,0,1,1,0,0,0,0,0,1
0,0,1,1,3,1,0,0,0,0,0,0,0,1,69.55,66.73333333333333,2.816666666666663,0,2,0,1,0,1,5.304299438225584,0,1,0,1,0,0,0,0,1,0
1,0,0,0,2,1,0,0,0,0,0,0,0,0,20.05,21.35,-1.3000000000000007,0,1,0,1,1,0,3.7773481021015445,0,0,1,1,0,0,0,0,0,1
0,1,1,0,56,1,1,0,0,1,0,1,1,1,100.65,101.57232142857143,-0.9223214285714221,3,6,1,0,0,1,8.646298553602866,0,1,0,1,0,0,1,0,0,0
0,1,0,0,45,1,1,1,0,0,1,0,1,1,70.05,68.05444444444444,1.9955555555555549,3,6,0,0,1,0,8.027297010831276,1,0,0,1,0,0,0,0,1,0
0,0,1,1,18,1,1,0,0,0,0,0,0,1,24.65,26.186111111111114,-1.536111111111115,0,2,1,0,0,0,6.157720236215144,0,0,1,0,0,1,0,1,0,0
0,0,1,1,55,1,1,1,1,0,0,0,0,1,85.1,83.65363636363637,1.4463636363636283,2,5,0,0,0,0,8.434235405694915,0,1,0,1,0,0,0,0,1,0
1,0,1,0,14,1,1,0,0,0,1,1,0,1,66.6,69.96428571428571,-3.364285714285714,2,5,1,0,0,0,6.888062645636401,1,0,0,1,0,0,0,1,0,0
1,0,0,0,2,1,0,1,0,0,0,0,0,1,75.7,94.6,-18.89999999999999,1,3,0,1,1,0,5.24807615011129,0,1,0,1,0,0,0,0,1,0
0,0,0,0,54,1,0,0,0,0,0,0,0,1,20.5,19.17962962962963,1.3203703703703695,0,1,0,0,1,0,6.943797870329067,0,0,1,0,0,1,0,0,0,1
1,0,1,1,52,1,1,0,0,0,0,0,0,0,24.55,25.597115384615385,-1.0471153846153847,0,2,0,0,0,0,7.194474387933356,0,0,1,0,0,1,0,0,0,1
0,0,0,0,1,1,0,0,0,0,0,0,0,0,71.1,71.1,0.0,0,2,0,1,1,1,4.278054044290903,0,1,0,1,0,0,0,0,0,1
0,0,0,0,5,1,0,0,0,0,0,0,0,1,20.5,20.86,-0.35999999999999943,0,1,0,1,1,0,4.6568134191399295,0,0,1,1,0,0,0,0,0,1
0,0,1,0,66,1,1,1,1,1,0,0,0,0,66.9,66.2159090909091,0.6840909090909122,3,6,1,0,0,0,8.382804288377585,1,0,0,0,0,1,1,0,0,0
0,0,1,0,55,1,1,1,1,1,1,1,1,1,90.15,89.3990909090909,0.7509090909091043,6,9,0,0,0,0,8.500647055990012,1,0,0,0,1,0,0,0,1,0
0,0,1,1,67,1,1,0,1,1,1,1,1,1,112.35,110.27537313432836,2.0746268656716325,5,8,1,0,0,0,8.907808586274065,0,1,0,0,1,0,0,1,0,0
1,0,1,1,71,1,1,1,1,1,1,1,1,1,114.0,115.15352112676055,-1.1535211267605519,6,9,1,0,0,0,9.009068384663204,0,1,0,0,0,1,1,0,0,0
1,0,1,1,60,1,0,0,0,0,0,0,0,1,20.95,21.175833333333333,-0.225833333333334,0,1,1,0,0,0,7.147991907722524,0,0,1,0,0,1,1,0,0,0
0,0,1,1,48,1,0,1,0,1,0,1,1,1,99.7,103.69166666666666,-3.99166666666666,4,6,1,0,0,0,8.512823658898295,0,1,0,0,1,0,1,0,0,0
0,0,1,1,0,0,0,1,1,1,1,1,0,0,56.05,56.05,0.0,5,6,1,1,0,0,0.0,1,0,0,0,0,1,0,1,0,0
1,0,0,0,5,1,1,0,0,0,0,1,1,1,94.85,92.56,2.289999999999992,2,5,1,1,1,1,6.139453424821431,0,1,0,1,0,0,1,0,0,0
0,0,0,0,4,1,0,0,0,0,0,1,0,0,55.5,56.8375,-1.3374999999999986,1,3,1,1,1,0,5.430879539631008,1,0,0,1,0,0,0,1,0,0
0,0,1,1,72,1,1,1,0,0,0,0,0,0,79.05,79.59305555555555,-0.5430555555555543,1,4,1,0,0,0,8.653767449825429,0,1,0,0,0,1,1,0,0,0
1,0,0,0,14,1,0,0,0,0,0,1,1,1,92.9,95.53214285714286,-2.6321428571428527,2,4,0,0,1,1,7.19926750701427,0,1,0,1,0,0,0,0,1,0
0,0,1,0,57,0,0,1,0,1,1,0,1,1,49.9,48.8140350877193,1.0859649122807014,4,5,1,0,0,0,7.931428480985753,1,0,0,1,0,0,1,0,0,0
1,1,1,0,58,1,1,0,0,1,0,1,1,1,98.7,100.21724137931035,-1.5172413793103487,3,6,0,0,0,1,8.667955279302426,0,1,0,1,0,0,0,0,1,0
1,0,1,0,69,1,1,1,1,1,1,0,1,1,107.2,106.0449275362319,1.1550724637681071,5,8,1,0,0,0,8.898106010421563,0,1,0,0,1,0,0,1,0,0
1,0,1,0,1,1,0,1,0,0,0,1,1,1,95.0,95.0,0.0,3,5,0,1,0,0,4.564348191467836,0,1,0,1,0,0,0,0,1,0
1,0,0,0,4,1,0,0,0,0,0,0,1,0,54.3,48.825,5.474999999999994,1,3,0,1,1,0,5.279644101282416,1,0,0,1,0,0,0,0,1,0
1,0,1,0,72,1,1,1,1,1,1,0,1,0,105.6,105.29861111111111,0.30138888888888005,5,8,1,0,0,0,8.933598239562736,0,1,0,0,0,1,1,0,0,0
1,0,1,1,67,1,1,1,0,1,0,1,1,1,79.7,79.00597014925373,0.6940298507462757,4,7,0,0,0,0,8.574404937167348,1,0,0,0,0,1,0,0,1,0
0,0,0,0,6,0,0,1,0,0,0,0,0,0,29.45,26.90833333333333,2.541666666666668,1,2,1,1,1,0,5.090370262115109,1,0,0,1,0,0,1,0,0,0
1,0,0,1,14,1,0,0,0,0,0,0,0,0,19.95,19.17142857142857,0.7785714285714285,0,1,0,0,0,0,5.596197263976263,0,0,1,1,0,0,0,0,0,1
0,0,0,0,64,1,1,0,0,0,0,0,0,0,24.7,25.66796875,-0.9679687500000007,0,2,0,0,1,0,7.404735495926075,0,0,1,0,1,0,0,0,0,1
1,0,0,0,1,1,1,1,0,0,0,0,0,1,81.7,81.7,0.0,1,4,0,1,1,0,4.415219602029645,0,1,0,1,0,0,0,0,1,0
1,0,1,0,5,1,1,0,1,0,1,0,0,1,85.4,80.22,5.180000000000007,2,5,0,1,0,0,5.996700813903228,0,1,0,1,0,0,0,0,1,0
1,0,0,0,3,1,0,0,0,0,0,1,0,0,79.25,89.2,-9.950000000000003,1,3,0,1,1,1,5.593223284089137,0,1,0,1,0,0,0,0,1,0
0,1,0,0,4,1,1,1,0,0,0,0,0,1,80.25,75.925,4.325000000000003,1,4,0,1,1,0,5.719327685991663,0,1,0,1,0,0,0,0,1,0
0,0,0,0,71,1,1,0,0,0,0,0,0,0,24.55,24.213380281690142,0.3366197183098585,0,2,0,0,1,0,7.450166775307315,0,0,1,0,0,1,0,0,1,0
1,0,1,1,72,1,1,1,1,1,1,0,1,1,104.9,107.39791666666666,-2.4979166666666544,5,8,1,0,0,0,8.953336216423796,0,1,0,0,0,1,0,1,0,0
0,0,0,0,29,1,1,0,0,0,0,0,0,1,76.0,76.38793103448276,-0.38793103448276156,0,3,1,0,1,1,7.703571857388417,0,1,0,1,0,0,0,1,0,0
1,0,1,0,31,1,0,1,1,1,1,0,1,1,75.5,78.20806451612903,-2.7080645161290278,5,7,1,0,0,0,7.793772353166465,1,0,0,0,1,0,0,1,0,0
1,0,0,0,68,1,1,0,0,0,0,0,0,1,24.15,22.04191176470588,2.108088235294119,0,2,1,0,1,0,7.313120382089968,0,0,1,0,0,1,1,0,0,0
0,0,0,0,37,1,1,1,1,1,1,1,0,1,78.9,80.4581081081081,-1.558108108108101,5,8,1,0,1,0,7.998990423311198,1,0,0,1,0,0,0,1,0,0
1,1,0,0,2,1,0,0,1,1,1,0,1,1,95.1,90.125,4.974999999999994,4,6,1,1,1,0,5.199877293734784,0,1,0,1,0,0,0,1,0,0
0,0,0,0,1,1,0,0,1,0,0,0,0,1,74.3,74.3,0.0,1,3,1,1,1,1,4.321480134805848,0,1,0,1,0,0,0,1,0,0
1,0,0,0,35,1,0,1,1,1,0,0,0,0,61.2,57.74857142857143,3.451428571428572,3,5,0,0,1,0,7.6119413066572985,1,0,0,0,1,0,0,0,0,1
0,0,1,1,72,1,1,0,1,1,1,0,1,1,98.65,99.02013888888888,-0.37013888888887436,4,7,1,0,0,0,8.87212962502125,0,1,0,0,0,1,1,0,0,0
1,0,0,1,39,1,0,0,0,0,0,0,0,0,19.35,19.97948717948718,-0.6294871794871781,0,1,1,0,0,0,6.659550297072556,0,0,1,0,1,0,1,0,0,0
1,0,0,0,1,1,0,0,0,1,0,0,0,1,49.65,49.65,0.0,1,3,0,1,1,0,3.9249392306946924,1,0,0,1,0,0,0,0,0,1
1,0,0,0,16,1,0,0,0,0,0,0,0,1,69.95,75.34375,-5.393749999999997,0,2,1,0,1,1,7.095478885065086,0,1,0,1,0,0,0,1,0,0
0,0,0,0,5,1,0,1,0,0,1,0,0,0,54.2,61.65,-7.449999999999996,2,4,0,1,1,0,5.734150011272598,1,0,0,1,0,0,0,0,1,0
1,0,1,1,63,1,1,0,1,1,0,1,1,1,104.8,104.71825396825396,0.0817460317460359,4,7,1,0,0,1,8.794559741340487,0,1,0,0,0,1,1,0,0,0
0,1,0,0,71,1,1,1,1,1,1,1,1,0,89.85,88.64014084507042,1.2098591549295747,6,9,0,0,1,0,8.747423571732076,1,0,0,0,0,1,0,0,0,1
1,0,0,1,1,1,0,0,0,0,0,0,0,0,19.25,19.25,0.0,0,1,0,1,0,0,3.0081547935525483,0,0,1,1,0,0,0,0,0,1
1,0,0,0,9,1,0,0,0,0,1,1,1,1,95.9,91.9388888888889,3.9611111111111086,3,5,1,0,1,0,6.719556485015306,0,1,0,1,0,0,1,0,0,0
1,0,0,0,19,1,0,0,0,0,0,0,0,1,45.0,45.57105263157895,-0.5710526315789508,0,2,1,0,1,0,6.764865951431896,1,0,0,1,0,0,1,0,0,0
0,0,0,0,3,1,0,0,1,0,0,1,1,1,95.1,102.46666666666665,-7.36666666666666,3,5,0,1,1,1,5.731397641689174,0,1,0,1,0,0,0,0,1,0
0,0,0,0,1,1,0,0,0,0,0,0,0,0,19.9,19.9,0.0,0,1,0,1,1,0,3.039749158970765,0,0,1,1,0,0,0,0,0,1
0,0,0,0,65,1,1,0,1,0,1,1,1,1,105.05,103.75769230769231,1.2923076923076877,4,7,1,0,1,0,8.816593832447202,0,1,0,0,1,0,1,0,0,0
1,1,0,0,21,1,0,0,0,1,0,1,1,1,96.8,96.68095238095238,0.1190476190476204,3,5,1,0,1,1,7.616431261159709,0,1,0,1,0,0,1,0,0,0
1,0,1,0,31,1,1,0,0,0,0,1,0,1,59.05,60.73548387096774,-1.6854838709677438,1,4,1,0,0,0,7.5410462923887165,1,0,0,1,0,0,0,1,0,0
0,0,0,0,23,1,0,0,1,0,1,0,0,1,79.1,77.55434782608695,1.5456521739130409,2,4,0,0,1,0,7.48703362838257,0,1,0,1,0,0,0,0,0,1
0,0,0,0,57,1,0,0,1,1,1,1,0,0,69.75,68.32280701754387,1.427192982456134,4,6,0,0,1,0,8.2675516487958,1,0,0,0,0,1,0,0,0,1
1,0,1,1,24,1,1,1,0,0,0,1,1,0,74.8,75.88333333333334,-1.0833333333333428,3,6,0,0,0,0,7.507799841279758,1,0,0,0,1,0,0,0,0,1
1,0,1,0,22,1,0,1,0,0,1,0,0,1,56.25,58.73636363636364,-2.4863636363636417,2,4,1,0,0,0,7.164875045851278,1,0,0,0,1,0,0,1,0,0
1,1,1,0,6,1,0,0,1,0,0,0,1,1,84.2,86.52499999999999,-2.3249999999999886,2,4,0,1,0,1,6.254117231516904,0,1,0,1,0,0,0,0,1,0
0,0,0,0,13,1,0,0,0,0,0,0,0,0,19.65,18.83076923076923,0.8192307692307672,0,1,0,0,1,0,5.504518197131935,0,0,1,0,1,0,0,0,1,0
1,0,0,1,1,1,1,0,0,1,0,1,1,1,99.75,99.75,0.0,3,6,0,1,0,1,4.612642200826793,0,1,0,1,0,0,0,0,1,0
0,0,1,1,18,1,0,0,0,1,1,0,0,1,54.4,53.172222222222224,1.2277777777777743,2,4,1,0,0,0,6.864952156656828,1,0,0,0,1,0,0,1,0,0
1,0,0,0,23,1,1,0,0,1,1,1,0,1,96.9,90.67173913043477,6.228260869565233,3,6,1,0,1,0,7.6432193361691105,0,1,0,1,0,0,0,1,0,0
0,1,0,0,8,1,1,0,0,0,0,0,0,1,75.75,75.78125,-0.03125,0,3,0,0,1,1,6.408940567882282,0,1,0,1,0,0,0,0,1,0
1,0,1,0,72,1,1,1,1,0,1,1,1,1,109.95,109.0611111111111,0.8888888888888999,5,8,1,0,0,0,8.968701838025728,0,1,0,0,0,1,0,1,0,0
1,0,0,0,17,1,0,0,1,1,0,0,1,1,90.95,94.83529411764707,-3.8852941176470637,3,5,1,0,1,1,7.385975062999213,0,1,0,1,0,0,0,1,0,0
1,0,1,1,4,1,0,0,0,0,0,0,0,0,19.55,17.2,2.3500000000000014,0,1,1,1,0,0,4.2456340097683265,0,0,1,0,0,1,0,1,0,0
1,0,0,0,2,1,0,0,0,0,0,0,0,1,19.9,16.85,3.049999999999997,0,1,1,1,1,0,3.5467396869528134,0,0,1,1,0,0,0,1,0,0
0,0,1,0,28,1,1,0,0,0,0,0,0,0,25.55,24.00714285714286,1.542857142857141,0,2,0,0,0,0,6.512042462316651,0,0,1,0,1,0,0,0,0,1
0,0,0,0,68,1,0,1,0,1,0,0,0,1,54.45,54.04338235294117,0.4066176470588303,2,4,1,0,1,0,8.20956688164205,1,0,0,0,1,0,0,1,0,0
1,0,1,0,70,1,0,1,1,1,1,0,1,0,101.0,101.22142857142858,-0.22142857142857508,5,7,1,0,0,0,8.86594684460696,0,1,0,0,0,1,0,1,0,0
0,0,1,0,39,1,0,1,0,1,1,1,1,1,104.7,106.02179487179488,-1.3217948717948786,5,7,1,0,0,0,8.32744814860604,0,1,0,0,1,0,0,1,0,0
0,0,0,0,63,1,1,0,1,0,0,1,1,0,97.45,99.25396825396825,-1.8039682539682502,3,6,1,0,1,1,8.740976538017787,0,1,0,0,0,1,1,0,0,0
1,0,0,0,3,0,0,1,1,0,0,0,0,1,35.45,35.61666666666667,-0.1666666666666643,2,3,0,1,1,0,4.680741372835166,1,0,0,1,0,0,0,0,0,1
1,0,0,0,3,0,0,0,0,0,1,0,0,0,30.4,27.383333333333336,3.016666666666662,1,2,0,1,1,0,4.420646205638937,1,0,0,1,0,0,0,0,1,0
0,0,0,0,1,1,0,0,0,0,1,0,0,1,50.8,50.8,0.0,1,3,0,1,1,0,3.9473901492654373,1,0,0,1,0,0,0,0,1,0
1,0,1,0,5,1,1,0,1,0,0,0,0,1,78.75,82.42,-3.6700000000000017,1,4,0,1,0,1,6.0236896944027185,0,1,0,1,0,0,0,0,1,0
1,1,0,0,43,1,0,0,0,0,0,1,1,1,89.55,89.69186046511628,-0.14186046511628092,2,4,0,0,1,1,8.257839390951315,0,1,0,1,0,0,0,0,0,1
1,1,0,0,2,1,0,0,0,0,0,0,0,1,44.7,46.85,-2.1499999999999986,0,2,0,1,1,0,4.550714000192032,1,0,0,1,0,0,0,0,1,0
1,0,1,1,59,1,0,0,0,0,0,0,0,0,19.3,20.215254237288136,-0.9152542372881349,0,1,1,0,0,0,7.084813006100993,0,0,1,0,0,1,0,1,0,0
1,0,1,0,23,1,1,1,1,1,0,1,0,1,99.25,95.0608695652174,4.189130434782598,4,7,0,0,0,0,7.6904689029011255,0,1,0,1,0,0,0,0,1,0
1,0,0,0,71,1,1,1,0,0,1,0,1,0,97.65,94.19507042253521,3.454929577464796,3,6,1,0,1,0,8.808197239990303,0,1,0,0,1,0,0,1,0,0
0,0,1,0,62,1,1,1,1,1,1,1,1,0,113.95,111.1516129032258,2.7983870967742064,6,9,0,0,0,0,8.838174634268944,0,1,0,0,0,1,0,0,0,1
0,0,1,1,72,0,0,1,1,1,1,0,1,0,55.65,53.889583333333334,1.7604166666666643,5,6,1,0,0,0,8.263861014563423,1,0,0,0,0,1,0,1,0,0
0,0,0,0,55,1,1,0,0,0,0,0,0,1,73.1,75.36181818181818,-2.2618181818181853,0,3,0,0,1,1,8.32987517307146,0,1,0,1,0,0,0,0,1,0
1,0,0,0,11,1,0,0,0,0,1,0,0,1,73.85,84.20454545454545,-10.354545454545459,1,3,0,0,1,0,6.8322232163697,0,1,0,1,0,0,0,0,1,0
0,1,1,0,4,1,1,1,0,0,0,1,1,1,99.6,86.9125,12.6875,3,6,0,1,0,0,5.85406855366702,0,1,0,1,0,0,0,0,1,0
1,0,0,0,24,1,1,0,1,0,0,0,0,1,80.25,77.5625,2.6875,1,4,0,0,1,1,7.529674950253715,0,1,0,1,0,0,0,0,1,0
0,0,0,0,7,1,0,0,0,0,0,0,0,0,20.25,18.45,1.8000000000000007,0,1,0,0,1,0,4.868687631440574,0,0,1,0,1,0,0,0,0,1
1,1,1,0,61,1,1,0,1,1,1,1,0,1,98.3,99.4516393442623,-1.151639344262307,4,7,0,0,0,0,8.710710178193091,0,1,0,0,1,0,0,0,0,1
1,0,0,0,1,1,0,0,0,0,0,0,0,0,19.3,19.3,0.0,0,1,1,1,1,0,3.0106208860477417,0,0,1,1,0,0,0,1,0,0
1,0,0,0,60,0,0,1,1,1,0,0,0,0,39.6,40.40833333333333,-0.80833333333333,3,4,1,0,1,0,7.793792967685271,1,0,0,0,0,1,1,0,0,0
1,0,1,1,68,1,1,1,1,1,1,1,1,1,92.2,94.0125,-1.8125,6,9,1,0,0,0,8.763091869851333,1,0,0,0,0,1,0,1,0,0
1,0,0,0,44,0,0,1,0,1,0,1,1,1,54.0,55.46022727272727,-1.4602272727272734,4,5,0,0,1,0,7.8002654821908886,1,0,0,0,1,0,0,0,1,0
1,1,0,0,1,1,1,0,0,0,0,1,1,1,94.0,94.0,0.0,2,5,0,1,1,1,4.553876891600541,0,1,0,1,0,0,0,0,1,0
0,0,0,1,50,1,0,0,0,0,0,0,0,0,70.35,70.672,-0.32200000000000273,0,2,1,0,0,1,8.170355417755697,0,1,0,0,0,1,0,1,0,0
0,0,0,0,1,1,0,0,0,0,0,0,0,1,70.8,70.8,0.0,0,2,0,1,1,1,4.273884476054178,0,1,0,1,0,0,0,0,0,1
0,0,1,1,53,1,0,0,0,0,0,0,0,0,20.9,21.623584905660376,-0.7235849056603776,0,1,0,0,0,0,7.044948708158344,0,0,1,0,0,1,0,0,0,1
1,0,0,0,67,1,0,0,0,0,1,0,0,0,50.55,48.65820895522388,1.8917910447761201,1,3,1,0,1,0,8.089819840759192,1,0,0,0,0,1,1,0,0,0
1,0,1,0,60,1,1,0,1,1,0,1,0,1,95.75,95.71499999999999,0.0350000000000108,3,6,0,0,0,1,8.65589370110576,0,1,0,1,0,0,0,0,1,0
1,0,0,0,56,1,1,1,1,0,0,0,0,1,86.4,87.89999999999999,-1.4999999999999858,2,5,0,0,1,0,8.501754627727045,0,1,0,1,0,0,0,0,1,0
0,0,0,0,8,1,0,1,0,0,1,0,0,0,54.25,55.96875,-1.71875,2,4,1,0,1,0,6.106465939802488,1,0,0,0,1,0,1,0,0,0
0,0,1,1,27,1,0,0,0,0,0,0,0,0,19.9,20.374074074074073,-0.47407407407407476,0,1,0,0,0,0,6.311916280889189,0,0,1,0,0,1,0,0,0,1
0,0,1,1,7,1,0,1,0,0,0,0,0,0,50.7,50.050000000000004,0.6499999999999986,1,3,0,0,0,0,5.861782877638206,1,0,0,1,0,0,0,0,0,1
1,0,0,1,51,1,0,0,0,0,1,0,0,0,47.85,46.21078431372549,1.639215686274511,1,3,1,0,0,0,7.765463053423995,1,0,0,0,1,0,0,1,0,0
1,0,0,0,1,1,0,0,0,0,0,0,0,0,19.2,19.2,0.0,0,1,0,1,1,0,3.005682604407159,0,0,1,1,0,0,0,0,1,0
0,0,0,0,47,1,1,1,0,1,1,0,0,1,65.0,61.274468085106385,3.7255319148936152,3,6,0,0,1,0,7.965858024312037,1,0,0,0,0,1,0,0,0,1
0,0,1,1,21,0,0,1,0,1,0,1,1,1,55.95,55.09761904761905,0.8523809523809547,4,5,0,0,0,0,7.054492835093721,1,0,0,0,1,0,0,0,1,0
1,0,1,0,60,1,0,1,0,0,0,1,0,1,59.8,59.3525,0.447499999999998,2,4,0,0,0,0,8.178119574136455,1,0,0,0,1,0,0,0,0,1
1,0,1,0,56,1,1,0,1,0,1,1,1,1,107.25,107.7375,-0.48749999999999716,4,7,0,0,0,0,8.70521513674627,0,1,0,0,1,0,0,0,1,0
0,1,0,0,50,1,1,0,1,0,1,1,1,1,106.8,106.959,-0.15900000000000603,4,7,0,0,1,0,8.584655558945965,0,1,0,0,1,0,0,0,1,0
0,0,0,0,32,0,0,1,0,0,0,0,0,0,30.15,28.9890625,1.1609374999999993,1,2,0,0,1,0,6.833731918633351,1,0,0,0,1,0,0,0,0,1
1,0,0,0,6,1,0,1,0,1,1,1,1,1,80.25,82.23333333333333,-1.9833333333333343,5,7,0,1,1,0,6.203344906143481,1,0,0,0,0,1,0,0,0,1
1,0,1,1,45,1,1,0,0,0,0,0,0,0,24.45,24.183333333333334,0.2666666666666657,0,2,0,0,0,0,6.993244664997552,0,0,1,0,0,1,0,0,0,1
0,0,0,0,1,1,0,0,0,1,0,0,0,1,74.6,74.6,0.0,1,3,0,1,1,1,4.3254562831854875,0,1,0,1,0,0,0,0,0,1
0,0,1,0,24,1,0,0,0,0,0,0,0,0,20.4,20.116666666666667,0.28333333333333144,0,1,1,0,0,0,6.181671598175927,0,0,1,0,1,0,0,1,0,0
1,0,0,0,52,0,0,0,1,0,0,0,0,0,30.1,31.21923076923077,-1.119230769230768,1,2,0,0,1,0,7.392893795812142,1,0,0,0,1,0,0,0,0,1
1,0,0,0,9,1,0,0,0,0,0,0,0,1,44.4,38.68333333333333,5.716666666666669,0,2,0,0,1,0,5.8555016292920445,1,0,0,1,0,0,0,0,0,1
1,0,0,0,2,1,1,0,1,0,0,0,0,1,79.45,72.575,6.875,1,4,0,1,1,1,4.984633491557255,0,1,0,1,0,0,0,0,1,0
0,0,1,1,19,1,0,0,0,1,0,0,0,1,49.6,50.67894736842105,-1.0789473684210478,1,3,1,0,0,0,6.870987554789923,1,0,0,1,0,0,1,0,0,0
0,0,1,0,25,1,0,0,0,1,0,0,0,1,74.6,71.91,2.6899999999999977,1,3,0,0,0,1,7.4948472582015775,0,1,0,1,0,0,0,0,1,0
1,0,1,1,53,1,0,1,1,0,1,1,0,1,69.7,70.36981132075472,-0.669811320754718,4,6,0,0,0,0,8.224324357610461,1,0,0,0,0,1,0,0,0,1
0,0,1,1,58,1,1,0,1,1,0,1,1,1,105.2,107.33448275862068,-2.1344827586206776,4,7,1,0,0,1,8.736553595645178,0,1,0,0,1,0,0,1,0,0
1,0,0,0,38,1,1,0,1,1,0,0,1,1,95.1,97.13684210526316,-2.036842105263162,3,6,1,0,1,1,8.21397776533647,0,1,0,1,0,0,0,1,0,0
1,0,1,0,59,0,0,0,1,0,0,0,1,1,41.05,41.57118644067796,-0.5211864406779654,2,3,1,0,0,0,7.8053523684090385,1,0,0,1,0,0,1,0,0,0
1,0,1,1,35,1,1,0,0,0,1,1,1,1,73.45,76.03142857142856,-2.5814285714285603,3,6,1,0,0,0,7.886870563989527,1,0,0,0,1,0,1,0,0,0
1,0,0,0,58,1,0,0,0,0,0,0,0,0,20.8,20.900862068965516,-0.1008620689655153,0,1,0,0,1,0,7.1010579882853255,0,0,1,0,0,1,0,0,0,1
1,0,0,1,56,1,0,0,0,0,0,0,0,1,21.2,22.118750000000002,-0.9187500000000028,0,1,0,0,0,0,7.122584360692262,0,0,1,0,1,0,0,0,0,1
1,0,0,0,1,1,0,0,0,0,0,0,0,0,20.45,20.45,0.0,0,1,0,1,1,0,3.065724645374026,0,0,1,0,0,1,0,0,0,1
0,1,0,0,1,1,0,0,0,0,0,0,0,1,70.55,70.55,0.0,0,2,0,1,1,1,4.27039650600246,0,1,0,1,0,0,0,0,1,0
1,0,1,0,72,1,1,1,1,1,1,1,1,0,92.3,93.33194444444445,-1.0319444444444485,6,9,1,0,0,0,8.812977353120994,1,0,0,0,0,1,0,1,0,0
0,0,0,0,3,1,0,0,0,0,0,0,0,0,20.2,21.983333333333334,-1.783333333333335,0,1,0,1,1,0,4.203946072137182,0,0,1,1,0,0,0,0,1,0
1,0,0,0,27,1,0,0,0,0,0,0,0,0,19.85,17.40740740740741,2.442592592592593,0,1,1,0,1,0,6.154858094016418,0,0,1,0,0,1,0,1,0,0
1,0,0,0,36,1,1,0,0,0,0,0,1,1,84.9,85.19999999999999,-0.29999999999998295,1,4,0,0,1,1,8.028846349410673,0,1,0,1,0,0,0,0,1,0
1,1,0,0,69,1,1,1,0,1,1,0,1,0,74.1,72.91304347826087,1.1869565217391198,4,7,1,0,1,0,8.523572798380277,1,0,0,0,0,1,0,1,0,0
0,1,1,0,68,1,1,0,1,0,0,1,1,1,100.2,100.7595588235294,-0.5595588235294002,3,6,0,0,0,1,8.832390717758596,0,1,0,1,0,0,0,0,1,0
0,0,0,1,66,1,1,1,0,1,1,0,0,1,90.95,89.84924242424243,1.1007575757575694,3,6,1,0,0,0,8.687956542084763,0,1,0,0,0,1,0,1,0,0
0,0,0,0,34,1,0,0,0,0,0,0,0,1,70.0,71.06176470588235,-1.0617647058823536,0,2,1,0,1,1,7.7903237534512595,0,1,0,1,0,0,0,1,0,0
0,0,1,0,3,1,0,0,0,0,0,0,0,1,19.6,18.416666666666668,1.1833333333333336,0,1,0,1,0,0,4.029806041084529,0,0,1,1,0,0,0,0,0,1
0,0,1,1,71,1,0,1,0,1,0,1,1,0,77.55,78.51197183098591,-0.9619718309859167,4,6,1,0,0,0,8.62611037462678,1,0,0,0,0,1,0,1,0,0
1,0,0,1,31,0,0,0,0,0,0,0,0,0,25.0,25.458064516129035,-0.45806451612903487,0,1,1,0,0,0,6.67228607797729,1,0,0,1,0,0,0,1,0,0
0,0,1,0,72,1,1,0,1,1,1,1,1,1,108.5,111.16388888888889,-2.6638888888888914,5,8,1,0,0,0,8.98779664073394,0,1,0,0,1,0,1,0,0,0
0,0,1,0,45,1,0,0,0,0,1,1,1,1,95.2,95.24000000000001,-0.04000000000000625,3,5,1,0,0,0,8.363295812838842,0,1,0,0,0,1,0,1,0,0
0,0,1,0,3,1,0,0,0,0,0,0,0,1,19.9,15.25,4.649999999999999,0,1,0,1,0,0,3.844814255734696,0,0,1,1,0,0,0,0,0,1
1,0,0,0,22,1,1,1,1,0,0,0,0,0,59.0,57.03181818181818,1.9681818181818187,2,5,0,0,1,0,7.135448464994918,1,0,0,1,0,0,0,0,1,0
1,0,0,0,37,1,1,1,1,1,1,1,1,1,90.6,90.77432432432433,-0.17432432432433131,6,9,1,0,1,0,8.119592080864859,1,0,0,0,1,0,1,0,0,0
1,0,0,0,57,1,0,0,0,0,0,0,0,0,20.75,19.628070175438594,1.1219298245614056,0,1,0,0,1,0,7.020905376914793,0,0,1,0,0,1,0,0,0,1
0,0,0,0,29,1,0,0,0,0,0,0,0,0,20.35,21.28793103448276,-0.9379310344827587,0,1,0,0,1,0,6.427054640188066,0,0,1,0,1,0,0,0,0,1
0,0,1,1,24,1,1,0,1,1,0,0,0,0,83.15,84.71041666666666,-1.5604166666666544,2,5,1,0,0,1,7.617784158410599,0,1,0,0,1,0,1,0,0,0
0,1,1,0,65,1,1,1,1,1,0,1,1,1,109.4,111.19153846153846,-1.791538461538451,5,8,1,0,0,0,8.885779907660176,0,1,0,1,0,0,0,1,0,0
0,0,1,1,16,1,0,0,0,0,0,0,0,0,19.35,17.24375,2.106250000000003,0,1,0,0,0,0,5.623656430176916,0,0,1,1,0,0,0,0,0,1
0,0,0,0,47,1,1,1,0,1,0,1,0,0,94.9,98.19680851063829,-3.296808510638286,3,6,1,0,1,0,8.437337966166773,0,1,0,0,1,0,0,1,0,0
0,0,1,1,70,1,1,1,1,1,1,0,0,0,93.9,93.98642857142858,-0.08642857142856997,4,7,1,0,0,0,8.791797623074688,0,1,0,0,0,1,1,0,0,0
1,0,1,0,49,1,1,1,1,0,0,1,0,1,93.85,96.59387755102041,-2.743877551020418,3,6,1,0,0,0,8.462546913636208,0,1,0,1,0,0,1,0,0,0
1,0,1,0,58,1,0,0,0,1,0,0,0,0,50.3,49.630172413793105,0.6698275862068925,1,3,1,0,0,0,7.9653893109216884,1,0,0,0,1,0,0,1,0,0
1,0,1,0,47,1,1,1,0,1,1,1,1,1,110.85,112.25106382978724,-1.4010638297872475,5,8,1,0,0,0,8.57107513236528,0,1,0,0,1,0,0,1,0,0
1,1,0,0,4,1,0,0,0,1,0,1,1,1,94.75,105.6,-10.849999999999994,3,5,0,1,1,1,6.048317358700765,0,1,0,1,0,0,0,0,1,0
0,0,0,0,34,1,1,0,0,0,1,1,0,0,65.0,63.455882352941174,1.544117647058826,2,5,0,0,1,0,7.677168814995532,1,0,0,1,0,0,0,0,0,1
0,0,0,0,11,1,0,1,0,1,0,0,1,0,64.05,66.72272727272728,-2.672727272727286,3,5,1,0,1,0,6.599802469687996,1,0,0,1,0,0,1,0,0,0
0,0,1,1,23,1,0,0,1,1,1,0,0,0,83.8,82.6195652173913,1.1804347826086996,3,5,0,0,0,0,7.550266843573502,0,1,0,1,0,0,0,0,1,0
1,0,0,0,3,0,0,0,1,0,1,0,0,1,36.85,36.233333333333334,0.6166666666666671,2,3,0,1,1,0,4.697749367281185,1,0,0,1,0,0,0,0,0,1
0,0,1,1,18,1,0,0,0,0,0,0,0,1,20.25,22.330555555555556,-2.0805555555555557,0,1,0,0,0,0,5.998812484770521,0,0,1,1,0,0,0,0,0,1
1,1,0,0,16,1,0,0,0,0,0,0,1,1,78.75,76.140625,2.609375,1,3,0,0,1,1,7.105991194590162,0,1,0,1,0,0,0,0,1,0
1,0,0,0,10,1,1,0,0,0,0,0,0,0,75.05,78.63,-3.5799999999999983,0,3,0,0,1,1,6.668609370190421,0,1,0,1,0,0,0,0,1,0
1,0,0,0,37,1,0,1,1,1,1,0,0,0,65.6,62.53513513513514,3.0648648648648518,4,6,1,0,1,0,7.747078569699684,1,0,0,0,0,1,1,0,0,0
0,0,1,0,42,1,1,0,0,1,1,0,0,1,84.3,85.43809523809524,-1.1380952380952465,2,5,0,0,0,0,8.185740336595176,0,1,0,1,0,0,0,0,1,0
0,0,0,0,9,1,1,0,0,0,0,0,0,1,76.85,73.72777777777777,3.12222222222222,0,3,0,0,1,1,6.499110119867342,0,1,0,1,0,0,0,0,1,0
0,1,1,0,5,1,1,0,1,0,0,0,0,1,81.0,74.33,6.670000000000002,1,4,0,1,0,1,5.9206396413277025,0,1,0,1,0,0,0,0,1,0
1,0,1,0,67,1,1,0,1,1,1,1,1,1,111.3,112.94328358208955,-1.643283582089552,5,8,1,0,0,0,8.931710537443836,0,1,0,0,0,1,1,0,0,0
0,0,0,1,65,0,0,0,1,0,1,1,0,0,45.25,45.137692307692305,0.1123076923076951,3,4,0,0,0,0,7.984445696341958,1,0,0,0,0,1,0,0,0,1
1,0,1,0,68,0,0,1,0,1,0,1,1,1,54.1,55.8014705882353,-1.7014705882352956,4,5,1,0,0,0,8.241571433456823,1,0,0,0,0,1,1,0,0,0
1,0,0,0,1,1,0,0,0,0,0,0,0,1,19.65,19.65,0.0,0,1,1,1,1,0,3.027715319407042,0,0,1,1,0,0,1,0,0,0
0,0,1,1,72,1,1,0,0,0,0,0,0,1,26.25,27.611805555555556,-1.3618055555555557,0,2,1,0,0,0,7.595412416798443,0,0,1,0,0,1,1,0,0,0
1,0,0,0,11,1,0,0,0,0,0,0,0,1,20.45,21.572727272727274,-1.1227272727272748,0,1,1,0,1,0,5.473530384104697,0,0,1,1,0,0,0,1,0,0
0,0,1,1,20,1,0,0,0,0,0,0,0,0,19.7,19.78,-0.08000000000000185,0,1,1,0,0,0,5.982928216085695,0,0,1,0,1,0,1,0,0,0
0,0,1,1,37,1,0,0,0,0,0,0,0,0,19.35,18.47972972972973,0.8702702702702716,0,1,0,0,0,0,6.529053808143187,0,0,1,1,0,0,0,0,1,0
0,0,1,1,1,1,0,0,0,0,0,0,0,0,20.35,20.35,0.0,0,1,0,1,0,0,3.0610517396746335,0,0,1,0,0,1,0,0,0,1
1,0,1,0,54,1,1,1,1,1,0,1,1,0,109.55,113.31388888888888,-3.7638888888888857,5,8,0,0,0,0,8.719309205538357,0,1,0,1,0,0,0,0,1,0
1,0,0,0,3,1,0,0,0,0,0,1,1,1,92.0,88.93333333333334,3.066666666666663,2,4,0,1,1,1,5.5902404332570725,0,1,0,1,0,0,0,0,1,0
0,0,1,0,46,1,1,1,0,0,0,0,0,0,55.0,53.78152173913043,1.218478260869567,1,4,1,0,0,0,7.813975472778525,1,0,0,1,0,0,1,0,0,0
1,0,1,1,6,1,0,0,1,0,0,0,1,1,83.55,79.59166666666667,3.9583333333333286,2,4,1,1,0,1,6.1707606986419155,0,1,0,1,0,0,0,1,0,0
0,1,0,0,40,1,0,0,0,0,0,1,1,1,91.55,91.84,-0.29000000000000625,2,4,0,0,1,1,8.209199562185635,0,1,0,1,0,0,0,0,1,0
1,0,0,1,1,1,0,0,0,0,0,0,0,1,21.05,21.05,0.0,0,1,0,1,0,0,3.093312601892855,0,0,1,1,0,0,0,0,0,1
0,0,1,0,61,1,1,0,0,0,0,0,0,0,24.4,23.24426229508197,1.1557377049180282,0,2,0,0,0,0,7.257637202513267,0,0,1,0,0,1,0,0,0,1
1,0,0,0,25,1,0,0,0,0,0,0,0,1,20.75,19.976,0.7740000000000009,0,1,0,0,1,0,6.215407778592756,0,0,1,0,0,1,0,0,0,1
1,0,0,1,27,1,0,0,0,0,0,0,0,0,20.05,20.477777777777778,-0.42777777777777715,0,1,1,0,0,0,6.316984165039059,0,0,1,0,1,0,0,1,0,0
0,0,0,0,47,0,0,1,1,0,1,0,0,0,39.65,38.26914893617022,1.3808510638297804,3,4,1,0,1,0,7.49534748053304,1,0,0,0,1,0,0,1,0,0
1,0,1,0,17,0,0,1,0,1,0,0,0,0,34.4,34.86764705882353,-0.4676470588235304,2,3,0,0,0,0,6.386458355348851,1,0,0,1,0,0,0,0,0,1
1,1,1,0,15,1,1,1,0,1,0,1,0,1,96.5,92.81666666666666,3.683333333333337,3,6,0,0,0,0,7.239394426449646,0,1,0,1,0,0,0,0,1,0
0,0,0,0,4,1,1,0,1,0,1,0,1,1,93.5,90.55,2.950000000000003,3,6,0,1,1,0,5.894953646727139,0,1,0,1,0,0,0,0,1,0
0,0,0,1,16,1,0,0,0,0,0,1,0,1,81.0,82.009375,-1.0093750000000057,1,3,0,0,0,1,7.180184109971104,0,1,0,1,0,0,0,0,1,0
1,0,0,0,67,1,0,1,0,1,0,0,1,0,65.55,65.09776119402986,0.4522388059701399,3,5,1,0,1,0,8.380812027763055,1,0,0,0,0,1,1,0,0,0
1,0,0,0,20,1,1,0,0,0,1,1,1,1,98.55,101.5975,-3.0474999999999994,3,6,0,0,1,0,7.617243219130135,0,1,0,1,0,0,0,0,0,1
1,0,1,1,30,1,1,1,1,0,0,1,0,1,94.4,94.62333333333332,-0.22333333333331495,3,6,0,0,0,0,7.951453691772792,0,1,0,1,0,0,0,0,1,0
0,0,1,0,5,1,1,0,0,1,1,1,0,0,67.95,70.06,-2.1099999999999994,3,6,1,1,0,0,5.861640559271781,1,0,0,1,0,0,1,0,0,0
1,0,1,0,67,1,1,0,0,0,0,0,0,0,24.85,23.634328358208954,1.2156716417910474,0,2,1,0,0,0,7.368024179130975,0,0,1,0,0,1,0,1,0,0
1,0,1,1,53,1,0,0,1,0,1,1,0,0,65.0,63.46792452830189,1.532075471698107,3,5,1,0,0,0,8.121123804948436,1,0,0,1,0,0,0,1,0,0
1,0,1,1,70,1,1,0,1,1,1,1,1,1,84.1,85.42428571428572,-1.3242857142857218,5,8,0,0,0,0,8.696292896950245,1,0,0,0,0,1,0,0,1,0
0,0,0,0,6,0,0,1,1,1,1,1,1,1,63.4,58.13333333333333,5.266666666666666,6,7,0,1,1,0,5.857361562584502,1,0,0,0,0,1,0,0,0,1
0,0,0,0,2,0,0,0,0,0,0,0,1,1,34.7,31.125,3.575000000000003,1,2,0,1,1,0,4.1470951276076295,1,0,0,1,0,0,0,0,1,0
0,0,1,1,15,1,0,0,0,0,0,0,0,0,20.35,22.396666666666665,-2.0466666666666633,0,1,1,0,0,0,5.819934551392226,0,0,1,0,1,0,0,1,0,0
0,0,1,1,72,1,1,1,1,1,1,1,0,0,80.2,79.36388888888888,0.8361111111111228,5,8,1,0,0,0,8.650884571242125,1,0,0,0,0,1,1,0,0,0
0,0,1,1,24,0,0,1,1,1,1,0,1,1,52.5,50.33958333333334,2.160416666666663,5,6,0,0,0,0,7.097672912397719,1,0,0,0,0,1,0,0,0,1
0,0,1,0,9,1,0,0,0,0,0,1,1,0,89.45,94.78888888888889,-5.338888888888889,2,4,0,0,0,1,6.750048282952101,0,1,0,1,0,0,0,0,1,0
1,0,1,1,41,1,0,0,0,0,0,0,0,1,20.0,21.458536585365852,-1.4585365853658523,0,1,0,0,0,0,6.78083058540847,0,0,1,0,0,1,0,0,0,1
0,0,1,1,69,0,0,1,0,1,0,0,1,1,43.95,42.9,1.0500000000000043,3,4,1,0,0,0,7.993316099905515,1,0,0,0,0,1,0,1,0,0
1,0,1,1,24,1,0,0,0,0,0,0,0,0,20.25,18.322916666666668,1.9270833333333321,0,1,0,0,0,0,6.08847782127798,0,0,1,0,1,0,0,0,0,1
0,0,1,0,3,1,0,0,0,0,0,0,0,1,46.1,43.38333333333333,2.7166666666666686,0,2,0,1,0,0,4.876341706312883,1,0,0,1,0,0,0,0,0,1
0,0,0,0,7,1,0,0,1,0,0,1,1,1,94.05,90.49285714285715,3.55714285714285,3,5,0,0,1,1,6.452758481842924,0,1,0,0,1,0,0,0,0,1
1,0,0,0,11,1,0,1,0,1,0,0,0,1,79.5,72.33181818181818,7.1681818181818215,2,4,1,0,1,0,6.680415435536518,0,1,0,1,0,0,1,0,0,0
1,0,1,1,48,1,0,0,1,1,0,0,0,1,55.8,55.23333333333333,0.56666666666667,2,4,1,0,0,0,7.883144763243498,1,0,0,0,1,0,0,1,0,0
0,0,0,0,16,1,1,0,0,1,0,0,1,1,88.45,88.88125,-0.4312499999999915,2,5,0,0,1,1,7.2605928696896145,0,1,0,1,0,0,0,0,1,0
0,0,0,0,3,1,0,0,0,0,0,1,0,1,80.5,77.45,3.049999999999997,1,3,0,1,1,1,5.4525394723958245,0,1,0,1,0,0,0,0,1,0
1,0,1,1,2,1,0,0,0,1,1,0,1,0,90.0,95.025,-5.025000000000006,3,5,1,1,0,0,5.252535173892909,0,1,0,1,0,0,0,1,0,0
1,0,0,0,1,1,0,0,0,1,0,0,0,0,50.9,50.9,0.0,1,3,0,1,1,0,3.949318790171843,1,0,0,1,0,0,0,0,0,1
1,0,0,0,9,0,0,0,0,0,0,0,0,1,24.6,21.12222222222222,3.4777777777777814,0,1,0,0,1,0,5.252796851246227,1,0,0,1,0,0,0,0,0,1
0,0,0,0,71,1,0,1,1,1,1,1,0,0,77.35,78.17042253521127,-0.8204225352112786,5,7,1,0,1,0,8.62175138530001,1,0,0,0,0,1,0,1,0,0
0,0,0,0,3,1,1,0,0,0,0,0,0,1,75.1,90.23333333333333,-15.13333333333334,0,3,1,1,1,1,5.604698516432302,0,1,0,1,0,0,0,1,0,0
0,0,1,1,22,1,0,0,1,0,0,0,1,0,83.3,83.90454545454546,-0.6045454545454589,2,4,0,0,0,1,7.521263836881865,0,1,0,1,0,0,0,0,1,0
0,0,1,1,43,1,1,0,0,1,0,0,1,1,92.55,93.93023255813954,-1.3802325581395394,2,5,1,0,0,1,8.303999970955196,0,1,0,1,0,0,1,0,0,0
1,0,0,0,1,1,1,0,0,0,0,0,0,1,74.95,74.95,0.0,0,3,0,1,1,1,4.330075229041782,0,1,0,1,0,0,0,0,1,0
0,0,1,0,67,1,1,0,1,1,0,1,1,1,105.7,101.7455223880597,3.9544776119403053,4,7,1,0,0,1,8.827314119142065,0,1,0,0,1,0,1,0,0,0
1,0,0,0,3,1,0,0,0,1,1,1,0,1,88.35,87.35000000000001,0.9999999999999858,3,5,0,1,1,0,5.572344128176816,0,1,0,1,0,0,0,0,0,1
1,0,0,0,1,1,1,0,0,0,0,0,0,1,49.8,49.8,0.0,0,3,1,1,1,0,3.927896354584436,1,0,0,1,0,0,0,1,0,0
0,0,1,0,28,1,0,0,1,1,0,0,1,0,89.9,86.91071428571429,2.989285714285714,3,5,1,0,0,1,7.797496675622756,0,1,0,1,0,0,0,1,0,0
1,0,1,0,1,1,0,0,0,1,0,0,0,0,75.35,75.35,0.0,1,3,1,1,0,1,4.335328031664641,0,1,0,1,0,0,0,1,0,0
0,1,1,0,72,1,1,0,1,1,0,1,1,1,105.75,105.9701388888889,-0.2201388888888971,4,7,1,0,0,1,8.93995452043283,0,1,0,0,1,0,0,1,0,0
0,0,1,0,8,1,0,1,0,0,1,0,1,0,65.5,70.54375,-5.043750000000003,3,5,0,0,0,0,6.337445008381255,1,0,0,0,0,1,0,0,0,1
1,0,0,0,4,1,0,0,0,0,0,0,0,0,19.75,19.575,0.1750000000000007,0,1,0,1,1,0,4.373238128640803,0,0,1,1,0,0,0,0,0,1
1,0,0,1,37,1,0,1,1,0,1,0,0,0,61.45,62.225675675675674,-0.7756756756756715,3,5,1,0,0,0,7.742119863957441,1,0,0,0,0,1,0,1,0,0
1,0,1,1,68,1,0,0,0,1,1,1,1,1,72.95,72.84191176470588,0.10808823529411882,4,6,1,0,0,0,8.508001073047323,1,0,0,0,0,1,1,0,0,0
1,0,1,0,70,1,1,1,1,0,1,0,0,1,88.0,85.52071428571428,2.479285714285723,3,6,1,0,0,0,8.697420890953614,0,1,0,0,0,1,0,1,0,0
1,0,0,0,22,1,0,0,0,0,0,0,0,0,19.6,19.204545454545453,0.39545454545454817,0,1,0,0,1,0,6.048553514092109,0,0,1,0,1,0,0,0,0,1
1,0,0,0,44,1,0,0,0,1,1,1,1,0,100.1,99.50795454545455,0.5920454545454419,4,6,1,0,1,0,8.384655590531366,0,1,0,0,0,1,1,0,0,0
1,0,1,1,65,1,1,1,1,0,0,0,1,1,69.55,68.60230769230769,0.9476923076923072,3,6,0,0,0,0,8.402937676735553,1,0,0,0,0,1,0,0,0,1
1,0,0,0,17,1,0,0,0,0,0,0,0,1,20.5,21.51764705882353,-1.0176470588235311,0,1,0,0,1,0,5.9048167403823095,0,0,1,0,1,0,0,0,0,1
1,0,0,0,67,1,1,1,1,1,1,1,1,1,118.35,116.47985074626865,1.8701492537313413,6,9,1,0,1,0,8.962539051214572,0,1,0,0,1,0,1,0,0,0
0,0,1,0,15,1,0,0,1,0,0,0,0,0,75.35,74.30333333333333,1.0466666666666669,1,3,1,0,0,1,7.017102835817419,0,1,0,1,0,0,1,0,0,0
0,0,1,1,67,1,1,1,0,0,1,0,1,1,94.35,94.64850746268657,-0.29850746268657247,3,6,1,0,0,0,8.7550204081156,0,1,0,0,1,0,0,1,0,0
0,0,0,0,3,1,0,0,0,1,0,1,1,1,69.95,73.48333333333333,-3.5333333333333314,3,5,0,1,1,0,5.400196830369207,1,0,0,0,1,0,0,0,1,0
1,0,0,0,69,1,1,1,1,1,1,0,1,1,78.6,77.62971014492753,0.9702898550724655,5,8,1,0,1,0,8.58624339459303,1,0,0,0,1,0,0,1,0,0
1,0,1,0,68,1,0,0,1,0,1,1,1,1,100.3,99.32867647058823,0.9713235294117624,4,6,0,0,0,0,8.818090062523531,0,1,0,0,1,0,0,0,1,0
0,0,0,0,5,0,0,0,0,1,0,0,1,0,39.5,42.15,-2.6499999999999986,2,3,0,1,1,0,5.355406333532164,1,0,0,1,0,0,0,0,1,0
0,1,0,0,8,1,0,0,0,1,0,1,1,1,94.45,92.86875,1.5812499999999972,3,5,1,0,1,1,6.611973828273706,0,1,0,1,0,0,0,1,0,0
1,0,1,1,10,1,0,0,0,0,0,0,0,1,20.05,21.85,-1.8000000000000007,0,1,1,0,0,0,5.391352232515226,0,0,1,1,0,0,0,1,0,0
1,0,1,0,42,1,1,0,0,1,1,1,1,1,106.15,107.4452380952381,-1.2952380952380906,4,7,1,0,0,0,8.414872495266398,0,1,0,1,0,0,1,0,0,0
0,0,1,1,11,1,0,1,0,0,0,0,0,0,51.0,52.88181818181818,-1.8818181818181827,1,3,1,0,0,0,6.367672474149028,1,0,0,1,0,0,1,0,0,0
1,0,1,1,1,1,0,0,0,0,0,0,0,0,19.9,19.9,0.0,0,1,0,1,0,0,3.039749158970765,0,0,1,1,0,0,0,0,0,1
1,0,0,1,15,1,1,0,0,0,0,0,0,1,24.8,21.61,3.1900000000000013,0,2,0,0,0,0,5.78428661431516,0,0,1,1,0,0,0,0,1,0
1,0,0,1,3,1,0,0,0,0,0,0,0,1,20.05,25.150000000000002,-5.100000000000001,0,1,0,1,0,0,4.336636932375072,0,0,1,1,0,0,0,0,0,1
1,0,1,0,66,1,1,0,1,1,0,0,1,0,95.3,95.05151515151515,0.24848484848484986,3,6,0,0,0,1,8.744233141898457,0,1,0,0,1,0,0,0,1,0
1,1,1,1,71,1,0,1,1,1,0,0,0,1,86.7,87.0330985915493,-0.33309859154930166,3,5,1,0,0,0,8.729130183152282,0,1,0,0,1,0,1,0,0,0
0,0,1,0,71,1,1,1,1,1,1,1,1,0,90.1,88.88591549295774,1.2140845070422586,6,9,0,0,0,0,8.750192019561174,1,0,0,0,0,1,0,0,1,0
1,1,0,0,30,1,1,0,0,1,1,1,0,1,69.1,69.79666666666667,-0.6966666666666725,3,6,1,0,1,0,7.647261098520099,1,0,0,0,0,1,0,1,0,0
1,1,0,0,18,1,1,1,1,0,0,0,0,1,58.4,53.605555555555554,4.794444444444444,2,5,1,0,1,0,6.8730603091852505,1,0,0,1,0,0,0,1,0,0
0,0,0,0,60,1,1,1,0,1,1,0,0,0,64.75,67.325,-2.575000000000003,3,6,0,0,1,0,8.304123725673502,1,0,0,0,1,0,0,0,1,0
0,0,1,1,4,1,0,0,0,0,0,0,0,0,20.85,15.725,5.125000000000002,0,1,0,1,0,0,4.157319361383489,0,0,1,1,0,0,0,0,0,1
1,0,1,0,71,1,1,1,1,1,1,1,1,0,90.55,90.19718309859155,0.35281690140844546,6,9,1,0,0,0,8.764834214330834,1,0,0,0,0,1,1,0,0,0
0,0,1,0,22,1,1,1,0,0,1,1,1,1,79.2,79.2159090909091,-0.01590909090909065,4,7,0,0,0,0,7.463793245569676,1,0,0,1,0,0,0,0,1,0
1,0,1,0,51,1,1,1,1,0,0,0,1,1,96.4,96.29509803921569,0.1049019607843178,3,6,1,0,0,0,8.499446648928267,0,1,0,0,1,0,0,1,0,0
1,0,1,0,69,1,1,0,0,1,0,1,1,0,99.5,99.15144927536231,0.34855072463768977,3,6,1,0,0,1,8.830901133617402,0,1,0,0,1,0,1,0,0,0
1,0,0,1,12,1,0,1,0,0,0,1,1,1,69.85,69.79166666666667,0.05833333333332291,3,5,0,0,0,0,6.731614581263264,1,0,0,1,0,0,0,0,0,1
1,0,1,1,0,1,0,0,0,0,0,0,0,1,19.7,19.7,0.0,0,1,0,1,0,0,0.0,0,0,1,0,1,0,0,0,0,1
0,0,0,0,1,1,0,0,0,0,0,1,0,1,54.65,54.65,0.0,1,3,0,1,1,0,4.019082077721554,1,0,0,1,0,0,0,0,1,0
0,0,0,0,2,1,0,0,0,0,0,0,0,1,69.7,67.6,2.1000000000000085,0,2,0,1,1,1,4.9141243937154115,0,1,0,1,0,0,0,0,1,0
0,0,1,0,53,1,1,0,1,1,1,1,1,1,111.8,109.61792452830188,2.182075471698113,5,8,1,0,0,0,8.667464929294537,0,1,0,0,1,0,1,0,0,0
0,0,0,0,3,1,0,0,0,1,0,0,0,1,74.75,79.36666666666666,-4.61666666666666,1,3,0,1,1,1,5.476881874464279,0,1,0,1,0,0,0,0,0,1
0,0,0,0,17,1,0,0,0,0,0,0,0,0,19.4,21.061764705882354,-1.661764705882355,0,1,0,0,1,0,5.883461654556327,0,0,1,0,0,1,0,0,0,1
1,0,0,0,70,0,0,0,0,0,1,0,1,1,40.05,39.996428571428574,0.053571428571423496,2,3,0,0,1,0,7.9376425174388325,1,0,0,0,0,1,0,0,0,1
1,0,1,1,6,1,0,0,0,0,0,0,0,1,44.6,43.46666666666667,1.1333333333333329,0,2,1,1,0,0,5.5675808534758,1,0,0,1,0,0,1,0,0,0
0,0,0,0,50,1,1,1,0,1,1,1,1,1,82.5,83.58200000000001,-1.0820000000000078,5,8,1,0,1,0,8.338090448677617,1,0,0,0,1,0,0,1,0,0
1,0,0,0,17,1,1,0,0,1,1,0,1,1,95.65,96.47058823529412,-0.8205882352941103,3,6,1,0,1,0,7.403061091090091,0,1,0,1,0,0,1,0,0,0
0,0,0,0,1,1,0,0,0,0,0,0,0,1,19.6,19.6,0.0,0,1,0,1,1,0,3.0252910757955354,0,0,1,1,0,0,0,0,0,1
0,1,0,0,41,1,1,0,1,1,0,1,1,1,104.4,100.8280487804878,3.5719512195122007,4,7,0,0,1,1,8.327230515486256,0,1,0,1,0,0,0,0,1,0
0,0,0,0,15,1,1,0,0,0,0,0,0,1,25.4,26.64,-1.240000000000002,0,2,1,0,1,0,5.992963423231718,0,0,1,1,0,0,0,1,0,0
0,0,0,0,37,0,0,0,0,1,0,0,1,1,40.2,39.96891891891892,0.23108108108108638,2,3,1,0,1,0,7.299696010270414,1,0,0,1,0,0,0,1,0,0
1,0,0,0,1,1,0,0,0,0,0,0,0,0,45.05,45.05,0.0,0,2,0,1,1,0,3.829727762701316,1,0,0,1,0,0,0,0,0,1
0,1,1,0,12,1,1,0,1,1,0,1,0,1,98.1,88.35000000000001,9.749999999999986,3,6,0,0,0,1,6.967155622263585,0,1,0,1,0,0,0,0,1,0
0,0,0,0,1,1,0,0,1,0,0,0,0,0,75.8,75.8,0.0,1,3,0,1,1,1,4.341204640153626,0,1,0,1,0,0,0,0,1,0
1,1,1,0,19,0,0,0,1,1,0,0,0,1,34.3,30.376315789473683,3.9236842105263143,2,3,1,0,0,0,6.359833350574971,1,0,0,1,0,0,0,1,0,0
1,0,0,0,1,1,0,0,0,0,1,0,0,1,75.9,75.9,0.0,1,3,0,1,1,0,4.3425058765115985,0,1,0,1,0,0,0,0,1,0
1,0,0,0,24,1,1,0,1,1,0,0,0,1,84.85,85.36666666666667,-0.5166666666666799,2,5,1,0,1,1,7.625497506397463,0,1,0,1,0,0,1,0,0,0
0,0,1,0,64,1,1,1,0,1,1,1,1,1,85.0,85.69375,-0.6937499999999943,5,8,1,0,0,0,8.609845296212608,1,0,0,0,0,1,0,1,0,0
1,0,0,0,15,1,1,1,0,0,0,1,1,1,99.7,104.45,-4.75,3,6,0,0,1,0,7.35739674942313,0,1,0,1,0,0,0,0,1,0
0,1,0,0,31,1,1,0,1,0,0,1,1,1,99.95,102.79516129032258,-2.8451612903225794,3,6,0,0,1,1,8.06703924718298,0,1,0,1,0,0,0,0,1,0
1,0,1,0,71,1,1,1,1,1,1,1,1,1,116.25,120.63028169014085,-4.380281690140848,6,9,0,0,0,0,9.055526972598827,0,1,0,0,0,1,0,0,1,0
0,0,1,1,49,1,0,0,1,1,0,1,1,0,78.0,78.04489795918367,-0.04489795918367179,4,6,1,0,0,0,8.249366032475388,1,0,0,0,1,0,0,1,0,0
0,1,1,0,60,1,1,0,0,1,0,1,1,1,100.5,100.48333333333333,0.01666666666666572,3,6,1,0,0,1,8.704502289721232,0,1,0,0,1,0,0,1,0,0
1,0,1,1,29,1,0,0,0,0,0,0,0,1,70.75,68.09655172413792,2.6534482758620754,0,2,0,0,0,1,7.588728658610374,0,1,0,1,0,0,0,0,1,0
1,0,0,0,19,1,1,0,1,0,0,1,1,1,99.95,101.67105263157895,-1.7210526315789423,3,6,0,0,1,1,7.566699138200584,0,1,0,1,0,0,0,0,1,0
1,1,1,0,22,1,0,0,0,0,0,1,1,1,89.75,88.13181818181819,1.6181818181818102,2,4,1,0,0,1,7.5703917043370605,0,1,0,1,0,0,1,0,0,0
1,0,0,0,1,0,0,0,0,0,0,0,0,1,24.4,24.4,0.0,0,1,0,1,1,0,3.2347491740244907,1,0,0,1,0,0,0,0,1,0
1,0,1,1,1,1,0,0,0,0,0,0,0,1,69.9,69.9,0.0,0,2,0,1,0,1,4.2612704335380815,0,1,0,1,0,0,0,0,0,1
0,1,1,0,48,1,0,0,1,0,0,0,1,1,58.95,58.11875,0.8312500000000043,2,4,1,0,0,0,7.934047739403606,1,0,0,0,1,0,1,0,0,0
0,0,0,0,54,1,1,0,1,1,0,1,0,1,94.75,94.84722222222223,-0.09722222222222854,3,6,1,0,1,1,8.541446683216941,0,1,0,0,1,0,1,0,0,0
1,0,0,0,59,1,0,0,0,0,0,0,0,0,19.35,18.63728813559322,0.7127118644067814,0,1,0,0,1,0,7.003610764625658,0,0,1,0,0,1,0,0,0,1
0,0,1,0,55,1,1,0,0,1,0,0,0,1,77.75,81.05727272727272,-3.307272727272718,1,4,0,0,0,1,8.402713443891228,0,1,0,1,0,0,0,0,1,0
1,0,1,1,69,1,0,1,1,0,1,1,1,1,106.35,105.2427536231884,1.107246376811588,5,7,1,0,0,0,8.890513823975612,0,1,0,0,0,1,0,1,0,0
1,0,1,0,72,1,1,1,1,1,0,1,1,1,109.65,109.44791666666667,0.20208333333333428,5,8,0,0,0,0,8.97224179971323,0,1,0,0,0,1,0,0,1,0
0,0,1,0,1,1,0,0,0,0,0,0,0,1,20.65,20.65,0.0,0,1,0,1,0,0,3.075005454448499,0,0,1,1,0,0,0,0,0,1
1,0,0,0,4,0,0,0,0,0,1,0,1,1,40.05,40.6125,-0.5625,2,3,0,1,1,0,5.09650713317022,1,0,0,1,0,0,0,0,1,0
0,0,0,0,1,1,0,1,0,0,0,1,1,1,95.6,95.6,0.0,3,5,0,1,1,0,4.570578741218473,0,1,0,1,0,0,0,0,1,0
0,1,1,0,70,1,1,1,0,0,0,0,1,1,90.85,92.43,-1.5800000000000125,2,5,0,0,0,0,8.775101388499907,0,1,0,1,0,0,0,0,1,0
1,0,1,1,38,1,0,1,1,1,1,1,0,0,74.05,73.74473684210527,0.30526315789472847,5,7,0,0,0,0,7.938552573621769,1,0,0,0,1,0,0,0,1,0
0,1,0,0,2,1,1,0,1,0,0,0,1,0,89.5,80.75,8.75,2,5,0,1,1,1,5.090678001769792,0,1,0,1,0,0,0,0,1,0
0,1,1,1,28,0,0,0,1,0,0,0,1,1,39.1,39.16428571428571,-0.06428571428570962,2,3,0,0,0,0,7.000881256971621,1,0,0,0,1,0,0,0,1,0
1,0,1,1,72,1,1,1,1,1,1,1,1,1,114.0,112.4048611111111,1.595138888888897,6,9,0,0,0,0,8.9988968575102,0,1,0,0,0,1,0,0,1,0
0,1,1,0,72,1,1,0,0,0,0,0,0,1,25.7,26.908333333333335,-1.2083333333333357,0,2,1,0,0,0,7.569618169502316,0,0,1,0,0,1,0,1,0,0
0,0,1,1,1,1,0,0,1,0,0,0,0,1,74.7,74.7,0.0,1,3,0,1,0,1,4.3267781604434035,0,1,0,1,0,0,0,0,1,0
1,0,1,1,28,1,0,0,0,0,0,0,0,1,20.3,17.426785714285714,2.873214285714287,0,1,1,0,0,0,6.192260234758284,0,0,1,0,0,1,0,1,0,0
1,0,0,0,4,1,0,0,0,0,0,1,0,1,56.4,58.7125,-2.3125,1,3,0,1,1,0,5.463196009730271,1,0,0,1,0,0,0,0,1,0
1,0,0,0,63,1,1,0,1,0,0,0,1,0,90.45,92.46825396825396,-2.0182539682539584,2,5,1,0,1,1,8.670171756013318,0,1,0,0,1,0,0,1,0,0
1,0,1,0,51,0,0,0,1,0,0,0,0,1,30.05,29.98921568627451,0.060784313725491756,1,2,1,0,0,0,7.333317088789424,1,0,0,1,0,0,0,1,0,0
1,0,0,0,57,1,1,0,0,0,0,1,0,1,86.9,86.65350877192982,0.24649122807018387,1,4,0,0,1,1,8.505171216188913,0,1,0,0,1,0,0,0,1,0
1,0,1,1,70,1,1,1,1,1,1,1,1,1,116.55,116.46142857142857,0.08857142857142719,6,9,1,0,0,0,9.006178032257257,0,1,0,0,0,1,0,1,0,0
0,0,0,0,48,1,1,0,1,1,1,1,0,1,73.85,74.6125,-0.7625000000000028,4,7,1,0,1,0,8.183788245844491,1,0,0,0,1,0,1,0,0,0
0,1,1,0,57,1,1,0,1,1,0,0,1,0,94.0,95.42017543859649,-1.4201754385964875,3,6,1,0,0,1,8.601525148631278,0,1,0,1,0,0,0,1,0,0
1,0,1,1,72,1,1,1,0,1,0,1,1,0,105.25,105.69097222222223,-0.44097222222222854,4,7,1,0,0,0,8.937317000533062,0,1,0,0,0,1,1,0,0,0
1,0,0,0,9,1,0,0,0,1,0,1,1,1,94.05,90.18333333333334,3.86666666666666,3,5,0,0,1,1,6.700300512549185,0,1,0,1,0,0,0,0,1,0
0,0,1,1,48,1,0,0,0,0,0,0,0,0,20.0,19.497916666666665,0.502083333333335,0,1,0,0,0,0,6.8425765529571425,0,0,1,0,0,1,0,0,0,1
0,1,0,0,1,1,1,0,0,0,0,0,1,1,85.05,85.05,0.0,1,4,0,1,1,1,4.454928522657548,0,1,0,1,0,0,0,0,1,0
1,0,0,0,38,1,0,1,1,0,1,1,0,0,70.6,71.26842105263158,-0.6684210526315866,4,6,0,0,1,0,7.904408667340748,1,0,0,0,1,0,0,0,0,1
0,0,0,0,26,1,0,0,0,0,0,0,0,1,69.05,69.83269230769231,-0.7826923076923151,0,2,1,0,1,1,7.504749424635169,0,1,0,1,0,0,0,1,0,0
1,0,0,0,10,1,0,0,0,0,1,1,1,1,95.1,86.51,8.58999999999999,3,5,1,0,1,0,6.764000375336999,0,1,0,1,0,0,0,1,0,0
1,1,0,0,10,1,1,0,0,0,0,1,1,1,95.35,89.83500000000001,5.514999999999986,2,5,0,0,1,1,6.80167228017398,0,1,0,1,0,0,0,0,1,0
1,0,1,1,69,1,0,0,0,0,0,0,0,1,20.55,20.33478260869565,0.2152173913043498,0,1,1,0,0,0,7.247151807120597,0,0,1,0,1,0,0,1,0,0
0,0,0,0,3,0,0,0,1,0,0,0,0,0,29.2,32.833333333333336,-3.6333333333333364,1,2,0,1,1,0,4.600157644164547,1,0,0,1,0,0,0,0,0,1
0,0,0,0,33,1,1,1,0,0,1,0,0,0,59.4,59.17575757575757,0.22424242424242635,2,5,0,0,1,0,7.577531473218842,1,0,0,0,1,0,0,0,1,0
0,0,1,1,39,1,1,0,0,0,0,0,0,1,24.2,23.451282051282053,0.7487179487179461,0,2,0,0,0,0,6.819579588078412,0,0,1,0,1,0,0,0,0,1
1,0,0,1,9,1,0,0,0,0,0,1,0,0,55.35,49.97222222222222,5.37777777777778,1,3,0,0,0,0,6.110912862083427,1,0,0,1,0,0,0,0,1,0
0,0,0,0,38,1,0,0,0,0,0,1,1,1,89.1,87.94736842105263,1.1526315789473642,2,4,0,0,1,1,8.114623886420098,0,1,0,0,1,0,0,0,0,1
0,0,1,0,70,0,0,1,0,1,1,0,1,1,49.85,48.145714285714284,1.7042857142857173,4,5,1,0,0,0,8.123024043049924,1,0,0,0,0,1,1,0,0,0
1,1,1,0,24,1,0,0,0,1,0,1,1,1,93.15,92.96041666666667,0.18958333333333144,3,5,0,0,0,1,7.710675724683985,0,1,0,1,0,0,0,0,1,0
1,0,0,0,11,1,0,0,1,0,0,0,0,1,74.55,74.97727272727273,-0.4272727272727366,1,3,0,0,1,1,6.716292064270899,0,1,0,1,0,0,0,0,1,0
1,0,0,0,1,1,0,0,1,0,0,0,0,1,50.75,50.75,0.0,1,3,0,1,1,0,3.9464244321454784,1,0,0,1,0,0,0,0,1,0
1,0,0,0,15,0,0,0,0,0,1,0,0,1,29.7,29.216666666666665,0.4833333333333343,1,2,0,0,1,0,6.085068727067206,1,0,0,1,0,0,0,0,1,0
0,0,1,0,59,1,1,0,0,1,1,1,0,0,93.35,91.29661016949153,2.053389830508465,3,6,0,0,0,0,8.591836734412004,0,1,0,1,0,0,0,0,1,0
1,0,1,1,19,1,0,0,0,0,0,0,0,0,20.2,20.389473684210525,-0.18947368421052602,0,1,0,0,0,0,5.96203573641717,0,0,1,0,0,1,0,0,0,1
0,0,0,0,1,0,0,0,0,0,1,0,0,0,30.55,30.55,0.0,1,2,0,1,1,0,3.4515735889872223,1,0,0,1,0,0,0,0,0,1
0,1,0,0,11,1,0,0,1,0,0,1,1,1,95.0,101.84545454545454,-6.845454545454544,3,5,0,0,1,1,7.022244005466835,0,1,0,1,0,0,0,0,1,0
0,0,0,1,4,1,0,0,0,0,0,0,0,0,20.4,23.625,-3.2250000000000014,0,1,1,1,0,0,4.5591262474866845,0,0,1,1,0,0,0,1,0,0
1,0,0,0,1,1,0,0,0,0,0,0,0,0,21.1,21.1,0.0,0,1,0,1,1,0,3.095577608523707,0,0,1,1,0,0,0,0,0,1
0,0,0,0,9,1,0,0,0,0,1,1,0,1,59.5,58.89444444444444,0.6055555555555614,2,4,1,0,1,0,6.274856178767549,1,0,0,1,0,0,1,0,0,0
0,0,0,0,6,1,0,0,0,0,0,1,1,0,89.3,96.26666666666667,-6.966666666666669,2,4,0,1,1,1,6.360611392542035,0,1,0,1,0,0,0,0,1,0
1,1,1,0,41,1,1,1,0,1,0,0,0,1,83.75,79.84268292682927,3.9073170731707307,2,5,1,0,0,0,8.093935734048326,0,1,0,1,0,0,1,0,0,0
1,0,0,0,2,1,0,0,0,0,0,0,0,0,46.05,40.175,5.875,0,2,1,1,1,0,4.3987608336650466,1,0,0,1,0,0,1,0,0,0
0,1,1,1,72,1,1,1,1,1,1,1,1,1,88.05,89.24513888888889,-1.1951388888888914,6,9,1,0,0,0,8.768208686132068,1,0,0,0,0,1,0,1,0,0
1,0,1,0,18,1,0,0,0,1,0,0,0,1,49.55,48.797222222222224,0.7527777777777729,1,3,0,0,0,0,6.779182998182373,1,0,0,1,0,0,0,0,0,1
0,0,1,0,72,1,1,0,1,1,0,1,1,1,101.35,101.71041666666666,-0.3604166666666657,4,7,0,0,0,1,8.898932386196364,0,1,0,0,1,0,0,0,1,0
1,0,1,0,49,1,1,1,0,0,0,0,0,1,55.35,53.754081632653055,1.5959183673469468,1,4,0,0,0,0,7.87661948546336,1,0,0,0,1,0,0,0,1,0
1,1,1,0,1,1,0,0,0,0,0,0,0,1,70.3,70.3,0.0,0,2,0,1,0,1,4.26689632742025,0,1,0,1,0,0,0,0,1,0
1,0,1,0,24,1,1,0,0,0,0,1,1,1,93.0,93.66875,-0.6687500000000028,2,5,0,0,0,1,7.718263183815343,0,1,0,1,0,0,0,0,1,0
0,0,1,1,26,1,1,0,1,0,1,0,0,1,60.05,62.159615384615385,-2.1096153846153882,2,5,0,0,0,0,7.388420619653236,1,0,0,1,0,0,0,0,1,0
1,0,1,0,69,1,1,0,1,0,1,1,0,1,92.45,93.63115942028986,-1.181159420289859,3,6,0,0,0,0,8.773624506076604,0,1,0,0,0,1,0,0,0,1
1,0,0,0,36,1,0,0,0,0,0,0,0,1,18.55,19.13888888888889,-0.5888888888888886,0,1,1,0,1,0,6.536691597591305,0,0,1,0,0,1,0,1,0,0
1,0,0,0,61,1,1,1,1,1,0,1,1,1,107.75,106.91639344262295,0.8336065573770526,5,8,0,0,1,0,8.783074341309122,0,1,0,0,1,0,0,0,1,0
0,0,1,0,51,1,1,0,1,0,1,1,1,1,78.65,77.46764705882353,1.1823529411764753,4,7,1,0,0,0,8.281939102681845,1,0,0,0,1,0,0,1,0,0
1,0,1,0,71,1,1,0,1,1,1,1,1,1,113.15,112.01760563380282,1.1323943661971896,5,8,1,0,0,0,8.981461656000379,0,1,0,0,1,0,1,0,0,0
1,0,0,0,30,1,1,1,0,0,0,1,1,1,100.4,97.875,2.5250000000000057,3,6,1,0,1,0,7.985229048447682,0,1,0,1,0,0,1,0,0,0
1,0,0,0,1,1,0,0,0,0,0,0,0,0,20.0,20.0,0.0,0,1,0,1,1,0,3.044522437723423,0,0,1,1,0,0,0,0,0,1
1,0,0,0,26,0,0,0,0,1,1,0,0,0,35.75,39.32692307692308,-3.57692307692308,2,3,0,0,1,0,6.930983405101344,1,0,0,1,0,0,0,0,1,0
1,0,0,0,21,1,0,0,0,1,0,0,1,0,61.65,66.36190476190475,-4.711904761904755,2,4,0,0,1,0,7.24036291478691,1,0,0,1,0,0,0,0,0,1
1,0,0,0,66,1,1,0,0,0,0,0,0,0,25.1,25.722727272727273,-0.6227272727272712,0,2,0,0,1,0,7.437618531625265,0,0,1,0,0,1,0,0,0,1
1,0,1,0,35,1,1,0,0,0,0,0,0,1,75.2,73.60571428571428,1.5942857142857179,0,3,0,0,0,1,7.854458817264487,0,1,0,1,0,0,0,0,1,0
0,0,1,0,12,1,0,0,0,0,0,0,0,0,45.9,42.1625,3.737499999999997,0,2,1,0,0,0,6.228412379398589,1,0,0,1,0,0,1,0,0,0
0,0,0,0,41,1,0,0,0,0,0,0,0,0,20.45,18.917073170731708,1.5329268292682912,0,1,0,0,1,0,6.654925417297567,0,0,1,1,0,0,0,0,1,0
1,0,1,1,25,1,0,0,0,0,0,0,0,0,19.6,16.445999999999998,3.1540000000000035,0,1,0,0,0,0,6.0213873607592365,0,0,1,0,1,0,0,0,1,0
1,1,0,0,15,1,0,0,1,0,0,0,0,1,74.4,71.61999999999999,2.7800000000000153,1,3,0,0,1,1,6.980354971396481,0,1,0,1,0,0,0,0,1,0
1,0,0,0,28,1,0,0,1,0,1,1,0,1,91.25,88.70178571428572,2.5482142857142804,3,5,1,0,1,0,7.817887083540708,0,1,0,0,1,0,1,0,0,0
0,0,1,0,71,1,1,0,0,0,0,1,1,1,93.7,92.75140845070423,0.9485915492957702,2,5,1,0,0,1,8.79275460455494,0,1,0,0,0,1,1,0,0,0
1,1,0,0,5,0,0,0,0,1,1,1,0,0,45.4,42.95,2.4499999999999957,3,4,1,1,1,0,5.374120329963537,1,0,0,1,0,0,0,1,0,0
0,0,0,0,47,1,1,0,1,1,0,1,1,1,106.35,103.17234042553193,3.1776595744680662,4,7,0,0,1,1,8.48675460227567,0,1,0,1,0,0,0,0,1,0
0,0,1,1,64,1,1,0,0,0,0,0,0,1,24.05,24.36171875,-0.3117187500000007,0,2,0,0,0,0,7.352537249467252,0,0,1,0,0,1,0,0,0,1
1,0,0,0,57,1,0,0,0,0,0,0,0,0,20.65,19.74736842105263,0.9026315789473678,0,1,1,0,1,0,7.0269595264606135,0,0,1,0,0,1,1,0,0,0
1,0,1,0,37,1,0,0,0,0,0,0,0,0,20.35,18.855405405405406,1.494594594594595,0,1,1,0,0,0,6.549149901526457,0,0,1,1,0,0,1,0,0,0
0,1,0,0,1,0,0,0,0,0,0,0,0,1,25.7,25.7,0.0,0,1,0,1,1,0,3.2846635654062037,1,0,0,1,0,0,0,0,0,1
1,1,0,0,67,1,1,1,1,1,1,1,1,1,116.1,117.01268656716418,-0.9126865671641866,6,9,1,0,1,0,8.967102525834955,0,1,0,0,0,1,0,1,0,0
0,0,1,0,56,1,1,0,0,0,0,1,0,1,85.6,87.55,-1.9500000000000028,1,4,1,0,0,1,8.49776569375014,0,1,0,1,0,0,1,0,0,0
1,0,1,0,71,1,1,1,1,0,1,0,0,0,65.15,65.94014084507042,-0.790140845070411,3,6,1,0,0,0,8.451640823176001,1,0,0,0,0,1,1,0,0,0
0,0,1,1,10,1,0,0,0,0,0,1,1,1,88.85,92.94500000000001,-4.095000000000013,2,4,0,0,0,1,6.835668340087237,0,1,0,1,0,0,0,0,1,0
1,0,0,0,21,1,0,1,0,1,0,1,0,0,65.35,67.82857142857144,-2.478571428571442,3,5,1,0,1,0,7.26220775506777,1,0,0,1,0,0,1,0,0,0
1,0,1,1,50,1,1,0,1,0,1,1,1,0,103.7,101.421,2.2789999999999964,4,7,0,0,0,0,8.531500354112636,0,1,0,1,0,0,0,0,1,0
1,1,1,0,46,1,1,0,0,1,0,1,1,1,101.0,101.74021739130436,-0.7402173913043555,3,6,0,0,0,1,8.45127772272134,0,1,0,1,0,0,0,0,1,0
1,1,1,0,30,1,1,0,0,0,0,0,0,0,77.9,78.38166666666666,-0.4816666666666549,0,3,0,0,0,1,7.763212617248543,0,1,0,1,0,0,0,0,0,1
0,0,1,1,34,1,0,1,1,1,1,1,1,0,84.75,83.51323529411764,1.236764705882365,6,8,0,0,0,0,7.95171776930749,1,0,0,0,0,1,0,0,0,1
0,0,1,0,19,1,1,0,0,0,0,1,0,1,86.85,82.33684210526316,4.513157894736835,1,4,0,0,0,1,7.355896661370738,0,1,0,1,0,0,0,0,1,0
1,0,1,1,58,1,1,0,0,0,0,1,0,0,82.5,83.24224137931034,-0.7422413793103431,1,4,1,0,0,1,8.482405039930521,0,1,0,0,0,1,1,0,0,0
1,0,0,0,66,1,0,0,1,1,0,1,1,0,99.5,101.67424242424242,-2.174242424242422,4,6,0,0,1,1,8.811577751927691,0,1,0,1,0,0,0,0,1,0
1,0,0,0,18,1,1,0,0,0,0,0,0,0,23.75,23.583333333333332,0.16666666666666785,0,2,0,0,1,0,6.053264948013429,0,0,1,0,1,0,0,0,0,1
0,0,1,0,71,1,0,0,0,0,0,0,0,0,19.85,19.430985915492958,0.4190140845070438,0,1,1,0,0,0,7.2302734662693755,0,0,1,0,0,1,0,1,0,0
1,0,1,0,5,1,1,1,0,0,0,0,1,1,89.15,82.65,6.5,2,5,0,1,0,0,6.026469656306673,0,1,0,1,0,0,0,0,1,0
1,0,0,0,13,1,1,0,0,0,1,1,1,0,100.75,101.01923076923077,-0.2692307692307736,3,6,0,0,1,0,7.181021439699557,0,1,0,1,0,0,0,0,1,0
1,0,1,0,27,1,0,1,0,0,0,0,0,0,48.7,52.657407407407405,-3.957407407407402,1,3,1,0,0,0,7.260346897483234,1,0,0,0,1,0,0,1,0,0
1,0,0,0,63,1,1,0,1,0,1,1,1,0,105.4,106.55873015873016,-1.158730158730151,4,7,0,0,1,0,8.81197996559795,0,1,0,1,0,0,0,0,1,0
0,0,1,1,9,1,1,0,0,0,0,1,0,1,85.35,83.85,1.5,1,4,1,0,0,1,6.6275783060161295,0,1,0,1,0,0,1,0,0,0
1,0,0,0,9,1,0,0,0,0,1,1,0,0,86.25,85.61111111111111,0.6388888888888857,2,4,0,0,1,0,6.648336671803215,0,1,0,1,0,0,0,0,1,0
1,0,1,0,12,1,0,1,1,1,0,0,0,1,84.6,79.99166666666666,4.608333333333334,3,5,0,0,0,0,6.867870345283222,0,1,0,1,0,0,0,0,1,0
0,0,0,0,30,1,0,0,0,0,1,1,0,0,85.15,85.19666666666667,-0.046666666666666856,2,4,0,0,1,0,7.846550866196361,0,1,0,1,0,0,0,0,1,0
1,0,0,0,1,1,0,0,0,0,0,0,0,0,20.15,20.15,0.0,0,1,0,1,1,0,3.0516399054922867,0,0,1,1,0,0,0,0,0,1
1,1,1,0,67,1,1,1,1,0,0,0,0,0,83.85,83.41492537313434,0.43507462686565646,2,5,1,0,0,0,8.628698787333777,0,1,0,1,0,0,1,0,0,0
1,0,0,0,1,0,0,0,0,0,0,0,1,0,35.9,35.9,0.0,1,2,0,1,1,0,3.6082115510464816,1,0,0,1,0,0,0,0,1,0
0,0,0,0,11,1,1,0,0,1,0,1,0,1,89.2,90.02727272727272,-0.8272727272727138,2,5,0,0,1,1,6.899017213038852,0,1,0,1,0,0,0,0,1,0
1,0,0,0,54,1,0,0,0,0,0,0,0,0,20.0,21.289814814814818,-1.289814814814818,0,1,0,0,1,0,7.048082279073415,0,0,1,0,0,1,0,0,0,1
1,0,0,0,4,1,0,0,0,0,0,0,0,0,19.0,19.725,-0.7250000000000014,0,1,0,1,1,0,4.380775852772229,0,0,1,1,0,0,0,0,0,1
0,0,0,0,17,1,1,0,0,0,0,0,0,0,24.8,27.955882352941178,-3.155882352941177,0,2,0,0,1,0,6.165942926440911,0,0,1,1,0,0,0,0,0,1
0,0,0,1,34,1,0,1,0,1,1,1,0,0,67.65,68.8029411764706,-1.1529411764705912,4,6,1,0,0,0,7.758034405262377,1,0,0,0,0,1,0,1,0,0
0,0,0,0,36,1,1,1,0,1,1,1,1,1,89.65,93.00277777777778,-3.3527777777777743,5,8,1,0,1,0,8.116446932008014,1,0,0,0,1,0,0,1,0,0
1,0,0,0,3,1,1,0,0,0,1,1,0,1,65.25,69.96666666666667,-4.716666666666669,2,5,0,1,1,0,5.351384087484729,1,0,0,1,0,0,0,0,0,1
0,0,1,1,62,1,1,0,0,0,0,1,1,1,70.45,69.36209677419355,1.087903225806457,2,5,1,0,0,0,8.3667074541417,1,0,0,1,0,0,0,1,0,0
0,0,0,0,1,1,0,0,0,0,0,0,0,1,69.5,69.5,0.0,0,2,0,1,1,1,4.255612709818223,0,1,0,1,0,0,0,0,1,0
1,0,1,0,72,1,1,0,1,1,1,1,1,1,109.75,107.76249999999999,1.9875000000000114,5,8,1,0,0,0,8.956724726496294,0,1,0,0,0,1,0,1,0,0
0,0,1,1,67,0,0,1,1,1,1,1,0,0,54.2,54.08880597014925,0.11119402985075055,5,6,1,0,0,0,8.1955957740902,1,0,0,0,0,1,0,1,0,0
1,0,0,0,12,1,1,0,1,1,1,1,1,1,112.95,115.39583333333333,-2.4458333333333258,5,8,0,0,1,0,7.233996788299914,0,1,0,1,0,0,0,0,0,1
1,0,1,0,8,1,0,1,0,0,0,0,0,0,75.0,79.11875,-4.118750000000006,1,3,0,0,0,0,6.451970086973957,0,1,0,1,0,0,0,0,1,0
0,1,1,0,3,1,0,0,0,0,0,1,0,1,80.4,74.68333333333334,5.716666666666669,1,3,0,1,0,1,5.416322599738942,0,1,0,1,0,0,0,0,1,0
1,0,1,1,4,1,1,0,0,1,0,1,1,0,101.15,96.475,4.675000000000011,3,6,0,1,0,1,5.9581662617064675,0,1,0,1,0,0,0,0,1,0
0,0,0,0,58,1,0,1,1,1,0,1,1,1,106.45,105.96293103448276,0.48706896551723844,5,7,0,0,1,0,8.723695034461883,0,1,0,0,1,0,0,0,1,0
0,0,1,1,68,1,1,0,1,0,1,1,1,1,103.75,103.52132352941176,0.22867647058824048,4,7,1,0,0,0,8.859427367563809,0,1,0,0,0,1,0,1,0,0
1,0,1,1,4,1,1,0,0,0,0,0,0,1,50.9,56.4,-5.5,0,3,0,1,0,0,5.423186348593906,1,0,0,1,0,0,0,0,1,0
1,0,0,0,3,1,1,0,1,1,0,1,1,0,107.95,104.53333333333335,3.416666666666657,4,7,0,1,1,1,5.751301990624177,0,1,0,1,0,0,0,0,0,1
1,0,1,1,52,1,0,1,1,1,0,1,1,0,79.2,77.23653846153846,1.9634615384615444,5,7,0,0,0,0,8.29836531416963,1,0,0,0,0,1,0,0,1,0
0,0,0,0,65,1,1,1,1,0,1,0,0,1,89.85,89.9176923076923,-0.06769230769231172,3,6,0,0,1,0,8.673453073882332,0,1,0,0,1,0,0,0,1,0
0,1,0,0,42,1,1,0,0,0,0,1,0,1,84.65,84.31785714285714,0.33214285714286973,1,4,0,0,1,1,8.172545627690223,0,1,0,1,0,0,0,0,1,0
0,0,1,1,33,1,0,0,0,0,0,0,0,0,20.1,17.55757575757576,2.542424242424243,0,1,0,0,0,0,6.363717521010033,0,0,1,0,1,0,0,0,0,1
0,0,0,0,43,1,0,0,1,1,0,1,0,1,91.65,91.95581395348837,-0.30581395348836793,3,5,0,0,1,1,8.282761164332172,0,1,0,1,0,0,0,0,1,0
1,0,0,0,22,1,1,0,0,0,0,0,0,0,25.25,25.75,-0.5,0,2,0,0,1,0,6.341240749355558,0,0,1,0,0,1,0,0,0,1
0,1,1,0,50,1,1,0,0,0,1,1,1,1,100.65,103.795,-3.144999999999996,3,6,0,0,0,0,8.554633474390082,0,1,0,0,1,0,0,0,1,0
0,0,0,0,24,1,0,0,0,0,0,0,0,0,20.45,21.972916666666666,-1.5229166666666671,0,1,1,0,1,0,6.26975894288704,0,0,1,0,1,0,0,1,0,0
1,0,0,0,48,1,1,0,1,1,0,1,1,1,108.1,105.57187499999999,2.528125000000003,4,7,1,0,1,1,8.530790329922262,0,1,0,0,0,1,1,0,0,0
0,0,1,1,70,1,1,1,1,1,1,1,0,0,79.7,82.04714285714286,-2.347142857142856,5,8,1,0,0,0,8.65596333777646,1,0,0,0,0,1,1,0,0,0
0,0,1,1,59,1,1,1,1,1,1,1,1,0,90.3,88.03474576271186,2.265254237288133,6,9,1,0,0,0,8.555461528126088,1,0,0,0,0,1,0,1,0,0
1,0,0,0,9,0,0,0,0,0,0,1,0,1,34.7,32.900000000000006,1.7999999999999972,1,2,1,0,1,0,5.694068782468562,1,0,0,1,0,0,0,1,0,0
0,1,1,0,37,1,0,0,0,1,1,1,0,0,90.0,91.12837837837837,-1.1283783783783718,3,5,0,0,0,0,8.123483714318926,0,1,0,1,0,0,0,0,1,0
1,0,0,0,72,1,1,1,1,1,1,0,0,0,69.65,68.17013888888889,1.47986111111112,4,7,1,0,1,0,8.49887645963034,1,0,0,0,0,1,1,0,0,0
0,0,0,0,3,1,1,0,0,0,0,0,0,0,75.25,80.66666666666667,-5.416666666666671,0,3,0,1,1,1,5.493061443340548,0,1,0,1,0,0,0,0,1,0
0,0,0,0,24,1,1,0,0,0,0,0,0,0,25.15,23.041666666666668,2.1083333333333307,0,2,1,0,1,0,6.317164686747284,0,0,1,0,0,1,0,1,0,0
0,0,0,0,2,1,0,0,0,0,0,0,0,0,19.3,22.2,-2.8999999999999986,0,1,0,1,1,0,3.8155121050473024,0,0,1,1,0,0,0,0,0,1
0,0,1,1,15,1,0,0,0,0,0,0,0,0,20.55,19.73,0.8200000000000003,0,1,0,0,0,0,5.693563774461869,0,0,1,0,1,0,0,0,0,1
1,0,1,0,65,1,1,1,1,1,0,1,0,1,99.35,97.65461538461538,1.6953846153846115,4,7,0,0,0,0,8.755981719355022,0,1,0,0,0,1,0,0,1,0
0,0,1,0,68,1,1,1,1,0,0,0,0,1,84.7,83.9860294117647,0.7139705882352985,2,5,1,0,0,0,8.65033325748251,0,1,0,0,0,1,1,0,0,0
1,0,0,0,37,0,0,1,1,0,1,0,0,1,40.55,37.59054054054054,2.9594594594594597,3,4,0,0,1,0,7.238389076467298,1,0,0,0,0,1,0,0,0,1
1,1,0,0,43,1,1,0,0,0,0,1,0,1,84.85,84.78139534883721,0.06860465116278647,1,4,0,0,1,1,8.201550505605104,0,1,0,1,0,0,0,0,1,0
0,0,0,0,57,1,1,1,1,1,0,1,1,1,112.95,113.42105263157895,-0.4710526315789423,5,8,1,0,1,0,8.774312958285378,0,1,0,0,0,1,1,0,0,0
0,0,1,1,55,1,1,1,1,0,1,1,0,1,75.0,76.61636363636363,-1.61636363636363,4,7,1,0,0,0,8.34638114536211,1,0,0,0,1,0,0,1,0,0
0,0,0,0,1,1,0,0,0,0,0,0,0,0,44.4,44.4,0.0,0,2,0,1,1,0,3.8155121050473024,1,0,0,1,0,0,0,0,0,1
1,0,1,0,36,0,0,1,0,1,0,0,0,0,35.35,36.609722222222224,-1.2597222222222229,2,3,0,0,0,0,7.184591244493121,1,0,0,0,1,0,0,0,0,1
1,0,1,1,72,1,1,0,0,0,0,0,0,0,24.1,24.092361111111114,0.0076388888888878625,0,2,1,0,0,0,7.459137261990456,0,0,1,0,0,1,0,1,0,0
1,1,1,0,71,1,1,0,0,0,0,0,0,0,25.45,25.206338028169014,0.24366197183098492,0,2,1,0,0,0,7.490333961411227,0,0,1,0,0,1,0,1,0,0
0,0,0,0,27,1,0,0,1,0,1,0,0,1,56.15,53.30925925925926,2.840740740740742,2,4,0,0,1,0,7.272641418592386,1,0,0,1,0,0,0,0,0,1
1,0,0,0,53,1,0,0,0,0,0,0,0,0,19.65,18.452830188679247,1.1971698113207516,0,1,1,0,1,0,6.88653164253051,0,0,1,0,0,1,1,0,0,0
1,0,1,1,23,1,0,0,1,1,1,0,0,0,86.8,84.38260869565217,2.417391304347831,3,5,0,0,0,0,7.571370656936044,0,1,0,0,1,0,0,0,0,1
1,0,0,0,16,1,0,0,0,0,0,0,0,1,20.6,20.640625,-0.04062499999999858,0,1,1,0,1,0,5.802873377300432,0,0,1,1,0,0,0,1,0,0
1,1,1,0,8,0,0,0,1,1,0,0,1,1,43.35,46.425,-3.0749999999999957,3,4,0,0,0,0,5.919968545402912,1,0,0,1,0,0,0,0,0,1
1,0,0,0,34,1,1,1,1,1,1,1,1,0,116.25,114.6779411764706,1.572058823529403,6,9,1,0,1,0,8.268744652548376,0,1,0,0,1,0,0,1,0,0
0,0,1,1,23,1,0,0,0,0,0,0,0,0,20.4,20.815217391304348,-0.4152173913043491,0,1,1,0,0,0,6.173265134887809,0,0,1,0,0,1,1,0,0,0
0,1,1,0,25,1,0,0,0,0,0,0,0,1,69.3,72.524,-3.2240000000000038,0,2,0,0,0,1,7.503344755947277,0,1,0,1,0,0,0,0,1,0
1,0,1,0,63,1,1,0,1,1,0,1,1,1,103.4,104.80952380952381,-1.4095238095238045,4,7,0,0,0,1,8.795430805040018,0,1,0,1,0,0,0,0,1,0
1,0,1,1,50,1,1,1,1,1,0,1,1,1,108.25,108.62799999999999,-0.3779999999999859,5,8,0,0,0,0,8.600136304229913,0,1,0,0,1,0,0,0,1,0
0,0,0,0,9,1,0,1,0,0,0,0,0,1,74.25,71.07222222222222,3.177777777777777,1,3,1,0,1,0,6.462483285955585,0,1,0,1,0,0,0,1,0,0
0,0,1,1,62,1,0,0,1,1,0,1,1,1,100.15,101.34354838709677,-1.1935483870967687,4,6,0,0,0,1,8.745809738528788,0,1,0,1,0,0,0,0,1,0
0,1,1,1,32,1,1,0,0,1,0,1,0,1,91.35,90.5171875,0.8328124999999886,2,5,0,0,0,1,7.971620831320412,0,1,0,1,0,0,0,0,0,1
1,0,1,0,36,1,1,0,0,0,0,1,1,1,95.0,95.5625,-0.5625,2,5,1,0,0,1,8.143590056456818,0,1,0,1,0,0,1,0,0,0
0,0,0,0,10,1,1,0,0,0,1,1,1,1,98.5,105.825,-7.325000000000003,3,6,0,0,1,0,6.965316389506668,0,1,0,1,0,0,0,0,1,0
0,0,1,1,59,1,1,0,1,1,0,1,1,1,106.15,106.03728813559322,0.1127118644067906,4,7,0,0,0,1,8.741488079687615,0,1,0,0,1,0,0,0,1,0
1,0,1,1,13,1,1,0,0,0,0,0,0,1,74.4,68.98076923076923,5.419230769230779,0,3,1,0,0,1,6.799891633106192,0,1,0,1,0,0,0,1,0,0
1,0,1,1,66,0,0,0,0,1,1,1,1,0,54.65,55.03030303030303,-0.3803030303030326,4,5,1,0,0,0,8.197814032221203,1,0,0,0,0,1,1,0,0,0
1,0,1,1,2,1,0,0,0,0,0,0,0,0,20.2,17.375,2.8249999999999993,0,1,0,1,0,0,3.5765502691400166,0,0,1,0,1,0,0,0,0,1
0,0,1,1,58,1,1,0,0,0,0,0,0,0,25.15,26.032758620689656,-0.8827586206896569,0,2,1,0,0,0,7.320460778745796,0,0,1,0,0,1,0,1,0,0
0,0,0,0,3,1,0,0,0,0,0,1,1,1,89.45,80.14999999999999,9.300000000000011,2,4,0,1,1,1,5.486662412319551,0,1,0,1,0,0,0,0,1,0
0,0,0,0,8,1,1,1,0,0,1,0,1,0,71.15,70.45625,0.6937500000000085,3,6,0,0,1,0,6.33620607016968,1,0,0,1,0,0,0,0,1,0
1,0,1,1,37,0,0,1,1,1,0,0,0,0,40.2,39.15675675675676,1.0432432432432464,3,4,1,0,0,0,7.279180894866777,1,0,0,1,0,0,1,0,0,0
0,0,0,0,41,1,1,1,1,1,1,1,0,1,106.5,104.44878048780487,2.051219512195132,5,8,0,0,1,0,8.36250236573647,0,1,0,1,0,0,0,0,1,0
1,1,0,0,1,1,1,0,0,0,0,0,0,1,74.4,74.4,0.0,0,3,0,1,1,1,4.32280727501391,0,1,0,1,0,0,0,0,1,0
1,0,0,0,35,1,1,0,0,0,0,0,0,1,25.6,25.75,-0.14999999999999858,0,2,0,0,1,0,6.804891643522898,0,0,1,1,0,0,0,0,1,0
0,0,0,0,5,1,0,0,0,0,0,1,0,0,80.2,76.85,3.3500000000000085,1,3,0,1,1,1,5.9538924742002255,0,1,0,1,0,0,0,0,1,0
0,0,0,1,44,1,0,0,0,0,0,0,0,0,19.9,19.729545454545455,0.1704545454545432,0,1,0,0,0,0,6.767458193443415,0,0,1,0,0,1,0,0,0,1
1,0,0,0,1,1,0,0,0,0,0,0,0,1,18.85,18.85,0.0,0,1,0,1,1,0,2.9882040071331994,0,0,1,1,0,0,0,0,0,1
1,0,1,0,10,1,1,0,0,0,0,0,1,1,85.25,85.53,-0.28000000000000114,1,4,0,0,0,1,6.752620782032146,0,1,0,1,0,0,0,0,1,0
1,0,0,0,22,1,0,0,0,0,0,0,0,0,20.3,21.595454545454547,-1.2954545454545467,0,1,0,0,1,0,6.1656279162004735,0,0,1,0,1,0,0,0,0,1
1,0,1,1,46,1,0,1,0,1,1,0,0,0,56.9,55.654347826086955,1.2456521739130437,3,5,0,0,0,0,7.84819213268437,1,0,0,0,1,0,0,0,0,1
1,0,1,1,63,1,1,0,0,0,0,0,0,0,24.65,24.99206349206349,-0.34206349206349174,0,2,1,0,0,0,7.362327961197329,0,0,1,0,0,1,0,1,0,0
1,0,0,1,6,1,0,0,0,0,0,0,0,1,20.2,16.391666666666666,3.8083333333333336,0,1,0,1,0,0,4.598648968997826,0,0,1,1,0,0,0,0,0,1
0,0,1,1,64,1,1,1,1,1,1,1,1,0,113.35,112.85546875,0.4945312499999943,6,9,0,0,0,0,8.885129487631987,0,1,0,0,1,0,0,0,1,0
1,1,1,0,1,1,1,0,0,0,0,1,0,1,86.05,86.05,0.0,1,4,0,1,0,1,4.466482666214198,0,1,0,1,0,0,0,0,1,0
0,0,1,1,61,1,1,1,1,1,1,0,1,1,79.4,79.02540983606558,0.37459016393442823,5,8,0,0,0,0,8.480850732113407,1,0,0,0,1,0,0,0,1,0
0,1,1,0,24,0,0,0,0,1,0,0,1,1,40.65,38.887499999999996,1.7625000000000028,2,3,1,0,0,0,6.83979758579891,1,0,0,1,0,0,0,1,0,0
0,0,0,0,1,1,0,0,1,0,0,0,0,1,74.7,74.7,0.0,1,3,0,1,1,1,4.3267781604434035,0,1,0,1,0,0,0,0,1,0
1,0,1,0,1,1,0,1,0,1,0,0,0,0,55.7,55.7,0.0,2,4,0,1,0,0,4.037774210733707,1,0,0,1,0,0,0,0,0,1
1,1,1,1,29,1,1,0,0,1,0,1,1,1,103.95,102.2344827586207,1.7155172413793025,3,6,0,0,0,1,7.994902089540969,0,1,0,1,0,0,0,0,1,0
1,0,1,0,2,1,0,0,0,0,1,1,1,1,94.2,83.75,10.450000000000003,3,5,0,1,0,0,5.126935749792416,0,1,0,1,0,0,0,0,1,0
1,0,0,0,25,1,0,0,0,0,0,0,0,0,20.6,21.66,-1.0599999999999987,0,1,0,0,1,0,6.296188085414615,0,0,1,1,0,0,0,0,0,1
0,0,0,0,6,0,0,1,1,0,1,0,1,0,50.95,51.26666666666667,-0.31666666666667,4,5,1,1,1,0,5.73204593992906,1,0,0,1,0,0,0,1,0,0
1,0,1,1,45,1,0,0,0,0,0,0,0,0,19.2,20.082222222222224,-0.8822222222222251,0,1,0,0,0,0,6.807603397031696,0,0,1,0,0,1,0,0,1,0
1,0,1,0,49,1,1,1,0,1,1,1,1,0,84.35,82.84387755102041,1.506122448979582,5,8,0,0,0,0,8.30902445577673,1,0,0,0,1,0,0,0,1,0
0,0,0,0,3,1,0,0,0,0,0,0,0,0,44.6,40.9,3.700000000000003,0,2,0,1,1,0,4.8178592793984425,1,0,0,1,0,0,0,0,1,0
1,0,1,1,42,1,0,0,0,0,0,0,0,0,20.7,19.73452380952381,0.9654761904761884,0,1,0,0,0,0,6.721244961566728,0,0,1,0,0,1,0,0,0,1
0,0,0,0,12,1,1,0,1,0,0,0,1,1,89.15,88.12916666666666,1.0208333333333428,2,5,0,0,1,1,6.964655326114949,0,1,0,1,0,0,0,0,1,0
1,0,0,0,18,0,0,0,1,1,0,0,0,1,33.5,33.333333333333336,0.1666666666666643,2,3,1,0,1,0,6.398594934535208,1,0,0,1,0,0,0,1,0,0
0,0,1,1,64,1,1,1,1,0,1,1,1,0,110.3,109.3328125,0.9671874999999943,5,8,1,0,0,0,8.853422541400022,0,1,0,0,0,1,1,0,0,0
1,0,0,0,32,1,0,0,0,0,0,1,1,0,91.05,89.734375,1.3156249999999972,2,4,0,0,1,1,7.962938009722911,0,1,0,1,0,0,0,0,1,0
1,0,1,0,71,1,0,0,1,1,1,1,1,1,79.1,78.3781690140845,0.7218309859154886,5,7,1,0,0,0,8.624404992387447,1,0,0,0,0,1,0,1,0,0
0,0,1,1,12,1,1,0,0,0,0,0,0,0,25.25,22.891666666666666,2.3583333333333343,0,2,1,0,0,0,5.619313318029751,0,0,1,0,0,1,0,1,0,0
1,0,0,1,53,1,0,1,1,1,0,0,1,0,95.95,95.03584905660377,0.9141509433962369,4,6,0,0,0,0,8.524744607569072,0,1,0,0,1,0,0,0,1,0
0,0,1,1,72,1,1,1,1,1,1,1,1,1,93.25,92.90208333333334,0.3479166666666629,6,9,1,0,0,0,8.80836167925279,1,0,0,0,0,1,1,0,0,0
1,0,0,0,35,1,0,0,0,0,0,0,0,0,20.75,21.14,-0.39000000000000057,0,1,1,0,1,0,6.607865663422611,0,0,1,1,0,0,1,0,0,0
0,0,1,1,22,1,0,0,1,0,0,1,1,1,69.5,68.10000000000001,1.3999999999999915,3,5,1,0,0,0,7.312686911484158,1,0,0,0,1,0,1,0,0,0
0,0,0,1,1,1,0,0,0,0,0,0,0,0,45.95,45.95,0.0,0,2,0,1,0,0,3.849083205654272,1,0,0,1,0,0,0,0,0,1
1,0,1,1,70,1,0,1,1,1,1,1,0,1,101.1,99.92571428571429,1.174285714285702,5,7,1,0,0,0,8.853065247965418,0,1,0,0,0,1,0,1,0,0
0,0,0,0,12,1,0,0,0,0,0,0,0,0,19.45,20.520833333333332,-1.0708333333333329,0,1,0,0,1,0,5.510399970502822,0,0,1,1,0,0,0,0,0,1
0,0,1,1,36,1,0,0,0,0,0,0,0,0,20.25,19.943055555555556,0.3069444444444436,0,1,1,0,0,0,6.57779181427375,0,0,1,0,0,1,1,0,0,0
0,0,0,0,36,1,0,1,1,1,1,1,0,1,76.35,72.39861111111111,3.9513888888888857,5,7,0,0,1,0,7.866089658853971,1,0,0,0,1,0,0,0,0,1
0,0,0,0,1,1,0,0,0,0,0,0,0,0,45.15,45.15,0.0,0,2,0,1,1,0,3.8318969609488613,1,0,0,1,0,0,0,0,0,1
1,0,1,1,62,1,0,0,0,0,0,0,0,0,20.05,20.385483870967743,-0.33548387096774235,0,1,1,0,0,0,7.142748346653496,0,0,1,0,0,1,0,1,0,0
1,0,0,0,18,1,0,0,1,1,0,1,1,0,101.3,99.70277777777778,1.5972222222222143,4,6,1,0,1,1,7.493122352365488,0,1,0,1,0,0,0,1,0,0
0,0,0,0,37,1,0,0,0,0,0,0,0,0,19.85,21.195945945945947,-1.345945945945946,0,1,0,0,1,0,6.666002138418756,0,0,1,0,0,1,0,0,0,1
1,1,1,0,70,1,1,0,1,1,0,1,1,1,102.95,101.45,1.5,4,7,0,0,0,1,8.868202113728342,0,1,0,1,0,0,0,0,1,0
0,0,1,1,16,0,0,0,0,0,0,0,1,1,35.5,34.54375,0.9562499999999972,1,2,1,0,0,0,6.316623023828922,1,0,0,1,0,0,0,1,0,0
0,1,1,0,70,1,1,0,0,0,0,0,0,1,75.65,77.30571428571427,-1.655714285714268,0,3,1,0,0,1,8.596447896389488,0,1,0,0,0,1,0,1,0,0
0,1,1,0,1,1,0,0,0,0,0,0,0,1,69.55,69.55,0.0,0,2,0,1,0,1,4.256321678298823,0,1,0,1,0,0,0,0,1,0
1,0,0,0,1,1,1,1,1,0,0,0,0,0,61.15,61.15,0.0,2,5,0,1,1,0,4.12955081795672,1,0,0,1,0,0,0,0,1,0
0,0,1,1,62,1,0,1,0,1,1,1,0,1,70.75,68.76532258064516,1.9846774193548384,4,6,1,0,0,0,8.358068494986478,1,0,0,0,1,0,1,0,0,0
1,0,0,1,52,1,1,0,0,0,0,0,0,0,25.6,25.66346153846154,-0.06346153846153868,0,2,1,0,0,0,7.197061032550016,0,0,1,0,0,1,0,1,0,0
0,1,0,0,2,0,0,0,0,0,0,0,0,0,24.35,20.925,3.4250000000000007,0,1,0,1,1,0,3.7577056450437887,1,0,0,1,0,0,0,0,1,0
1,0,0,0,31,1,0,0,1,0,1,0,0,1,78.45,78.55322580645162,-0.1032258064516185,2,4,0,0,1,0,7.798174203288721,0,1,0,1,0,0,0,0,1,0
1,1,1,0,59,0,0,1,0,1,1,1,1,1,64.05,65.87881355932203,-1.828813559322029,5,6,1,0,0,0,8.265611584589179,1,0,0,0,0,1,0,1,0,0
0,0,1,0,59,1,1,1,1,1,1,0,1,1,107.0,104.27627118644068,2.723728813559319,5,8,1,0,0,0,8.724743802255968,0,1,0,0,1,0,0,1,0,0
0,0,1,0,1,1,0,0,0,0,0,1,0,1,55.3,55.3,0.0,1,3,0,1,0,0,4.030694535145645,1,0,0,1,0,0,0,0,0,1
0,1,0,0,1,1,0,0,0,0,0,0,0,1,19.45,19.45,0.0,0,1,0,1,1,0,3.017982882488811,0,0,1,1,0,0,0,0,1,0
1,0,1,1,12,1,1,0,0,0,0,0,0,1,25.4,26.083333333333332,-0.6833333333333336,0,2,1,0,0,0,5.749392985908253,0,0,1,0,0,1,1,0,0,0
1,0,1,0,46,1,0,0,0,0,0,0,0,0,19.6,18.504347826086956,1.0956521739130451,0,1,0,0,0,0,6.747821241065812,0,0,1,1,0,0,0,0,1,0
0,1,0,0,11,1,1,0,0,0,0,0,1,1,84.8,82.44090909090909,2.3590909090909093,1,4,1,0,1,1,6.811079166716676,0,1,0,1,0,0,0,1,0,0
1,0,1,0,56,1,1,0,1,0,0,1,1,0,100.3,100.25803571428571,0.04196428571428612,3,6,1,0,0,1,8.633277006436819,0,1,0,0,1,0,0,1,0,0
0,1,1,1,28,0,0,0,0,0,0,1,0,1,35.9,34.77321428571428,1.1267857142857167,1,2,0,0,0,0,6.882078432192154,1,0,0,1,0,0,0,0,1,0
1,0,0,0,14,1,0,0,0,0,0,0,0,0,19.9,20.267857142857142,-0.36785714285714377,0,1,0,0,1,0,5.651611602327291,0,0,1,1,0,0,0,0,0,1
1,0,0,0,16,1,0,0,0,0,0,0,0,0,18.95,20.425,-1.4750000000000014,0,1,1,0,1,0,5.792403666309729,0,0,1,0,0,1,0,1,0,0
1,0,1,1,72,1,0,1,1,1,1,1,1,0,111.95,111.57083333333334,0.3791666666666629,6,8,1,0,0,0,8.991450261941589,0,1,0,0,0,1,1,0,0,0
0,1,0,0,6,1,0,0,0,1,0,0,0,0,74.4,72.35000000000001,2.049999999999997,1,3,0,1,1,1,6.075575889726634,0,1,0,1,0,0,0,0,1,0
1,0,1,1,57,1,1,0,0,0,0,0,0,1,74.3,70.49736842105263,3.80263157894737,0,3,0,0,0,1,8.298875476997292,0,1,0,1,0,0,0,0,1,0
1,0,0,0,17,1,1,1,1,1,1,1,0,1,106.65,98.35882352941177,8.29117647058824,5,8,1,0,1,0,7.422433472063617,0,1,0,1,0,0,1,0,0,0
0,0,1,1,70,1,1,1,0,0,0,0,1,0,65.2,64.90214285714285,0.29785714285715414,2,5,1,0,0,0,8.421595970419531,1,0,0,0,1,0,1,0,0,0
1,0,1,0,37,1,0,0,0,1,1,0,1,1,90.35,92.41351351351352,-2.063513513513527,3,5,0,0,0,0,8.137483545507784,0,1,0,1,0,0,0,0,1,0
1,0,1,0,57,1,0,1,0,0,1,0,0,0,55.7,55.642105263157895,0.05789473684210833,2,4,0,0,0,0,8.062306719974355,1,0,0,1,0,0,0,0,1,0
1,0,0,0,1,1,0,0,0,0,0,0,0,0,20.0,20.0,0.0,0,1,0,1,1,0,3.044522437723423,0,0,1,1,0,0,0,0,0,1
1,0,1,1,68,1,0,1,1,0,1,0,1,0,95.1,98.28529411764706,-3.185294117647061,4,6,1,0,0,0,8.807531732329227,0,1,0,0,0,1,1,0,0,0
0,0,0,1,11,1,0,0,0,0,0,0,0,0,19.7,19.654545454545453,0.045454545454546746,0,1,1,0,0,0,5.38081858805978,0,0,1,1,0,0,0,1,0,0
1,0,0,1,22,1,0,0,0,0,0,0,0,0,20.15,19.65909090909091,0.4909090909090885,0,1,1,0,0,0,6.071891796220597,0,0,1,1,0,0,0,1,0,0
1,1,1,0,1,0,0,0,1,0,0,1,0,0,40.2,40.2,0.0,2,3,0,1,0,0,3.7184382563554808,1,0,0,1,0,0,0,0,1,0
0,1,0,0,35,1,1,1,1,1,1,1,1,1,110.8,109.60857142857144,1.1914285714285597,6,9,1,0,1,0,8.252524273273457,0,1,0,0,1,0,1,0,0,0
0,0,1,1,33,1,1,0,0,0,0,0,0,0,24.25,25.40909090909091,-1.15909090909091,0,2,1,0,0,0,6.732806476517595,0,0,1,1,0,0,1,0,0,0
0,0,1,1,6,1,0,0,0,0,0,0,0,0,19.85,19.883333333333333,-0.03333333333333144,0,1,0,1,0,0,4.789988622980633,0,0,1,1,0,0,0,0,0,1
0,0,0,0,70,0,0,1,0,1,1,1,1,1,58.35,60.20357142857143,-1.8535714285714278,5,6,1,0,1,0,8.34646418065809,1,0,0,0,0,1,1,0,0,0
1,0,0,0,4,1,0,0,0,0,0,1,0,1,81.0,85.2125,-4.212500000000006,1,3,0,1,1,1,5.834372044359803,0,1,0,1,0,0,0,0,1,0
0,1,1,0,72,1,1,1,1,1,1,0,0,1,96.6,94.82638888888889,1.7736111111111086,4,7,1,0,0,0,8.828860309118479,0,1,0,0,0,1,1,0,0,0
0,0,1,1,12,1,0,0,0,0,0,0,0,0,20.3,18.708333333333332,1.5916666666666686,0,1,1,0,0,0,5.418320158942733,0,0,1,0,0,1,1,0,0,0
0,0,0,0,15,1,1,1,0,0,0,0,0,1,55.7,59.986666666666665,-4.286666666666662,1,4,0,0,1,0,6.803283257385426,1,0,0,1,0,0,0,0,0,1
1,1,0,0,15,1,1,0,1,0,0,0,0,1,80.2,81.15,-0.9500000000000028,1,4,0,0,1,1,7.1051706817236155,0,1,0,1,0,0,0,0,1,0
0,0,1,1,1,1,0,0,0,0,0,0,0,1,20.5,20.5,0.0,0,1,0,1,0,0,3.068052935133617,0,0,1,1,0,0,0,0,0,1
0,0,1,1,47,1,1,1,1,0,1,1,1,1,85.3,87.38829787234043,-2.0882978723404335,5,8,1,0,0,0,8.3207524260614,1,0,0,0,0,1,0,1,0,0
0,0,0,0,56,1,0,0,1,0,0,0,0,1,73.85,73.08660714285715,0.763392857142847,1,3,0,0,1,1,8.317241126566133,0,1,0,1,0,0,0,0,1,0
0,0,1,1,47,1,0,0,0,0,0,0,0,0,20.25,18.582978723404256,1.6670212765957437,0,1,1,0,0,0,6.773537936862329,0,0,1,0,0,1,0,1,0,0
0,0,1,0,68,1,1,0,0,0,0,0,0,1,24.95,23.748529411764707,1.201470588235292,0,2,1,0,0,0,7.387647355978202,0,0,1,0,0,1,0,1,0,0
0,0,1,1,65,1,1,1,0,1,0,1,1,1,104.3,103.46615384615384,0.833846153846153,4,7,1,0,0,0,8.813780494338536,0,1,0,0,0,1,0,1,0,0
1,0,1,1,66,1,1,0,0,0,0,0,0,1,25.3,25.33863636363636,-0.03863636363636047,0,2,1,0,0,0,7.422582884127426,0,0,1,0,0,1,0,1,0,0
0,0,1,1,17,1,1,0,0,1,1,0,0,1,61.95,62.98235294117647,-1.0323529411764696,2,5,0,0,0,0,6.977001451718952,1,0,0,0,1,0,0,0,0,1
1,0,1,0,72,1,1,1,1,1,0,0,1,1,99.15,103.08472222222223,-3.93472222222222,4,7,0,0,0,0,8.912352038668999,0,1,0,0,0,1,0,0,1,0
0,0,1,1,12,0,0,0,0,0,1,0,0,0,30.25,30.7375,-0.4875000000000007,1,2,1,0,0,0,5.913097518033877,1,0,0,0,1,0,0,1,0,0
0,0,1,1,17,1,1,0,0,1,0,1,0,0,88.25,85.92058823529412,2.329411764705881,2,5,0,0,0,1,7.287321213564613,0,1,0,1,0,0,0,0,1,0
0,0,0,1,41,1,0,0,0,0,0,0,0,0,45.2,44.924390243902444,0.275609756097559,0,2,1,0,0,0,7.519095696837992,1,0,0,1,0,0,1,0,0,0
0,0,0,0,11,1,0,0,0,0,0,0,0,0,20.05,21.60909090909091,-1.5590909090909086,0,1,1,0,1,0,5.4752075333447845,0,0,1,0,1,0,0,1,0,0
1,0,1,0,72,1,0,0,0,1,0,1,1,1,94.65,93.71319444444445,0.9368055555555515,3,5,0,0,0,1,8.817053309540718,0,1,0,1,0,0,0,0,1,0
0,0,1,1,58,1,1,0,0,0,0,0,0,1,24.5,25.82586206896552,-1.3258620689655203,0,2,1,0,0,0,7.31248678473655,0,0,1,0,1,0,0,1,0,0
1,0,1,1,68,1,1,0,1,1,1,0,1,1,75.8,77.85220588235293,-2.0522058823529363,4,7,1,0,0,0,8.57450881512029,1,0,0,0,1,0,1,0,0,0
1,0,1,0,61,1,1,1,0,1,1,0,1,0,75.35,77.52950819672131,-2.179508196721315,4,7,1,0,0,0,8.461743904421848,1,0,0,0,0,1,0,1,0,0
0,0,0,0,54,0,0,1,0,0,1,0,1,0,44.1,43.88333333333333,0.21666666666666856,3,4,1,0,1,0,7.770940549169187,1,0,0,0,1,0,1,0,0,0
1,0,1,1,7,1,0,0,0,0,0,0,0,1,69.95,75.64285714285714,-5.692857142857136,0,2,1,0,0,1,6.2738199580540375,0,1,0,1,0,0,1,0,0,0
0,0,0,0,72,1,0,0,0,0,0,0,0,1,21.15,19.71388888888889,1.43611111111111,0,1,1,0,1,0,7.258693801068933,0,0,1,0,0,1,1,0,0,0
1,0,1,1,70,1,1,1,1,0,0,1,0,1,97.55,95.27214285714285,2.277857142857144,3,6,1,0,0,0,8.805382635133446,0,1,0,1,0,0,0,1,0,0
0,0,0,0,5,1,0,0,0,0,0,0,0,0,20.55,19.22,1.3300000000000018,0,1,1,1,1,0,4.575741375297279,0,0,1,1,0,0,0,1,0,0
0,0,1,0,14,1,1,1,0,0,0,1,0,1,64.7,67.21428571428571,-2.5142857142857054,2,5,1,0,0,0,6.848005274576363,1,0,0,1,0,0,1,0,0,0
0,0,1,1,5,0,0,0,1,0,1,0,0,0,34.25,32.71,1.5399999999999991,2,3,0,1,0,0,5.103214475389349,1,0,0,1,0,0,0,0,1,0
0,0,0,0,1,1,1,0,0,0,0,0,0,1,75.05,75.05,0.0,0,3,0,1,1,1,4.331391018705302,0,1,0,1,0,0,0,0,0,1
0,0,1,1,47,1,0,0,0,0,0,0,0,1,21.3,22.16595744680851,-0.8659574468085083,0,1,1,0,0,0,6.949664682059346,0,0,1,0,0,1,1,0,0,0
1,0,1,0,3,1,0,0,0,0,0,0,0,1,20.55,17.05,3.5,0,1,1,1,0,0,3.9541241814467813,0,0,1,1,0,0,0,1,0,0
1,0,0,0,17,1,0,0,0,0,0,0,0,1,70.8,71.0,-0.20000000000000284,0,2,0,0,1,1,7.0967213784947605,0,1,0,1,0,0,0,0,1,0
1,0,1,0,10,1,0,0,0,0,0,0,0,1,70.1,65.965,4.134999999999991,0,2,0,0,0,1,6.493224198860226,0,1,0,1,0,0,0,0,1,0
1,1,1,0,44,0,0,0,1,0,0,0,0,1,30.35,30.902272727272727,-0.5522727272727259,1,2,0,0,0,0,7.215754552196813,1,0,0,1,0,0,0,0,1,0
1,0,0,0,18,1,0,0,0,1,1,0,0,0,55.2,58.78333333333333,-3.5833333333333286,2,4,1,0,1,0,6.965174769849623,1,0,0,1,0,0,0,1,0,0
1,0,1,0,47,1,1,0,0,0,0,0,0,0,25.4,24.238297872340425,1.1617021276595736,0,2,0,0,0,0,7.038958964597482,0,0,1,1,0,0,0,0,1,0
0,0,1,1,64,1,1,1,1,1,1,1,1,1,90.6,90.89765625,-0.29765625000000284,6,9,0,0,0,0,8.668789182231155,1,0,0,0,0,1,0,0,0,1
0,0,1,1,54,1,1,0,0,0,0,0,0,1,24.75,24.85462962962963,-0.10462962962963118,0,2,1,0,0,0,7.202772880532065,0,0,1,0,1,0,1,0,0,0
1,0,1,1,43,1,0,0,0,0,0,0,0,1,19.2,18.052325581395348,1.1476744186046517,0,1,0,0,0,0,6.655762048938863,0,0,1,0,1,0,0,0,0,1
0,0,0,0,14,1,0,0,0,0,0,1,1,1,89.8,80.64999999999999,9.150000000000006,2,4,0,0,1,1,7.030061403366105,0,1,0,1,0,0,0,0,0,1
0,0,1,1,66,1,1,1,1,1,0,1,1,0,109.25,107.31060606060606,1.9393939393939377,5,8,1,0,0,0,8.865523414819405,0,1,0,0,0,1,1,0,0,0
1,0,1,0,15,1,0,0,0,0,0,0,0,0,18.8,19.663333333333334,-0.8633333333333333,0,1,0,0,0,0,5.690190521136734,0,0,1,0,1,0,0,0,0,1
0,0,1,1,33,1,0,1,1,1,0,0,0,1,58.45,59.25454545454546,-0.8045454545454547,3,5,0,0,0,0,7.5788613286652025,1,0,0,0,1,0,0,0,0,1
1,0,1,1,40,1,0,0,0,0,0,0,0,1,20.4,18.6325,1.7674999999999983,0,1,1,0,0,0,6.615127664137342,0,0,1,1,0,0,1,0,0,0
0,0,0,0,30,1,1,1,0,0,1,1,1,0,106.4,107.06333333333333,-0.6633333333333269,4,7,1,0,1,0,8.074929235070975,0,1,0,1,0,0,1,0,0,0
0,0,0,0,45,1,0,1,1,0,1,0,0,1,62.55,62.14333333333333,0.4066666666666663,3,5,1,0,1,0,7.936463566925371,1,0,0,0,1,0,0,1,0,0
1,1,0,0,2,1,0,0,0,1,0,0,0,0,49.95,53.55,-3.5999999999999943,1,3,0,1,1,0,4.683056724645162,1,0,0,1,0,0,0,0,0,1
0,1,0,0,6,1,1,0,1,0,0,1,1,1,98.25,93.43333333333334,4.816666666666663,3,6,0,1,1,1,6.330789852711601,0,1,0,1,0,0,0,0,1,0
0,1,1,0,29,1,1,0,0,1,0,1,1,1,99.05,101.82241379310345,-2.7724137931034534,3,6,1,0,0,1,7.990864683196767,0,1,0,1,0,0,1,0,0,0
1,0,1,1,10,1,1,0,0,0,0,0,0,1,24.4,25.39,-0.990000000000002,0,2,0,0,0,0,5.54087131138207,0,0,1,1,0,0,0,0,0,1
0,0,0,0,15,1,0,1,0,1,1,1,1,0,105.1,105.51666666666667,-0.4166666666666714,5,7,0,0,1,0,7.367550731635349,0,1,0,1,0,0,0,0,1,0
0,0,0,0,62,1,1,1,1,1,1,1,1,1,115.05,115.05564516129031,-0.005645161290317446,6,9,1,0,1,0,8.872690442146478,0,1,0,0,1,0,0,1,0,0
0,0,0,0,1,1,0,0,0,0,0,1,0,1,80.25,80.25,0.0,1,3,0,1,1,1,4.3975308212098465,0,1,0,1,0,0,0,0,1,0
1,1,0,0,34,1,0,0,1,1,0,1,1,1,99.85,98.32794117647059,1.522058823529406,4,6,0,0,1,1,8.114967829657902,0,1,0,0,1,0,0,0,1,0
0,0,0,0,25,1,0,0,0,0,0,0,0,0,19.9,21.1,-1.2000000000000028,0,1,1,0,1,0,6.270042805310292,0,0,1,0,1,0,0,1,0,0
1,0,1,1,72,1,1,1,1,1,1,1,1,1,112.6,112.87013888888889,-0.27013888888889426,6,9,1,0,0,0,9.003027107867489,0,1,0,0,0,1,0,1,0,0
0,0,0,0,1,1,1,0,0,0,0,0,0,1,50.1,50.1,0.0,0,3,0,1,1,0,3.933784497209659,1,0,0,1,0,0,0,0,1,0
0,0,0,0,3,1,1,0,0,0,0,0,0,1,74.95,70.8,4.150000000000006,0,3,0,1,1,1,5.363168338867653,0,1,0,1,0,0,0,0,1,0
0,1,1,0,54,1,1,1,1,1,1,1,1,1,115.6,119.09351851851852,-3.4935185185185276,6,9,1,0,0,0,8.769048584460428,0,1,0,0,1,0,1,0,0,0
0,0,0,0,13,1,0,1,0,0,1,0,0,0,55.15,57.146153846153844,-1.9961538461538453,2,4,0,0,1,0,6.611906617197295,1,0,0,0,1,0,0,0,0,1
1,0,0,0,51,1,1,0,1,0,0,0,0,0,81.0,80.11274509803921,0.8872549019607874,1,4,1,0,1,1,8.315505312131318,0,1,0,1,0,0,1,0,0,0
0,0,1,0,46,1,0,1,1,0,1,0,1,0,70.6,70.24021739130436,0.35978260869563883,4,6,0,0,0,0,8.080871889818352,1,0,0,0,1,0,0,0,0,1
0,0,1,0,41,1,1,1,1,1,1,1,1,1,113.6,112.07195121951219,1.5280487804878078,6,9,1,0,0,0,8.43293075988423,0,1,0,1,0,0,1,0,0,0
0,0,0,0,1,1,0,0,0,0,0,0,0,0,70.75,70.75,0.0,0,2,0,1,1,1,4.273187854639731,0,1,0,1,0,0,0,0,0,1
1,1,0,0,30,1,0,1,1,0,0,1,1,1,74.75,70.37666666666668,4.373333333333321,4,6,0,0,1,0,7.655532680193197,1,0,0,1,0,0,0,0,1,0
0,0,1,0,25,1,1,0,0,1,1,1,1,1,104.95,102.66,2.2900000000000063,4,7,1,0,0,0,7.850687941802713,0,1,0,1,0,0,1,0,0,0
0,0,1,1,52,1,0,0,0,0,0,0,0,1,20.4,20.974038461538463,-0.5740384615384642,0,1,0,0,0,0,6.995445592109125,0,0,1,0,1,0,0,0,1,0
0,0,0,0,53,1,0,0,0,0,0,0,0,0,19.85,19.80377358490566,0.04622641509434189,0,1,1,0,1,0,6.957116708519861,0,0,1,0,0,1,0,1,0,0
1,0,1,1,4,1,0,0,0,0,0,0,0,0,45.25,38.8375,6.412500000000001,0,2,0,1,0,0,5.05209708390385,1,0,0,1,0,0,0,0,0,1
0,0,0,0,1,1,0,1,0,0,0,0,0,0,49.55,49.55,0.0,1,3,1,1,1,0,3.9229629454664803,1,0,0,1,0,0,1,0,0,0
1,0,1,1,70,1,1,1,1,1,1,0,1,0,78.35,77.79928571428572,0.5507142857142782,5,8,1,0,0,0,8.602811097976756,1,0,0,0,1,0,1,0,0,0
0,0,0,0,1,1,1,0,0,0,0,0,1,1,85.45,85.45,0.0,1,4,0,1,1,1,4.4595662121293,0,1,0,1,0,0,0,0,0,1
1,1,1,0,70,1,0,1,1,1,0,1,1,0,105.35,107.31285714285714,-1.9628571428571462,5,7,1,0,0,0,8.924376822018367,0,1,0,0,0,1,0,1,0,0
0,0,1,0,25,1,0,0,0,0,0,0,0,1,20.2,20.316,-0.11599999999999966,0,1,1,0,0,0,6.232251533594787,0,0,1,0,1,0,1,0,0,0
1,0,1,0,67,0,0,1,1,0,1,0,1,1,50.95,52.56268656716418,-1.6126865671641752,4,5,1,0,0,0,8.16698302001767,1,0,0,0,0,1,1,0,0,0
1,0,1,0,8,1,0,0,0,0,0,0,0,1,19.55,20.14375,-0.59375,0,1,1,0,0,0,5.088521832753327,0,0,1,1,0,0,1,0,0,0
1,0,0,0,29,1,0,0,1,0,1,1,0,0,89.65,90.47068965517242,-0.8206896551724157,3,5,0,0,1,0,7.8727028328027115,0,1,0,1,0,0,0,0,0,1
0,0,0,0,51,1,0,0,0,0,0,0,0,0,20.65,20.014705882352942,0.6352941176470566,0,1,1,0,1,0,6.929272122444386,0,0,1,0,0,1,1,0,0,0
1,0,1,0,34,1,0,0,0,0,0,0,0,0,20.05,19.970588235294116,0.07941176470588474,0,1,1,0,0,0,6.522092798170152,0,0,1,0,0,1,0,1,0,0
0,0,1,1,69,1,1,0,1,0,1,0,1,1,93.3,92.72536231884058,0.574637681159416,3,6,1,0,0,0,8.763904820829827,0,1,0,0,0,1,1,0,0,0
0,0,1,0,63,1,1,0,1,1,0,1,1,1,107.5,109.10714285714286,-1.6071428571428612,4,7,0,0,0,1,8.835610558237235,0,1,0,0,1,0,0,0,1,0
0,0,1,1,72,1,1,1,1,1,1,1,1,1,115.8,117.72916666666667,-1.9291666666666742,6,9,1,0,0,0,9.045170873999794,0,1,0,0,0,1,1,0,0,0
1,0,1,1,17,1,1,1,0,0,1,0,0,1,62.1,64.50882352941177,-2.4088235294117695,2,5,0,0,0,0,7.000926809869932,1,0,0,0,1,0,0,0,0,1
1,0,1,1,70,1,0,1,1,1,0,1,1,1,80.15,80.00214285714286,0.14785714285714846,5,7,1,0,0,0,8.630727212783206,1,0,0,0,0,1,0,1,0,0
0,0,0,0,9,1,0,0,0,0,0,0,0,0,19.05,17.516666666666666,1.533333333333335,0,1,0,0,1,0,5.066700518029204,0,0,1,1,0,0,0,0,0,1
1,0,0,1,17,1,0,1,0,0,0,0,0,1,50.3,49.811764705882354,0.48823529411764355,1,3,0,0,0,0,6.742644758918536,1,0,0,1,0,0,0,0,0,1
0,1,1,0,31,1,1,0,0,0,0,0,1,1,84.85,84.9483870967742,-0.09838709677420354,1,4,0,0,0,1,7.876410731062155,0,1,0,1,0,0,0,0,1,0
1,0,0,0,20,1,0,0,0,0,0,0,0,0,19.4,20.77,-1.370000000000001,0,1,0,0,1,0,6.031646336740814,0,0,1,1,0,0,0,0,0,1
0,1,1,0,25,1,1,1,0,0,1,1,0,1,69.5,70.10600000000001,-0.6060000000000088,3,6,1,0,0,0,7.4694546091209375,1,0,0,1,0,0,0,1,0,0
1,0,0,1,66,1,0,0,0,0,0,0,0,0,19.95,19.228787878787877,0.7212121212121225,0,1,1,0,0,0,7.146850916510274,0,0,1,0,0,1,0,1,0,0
1,0,0,0,51,1,1,0,0,1,0,0,0,0,80.0,83.18333333333334,-3.183333333333337,1,4,1,0,1,1,8.353108330605401,0,1,0,1,0,0,0,1,0,0
0,0,0,0,62,1,0,1,0,0,1,0,1,1,65.1,62.04435483870968,3.0556451612903146,3,5,0,0,1,0,8.255243840860063,1,0,0,0,0,1,0,0,0,1
0,0,0,0,15,1,0,1,1,1,1,1,1,0,84.45,85.85666666666665,-1.406666666666652,6,8,0,0,1,0,7.161505626889247,1,0,0,1,0,0,0,0,0,1
1,0,0,0,17,1,0,0,0,0,0,0,0,0,19.15,20.20294117647059,-1.0529411764705898,0,1,0,0,1,0,5.841948942039205,0,0,1,0,0,1,0,0,0,1
1,0,0,0,7,1,1,0,0,0,0,0,0,1,25.05,21.849999999999998,3.200000000000003,0,2,1,0,1,0,5.0366278743705095,0,0,1,1,0,0,1,0,0,0
1,0,0,0,1,1,0,0,0,0,0,0,0,0,20.2,20.2,0.0,0,1,0,1,1,0,3.054001181677967,0,0,1,1,0,0,0,0,0,1
0,0,0,0,16,1,0,0,0,0,0,0,0,0,20.1,18.509375,1.5906250000000028,0,1,0,0,1,0,5.69423706181267,0,0,1,0,1,0,0,0,0,1
0,0,1,1,35,1,0,1,0,1,1,1,1,1,106.9,107.32714285714285,-0.42714285714284017,5,7,0,0,0,0,8.2314958148187,0,1,0,1,0,0,0,0,1,0
1,0,0,0,44,1,1,0,1,1,1,1,1,1,85.25,84.18522727272727,1.0647727272727252,5,8,1,0,1,0,8.217479022740617,1,0,0,0,1,0,1,0,0,0
0,0,0,0,59,1,1,0,0,0,0,0,0,0,24.45,25.306779661016947,-0.8567796610169474,0,2,0,0,1,0,7.309279297857039,0,0,1,0,0,1,0,0,1,0
1,0,0,1,66,1,1,1,1,0,1,0,0,0,65.7,66.3469696969697,-0.6469696969696912,3,6,1,0,0,0,8.38478117205963,1,0,0,0,0,1,1,0,0,0
0,0,0,0,4,1,0,0,0,0,0,0,1,1,79.15,79.3125,-0.16249999999999432,1,3,0,1,1,1,5.762837237437516,0,1,0,1,0,0,0,0,1,0
1,0,1,0,43,1,1,1,1,0,1,0,0,0,66.25,67.61279069767441,-1.3627906976744129,3,6,1,0,0,0,7.975341189045124,1,0,0,1,0,0,1,0,0,0
0,0,1,0,58,1,1,0,1,1,0,0,1,1,94.3,96.72672413793103,-2.426724137931032,3,6,0,0,0,1,8.632510968596284,0,1,0,0,1,0,0,0,1,0
0,1,0,0,59,1,1,0,1,0,0,0,0,1,79.2,77.80254237288136,1.3974576271186407,1,4,1,0,1,1,8.431929377457534,0,1,0,0,0,1,0,1,0,0
1,0,1,0,56,1,0,0,0,0,0,1,1,0,89.7,88.44553571428571,1.2544642857142918,2,4,0,0,0,1,8.507940517144112,0,1,0,1,0,0,0,0,0,1
0,0,1,0,16,1,0,0,1,0,0,1,1,1,94.65,91.321875,3.328125,3,5,1,0,0,1,7.287663234225994,0,1,0,1,0,0,1,0,0,0
0,0,0,1,23,1,0,0,0,0,1,0,0,1,49.45,48.667391304347824,0.7826086956521792,1,3,0,0,0,0,7.021396415471186,1,0,0,0,1,0,0,0,1,0
0,1,0,0,16,1,1,1,0,0,0,0,0,1,54.1,55.5625,-1.4624999999999986,1,4,0,0,1,0,6.7912214627261855,1,0,0,1,0,0,0,0,1,0
0,0,1,1,51,1,0,1,1,0,0,0,0,1,79.15,78.79509803921569,0.3549019607843178,2,4,1,0,0,0,8.298925235048776,0,1,0,1,0,0,1,0,0,0
0,1,0,0,8,1,1,0,0,0,0,0,1,0,85.2,86.96875,-1.7687499999999972,1,4,0,0,1,1,6.546426666362057,0,1,0,1,0,0,0,0,1,0
1,0,1,0,56,1,1,0,0,0,0,0,0,1,25.15,23.699107142857144,1.450892857142854,0,2,1,0,0,0,7.191542275465033,0,0,1,0,0,1,0,1,0,0
0,0,1,0,33,1,0,0,0,0,0,0,0,0,20.05,20.28636363636364,-0.2363636363636381,0,1,0,0,0,0,6.5079491287256515,0,0,1,1,0,0,0,0,0,1
1,0,1,1,1,1,0,0,0,0,0,0,0,0,19.7,19.7,0.0,0,1,0,1,0,0,3.0301337002713233,0,0,1,1,0,0,0,0,0,1
1,0,0,1,5,1,0,0,0,0,0,0,0,0,20.2,16.75,3.4499999999999993,0,1,0,1,0,0,4.43970574626056,0,0,1,1,0,0,0,0,0,1
0,0,1,0,18,1,0,1,0,0,0,0,0,0,74.8,79.89166666666667,-5.091666666666669,1,3,0,0,0,0,7.27173845263536,0,1,0,1,0,0,0,0,1,0
1,0,0,1,4,1,0,1,0,0,0,0,0,1,49.4,46.1,3.299999999999997,1,3,0,1,0,0,5.2225156531317545,1,0,0,1,0,0,0,0,1,0
0,0,0,0,41,1,1,1,0,1,1,0,1,1,74.65,75.38170731707318,-0.7317073170731732,4,7,1,0,1,0,8.036460207957417,1,0,0,1,0,0,1,0,0,0
0,0,1,0,71,1,1,0,1,1,1,1,1,0,109.25,108.55915492957746,0.6908450704225402,5,8,0,0,0,0,8.950104840148782,0,1,0,0,0,1,0,0,1,0
0,0,0,0,6,1,0,0,0,0,0,0,1,1,55.0,56.73333333333333,-1.7333333333333272,1,3,0,1,1,0,5.83305481036034,1,0,0,1,0,0,0,0,1,0
1,0,0,0,1,1,0,0,1,0,0,0,0,1,50.15,50.15,0.0,1,3,0,1,1,0,3.9347624923976356,1,0,0,1,0,0,0,0,0,1
1,0,1,1,59,1,1,0,0,1,0,1,1,1,99.5,99.35169491525424,0.14830508474575765,3,6,1,0,0,1,8.67637405576855,0,1,0,0,0,1,0,1,0,0
1,0,0,0,41,1,1,0,1,1,0,1,1,1,104.7,106.00975609756097,-1.309756097560964,4,7,0,0,1,1,8.377333244238764,0,1,0,1,0,0,0,0,1,0
0,1,1,1,31,1,0,0,0,1,1,1,1,1,98.9,93.91290322580646,4.987096774193546,4,6,0,0,0,0,7.976698425988199,0,1,0,1,0,0,0,0,1,0
0,0,0,0,14,1,0,0,0,0,1,1,1,1,69.65,65.81428571428572,3.835714285714289,3,5,0,0,1,0,6.826978968954849,1,0,0,1,0,0,0,0,1,0
1,0,0,0,72,0,0,1,1,1,1,1,1,1,65.55,66.77013888888888,-1.2201388888888829,6,7,1,0,1,0,8.47813006584538,1,0,0,0,0,1,1,0,0,0
1,0,1,1,5,1,1,0,0,0,0,0,0,1,25.9,27.0,-1.1000000000000014,0,2,1,1,0,0,4.912654885736052,0,0,1,1,0,0,1,0,0,0
0,0,1,1,72,1,1,1,1,0,1,0,0,1,90.35,91.15833333333333,-0.8083333333333371,3,6,1,0,0,0,8.789416388805472,0,1,0,0,0,1,1,0,0,0
1,0,0,0,22,0,0,0,1,1,0,0,1,1,43.75,41.07272727272727,2.6772727272727295,3,4,1,0,1,0,6.8074928570437425,1,0,0,0,1,0,1,0,0,0
0,0,0,0,15,1,0,0,0,1,0,1,1,1,94.0,100.36333333333333,-6.36333333333333,3,5,1,0,1,1,7.317511168507457,0,1,0,1,0,0,0,1,0,0
0,0,1,1,11,1,1,0,0,0,1,0,1,1,66.35,67.34545454545454,-0.9954545454545496,2,5,0,0,0,0,6.60907966505549,1,0,0,1,0,0,0,0,1,0
0,0,1,1,72,1,1,1,1,1,1,1,1,1,118.75,120.45069444444445,-1.7006944444444514,6,9,1,0,0,0,9.068021914499312,0,1,0,0,0,1,1,0,0,0
1,0,0,0,1,1,0,0,0,0,0,0,0,0,20.3,20.3,0.0,0,1,0,1,1,0,3.0587070727153796,0,0,1,1,0,0,0,0,0,1
0,0,1,1,30,1,1,0,0,1,0,1,1,1,100.05,101.53833333333334,-1.488333333333344,3,6,0,0,0,1,8.021962006523603,0,1,0,1,0,0,0,0,1,0
0,0,0,0,2,1,0,0,0,0,0,1,0,1,79.75,82.25,-2.5,1,3,0,1,1,1,5.1089711948171175,0,1,0,1,0,0,0,0,1,0
0,0,0,0,1,1,0,0,0,0,0,0,0,0,20.4,20.4,0.0,0,1,0,1,1,0,3.0633909220278057,0,0,1,1,0,0,0,0,0,1
0,0,0,0,1,0,0,0,0,0,0,0,0,0,25.2,25.2,0.0,0,1,0,1,1,0,3.265759410767051,1,0,0,1,0,0,0,0,0,1
0,1,1,0,39,1,0,1,1,0,0,1,1,0,99.1,99.43461538461538,-0.33461538461538964,4,6,0,0,0,0,8.26331977743681,0,1,0,0,1,0,0,0,0,1
1,0,1,1,40,1,1,0,0,1,0,1,1,1,74.55,75.39375,-0.84375,3,6,0,0,0,0,8.01193537195371,1,0,0,1,0,0,0,0,1,0
1,0,1,1,51,1,0,0,0,0,0,0,0,0,19.55,21.308823529411764,-1.7588235294117638,0,1,1,0,0,0,6.991866621600789,0,0,1,0,0,1,0,1,0,0
0,0,1,1,50,1,0,0,0,0,0,0,0,0,20.15,18.618,1.532,0,1,1,0,0,0,6.83722551279161,0,0,1,0,0,1,1,0,0,0
1,0,0,0,72,1,0,0,0,0,0,0,0,1,20.8,21.12777777777778,-0.3277777777777793,0,1,0,0,1,0,7.327911935833291,0,0,1,0,0,1,0,0,0,1
1,0,1,0,61,1,1,0,0,0,0,1,1,1,96.5,93.01147540983607,3.4885245901639337,2,5,1,0,0,1,8.643772977516159,0,1,0,0,1,0,1,0,0,0
1,1,1,0,27,1,1,1,0,1,0,0,0,1,85.9,82.22592592592592,3.6740740740740847,2,5,0,0,0,0,7.705757847644463,0,1,0,0,1,0,0,0,1,0
0,0,0,0,35,1,0,0,0,1,0,0,1,1,62.1,59.888571428571424,2.211428571428577,2,4,0,0,1,0,7.648310716937074,1,0,0,1,0,0,0,0,1,0
1,0,1,0,13,1,1,0,0,1,0,1,1,1,102.25,104.53846153846153,-2.288461538461533,3,6,1,0,0,1,7.215239978730097,0,1,0,1,0,0,0,1,0,0
1,0,0,0,25,1,0,0,0,0,0,0,0,0,70.95,70.694,0.2560000000000002,0,2,0,0,1,1,7.477802187406246,0,1,0,1,0,0,0,0,0,1
0,1,0,0,18,1,0,0,0,1,0,0,1,1,84.95,80.20277777777778,4.74722222222222,2,4,0,0,1,1,7.275622356674983,0,1,0,1,0,0,0,0,1,0
0,1,1,1,12,0,0,0,0,0,1,0,0,1,29.3,29.65833333333333,-0.35833333333333073,1,2,0,0,0,0,5.877455630496114,1,0,0,1,0,0,0,0,0,1
0,0,0,0,5,1,1,0,0,1,1,0,0,1,82.75,83.55,-0.7999999999999972,2,5,0,1,1,0,6.037274083139276,0,1,0,1,0,0,0,0,1,0
1,0,0,0,1,1,0,0,0,0,1,0,0,0,49.05,49.05,0.0,1,3,0,1,1,0,3.9130225057612296,1,0,0,1,0,0,0,0,0,1
1,0,0,0,50,1,1,0,0,0,0,0,0,0,24.9,23.905,0.9949999999999974,0,2,1,0,1,0,7.086946942767164,0,0,1,0,0,1,1,0,0,0
1,1,0,0,1,1,0,0,0,0,0,0,0,0,46.3,46.3,0.0,0,2,0,1,1,0,3.856510295497887,1,0,0,1,0,0,0,0,1,0
0,0,1,1,65,1,1,1,1,0,1,1,0,1,99.05,98.71846153846154,0.33153846153845734,4,7,1,0,0,0,8.766815077043479,0,1,0,0,0,1,0,1,0,0
0,0,0,0,7,1,1,0,0,0,0,0,0,1,73.85,73.03571428571429,0.8142857142857025,0,3,0,0,1,1,6.238812787119009,0,1,0,1,0,0,0,0,1,0
1,0,0,0,26,1,0,0,0,0,1,1,0,0,59.45,57.96153846153846,1.488461538461543,2,4,1,0,1,0,7.318539548567902,1,0,0,0,1,0,0,1,0,0
0,0,1,0,42,1,1,0,0,0,0,0,0,0,25.25,26.385714285714286,-1.1357142857142861,0,2,0,0,0,0,7.011394313741623,0,0,1,0,0,1,0,0,1,0
1,0,1,0,32,1,1,0,1,0,0,1,1,1,98.85,98.309375,0.5406249999999915,3,6,1,0,0,1,8.054173120264645,0,1,0,1,0,0,0,1,0,0
0,1,0,0,16,1,1,0,0,0,0,1,0,1,84.75,84.384375,0.3656249999999943,1,4,0,0,1,1,7.208711360664456,0,1,0,1,0,0,0,0,1,0
1,0,0,0,39,1,1,1,1,0,0,1,1,1,106.4,103.60641025641026,2.7935897435897488,4,7,0,0,1,0,8.304408303417732,0,1,0,1,0,0,0,0,1,0
1,0,0,0,68,1,1,1,1,1,0,0,1,1,102.1,105.1375,-3.0375000000000085,4,7,1,0,1,0,8.87491658553894,0,1,0,0,0,1,1,0,0,0
0,0,0,0,8,1,0,0,1,0,1,1,0,1,65.45,69.30625,-3.856250000000003,3,5,0,0,1,0,6.3197785960277315,1,0,0,1,0,0,0,0,1,0
1,0,0,0,40,1,1,0,1,1,0,1,1,1,104.5,100.92125,3.5787499999999994,4,7,1,0,1,1,8.303467651080286,0,1,0,1,0,0,0,1,0,0
1,0,1,1,9,1,0,0,1,0,1,1,1,1,101.5,100.76111111111112,0.73888888888888,4,6,0,0,0,0,6.811079166716676,0,1,0,1,0,0,0,0,1,0
1,0,1,1,15,1,0,0,0,0,0,0,0,1,19.5,15.983333333333333,3.5166666666666675,0,1,0,0,0,0,5.483759050678235,0,0,1,0,1,0,0,0,0,1
1,0,0,1,35,1,0,0,0,1,0,1,0,1,85.15,86.58857142857143,-1.4385714285714215,2,4,0,0,0,1,8.016845811937873,0,1,0,0,1,0,0,0,1,0
1,0,0,0,1,1,0,0,0,0,0,0,0,0,20.55,20.55,0.0,0,1,1,1,1,0,3.070375816549757,0,0,1,1,0,0,0,1,0,0
0,0,0,1,4,1,0,0,0,0,0,0,0,1,20.05,21.375,-1.3249999999999993,0,1,1,1,0,0,4.460144413937834,0,0,1,1,0,0,1,0,0,0
0,1,0,0,5,0,0,0,1,0,0,0,0,0,28.45,26.21,2.2399999999999984,1,2,0,1,1,0,4.883180638743141,1,0,0,1,0,0,0,0,1,0
1,0,0,0,15,1,1,0,0,0,0,0,0,1,26.35,25.240000000000002,1.1099999999999994,0,2,0,0,1,0,5.939118066735773,0,0,1,1,0,0,0,0,1,0
1,0,0,0,66,1,1,1,1,1,1,1,1,1,114.3,111.87424242424242,2.4257575757575722,6,9,1,0,1,0,8.907165571256124,0,1,0,0,1,0,1,0,0,0
1,0,0,0,60,1,1,0,1,0,0,1,0,1,89.9,90.845,-0.9449999999999932,2,5,1,0,1,1,8.603682765623805,0,1,0,1,0,0,1,0,0,0
1,0,0,1,49,1,1,1,1,1,0,1,1,1,109.2,107.96836734693878,1.2316326530612258,5,8,1,0,0,0,8.573847589372628,0,1,0,0,1,0,0,1,0,0
1,1,1,0,43,1,1,0,1,0,0,1,1,1,101.0,102.05581395348837,-1.055813953488368,3,6,0,0,0,1,8.386947822468757,0,1,0,1,0,0,0,0,1,0
0,0,1,1,32,1,1,1,0,0,0,1,0,0,89.6,90.68125,-1.0812500000000114,2,5,0,0,0,0,7.973431067403982,0,1,0,1,0,0,0,0,1,0
1,0,1,1,30,1,0,0,1,1,0,0,0,0,82.05,85.67333333333333,-3.623333333333335,2,4,1,0,0,1,7.852127994983248,0,1,0,1,0,0,1,0,0,0
0,0,0,0,6,1,0,0,0,0,0,1,1,1,89.5,95.55,-6.049999999999997,2,4,0,1,1,1,6.3531519078702505,0,1,0,1,0,0,0,0,1,0
0,0,0,0,36,1,1,0,1,0,0,1,1,1,99.15,100.43333333333334,-1.2833333333333314,3,6,0,0,1,1,8.19328963695088,0,1,0,1,0,0,0,0,1,0
1,0,1,0,24,1,0,1,0,0,1,0,1,1,89.25,92.09166666666665,-2.8416666666666544,3,5,0,0,0,0,7.70129063357335,0,1,0,1,0,0,0,0,1,0
1,1,1,0,28,1,1,0,1,0,1,1,1,1,105.8,107.07142857142857,-1.2714285714285722,4,7,0,0,0,0,8.00603417874901,0,1,0,1,0,0,0,0,1,0
1,0,0,0,70,0,0,1,0,1,1,0,1,0,48.4,49.182857142857145,-0.7828571428571465,4,5,1,0,1,0,8.144330791852086,1,0,0,0,0,1,1,0,0,0
0,0,1,0,26,1,0,0,1,0,1,1,1,1,73.05,75.36538461538461,-2.315384615384616,4,6,0,0,0,0,7.580954821732386,1,0,0,1,0,0,0,0,1,0
0,0,0,0,5,1,0,0,0,0,0,1,0,1,81.0,77.92,3.0799999999999983,1,3,1,1,1,1,5.967684018442578,0,1,0,1,0,0,0,1,0,0
1,0,0,0,59,1,0,0,0,0,0,0,0,1,20.2,20.208474576271186,-0.008474576271186862,0,1,1,0,1,0,7.08447785737561,0,0,1,0,0,1,1,0,0,0
1,0,1,0,33,1,0,1,1,0,1,0,0,1,61.05,61.163636363636364,-0.11363636363636687,3,5,0,0,0,0,7.610555716570221,1,0,0,0,0,1,0,0,0,1
0,0,0,0,2,1,0,0,0,0,0,0,0,1,45.85,52.8,-6.949999999999996,0,2,0,1,1,0,4.669083511731744,1,0,0,1,0,0,0,0,0,1
0,0,0,0,38,1,1,1,1,1,0,0,0,1,66.15,66.37894736842105,-0.22894736842104635,3,6,1,0,1,0,7.833362477493641,1,0,0,1,0,0,1,0,0,0
1,0,1,1,51,1,1,0,1,0,1,0,0,0,84.2,84.30882352941177,-0.10882352941176521,2,5,1,0,0,0,8.366544705077148,0,1,0,0,1,0,1,0,0,0
0,0,0,0,1,1,0,0,0,0,0,0,0,1,70.25,70.25,0.0,0,2,0,1,1,1,4.26619481914876,0,1,0,1,0,0,0,0,1,0
1,0,1,1,5,1,1,0,1,0,0,0,0,1,80.15,77.0,3.1500000000000057,1,4,0,1,0,1,5.955837369464831,0,1,0,1,0,0,0,0,1,0
0,0,0,0,7,1,0,0,0,0,1,1,1,1,70.75,64.4,6.349999999999994,3,5,1,0,1,0,6.113239604033903,1,0,0,1,0,0,0,1,0,0
0,0,0,0,11,1,0,0,1,1,1,0,1,1,94.2,90.89999999999999,3.3000000000000114,4,6,0,0,1,0,6.908654874224973,0,1,0,1,0,0,0,0,1,0
0,0,0,0,1,1,0,0,0,0,0,0,0,1,20.2,20.2,0.0,0,1,1,1,1,0,3.054001181677967,0,0,1,1,0,0,1,0,0,0
0,0,0,0,72,1,1,1,1,1,1,1,1,1,116.45,111.29930555555556,5.15069444444444,6,9,1,0,1,0,8.989013918738845,0,1,0,0,0,1,1,0,0,0
1,0,0,0,44,1,0,0,0,0,0,0,0,0,20.4,20.580681818181816,-0.18068181818181728,0,1,1,0,1,0,6.809646185871817,0,0,1,0,0,1,0,1,0,0
1,0,0,0,3,1,0,0,1,0,0,0,0,0,74.45,73.7,0.75,1,3,1,1,1,1,5.403127730900382,0,1,0,1,0,0,0,1,0,0
0,0,1,1,34,1,1,0,0,1,0,1,0,0,87.45,84.53382352941176,2.9161764705882405,2,5,0,0,0,1,7.963860125783483,0,1,0,1,0,0,0,0,1,0
1,0,1,1,45,1,1,1,1,0,1,1,0,0,73.85,74.91111111111111,-1.0611111111111171,4,7,1,0,0,0,8.123261319121745,1,0,0,0,0,1,0,1,0,0
0,0,0,1,13,1,0,0,0,1,1,0,0,0,53.45,55.23846153846154,-1.78846153846154,2,4,0,0,0,0,6.578000430108449,1,0,0,1,0,0,0,0,0,1
0,0,1,1,15,1,1,0,0,0,0,0,0,1,25.25,26.323333333333334,-1.0733333333333341,0,2,0,0,0,0,5.981035351617443,0,0,1,1,0,0,0,0,1,0
0,0,0,0,1,1,0,0,0,0,0,0,0,0,44.15,44.15,0.0,0,2,1,1,1,0,3.8099902798629945,1,0,0,1,0,0,1,0,0,0
0,0,1,1,64,1,1,1,0,0,1,1,1,1,104.4,105.025,-0.625,4,7,1,0,0,0,8.813230263450754,0,1,0,0,1,0,1,0,0,0
1,0,0,0,4,0,0,0,0,1,0,0,0,1,29.65,29.625,0.02499999999999858,1,2,0,1,1,0,4.783316371371566,1,0,0,1,0,0,0,0,1,0
0,1,0,0,23,1,0,1,0,0,0,0,0,1,75.4,71.45869565217392,3.9413043478260903,1,3,1,0,1,0,7.405222069545139,0,1,0,1,0,0,1,0,0,0
0,0,0,0,11,1,1,0,0,1,0,1,1,1,100.75,102.70454545454545,-1.9545454545454533,3,6,0,0,1,1,7.030636408357952,0,1,0,1,0,0,0,0,1,0
0,0,0,0,38,1,1,0,0,1,1,1,1,1,103.65,104.96052631578948,-1.310526315789474,4,7,0,0,1,0,8.291421188748336,0,1,0,1,0,0,0,0,1,0
1,0,0,0,8,1,0,1,0,1,0,0,1,1,66.7,72.375,-5.674999999999997,3,5,0,0,1,0,6.363028103540465,1,0,0,1,0,0,0,0,1,0
1,0,0,0,64,1,1,0,1,0,1,1,1,1,105.65,107.8609375,-2.2109375,4,7,1,0,1,0,8.83987071701526,0,1,0,0,1,0,0,1,0,0
0,0,1,1,39,1,1,0,1,1,1,0,0,1,89.55,89.08846153846153,0.461538461538467,3,6,0,0,0,0,8.153479246017834,0,1,0,0,1,0,0,0,1,0
0,1,0,0,1,1,0,0,0,0,0,0,0,1,69.85,69.85,0.0,0,2,0,1,1,1,4.260564966136689,0,1,0,1,0,0,0,0,1,0
0,1,1,0,72,1,1,1,1,1,1,1,1,1,89.85,93.01875000000001,-3.168750000000017,6,9,1,0,0,0,8.809616506393237,1,0,0,0,0,1,1,0,0,0
0,1,0,0,16,1,0,0,0,0,1,1,0,0,59.4,63.99375,-4.59375,2,4,0,0,1,0,6.932350325837517,1,0,0,1,0,0,0,0,1,0
0,0,1,1,13,1,0,0,0,0,0,0,0,0,19.55,20.407692307692308,-0.8576923076923073,0,1,0,0,0,0,5.584623492819887,0,0,1,0,0,1,0,0,0,1
1,1,1,0,2,1,1,0,0,0,0,1,0,1,86.85,78.175,8.674999999999997,1,4,0,1,0,1,5.058472623510416,0,1,0,1,0,0,0,0,0,1
1,0,0,1,11,1,1,0,0,1,0,0,0,1,78.0,77.43636363636364,0.5636363636363626,1,4,0,0,0,1,6.74852505341158,0,1,0,1,0,0,0,0,0,1
1,0,0,0,39,0,0,0,0,0,1,0,1,1,40.6,38.32051282051282,2.279487179487184,2,3,0,0,1,0,7.310215878070003,1,0,0,1,0,0,0,0,1,0
1,0,1,1,71,1,1,1,1,1,1,1,1,0,90.4,93.91619718309859,-3.5161971830985834,6,9,0,0,0,0,8.80523269998012,1,0,0,0,0,1,0,0,1,0
1,0,0,1,1,1,0,0,0,0,0,0,0,0,19.55,19.55,0.0,0,1,0,1,0,0,3.022860940942244,0,0,1,1,0,0,0,0,0,1
0,0,0,0,9,1,0,0,0,0,0,0,1,1,79.55,80.37777777777778,-0.8277777777777828,1,3,0,0,1,1,6.585343726009258,0,1,0,1,0,0,0,0,1,0
1,0,0,0,1,0,0,0,0,0,0,0,1,1,35.45,35.45,0.0,1,2,0,1,1,0,3.5959414584546674,1,0,0,1,0,0,0,0,1,0
1,0,1,1,69,1,1,0,0,0,0,0,0,0,24.45,24.90144927536232,-0.4514492753623216,0,2,1,0,0,0,7.449614345328301,0,0,1,0,0,1,1,0,0,0
0,0,1,1,2,1,0,0,0,0,0,0,0,0,20.3,15.95,4.350000000000001,0,1,0,1,0,0,3.493472657771326,0,0,1,0,1,0,0,0,0,1
0,0,0,0,1,1,0,0,0,0,0,0,0,1,69.95,69.95,0.0,0,2,0,1,1,1,4.261975403606051,0,1,0,1,0,0,0,0,0,1
1,0,1,0,61,1,1,0,1,1,0,1,1,1,105.55,102.97459016393442,2.5754098360655746,4,7,0,0,0,1,8.745515310770877,0,1,0,1,0,0,0,0,1,0
0,1,0,0,5,1,0,1,1,0,1,0,0,0,59.9,57.57000000000001,2.329999999999991,3,5,1,1,1,0,5.665907522227275,1,0,0,1,0,0,0,1,0,0
0,0,0,0,14,1,1,0,1,0,0,0,0,1,54.25,55.228571428571435,-0.9785714285714349,1,4,0,0,1,0,6.651830238143548,1,0,0,0,1,0,0,0,0,1
1,0,0,1,1,1,0,0,0,0,1,0,1,1,59.55,59.55,0.0,2,4,0,1,0,0,4.1034694699991014,1,0,0,1,0,0,0,0,0,1
1,1,0,0,8,1,0,1,0,0,1,1,1,0,100.3,104.04375,-3.7437500000000057,4,6,1,0,1,0,6.725453721988185,0,1,0,1,0,0,0,1,0,0
0,0,0,0,10,0,0,0,1,0,1,0,0,0,36.25,37.4,-1.1499999999999986,2,3,0,0,1,0,5.926926025970411,1,0,0,1,0,0,0,0,1,0
1,1,0,0,8,1,0,0,0,0,0,0,0,1,69.95,70.3375,-0.38750000000000284,0,2,1,0,1,1,6.334522195087529,0,1,0,1,0,0,0,1,0,0
1,0,0,0,4,1,1,0,0,0,0,0,0,1,72.2,76.3875,-4.1875,0,3,1,1,1,1,5.725380874208697,0,1,0,1,0,0,1,0,0,0
1,1,1,0,69,1,1,1,0,1,1,1,1,1,110.55,110.2913043478261,0.25869565217389834,5,8,0,0,0,0,8.937362987059018,0,1,0,0,1,0,0,0,0,1
0,0,1,1,72,1,1,1,1,1,1,1,1,1,115.6,114.17222222222222,1.4277777777777771,6,9,1,0,0,0,9.014495789849754,0,1,0,0,0,1,1,0,0,0
1,0,0,0,58,1,1,0,0,0,0,0,0,1,25.3,25.419827586206896,-0.11982758620689538,0,2,1,0,1,0,7.296650528761137,0,0,1,0,0,1,0,1,0,0
1,0,1,1,68,1,0,0,0,0,0,0,0,1,19.95,19.165441176470587,0.7845588235294123,0,1,1,0,0,0,7.173383441902502,0,0,1,0,0,1,1,0,0,0
1,1,0,0,70,0,0,0,1,1,0,1,0,1,44.05,43.02357142857143,1.0264285714285677,3,4,1,0,1,0,8.010575369090423,1,0,0,0,1,0,0,1,0,0
1,0,1,0,51,1,1,0,1,0,0,0,1,1,90.35,90.48137254901961,-0.13137254901961626,2,5,1,0,0,1,8.437186316434035,0,1,0,0,1,0,0,1,0,0
1,0,1,1,72,1,1,1,1,1,1,1,1,1,89.4,88.56319444444445,0.8368055555555571,6,9,0,0,0,0,8.760539290047953,1,0,0,0,0,1,0,0,0,1
0,0,1,0,3,1,1,0,0,0,0,0,0,1,74.75,76.5,-1.75,0,3,1,1,0,1,5.440250862436703,0,1,0,1,0,0,0,1,0,0
0,0,0,0,58,1,1,1,1,1,1,0,0,1,71.1,74.12413793103448,-3.0241379310344882,4,7,1,0,1,0,8.366416812227929,1,0,0,0,1,0,0,1,0,0
0,0,0,0,30,1,0,0,0,0,1,1,1,1,94.4,87.93666666666667,6.463333333333338,3,5,1,0,1,0,7.8781932289267385,0,1,0,0,1,0,1,0,0,0
1,0,1,1,72,1,1,0,1,1,1,1,1,1,112.25,111.68958333333333,0.5604166666666686,5,8,1,0,0,0,8.992513909856259,0,1,0,0,0,1,1,0,0,0
1,1,1,0,29,1,1,0,0,1,0,1,1,1,98.5,103.59137931034483,-5.091379310344834,3,6,0,0,0,1,8.00808276252883,0,1,0,1,0,0,0,0,1,0
1,0,0,0,44,1,1,1,1,1,0,1,1,1,111.5,111.70795454545454,-0.20795454545454106,5,8,0,0,1,0,8.500280982832304,0,1,0,1,0,0,0,0,1,0
1,0,0,0,3,1,0,0,0,0,0,0,0,0,19.6,20.45,-0.8499999999999979,0,1,0,1,1,0,4.132763672126045,0,0,1,0,1,0,0,0,0,1
1,0,1,1,56,1,1,0,0,0,0,0,0,0,24.15,25.040178571428573,-0.8901785714285744,0,2,1,0,0,0,7.246546253822308,0,0,1,0,0,1,1,0,0,0
1,0,0,0,11,1,0,0,0,1,0,1,1,1,69.35,64.75,4.599999999999994,3,5,0,0,1,0,6.5698319900936095,1,0,0,1,0,0,0,0,1,0
0,0,0,1,35,1,0,1,1,0,0,0,0,0,55.6,57.612857142857145,-2.0128571428571433,2,4,1,0,0,0,7.6095896166895365,1,0,0,0,1,0,0,1,0,0
1,0,0,0,1,1,0,0,0,0,0,0,0,1,45.8,45.8,0.0,0,2,0,1,1,0,3.845883202923601,1,0,0,1,0,0,0,0,0,1
0,0,1,1,68,1,1,0,1,0,1,0,0,1,83.65,84.31470588235294,-0.6647058823529335,2,5,1,0,0,0,8.654238403340557,0,1,0,0,1,0,1,0,0,0
1,0,1,0,11,1,0,0,0,0,0,0,0,1,45.9,47.445454545454545,-1.5454545454545467,0,2,1,0,0,0,6.259390241194085,1,0,0,1,0,0,1,0,0,0
0,0,1,1,55,1,0,0,0,0,0,0,0,0,21.0,22.005454545454544,-1.005454545454544,0,1,0,0,0,0,7.099449442022756,0,0,1,0,0,1,0,0,0,1
1,0,1,1,64,1,1,0,0,0,0,0,0,1,24.8,23.66953125,1.1304687500000021,0,2,0,0,0,0,7.323731616715949,0,0,1,0,0,1,0,0,0,1
1,0,0,0,2,1,0,0,0,0,0,0,0,0,19.75,19.65,0.10000000000000142,0,1,0,1,1,0,3.696351468952637,0,0,1,1,0,0,0,0,0,1
0,0,0,0,4,1,0,1,0,0,0,0,0,1,50.55,58.9125,-8.362500000000004,1,3,1,1,1,0,5.466582256352257,1,0,0,1,0,0,1,0,0,0
0,0,1,1,49,1,1,0,1,1,1,1,1,1,107.95,108.02448979591837,-0.07448979591836746,5,8,1,0,0,0,8.574367160690755,0,1,0,0,0,1,1,0,0,0
1,0,0,0,35,1,1,0,0,0,0,0,0,0,75.35,75.3157142857143,0.034285714285701374,0,3,1,0,1,1,7.877416147113993,0,1,0,1,0,0,0,1,0,0
1,1,0,0,1,1,1,0,0,0,0,0,0,1,75.35,75.35,0.0,0,3,0,1,1,1,4.335328031664641,0,1,0,1,0,0,0,0,1,0
1,0,0,0,28,0,0,0,0,0,1,0,0,1,30.1,28.958928571428572,1.1410714285714292,1,2,1,0,1,0,6.6993155940331235,1,0,0,1,0,0,0,1,0,0
1,0,0,1,72,1,0,0,0,0,0,0,0,0,19.9,21.24513888888889,-1.34513888888889,0,1,1,0,0,0,7.33344776077027,0,0,1,0,0,1,0,1,0,0
1,0,0,0,56,1,1,0,1,0,1,0,1,1,94.45,91.51071428571429,2.9392857142857167,3,6,0,0,1,0,8.542002870324811,0,1,0,1,0,0,0,0,1,0
0,1,1,0,3,1,0,0,1,0,0,0,0,1,74.6,79.68333333333334,-5.083333333333343,1,3,1,1,0,1,5.48084723497695,0,1,0,1,0,0,1,0,0,0
1,0,1,1,52,0,0,1,0,1,0,0,1,0,44.25,43.771153846153844,0.47884615384615614,3,4,1,0,0,0,7.730657982534619,1,0,0,0,1,0,1,0,0,0
0,0,1,0,29,1,0,0,0,0,0,0,0,0,19.85,19.760344827586206,0.08965517241379573,0,1,0,0,0,0,6.352716500539821,0,0,1,1,0,0,0,0,0,1
1,0,0,0,3,1,0,0,0,1,1,1,1,1,98.7,97.88333333333333,0.8166666666666771,4,6,0,1,1,0,5.685788211283922,0,1,0,1,0,0,0,0,1,0
0,0,1,1,67,1,1,1,0,1,1,1,1,1,108.75,106.80895522388059,1.941044776119412,5,8,1,0,0,0,8.875874122017708,0,1,0,0,0,1,0,1,0,0
0,0,0,0,1,1,1,0,0,0,0,1,1,1,93.85,93.85,0.0,2,5,0,1,1,1,4.552296696381023,0,1,0,1,0,0,0,0,1,0
1,0,0,0,27,1,0,1,0,0,0,0,0,0,50.35,52.27222222222222,-1.9222222222222172,1,3,0,0,1,0,7.253010262691275,1,0,0,1,0,0,0,0,0,1
1,1,1,1,51,1,1,0,1,1,0,0,0,1,84.2,81.29509803921569,2.904901960784315,2,5,0,0,0,1,8.330152517082306,0,1,0,1,0,0,0,0,1,0
0,1,1,0,1,1,0,0,0,0,0,0,0,0,46.0,46.0,0.0,0,2,0,1,0,0,3.8501476017100584,1,0,0,1,0,0,0,0,1,0
0,0,0,0,25,1,0,0,1,0,1,0,1,1,65.8,67.186,-1.38600000000001,3,5,1,0,1,0,7.426935902330863,1,0,0,1,0,0,1,0,0,0
0,0,1,1,72,0,0,1,1,1,1,1,1,0,64.45,62.888888888888886,1.5611111111111171,6,7,1,0,0,0,8.418256443556213,1,0,0,0,0,1,1,0,0,0
1,0,1,1,51,1,0,0,0,0,0,0,0,0,19.4,19.563725490196077,-0.16372549019607874,0,1,0,0,0,0,6.906504497080484,0,0,1,0,1,0,0,0,0,1
1,0,0,1,56,1,1,0,0,0,0,0,0,1,24.8,25.432142857142857,-0.6321428571428562,0,2,0,0,0,0,7.262067433731681,0,0,1,0,0,1,0,0,0,1
0,0,1,0,70,1,0,0,0,0,0,0,0,0,19.45,18.62142857142857,0.8285714285714292,0,1,1,0,0,0,7.173575104576783,0,0,1,0,0,1,1,0,0,0
1,0,0,0,35,1,1,1,0,1,0,0,0,1,59.6,59.854285714285716,-0.25428571428571445,2,5,0,0,1,0,7.647738334379114,1,0,0,1,0,0,0,0,1,0
1,0,1,1,72,1,1,1,0,1,1,1,1,1,83.55,84.62916666666666,-1.0791666666666657,5,8,1,0,0,0,8.715109187083549,1,0,0,0,0,1,0,1,0,0
1,1,0,0,11,1,0,0,0,0,0,0,1,1,79.15,75.24545454545455,3.904545454545456,1,3,1,0,1,1,6.719858207854997,0,1,0,1,0,0,0,1,0,0
0,0,1,0,25,1,0,1,1,0,1,0,1,1,71.05,73.508,-2.4579999999999984,4,6,0,0,0,0,7.516814079159796,1,0,0,1,0,0,0,0,0,1
1,0,0,0,56,1,1,0,0,0,0,0,0,0,24.9,23.821428571428573,1.0785714285714256,0,2,0,0,1,0,7.19668657083435,0,0,1,0,1,0,0,0,1,0
0,0,0,0,1,1,0,0,0,0,0,0,0,1,45.65,45.65,0.0,0,2,0,1,1,0,3.8426729272933526,1,0,0,1,0,0,0,0,1,0
0,0,1,0,71,1,1,0,1,1,1,1,1,1,83.3,83.02112676056338,0.2788732394366207,5,8,1,0,0,0,8.681944627016728,1,0,0,0,0,1,0,1,0,0
1,0,1,0,40,1,0,0,1,1,0,0,0,1,80.0,79.21875,0.78125,2,4,0,0,0,1,8.061407999408058,0,1,0,1,0,0,0,0,1,0
0,0,0,0,35,1,1,1,1,1,1,1,1,1,113.2,111.83,1.3700000000000045,6,9,0,0,1,0,8.272583379735432,0,1,0,0,0,1,0,0,0,1
1,0,0,0,25,1,1,0,0,0,0,1,1,1,94.7,94.484,0.21600000000000819,2,5,1,0,1,1,7.767729595377388,0,1,0,1,0,0,1,0,0,0
1,0,1,1,4,1,0,0,0,0,0,0,0,1,20.5,19.4,1.1000000000000014,0,1,0,1,0,0,4.364371699435161,0,0,1,1,0,0,0,0,0,1
1,0,1,1,44,1,0,0,0,1,0,1,1,1,92.95,93.70227272727271,-0.752272727272711,3,5,1,0,0,1,8.324554596540237,0,1,0,1,0,0,1,0,0,0
1,0,0,0,1,1,0,1,0,0,0,0,0,1,48.55,48.55,0.0,1,3,0,1,1,0,3.902982260775997,1,0,0,1,0,0,0,0,0,1
0,1,0,0,60,1,1,1,0,0,0,1,1,1,101.4,102.94333333333334,-1.5433333333333366,3,6,1,0,1,0,8.728685125509973,0,1,0,0,1,0,1,0,0,0
1,0,1,0,61,1,0,0,0,0,0,0,0,1,20.55,20.524590163934427,0.0254098360655739,0,1,1,0,0,0,7.133295954896068,0,0,1,0,1,0,0,1,0,0
1,0,1,0,42,1,1,0,1,1,1,0,1,1,99.45,98.525,0.9249999999999972,4,7,0,0,0,0,8.32822157188838,0,1,0,1,0,0,0,0,1,0
0,0,0,0,68,0,0,0,1,0,1,0,1,0,44.95,45.37279411764706,-0.422794117647058,3,4,0,0,1,0,8.03474444191656,1,0,0,1,0,0,0,0,1,0
1,0,1,0,17,0,0,0,0,1,1,1,1,0,54.6,54.98823529411764,-0.3882352941176421,4,5,0,0,0,0,6.8414017784321155,1,0,0,0,1,0,0,0,1,0
1,0,1,1,68,1,0,0,0,0,0,0,0,0,19.95,20.26029411764706,-0.31029411764706083,0,1,1,0,0,0,7.228896305177583,0,0,1,0,0,1,1,0,0,0
0,0,0,0,19,1,0,0,1,0,0,1,0,0,58.2,55.01315789473684,3.1868421052631604,2,4,0,0,1,0,6.952967621803685,1,0,0,0,1,0,0,0,1,0
0,0,0,0,35,1,1,0,1,0,1,0,0,0,85.3,83.35714285714286,1.942857142857136,2,5,1,0,1,0,7.978825064643845,0,1,0,1,0,0,0,1,0,0
0,0,1,0,65,1,0,0,0,0,0,0,0,0,19.35,20.306923076923077,-0.9569230769230757,0,1,1,0,0,0,7.1861064536924415,0,0,1,0,0,1,1,0,0,0
0,0,1,1,26,1,0,0,0,0,0,0,0,0,19.65,19.034615384615385,0.6153846153846132,0,1,1,0,0,0,6.206374293495088,0,0,1,0,0,1,0,1,0,0
1,0,0,0,26,1,0,0,0,0,0,0,0,1,20.3,19.66346153846154,0.6365384615384606,0,1,0,0,1,0,6.238812787119009,0,0,1,1,0,0,0,0,1,0
1,0,0,0,6,1,0,0,0,0,0,0,0,0,19.15,20.733333333333334,-1.5833333333333357,0,1,0,1,1,0,4.83150862819882,0,0,1,0,1,0,0,0,0,1
1,0,0,0,20,1,1,1,0,0,1,0,0,0,59.2,59.56,-0.35999999999999943,2,5,1,0,1,0,7.083555618785827,1,0,0,1,0,0,1,0,0,0
0,0,0,0,1,1,0,0,0,0,0,0,0,0,71.35,71.35,0.0,0,2,0,1,1,1,4.281515453077493,0,1,0,1,0,0,0,0,1,0
0,0,0,0,8,1,0,0,0,0,0,1,0,1,80.1,84.9125,-4.8125,1,3,1,0,1,1,6.522533877351015,0,1,0,1,0,0,1,0,0,0
1,0,0,0,13,1,0,0,0,0,0,1,1,1,91.1,87.36153846153846,3.738461538461536,2,4,0,0,1,1,7.035884606692665,0,1,0,1,0,0,0,0,1,0
0,0,0,0,1,1,0,0,1,0,1,1,0,0,91.7,91.7,0.0,3,5,0,1,1,0,4.529368472571809,0,1,0,1,0,0,0,0,1,0
0,0,0,0,4,1,0,0,0,0,0,0,0,0,20.35,19.375,0.9750000000000014,0,1,0,1,1,0,4.363098624788363,0,0,1,1,0,0,0,0,0,1
1,0,1,1,13,1,0,0,0,1,0,1,1,1,96.65,89.44999999999999,7.200000000000017,3,5,0,0,0,1,7.0594887540080675,0,1,0,1,0,0,0,0,0,1
0,0,0,0,15,1,0,0,0,1,0,0,1,1,59.45,59.51,-0.05999999999999517,2,4,0,0,1,0,6.795314199636388,1,0,0,1,0,0,0,0,1,0
1,0,1,0,68,1,1,0,0,0,0,0,0,0,25.25,25.41470588235294,-0.1647058823529406,0,2,1,0,0,0,7.455414152793477,0,0,1,0,0,1,1,0,0,0
0,0,1,1,62,1,1,0,1,0,1,1,1,1,106.05,108.12096774193549,-2.0709677419354904,4,7,1,0,0,0,8.810534221719697,0,1,0,0,1,0,0,1,0,0
1,0,0,0,20,1,0,0,0,0,0,0,0,0,70.55,74.6775,-4.127499999999998,0,2,1,0,1,1,7.309580437169706,0,1,0,1,0,0,0,1,0,0
0,0,0,0,21,1,0,0,1,1,0,0,1,1,90.05,88.70952380952382,1.3404761904761813,3,5,0,0,1,1,7.530426345737758,0,1,0,1,0,0,0,0,1,0
0,1,0,0,2,1,1,0,0,1,0,0,1,1,88.55,89.625,-1.0750000000000028,2,5,0,1,1,1,5.1943447761650585,0,1,0,1,0,0,0,0,1,0
0,0,1,1,72,1,1,1,0,1,1,1,1,1,85.9,84.87152777777777,1.0284722222222342,5,8,1,0,0,0,8.717968426868438,1,0,0,0,0,1,0,1,0,0
1,0,1,1,50,1,1,0,1,1,0,1,1,1,103.85,100.35799999999999,3.4920000000000044,4,7,1,0,0,1,8.520966065168736,0,1,0,1,0,0,1,0,0,0
1,0,0,0,62,1,0,0,0,0,0,0,0,0,19.85,20.220161290322583,-0.3701612903225815,0,1,1,0,1,0,7.13461192820823,0,0,1,0,0,1,1,0,0,0
1,0,0,0,52,1,1,1,0,1,1,1,1,1,109.3,110.21923076923076,-0.9192307692307651,5,8,0,0,1,0,8.653889570183916,0,1,0,0,0,1,0,0,1,0
0,0,1,0,71,1,0,1,1,1,1,1,1,1,84.8,85.15633802816902,-0.35633802816902005,6,8,1,0,0,0,8.707334097262324,1,0,0,0,1,0,1,0,0,0
1,0,0,0,72,1,1,1,0,1,1,1,1,0,84.3,83.29305555555555,1.0069444444444429,5,8,1,0,1,0,8.69919803139405,1,0,0,0,0,1,0,1,0,0
0,0,1,1,52,1,0,0,0,0,0,0,0,0,20.1,20.745192307692307,-0.6451923076923052,0,1,1,0,0,0,6.984484811840811,0,0,1,0,0,1,1,0,0,0
0,0,0,0,22,1,1,0,0,0,0,0,0,1,76.0,81.07272727272726,-5.072727272727263,0,3,1,0,1,1,7.486949579466051,0,1,0,0,1,0,0,1,0,0
1,0,0,0,12,0,0,1,1,0,1,1,0,1,50.95,50.479166666666664,0.47083333333333854,4,5,1,0,1,0,6.4081168446067105,1,0,0,1,0,0,1,0,0,0
0,0,1,1,19,1,0,0,0,0,0,0,0,0,20.15,20.405263157894737,-0.2552631578947384,0,1,0,0,0,0,5.962807837858177,0,0,1,0,0,1,0,0,0,1
1,0,0,0,45,1,1,0,0,1,1,1,1,1,103.65,105.50777777777779,-1.857777777777784,4,7,1,0,1,0,8.465657762453318,0,1,0,1,0,0,1,0,0,0
1,0,1,0,35,1,1,0,0,0,1,0,1,1,89.85,90.32,-0.46999999999999886,2,5,1,0,0,0,8.059023266876045,0,1,0,1,0,0,1,0,0,0
1,0,0,1,39,1,1,0,0,0,0,0,0,0,25.45,24.575641025641026,0.874358974358973,0,2,1,0,0,0,6.866360203615751,0,0,1,0,1,0,1,0,0,0
0,0,0,1,43,1,0,1,1,0,1,1,1,1,106.0,105.40232558139536,0.5976744186046403,5,7,1,0,0,0,8.419205430087825,0,1,0,0,1,0,0,1,0,0
0,1,1,0,70,1,1,1,1,1,1,1,1,1,113.0,114.10857142857144,-1.1085714285714374,6,9,1,0,0,0,8.985770804383893,0,1,0,0,0,1,0,1,0,0
0,0,1,0,57,1,0,1,1,0,1,1,0,1,70.35,72.36228070175439,-2.012280701754392,4,6,1,0,0,0,8.324978862112602,1,0,0,0,0,1,0,1,0,0
0,0,1,1,25,1,0,0,0,0,0,0,0,0,20.05,20.804000000000002,-0.7540000000000013,0,1,0,0,0,0,6.255941961915169,0,0,1,0,1,0,0,0,0,1
0,0,0,0,13,0,0,0,1,0,0,0,0,1,31.05,26.71153846153846,4.338461538461541,1,2,0,0,1,0,5.852920612659915,1,0,0,1,0,0,0,0,1,0
0,0,1,1,1,0,0,1,0,0,0,0,0,0,30.5,30.5,0.0,1,2,1,1,0,0,3.449987545831587,1,0,0,1,0,0,1,0,0,0
1,0,1,0,72,1,1,1,1,1,1,0,1,0,79.55,80.70694444444445,-1.1569444444444485,5,8,1,0,0,0,8.66766281876101,1,0,0,0,0,1,0,1,0,0
1,0,1,0,21,1,1,0,1,1,1,1,1,1,111.2,110.33809523809524,0.8619047619047677,5,8,0,0,0,0,7.748503163607648,0,1,0,1,0,0,0,0,1,0
0,0,1,0,28,1,0,1,0,0,0,1,1,1,92.35,92.96071428571429,-0.6107142857142946,3,5,0,0,0,0,7.8647656001333095,0,1,0,1,0,0,0,0,0,1
1,0,0,0,59,1,1,0,1,1,1,1,1,1,111.35,110.5042372881356,0.8457627118643956,5,8,0,0,1,0,8.782744678980025,0,1,0,1,0,0,0,0,1,0
0,0,0,0,23,1,0,0,0,0,0,0,0,1,19.5,20.443478260869565,-0.9434782608695649,0,1,0,0,1,0,6.155282632337377,0,0,1,1,0,0,0,0,0,1
0,0,0,0,20,1,0,0,0,0,0,0,0,1,19.35,21.6875,-2.3374999999999986,0,1,1,0,1,0,6.074771153234392,0,0,1,0,1,0,0,1,0,0
1,1,0,0,15,1,1,0,0,0,0,0,0,0,75.65,76.44333333333334,-0.7933333333333366,0,3,0,0,1,1,7.045471652345971,0,1,0,1,0,0,0,0,1,0
1,0,1,0,38,1,0,1,1,0,0,0,0,1,79.45,79.29078947368421,0.15921052631578902,2,4,0,0,0,0,8.011039968299007,0,1,0,1,0,0,0,0,1,0
1,0,1,0,59,1,1,0,0,0,0,0,1,0,85.55,86.18050847457627,-0.6305084745762741,1,4,0,0,0,1,8.53417812725548,0,1,0,0,1,0,0,0,1,0
0,0,1,1,65,1,1,1,1,1,1,1,1,1,90.45,91.66,-1.2099999999999937,6,9,0,0,0,0,8.692641179267019,1,0,0,0,0,1,0,0,0,1
1,0,1,0,9,1,0,0,1,1,0,0,0,1,79.9,82.41111111111111,-2.5111111111111057,2,4,0,0,0,1,6.61029219467525,0,1,0,1,0,0,0,0,1,0
0,0,1,0,25,1,1,0,0,0,0,0,0,1,26.8,29.342,-2.541999999999998,0,2,0,0,0,0,6.599258066816436,0,0,1,0,1,0,0,0,0,1
0,0,1,1,6,1,0,0,0,0,0,0,0,0,19.0,17.583333333333332,1.4166666666666679,0,1,1,1,0,0,4.66814498514948,0,0,1,0,1,0,0,1,0,0
1,0,0,0,64,1,1,0,0,1,1,1,1,1,104.65,107.653125,-3.003124999999997,4,7,1,0,1,0,8.837942467572214,0,1,0,0,1,0,0,1,0,0
0,1,1,0,51,1,1,1,0,0,0,0,0,1,77.5,74.65392156862745,2.846078431372547,1,4,0,0,0,0,8.244951303452334,0,1,0,1,0,0,0,0,1,0
1,0,0,0,8,0,0,0,0,0,0,0,0,1,25.25,23.2875,1.9624999999999986,0,1,1,0,1,0,5.2327116094500425,1,0,0,1,0,0,0,1,0,0
0,0,1,0,4,1,0,0,0,0,0,0,0,0,20.15,22.85,-2.700000000000003,0,1,0,1,0,0,4.526126978647638,0,0,1,1,0,0,0,0,1,0
1,0,1,1,71,1,1,1,1,1,1,1,1,0,90.3,88.55352112676057,1.7464788732394254,6,9,1,0,0,0,8.746446042894624,1,0,0,0,0,1,0,1,0,0
1,0,0,1,2,1,0,0,0,0,0,0,0,0,19.25,24.175,-4.925000000000001,0,1,0,1,0,0,3.8989377658794906,0,0,1,1,0,0,0,0,0,1
0,0,1,1,30,1,0,0,0,1,0,0,1,0,86.45,84.60166666666667,1.8483333333333292,2,4,0,0,0,1,7.839545274303216,0,1,0,0,1,0,0,0,1,0
1,0,1,0,28,1,0,1,1,0,1,0,0,0,60.9,63.77321428571429,-2.8732142857142904,3,5,0,0,0,0,7.48809763699502,1,0,0,1,0,0,0,0,0,1
1,1,1,1,64,1,1,0,0,0,0,0,0,1,24.4,24.19765625,0.20234374999999716,0,2,1,0,0,0,7.3457843779635645,0,0,1,0,0,1,1,0,0,0
0,0,1,0,3,1,0,0,0,0,0,0,0,0,20.85,24.0,-3.1499999999999986,0,1,0,1,0,0,4.290459441148391,0,0,1,1,0,0,0,0,0,1
1,1,0,0,8,0,0,0,0,1,0,0,0,1,29.4,27.7375,1.6624999999999979,1,2,0,0,1,0,5.406723240391823,1,0,0,1,0,0,0,0,1,0
1,0,1,0,47,1,1,0,1,1,1,1,1,1,109.55,109.03297872340426,0.5170212765957416,5,8,0,0,0,0,8.541993115321715,0,1,0,1,0,0,0,0,1,0
0,0,1,1,7,1,1,0,0,0,0,0,0,0,48.8,49.971428571428575,-1.171428571428578,0,3,0,0,0,0,5.860216260498028,1,0,0,1,0,0,0,0,1,0
0,1,1,0,70,1,0,0,0,0,0,0,0,1,19.55,20.88642857142857,-1.33642857142857,0,1,1,0,0,0,7.288278576786092,0,0,1,0,0,1,0,1,0,0
1,0,0,0,17,1,0,1,1,0,0,0,0,1,55.5,54.949999999999996,0.5500000000000043,2,4,1,0,1,0,6.840706944229009,1,0,0,1,0,0,0,1,0,0
1,0,0,0,21,1,1,0,0,0,0,0,0,1,73.7,74.22380952380952,-0.5238095238095184,0,3,0,0,1,1,7.35224877405778,0,1,0,1,0,0,0,0,1,0
0,1,1,0,26,1,0,0,0,1,0,0,1,0,60.7,61.43846153846154,-0.7384615384615358,2,4,0,0,0,0,7.376758407894289,1,0,0,0,1,0,0,0,0,1
0,0,1,0,67,1,1,1,1,1,0,0,0,0,65.65,64.52014925373135,1.1298507462686587,3,6,0,0,0,0,8.371901488055626,1,0,0,0,0,1,0,0,0,1
0,0,1,0,36,1,1,1,1,1,1,0,1,1,106.05,106.51111111111112,-0.4611111111111228,5,8,1,0,0,0,8.252029010839415,0,1,0,0,0,1,0,1,0,0
0,1,0,0,37,1,1,0,0,0,0,1,1,1,96.55,96.76486486486488,-0.21486486486487877,2,5,0,0,1,1,8.183481141971171,0,1,0,1,0,0,0,0,1,0
1,1,0,0,13,1,1,0,1,1,0,1,1,1,106.9,104.94615384615385,1.9538461538461576,4,7,0,0,1,1,7.219129463690706,0,1,0,1,0,0,0,0,1,0
0,0,0,0,41,1,0,0,0,0,0,0,0,0,20.0,19.76341463414634,0.23658536585366008,0,1,0,0,1,0,6.698637899401019,0,0,1,0,0,1,0,0,0,1
0,0,1,1,61,1,1,1,1,0,0,0,0,0,59.8,59.69672131147541,0.10327868852458977,2,5,0,0,0,0,8.20042553806936,1,0,0,1,0,0,0,0,1,0
1,0,0,0,3,1,0,0,1,1,1,1,1,1,107.95,106.2,1.75,5,7,0,1,1,0,5.7670702138921195,0,1,0,1,0,0,0,0,1,0
0,0,1,0,33,0,0,1,0,1,1,1,1,0,59.55,61.1,-1.5500000000000043,5,6,1,0,0,0,7.609515262640305,1,0,0,0,0,1,1,0,0,0
1,0,0,0,19,1,0,0,0,0,0,0,0,1,19.7,20.342105263157894,-0.6421052631578945,0,1,1,0,1,0,5.959715848793402,0,0,1,0,1,0,0,1,0,0
1,0,0,0,1,1,0,0,0,0,0,0,0,0,46.3,46.3,0.0,0,2,0,1,1,0,3.856510295497887,1,0,0,1,0,0,0,0,0,1
1,0,0,0,51,1,1,1,0,0,1,0,0,0,59.9,59.67843137254902,0.22156862745097783,2,5,1,0,1,0,8.021124808625153,1,0,0,0,1,0,0,1,0,0
0,1,0,0,65,1,1,0,1,1,0,1,0,1,95.45,95.74307692307693,-0.29307692307692434,3,6,1,0,1,1,8.736216265210759,0,1,0,1,0,0,1,0,0,0
1,0,0,0,37,1,1,0,1,0,1,1,1,1,104.5,102.10810810810811,2.3918918918918877,4,7,1,0,1,0,8.237214703349489,0,1,0,0,1,0,0,1,0,0
1,0,1,1,37,1,0,0,0,0,0,0,0,0,19.8,19.624324324324323,0.1756756756756772,0,1,1,0,0,0,6.5890640196560115,0,0,1,0,0,1,1,0,0,0
1,0,0,0,45,1,1,1,0,1,1,1,1,1,108.45,110.32666666666667,-1.8766666666666652,5,8,1,0,1,0,8.510309553449911,0,1,0,1,0,0,0,1,0,0
1,0,0,0,3,1,0,0,0,0,0,0,0,1,19.65,22.78333333333333,-3.133333333333333,0,1,0,1,1,0,4.239166146760841,0,0,1,1,0,0,0,0,0,1
1,0,0,0,6,1,0,1,0,0,0,0,1,1,59.15,56.11666666666667,3.0333333333333314,2,4,1,1,1,0,5.822157927391522,1,0,0,1,0,0,1,0,0,0
0,1,1,1,55,1,1,1,0,1,1,1,0,0,76.25,75.53727272727274,0.712727272727264,4,7,0,0,0,0,8.332200069167115,1,0,0,0,1,0,0,0,1,0
1,0,1,0,66,1,1,1,1,0,1,1,1,0,85.25,83.91439393939395,1.3356060606060538,5,8,0,0,0,0,8.619632444337945,1,0,0,0,0,1,0,0,1,0
0,1,0,0,32,1,0,0,1,0,1,0,0,0,54.65,57.190625,-2.5406249999999986,2,4,1,0,1,0,7.512672158147668,1,0,0,1,0,0,1,0,0,0
0,0,1,0,72,1,0,0,0,0,0,0,0,0,20.05,19.772916666666667,0.27708333333333357,0,1,1,0,0,0,7.261681448499596,0,0,1,0,0,1,1,0,0,0
1,1,1,0,65,1,1,0,1,1,0,1,1,1,104.35,101.20846153846153,3.1415384615384596,4,7,0,0,0,1,8.791721632922973,0,1,0,1,0,0,0,0,1,0
1,0,0,0,35,1,0,0,0,0,0,0,0,0,21.45,20.155714285714286,1.2942857142857136,0,1,1,0,1,0,6.560252428211817,0,0,1,0,0,1,1,0,0,0
1,0,0,0,40,1,1,0,0,1,1,1,1,0,104.8,103.29875,1.5012499999999989,4,7,1,0,1,0,8.326746716688735,0,1,0,1,0,0,1,0,0,0
0,0,1,0,28,1,0,0,0,0,0,0,0,0,20.5,20.10892857142857,0.3910714285714292,0,1,0,0,0,0,6.335142900050929,0,0,1,1,0,0,0,0,0,1
0,0,0,0,1,1,0,0,0,0,0,0,0,0,45.8,45.8,0.0,0,2,0,1,1,0,3.845883202923601,1,0,0,1,0,0,0,0,1,0
1,1,0,0,21,1,1,0,1,1,0,1,1,1,104.35,108.18333333333332,-3.8333333333333286,4,7,0,0,1,1,7.72878982959402,0,1,0,1,0,0,0,0,1,0
1,0,1,1,71,1,0,1,1,1,1,1,0,0,100.2,101.53521126760563,-1.3352112676056294,5,7,1,0,0,0,8.883224230278994,0,1,0,0,0,1,0,1,0,0
0,0,0,0,21,1,1,0,1,0,0,1,1,1,99.85,94.88333333333333,4.966666666666669,3,6,1,0,1,1,7.597672248021797,0,1,0,1,0,0,0,1,0,0
1,0,1,1,62,1,1,0,0,1,0,1,0,1,89.1,87.28467741935484,1.8153225806451587,2,5,1,0,0,1,8.596494085552596,0,1,0,0,0,1,0,1,0,0
1,1,1,1,71,1,1,1,1,0,0,1,1,1,105.1,106.3112676056338,-1.2112676056338074,4,7,1,0,0,0,8.92918362983954,0,1,0,1,0,0,0,1,0,0
1,1,1,0,59,1,1,0,0,0,0,1,1,1,93.85,94.48728813559322,-0.6372881355932236,2,5,1,0,0,1,8.626182116428067,0,1,0,1,0,0,1,0,0,0
1,0,1,1,53,1,1,0,0,1,1,1,1,1,78.75,74.38584905660377,4.364150943396226,4,7,0,0,0,0,8.279811253665487,1,0,0,0,1,0,0,0,0,1
0,0,0,0,27,1,0,1,1,0,0,0,0,1,56.7,61.220370370370375,-4.520370370370372,2,4,0,0,1,0,7.410921645380639,1,0,0,1,0,0,0,0,0,1
0,0,0,0,29,1,1,1,1,0,1,0,0,0,67.45,62.106896551724134,5.343103448275869,3,6,0,0,1,0,7.4967079305242255,1,0,0,1,0,0,0,0,0,1
1,0,1,1,62,1,0,0,0,0,0,0,0,0,19.95,20.07741935483871,-0.12741935483871103,0,1,1,0,0,0,7.127533172820045,0,0,1,0,1,0,1,0,0,0
1,0,1,0,71,1,0,1,0,1,1,1,1,1,82.55,82.14999999999999,0.4000000000000057,5,7,0,0,0,0,8.671398155484365,1,0,0,0,0,1,0,0,1,0
0,0,0,0,2,1,1,0,0,0,0,0,0,1,75.55,83.15,-7.6000000000000085,0,3,0,1,1,1,5.119788607992779,0,1,0,1,0,0,0,0,1,0
0,1,1,1,65,1,1,0,1,1,0,1,1,1,107.45,108.42307692307692,-0.973076923076917,4,7,0,0,0,1,8.86057010721098,0,1,0,0,1,0,0,0,1,0
1,1,1,0,19,1,0,1,0,1,0,1,0,0,66.4,67.68684210526315,-1.2868421052631476,3,5,1,0,0,0,7.1601080568803335,1,0,0,1,0,0,1,0,0,0
0,0,0,1,46,1,0,0,1,1,0,1,1,1,99.8,95.46195652173913,4.338043478260872,4,6,0,0,0,1,8.387596903245164,0,1,0,1,0,0,0,0,1,0
0,0,0,0,17,1,0,0,0,0,0,0,0,0,19.55,16.52058823529412,3.0294117647058805,0,1,0,0,1,0,5.6413750145275845,0,0,1,0,1,0,0,0,0,1
1,0,0,0,3,1,0,1,0,0,1,0,0,1,82.3,71.46666666666667,10.833333333333329,2,4,0,1,1,0,5.372496764722288,0,1,0,1,0,0,0,0,0,1
0,1,0,0,39,1,1,0,0,1,0,1,1,1,99.75,103.48717948717949,-3.737179487179489,3,6,0,0,1,1,8.30325712085294,0,1,0,1,0,0,0,0,1,0
1,0,1,1,1,1,0,1,0,0,0,0,0,1,48.75,48.75,0.0,1,3,0,1,0,0,3.907010463604602,1,0,0,1,0,0,0,0,0,1
0,0,1,1,2,0,0,0,1,0,0,0,0,1,30.25,31.875,-1.625,1,2,0,1,0,0,4.1705337005796475,1,0,0,1,0,0,0,0,0,1
1,0,1,0,11,1,1,0,1,0,0,0,0,1,80.5,81.53636363636363,-1.0363636363636317,1,4,1,0,0,1,6.800058703526763,0,1,0,1,0,0,1,0,0,0
1,0,0,0,35,0,0,0,0,1,0,1,1,0,49.2,48.61857142857143,0.5814285714285745,3,4,0,0,1,0,7.439941139869458,1,0,0,1,0,0,0,0,1,0
1,0,0,1,49,1,1,0,0,0,1,1,1,1,100.6,103.46224489795918,-2.8622448979591866,3,6,1,0,0,0,8.531224293495859,0,1,0,0,1,0,1,0,0,0
0,0,0,0,4,0,0,1,0,1,1,0,1,0,48.25,50.5625,-2.3125,4,5,0,1,1,0,5.31443674842792,1,0,0,1,0,0,0,0,0,1
0,0,1,1,44,1,0,0,0,0,0,0,0,0,19.6,17.732954545454547,1.8670454545454547,0,1,0,0,0,0,6.660895201050611,0,0,1,1,0,0,0,0,0,1
0,1,1,0,71,1,1,1,0,0,0,0,0,1,80.7,79.94366197183099,0.7563380281690115,1,4,1,0,0,0,8.644178203170727,0,1,0,0,0,1,0,1,0,0
0,0,1,0,71,1,1,0,0,0,0,0,0,1,24.65,24.086619718309862,0.5633802816901365,0,2,1,0,0,0,7.444920938079968,0,0,1,0,0,1,1,0,0,0
1,1,1,1,66,1,1,1,1,1,1,1,1,1,116.25,119.125,-2.875,6,9,0,0,0,0,8.969955285966561,0,1,0,0,1,0,0,0,1,0
1,0,0,0,9,1,0,0,0,0,0,0,0,1,20.15,18.188888888888886,1.9611111111111121,0,1,0,0,1,0,5.104125637183595,0,0,1,0,1,0,0,0,0,1
1,0,0,0,8,0,0,1,0,0,0,0,0,1,30.45,28.30625,2.1437500000000007,1,2,0,0,1,0,5.426930434016013,1,0,0,1,0,0,0,0,1,0
0,0,0,0,32,1,1,1,0,0,0,1,1,0,74.75,71.3421875,3.4078125000000057,3,6,0,0,1,0,7.733661679117716,1,0,0,0,1,0,0,0,0,1
0,0,0,0,1,1,0,0,1,0,0,0,0,0,49.95,49.95,0.0,1,3,0,1,1,0,3.9308447596687337,1,0,0,1,0,0,0,0,1,0
0,0,0,0,28,1,1,0,0,0,1,0,0,1,54.9,53.75535714285714,1.1446428571428555,1,4,1,0,1,0,7.317312004993555,1,0,0,1,0,0,0,1,0,0
0,0,1,1,23,1,1,0,1,0,1,1,0,1,69.5,71.83043478260869,-2.330434782608691,3,6,1,0,0,0,7.4104075920589665,1,0,0,1,0,0,0,1,0,0
1,1,1,0,14,1,1,0,0,0,0,0,0,1,75.1,72.38214285714285,2.7178571428571416,0,3,0,0,0,1,6.9220032922473385,0,1,0,1,0,0,0,0,1,0
0,1,0,0,5,1,0,0,0,0,0,0,1,0,78.95,75.67999999999999,3.2700000000000102,1,3,0,1,1,1,5.938591057500914,0,1,0,1,0,0,0,0,1,0
1,0,1,0,40,1,1,0,0,0,0,1,1,1,97.1,92.67375,4.426249999999996,2,5,1,0,0,1,8.218234442236687,0,1,0,1,0,0,1,0,0,0
0,0,1,1,27,1,0,1,0,0,0,0,0,0,74.4,73.05,1.3500000000000085,1,3,0,0,0,0,7.587487885120221,0,1,0,1,0,0,0,0,0,1
1,1,1,1,41,1,1,0,1,1,1,1,1,1,111.95,110.60731707317072,1.3426829268292835,5,8,0,0,0,0,8.419778799309196,0,1,0,0,1,0,0,0,1,0
0,1,1,0,56,1,1,1,1,1,1,0,0,1,68.45,71.67857142857143,-3.2285714285714278,4,7,1,0,0,0,8.297792626380861,1,0,0,0,1,0,0,1,0,0
0,0,0,1,4,1,1,0,0,1,1,0,0,1,87.1,85.3625,1.7374999999999972,2,5,0,1,0,0,5.836125661643914,0,1,0,1,0,0,0,0,0,1
0,0,0,0,9,1,0,0,0,1,0,0,1,1,85.3,86.82222222222222,-1.5222222222222257,2,4,1,0,1,1,6.662366118720607,0,1,0,1,0,0,0,1,0,0
1,1,0,0,12,1,0,0,1,1,1,0,0,1,83.8,85.8125,-2.012500000000003,3,5,0,0,1,0,6.938041971587009,0,1,0,1,0,0,0,0,0,1
0,1,1,0,72,1,1,1,1,1,1,1,1,0,89.1,88.22777777777777,0.87222222222222,6,9,1,0,0,0,8.756745381664464,1,0,0,0,0,1,0,1,0,0
0,0,0,0,1,1,0,0,0,0,0,0,0,0,19.5,19.5,0.0,0,1,0,1,1,0,3.0204248861443626,0,0,1,1,0,0,0,0,0,1
1,1,0,0,1,1,1,0,0,1,0,1,0,1,88.8,88.8,0.0,2,5,0,1,1,1,4.497584975308154,0,1,0,1,0,0,0,0,1,0
0,0,0,0,6,1,0,0,0,0,1,0,0,1,49.65,44.55833333333334,5.0916666666666615,1,3,1,1,1,0,5.592292098622838,1,0,0,1,0,0,1,0,0,0
1,0,0,0,16,1,0,1,0,0,0,1,1,1,94.25,92.703125,1.546875,3,5,0,0,1,0,7.302664873150785,0,1,0,1,0,0,0,0,1,0
1,0,1,0,12,1,0,0,0,0,0,0,0,0,19.8,16.854166666666668,2.945833333333333,0,1,1,0,0,0,5.31443674842792,0,0,1,0,1,0,1,0,0,0
1,1,0,0,1,1,1,0,0,0,0,0,0,1,75.75,75.75,0.0,0,3,0,1,1,1,4.340553386467307,0,1,0,1,0,0,0,0,1,0
0,1,1,0,20,1,1,0,0,1,0,1,0,0,90.8,97.55,-6.75,2,5,0,0,0,1,7.5766097669730375,0,1,0,1,0,0,0,0,1,0
1,0,1,1,53,1,0,0,0,0,0,0,0,0,20.2,20.15377358490566,0.046226415094338336,0,1,1,0,0,0,6.974619219235644,0,0,1,0,1,0,0,1,0,0
0,0,1,0,61,1,0,1,1,0,1,0,1,0,93.7,96.07704918032786,-2.377049180327859,4,6,1,0,0,0,8.676194942888575,0,1,0,0,1,0,1,0,0,0
0,1,1,0,31,0,0,1,1,1,0,0,1,1,50.4,50.97096774193548,-0.5709677419354833,4,5,1,0,0,0,7.365876086316099,1,0,0,0,1,0,0,1,0,0
1,1,1,0,72,1,1,0,1,0,0,1,1,0,98.35,96.24166666666666,2.1083333333333343,3,6,1,0,0,1,8.84367281057593,0,1,0,0,0,1,1,0,0,0
1,0,0,0,56,1,1,1,0,0,1,1,1,1,105.35,103.47232142857142,1.877678571428575,4,7,0,0,1,0,8.664828405908269,0,1,0,1,0,0,0,0,0,1
1,0,0,0,3,1,0,0,0,0,1,0,1,0,60.65,65.63333333333334,-4.983333333333341,2,4,0,1,1,0,5.28776185260852,1,0,0,1,0,0,0,0,0,1
1,0,0,0,2,1,0,0,0,0,0,0,0,0,70.7,70.35,0.3500000000000085,0,2,1,1,1,1,4.953712146696635,0,1,0,1,0,0,0,1,0,0
0,0,1,1,34,1,1,0,0,0,0,0,0,1,25.6,26.974999999999998,-1.3749999999999964,0,2,1,0,0,0,6.822360775965189,0,0,1,0,1,0,0,1,0,0
1,0,0,0,13,1,0,0,0,1,0,1,0,1,83.2,81.58461538461538,1.6153846153846274,2,4,0,0,1,1,6.967532483017997,0,1,0,1,0,0,0,0,1,0
1,0,1,0,51,1,1,0,0,0,0,1,1,1,94.65,94.36764705882354,0.2823529411764696,2,5,0,0,0,1,8.479231685129118,0,1,0,1,0,0,0,0,1,0
1,1,1,0,69,0,0,1,1,0,0,1,1,0,56.55,57.28478260869565,-0.734782608695653,4,5,1,0,0,0,8.282394481856118,1,0,0,0,0,1,0,1,0,0
1,0,0,0,67,0,0,1,0,1,1,1,0,1,49.35,49.57238805970149,-0.2223880597014869,4,5,1,0,1,0,8.108427642841393,1,0,0,0,1,0,1,0,0,0
1,0,0,0,24,1,1,0,0,0,1,0,0,0,54.6,51.760416666666664,2.839583333333337,1,4,1,0,1,0,7.125484197594848,1,0,0,0,1,0,1,0,0,0
1,0,1,0,2,1,0,0,0,0,0,0,0,0,20.0,19.0,1.0,0,1,0,1,0,0,3.6635616461296463,0,0,1,1,0,0,0,0,0,1
1,0,0,1,33,1,1,1,0,1,0,0,1,1,95.3,99.2469696969697,-3.9469696969697026,3,6,1,0,0,0,8.09442423147053,0,1,0,1,0,0,1,0,0,0
1,0,1,0,14,1,1,0,0,0,0,0,1,1,85.15,81.37142857142858,3.778571428571425,1,4,0,0,0,1,7.038958964597482,0,1,0,1,0,0,0,0,1,0
1,0,1,1,34,1,1,0,0,1,0,1,1,0,77.2,80.99411764705883,-3.794117647058826,3,6,1,0,0,0,7.921100123670543,1,0,0,0,1,0,1,0,0,0
0,0,1,1,58,0,0,1,0,1,1,1,1,0,59.75,62.48879310344827,-2.7387931034482733,5,6,0,0,0,0,8.195706114352095,1,0,0,0,0,1,0,0,0,1
1,1,1,0,64,1,0,1,0,1,0,0,0,0,80.3,78.4015625,1.8984375,2,4,1,0,0,0,8.520926215005344,0,1,0,0,1,0,0,1,0,0
0,0,1,0,3,1,1,0,0,0,0,1,1,1,95.2,97.61666666666667,-2.4166666666666714,2,5,0,1,0,1,5.68306943305866,0,1,0,1,0,0,0,0,1,0
1,0,0,0,1,1,0,0,0,0,0,1,0,1,79.95,79.95,0.0,1,3,0,1,1,1,4.393831680123644,0,1,0,1,0,0,0,0,1,0
1,0,1,1,49,1,1,0,0,0,0,1,0,0,84.5,86.83367346938776,-2.3336734693877617,1,4,0,0,0,1,8.356049786039481,0,1,0,1,0,0,0,0,1,0
0,0,1,1,39,1,0,0,0,0,0,0,0,0,19.75,19.434615384615388,0.3153846153846125,0,1,0,0,0,0,6.631935899072868,0,0,1,0,0,1,0,0,0,1
0,1,0,0,55,1,1,0,0,1,0,1,1,1,100.15,98.35909090909091,1.7909090909090963,3,6,0,0,1,1,8.596142994394638,0,1,0,0,1,0,0,0,1,0
1,0,0,0,19,1,0,0,0,0,0,1,0,1,78.7,78.68947368421053,0.010526315789476826,1,3,1,0,1,1,7.310617001220186,0,1,0,1,0,0,1,0,0,0
1,0,1,1,12,1,0,0,0,0,0,0,0,1,21.15,25.504166666666666,-4.354166666666668,0,1,0,0,0,0,5.727010600775408,0,0,1,1,0,0,0,0,1,0
0,0,1,0,24,1,0,0,0,0,0,0,0,0,20.15,19.035416666666666,1.1145833333333321,0,1,0,0,0,0,6.126541619553741,0,0,1,0,1,0,0,0,0,1
0,0,0,0,12,1,1,1,1,1,0,0,1,1,99.7,103.20416666666667,-3.504166666666663,4,7,1,0,1,0,7.122423011815303,0,1,0,1,0,0,1,0,0,0
0,1,1,0,60,0,0,0,1,0,0,1,1,1,49.45,48.45916666666667,0.9908333333333346,3,4,1,0,0,0,7.975409954194973,1,0,0,0,0,1,0,1,0,0
1,0,0,0,32,1,1,1,0,0,1,0,0,0,87.65,86.45,1.2000000000000028,2,5,1,0,1,0,7.925663530235284,0,1,0,1,0,0,1,0,0,0
1,1,0,0,54,1,0,0,0,1,1,0,1,0,65.25,65.36944444444444,-0.11944444444444002,3,5,1,0,1,0,8.169322235533594,1,0,0,0,1,0,1,0,0,0
0,1,0,0,55,1,1,0,0,1,0,1,1,1,100.0,100.16909090909091,-0.16909090909091162,3,6,0,0,1,1,8.614374347125786,0,1,0,0,1,0,0,0,1,0
1,0,1,1,30,1,0,0,0,0,0,0,0,0,21.25,23.73,-2.4800000000000004,0,1,0,0,0,0,6.569341158123582,0,0,1,0,0,1,0,0,0,1
1,0,0,0,5,1,0,0,0,0,0,0,0,1,69.75,64.92,4.829999999999998,0,2,0,1,1,1,5.785669634128385,0,1,0,1,0,0,0,0,1,0
1,0,1,1,5,1,1,1,1,0,1,0,0,0,64.4,63.379999999999995,1.0200000000000102,3,6,1,1,0,0,5.761736867916757,1,0,0,1,0,0,0,1,0,0
1,0,1,1,6,1,0,0,0,0,0,0,0,1,20.4,17.933333333333334,2.466666666666665,0,1,1,1,0,0,4.687671407499835,0,0,1,0,0,1,0,1,0,0
1,0,0,0,45,1,0,1,1,1,1,1,1,0,112.2,111.81888888888889,0.3811111111111103,6,8,1,0,1,0,8.523741703034002,0,1,0,0,1,0,0,1,0,0
0,0,0,0,61,1,1,0,1,1,1,1,1,0,88.65,87.23360655737704,1.4163934426229616,5,8,1,0,1,0,8.579651425255848,1,0,0,0,0,1,0,1,0,0
1,1,0,0,50,1,1,0,0,0,0,1,1,1,95.7,96.334,-0.6340000000000003,2,5,0,0,1,1,8.480051914735554,0,1,0,1,0,0,0,0,1,0
1,0,0,0,12,1,1,0,0,1,0,1,0,1,89.55,85.14583333333333,4.404166666666669,2,5,0,0,1,1,6.930250356809508,0,1,0,1,0,0,0,0,1,0
1,0,1,0,72,1,1,1,1,1,1,0,1,0,78.85,80.04374999999999,-1.1937499999999943,5,8,1,0,0,0,8.659412980375532,1,0,0,0,0,1,1,0,0,0
1,0,0,0,43,1,1,0,0,0,0,0,0,0,26.45,25.815116279069766,0.6348837209302332,0,2,1,0,1,0,7.013060793127408,0,0,1,0,0,1,1,0,0,0
0,0,1,1,72,1,1,1,1,1,1,1,1,1,117.6,115.40138888888889,2.1986111111111057,6,9,1,0,0,0,9.025202854082744,0,1,0,0,0,1,1,0,0,0
0,0,1,0,2,1,0,0,0,0,0,0,0,1,70.35,60.125,10.224999999999994,0,2,0,1,0,1,4.7978545298175925,0,1,0,1,0,0,0,0,1,0
0,0,1,0,7,1,0,0,0,1,0,0,0,1,75.15,70.98571428571428,4.164285714285725,1,3,1,0,0,1,6.210399253648137,0,1,0,1,0,0,1,0,0,0
0,0,1,0,21,1,0,1,0,1,1,1,1,0,80.9,81.66428571428571,-0.7642857142857054,5,7,0,0,0,0,7.447722142094264,1,0,0,0,1,0,0,0,0,1
1,0,1,1,37,1,0,0,0,0,0,0,0,0,19.8,18.298648648648648,1.501351351351353,0,1,1,0,0,0,6.519221031533954,0,0,1,0,1,0,0,1,0,0
1,0,1,1,23,1,0,1,0,0,1,1,1,1,99.85,101.3608695652174,-1.510869565217405,4,6,0,0,0,0,7.754610184136298,0,1,0,1,0,0,0,0,1,0
0,0,1,1,16,1,0,1,1,0,1,0,1,0,68.25,69.678125,-1.4281249999999943,4,6,1,0,0,0,7.01737172530546,1,0,0,0,0,1,1,0,0,0
1,0,1,1,68,1,0,1,1,1,0,1,1,1,103.25,104.03529411764706,-0.7852941176470551,5,7,1,0,0,0,8.86437925801575,0,1,0,0,0,1,0,1,0,0
1,0,0,0,10,1,1,0,1,0,0,0,0,1,80.7,78.88,1.8200000000000074,1,4,1,0,1,1,6.671779748852549,0,1,0,1,0,0,1,0,0,0
1,0,1,0,14,1,0,0,0,0,0,0,0,0,44.6,45.80357142857143,-1.2035714285714292,0,2,0,0,0,0,6.464977635989993,1,0,0,0,1,0,0,0,1,0
0,0,1,1,71,1,1,1,1,1,0,1,1,1,109.0,107.91267605633803,1.0873239436619713,5,8,1,0,0,0,8.944132731190946,0,1,0,0,0,1,1,0,0,0
1,0,1,1,58,1,1,0,0,1,1,0,1,0,94.35,95.925,-1.5750000000000028,3,6,1,0,0,0,8.62418936865003,0,1,0,0,0,1,1,0,0,0
0,0,0,0,6,1,1,0,1,0,0,1,0,1,89.75,92.10833333333333,-2.3583333333333343,2,5,0,1,1,1,6.316532718144117,0,1,0,1,0,0,0,0,1,0
1,1,0,0,3,1,1,0,0,1,0,1,0,0,91.05,96.36666666666667,-5.316666666666677,2,5,0,1,1,1,5.670225691127358,0,1,0,1,0,0,0,0,1,0
0,0,0,0,8,1,0,1,1,0,1,0,0,0,58.2,58.65625,-0.45624999999999716,3,5,1,0,1,0,6.15326446818114,1,0,0,0,1,0,1,0,0,0
0,0,1,0,72,1,1,1,1,0,0,0,0,1,84.05,84.05902777777777,-0.009027777777774304,2,5,1,0,0,0,8.708350596872592,0,1,0,0,0,1,1,0,0,0
1,1,1,0,7,1,1,0,0,0,0,1,1,1,95.6,92.05,3.549999999999997,2,5,1,0,0,1,6.469792805281196,0,1,0,1,0,0,1,0,0,0
0,0,1,0,58,1,1,0,0,1,1,1,1,1,102.1,101.47241379310344,0.6275862068965523,4,7,1,0,0,0,8.68039988435051,0,1,0,1,0,0,0,1,0,0
1,0,0,0,6,1,0,1,1,0,0,0,0,1,55.7,55.94166666666666,-0.24166666666666003,2,4,1,1,1,0,5.81904381499129,1,0,0,1,0,0,1,0,0,0
1,0,0,0,31,1,1,0,1,1,0,1,1,1,103.45,98.91774193548386,4.532258064516142,4,7,0,0,1,1,8.02860187653372,0,1,0,0,1,0,0,0,1,0
0,1,1,0,11,1,1,0,0,1,0,1,1,1,99.55,102.83636363636364,-3.286363636363646,3,6,0,0,0,1,7.03191792160256,0,1,0,1,0,0,0,0,1,0
0,1,0,0,56,1,1,0,1,1,1,1,0,1,99.9,101.89821428571429,-1.9982142857142833,4,7,1,0,1,0,8.649501336178066,0,1,0,0,0,1,1,0,0,0
1,0,1,0,69,1,1,1,1,1,1,1,1,1,112.55,113.1376811594203,-0.5876811594202991,6,9,1,0,0,0,8.962840089157234,0,1,0,0,0,1,1,0,0,0
0,0,0,0,52,1,0,0,0,1,0,0,1,1,59.45,58.5326923076923,0.9173076923077019,2,4,0,0,1,0,8.021157653122883,1,0,0,1,0,0,0,0,1,0
0,0,1,0,64,1,0,1,0,1,0,1,1,1,99.0,99.621875,-0.6218750000000028,4,6,1,0,0,0,8.760421683113714,0,1,0,0,0,1,1,0,0,0
0,0,1,0,16,0,0,0,0,0,1,1,1,1,49.95,50.6375,-0.6875,3,4,0,0,0,0,6.698514632836919,1,0,0,1,0,0,0,0,1,0
1,1,1,0,10,1,0,0,1,1,1,1,0,1,92.5,93.41,-0.9099999999999966,4,6,0,0,0,0,6.8406534754414015,0,1,0,1,0,0,0,0,0,1
1,0,1,1,52,1,1,0,0,0,0,0,0,0,25.75,25.881730769230767,-0.1317307692307672,0,2,0,0,0,0,7.205523811634928,0,0,1,0,0,1,0,0,0,1
0,0,0,0,12,1,1,0,1,0,0,1,0,1,89.75,87.7,2.049999999999997,2,5,1,0,1,1,6.959778307049289,0,1,0,1,0,0,1,0,0,0
0,0,1,0,68,1,0,1,0,0,1,0,0,0,55.9,56.6,-0.7000000000000028,2,4,1,0,0,0,8.255776477880534,1,0,0,0,1,0,1,0,0,0
1,0,0,0,1,1,0,0,0,0,0,0,0,1,69.35,69.35,0.0,0,2,0,1,1,1,4.253482783560398,0,1,0,1,0,0,0,0,1,0
1,0,0,0,1,1,0,0,0,0,0,0,0,1,45.6,45.6,0.0,0,2,0,1,1,0,3.8416005411316,1,0,0,1,0,0,0,0,1,0
1,0,1,1,54,1,1,0,0,0,0,0,0,1,24.05,22.794444444444448,1.2555555555555529,0,2,1,0,0,0,7.116312971967928,0,0,1,0,0,1,1,0,0,0
0,0,0,0,9,1,0,0,0,0,0,0,0,0,20.25,20.683333333333334,-0.43333333333333357,0,1,0,0,1,0,5.231910434350438,0,0,1,1,0,0,0,0,0,1
1,0,0,0,1,1,0,0,0,0,0,0,0,1,45.7,45.7,0.0,0,2,0,1,1,0,3.8437441646748516,1,0,0,1,0,0,0,0,0,1
0,1,0,0,9,1,0,0,0,1,0,0,0,0,75.5,70.82222222222222,4.677777777777777,1,3,1,0,1,1,6.458965046135599,0,1,0,1,0,0,0,1,0,0
0,0,1,0,29,1,1,0,0,0,0,0,0,1,74.95,74.10517241379311,0.8448275862068897,0,3,0,0,0,1,7.67324637666525,0,1,0,1,0,0,0,0,1,0
1,0,0,1,40,1,0,0,0,0,0,0,0,1,20.4,21.3725,-0.9725000000000001,0,1,1,0,0,0,6.752153546887564,0,0,1,0,1,0,1,0,0,0
0,0,1,1,40,1,1,0,0,1,1,0,0,1,84.85,82.57625,2.2737499999999926,2,5,0,0,0,0,8.102904267698277,0,1,0,1,0,0,0,0,1,0
0,0,1,1,9,1,0,1,0,0,0,0,0,0,48.6,46.922222222222224,1.6777777777777771,1,3,0,0,0,0,6.048081147526878,1,0,0,0,1,0,0,0,0,1
1,0,1,0,64,1,0,0,1,1,1,1,1,1,102.45,103.9703125,-1.5203125000000028,5,7,1,0,0,0,8.803138757012336,0,1,0,0,1,0,0,1,0,0
1,0,1,0,14,1,0,0,0,1,0,0,0,0,50.2,47.775,2.4250000000000043,1,3,1,0,0,0,6.507053806722995,1,0,0,1,0,0,0,1,0,0
0,1,1,0,22,1,1,0,0,0,0,0,0,0,25.6,24.94545454545454,0.6545454545454596,0,2,1,0,0,0,6.309554575731145,0,0,1,0,1,0,1,0,0,0
0,0,0,0,19,1,0,0,0,0,0,0,1,1,56.2,57.54736842105264,-1.3473684210526358,1,3,0,0,1,0,6.997961546868286,1,0,0,1,0,0,0,0,1,0
1,0,0,0,1,1,0,0,0,0,0,0,0,1,43.85,43.85,0.0,0,2,1,1,1,0,3.803323588504805,1,0,0,1,0,0,1,0,0,0
1,0,0,0,20,1,1,0,0,1,0,1,0,1,88.7,88.0725,0.6274999999999977,2,5,0,0,1,1,7.474460165489695,0,1,0,1,0,0,0,0,1,0
0,1,0,0,1,0,0,0,0,0,0,1,0,1,36.45,36.45,0.0,1,2,0,1,1,0,3.6230067099632284,1,0,0,1,0,0,0,0,1,0
1,0,0,0,19,1,0,0,1,0,0,0,0,1,73.85,74.97368421052632,-1.1236842105263207,1,3,1,0,1,1,7.2622779083527265,0,1,0,1,0,0,0,1,0,0
1,0,1,1,55,1,0,0,0,0,0,0,0,0,20.5,21.417272727272728,-0.9172727272727279,0,1,0,0,0,0,7.072379490817057,0,0,1,0,0,1,0,0,0,1
1,0,0,0,12,1,0,0,1,0,1,0,0,1,53.75,54.05416666666667,-0.30416666666666714,2,4,0,0,1,0,6.4764337563287455,1,0,0,1,0,0,0,0,0,1
1,0,1,1,22,1,0,0,1,1,0,1,1,1,100.05,95.01136363636364,5.038636363636357,4,6,0,0,0,1,7.645517252301033,0,1,0,0,1,0,0,0,0,1
0,0,1,1,38,1,0,0,0,0,0,0,0,1,20.2,19.632894736842104,0.5671052631578952,0,1,0,0,0,0,6.616132117297094,0,0,1,0,0,1,0,0,0,1
1,0,0,1,54,1,0,0,1,1,1,0,0,1,61.0,60.797222222222224,0.20277777777777573,3,5,0,0,0,0,8.096832695791372,1,0,0,0,1,0,0,0,1,0
0,1,1,0,52,1,1,0,1,1,0,1,1,1,106.5,108.11250000000001,-1.6125000000000114,4,7,0,0,0,1,8.634593931784867,0,1,0,0,1,0,0,0,1,0
1,0,0,0,1,1,0,0,0,0,0,0,0,0,20.25,20.25,0.0,0,1,0,1,1,0,3.056356895370426,0,0,1,1,0,0,0,0,0,1
0,0,1,1,30,1,0,0,0,0,0,0,0,0,19.3,20.096666666666668,-0.7966666666666669,0,1,0,0,0,0,6.403408621313855,0,0,1,0,0,1,0,0,0,1
1,0,0,0,1,1,0,0,0,0,0,0,0,1,20.45,20.45,0.0,0,1,0,1,1,0,3.065724645374026,0,0,1,1,0,0,0,0,0,1
1,0,1,1,8,1,1,0,0,0,0,0,0,0,24.4,25.49375,-1.09375,0,2,0,0,0,0,5.322766046950346,0,0,1,0,1,0,0,0,0,1
1,1,0,1,56,1,0,1,0,0,0,1,1,0,94.8,94.00535714285715,0.794642857142847,3,5,1,0,0,0,8.568893403001754,0,1,0,0,1,0,0,1,0,0
1,0,0,1,31,1,1,0,1,0,1,1,1,1,79.45,83.47419354838709,-4.024193548387089,4,7,0,0,0,0,7.8589110981823715,1,0,0,0,1,0,0,0,0,1
0,0,0,0,62,0,0,0,1,1,0,0,1,1,43.6,44.33387096774193,-0.7338709677419288,3,4,1,0,1,0,7.91924709380068,1,0,0,0,0,1,0,1,0,0
1,0,1,1,13,1,0,1,0,0,0,0,1,0,84.05,84.25384615384615,-0.20384615384615756,2,4,0,0,0,0,6.999696152680494,0,1,0,1,0,0,0,0,1,0
0,0,1,0,22,1,0,0,0,0,0,0,0,1,69.25,70.63636363636364,-1.3863636363636402,0,2,0,0,0,1,7.349230824613334,0,1,0,1,0,0,0,0,1,0
0,1,1,0,72,1,1,1,1,1,0,1,1,1,112.4,111.76180555555555,0.6381944444444514,5,8,0,0,0,0,8.993160253994853,0,1,0,0,0,1,0,0,1,0
1,0,0,0,1,1,0,0,0,0,0,1,1,1,62.8,62.8,0.0,2,4,0,1,1,0,4.155753190350744,1,0,0,1,0,0,0,0,0,1
1,1,0,0,64,1,1,1,1,0,0,1,1,1,103.5,102.32265625,1.1773437500000057,4,7,1,0,1,0,8.787166892087088,0,1,0,1,0,0,1,0,0,0
0,0,0,0,64,1,1,1,1,1,1,1,1,1,86.4,85.03203125,1.3679687500000028,6,9,1,0,1,0,8.60209484450261,1,0,0,0,0,1,0,1,0,0
0,0,1,0,15,1,0,1,0,1,0,1,1,0,101.75,111.29333333333334,-9.543333333333337,4,6,0,0,0,0,7.420818397688319,0,1,0,1,0,0,0,0,1,0
1,0,0,0,1,1,0,0,0,0,0,1,0,1,80.55,80.55,0.0,1,3,0,1,1,1,4.401216329067023,0,1,0,1,0,0,0,0,1,0
1,1,1,0,33,1,1,0,0,0,0,1,1,1,94.5,94.10757575757576,0.3924242424242408,2,5,0,0,0,1,8.041268064658302,0,1,0,1,0,0,0,0,1,0
0,0,0,0,29,0,0,1,1,0,1,0,0,0,39.5,37.33620689655172,2.1637931034482776,3,4,1,0,1,0,6.988182528094752,1,0,0,0,1,0,0,1,0,0
0,0,0,0,15,1,1,0,0,0,0,0,0,0,25.05,24.60666666666667,0.4433333333333316,0,2,1,0,1,0,5.9137732393921105,0,0,1,0,0,1,1,0,0,0
1,0,0,0,7,1,1,0,0,0,0,1,1,0,96.2,91.38571428571429,4.814285714285717,2,5,0,0,1,1,6.462561328644976,0,1,0,1,0,0,0,0,1,0
1,0,0,0,65,1,1,0,1,1,0,1,1,0,105.1,102.02846153846154,3.0715384615384522,4,7,1,0,1,1,8.799789855068132,0,1,0,0,0,1,0,1,0,0
1,1,1,1,46,1,1,1,1,1,0,1,0,1,100.7,98.72173913043478,1.9782608695652186,4,7,0,0,0,0,8.421166755161494,0,1,0,1,0,0,0,0,1,0
0,0,0,0,3,1,0,0,1,0,1,1,1,1,75.3,81.36666666666666,-6.066666666666663,4,6,0,1,1,0,5.501666290534067,1,0,0,1,0,0,0,0,1,0
1,0,1,0,63,1,0,1,1,1,1,1,1,1,110.1,106.43968253968254,3.660317460317458,6,8,1,0,0,0,8.81086230571214,0,1,0,0,0,1,0,1,0,0
1,1,1,0,7,1,1,0,0,1,0,1,1,1,101.95,100.12142857142858,1.828571428571422,3,6,0,0,0,1,6.553719705980335,0,1,0,1,0,0,0,0,1,0
0,1,0,0,2,1,0,0,0,0,0,0,1,1,79.6,97.525,-17.92500000000001,1,3,0,1,1,1,5.27836972873834,0,1,0,1,0,0,0,0,1,0
0,0,0,0,35,1,0,0,0,0,0,0,0,0,19.25,17.647142857142857,1.6028571428571432,0,1,1,0,1,0,6.427539684659985,0,0,1,1,0,0,1,0,0,0
0,0,1,1,64,1,0,0,0,0,0,0,0,0,20.2,19.96484375,0.2351562499999993,0,1,0,0,0,0,7.153638317265837,0,0,1,0,0,1,0,0,0,1
1,0,0,0,10,1,0,0,0,0,0,0,0,0,20.0,18.54,1.4600000000000009,0,1,0,0,1,0,5.2278949022514904,0,0,1,1,0,0,0,0,1,0
0,0,1,0,49,1,1,1,0,0,0,1,1,1,100.85,98.92551020408165,1.9244897959183476,3,6,0,0,0,0,8.48639371986271,0,1,0,1,0,0,0,0,0,1
0,0,1,1,12,1,0,0,0,0,0,0,0,0,19.8,19.133333333333333,0.6666666666666679,0,1,1,0,0,0,5.440684607834958,0,0,1,0,1,0,1,0,0,0
1,0,1,1,72,1,1,0,0,0,0,0,0,0,25.55,25.94027777777778,-0.3902777777777793,0,2,1,0,0,0,7.53299828092821,0,0,1,0,0,1,0,1,0,0
1,0,0,0,35,1,0,0,0,0,0,1,0,0,55.0,57.44428571428571,-2.444285714285712,1,3,0,0,1,0,7.606660848152748,1,0,0,1,0,0,0,0,0,1
1,0,1,1,50,1,1,0,0,1,1,1,0,1,69.65,68.843,0.8070000000000022,3,6,0,0,0,0,8.14414202904651,1,0,0,0,1,0,0,0,1,0
1,0,1,0,38,1,1,1,0,0,0,1,0,0,91.7,91.55394736842106,0.14605263157893944,2,5,1,0,0,0,8.154801940481397,0,1,0,1,0,0,1,0,0,0
0,0,0,0,68,1,0,0,0,0,0,0,0,0,20.05,20.39558823529412,-0.34558823529411953,0,1,1,0,1,0,7.235547092361794,0,0,1,0,0,1,1,0,0,0
1,0,0,0,62,1,1,1,1,1,0,0,0,0,90.7,90.1040322580645,0.5959677419354961,3,6,1,0,1,0,8.628278290335924,0,1,0,1,0,0,1,0,0,0
0,0,0,0,7,1,1,0,0,0,0,0,0,1,75.35,80.66428571428571,-5.314285714285717,0,3,0,0,1,1,6.337975512372476,0,1,0,1,0,0,0,0,1,0
0,0,0,0,58,1,1,0,0,0,0,0,0,1,24.7,26.189655172413794,-1.4896551724137943,0,2,1,0,1,0,7.326465613840322,0,0,1,0,0,1,0,1,0,0
1,0,1,1,62,1,0,0,0,0,0,0,0,0,20.45,20.924999999999997,-0.47499999999999787,0,1,1,0,0,0,7.168849506524821,0,0,1,0,0,1,1,0,0,0
1,1,1,1,68,1,1,0,1,1,0,0,0,1,84.65,83.58235294117648,1.0676470588235247,2,5,0,0,0,1,8.645516043111149,0,1,0,1,0,0,0,0,1,0
1,1,1,1,65,1,1,1,1,0,0,0,0,1,85.75,87.51461538461538,-1.7646153846153823,2,5,0,0,0,0,8.646368861639983,0,1,0,1,0,0,0,0,1,0
0,0,1,0,18,1,0,0,0,0,1,0,0,1,50.3,50.486111111111114,-0.1861111111111171,1,3,0,0,0,0,6.8131698364922695,1,0,0,1,0,0,0,0,0,1
0,0,0,0,52,0,0,1,1,1,0,1,1,1,58.75,58.43365384615385,0.3163461538461476,5,6,1,0,1,0,8.019464757127501,1,0,0,0,0,1,1,0,0,0
0,0,0,1,1,1,0,1,0,0,1,0,0,0,54.5,54.5,0.0,2,4,0,1,0,0,4.0163830207523885,1,0,0,1,0,0,0,0,1,0
1,0,1,1,50,1,0,0,1,1,1,1,1,1,103.4,104.728,-1.3279999999999887,5,7,1,0,0,0,8.56358047096936,0,1,0,0,1,0,1,0,0,0
1,0,1,1,26,1,1,0,0,1,1,1,1,1,82.0,80.11923076923077,1.880769230769232,4,7,1,0,0,0,7.6420923863669445,1,0,0,0,1,0,0,1,0,0
0,0,0,0,47,1,0,0,0,1,1,1,1,0,74.45,74.6872340425532,-0.23723404255319736,4,6,0,0,1,0,8.163741618260106,1,0,0,0,0,1,0,0,0,1
0,0,0,0,1,1,0,0,0,0,0,0,1,1,56.25,56.25,0.0,1,3,0,1,1,0,4.047427642434349,1,0,0,1,0,0,0,0,1,0
0,0,0,0,13,1,0,0,0,0,0,0,0,1,20.3,21.184615384615384,-0.8846153846153832,0,1,0,0,1,0,5.621849091893515,0,0,1,1,0,0,0,0,0,1
1,0,0,0,6,1,0,0,0,0,0,0,0,0,20.65,18.216666666666665,2.4333333333333336,0,1,0,1,1,0,4.703203926259457,0,0,1,1,0,0,0,0,0,1
1,0,0,0,24,1,0,0,0,0,0,0,0,0,20.75,20.29375,0.4562500000000007,0,1,0,0,1,0,6.1904178596209745,0,0,1,0,0,1,0,0,0,1
1,0,0,0,1,1,0,0,0,0,0,1,0,1,79.5,79.5,0.0,1,3,0,1,1,1,4.388257184424518,0,1,0,1,0,0,0,0,1,0
1,1,0,0,1,1,0,0,0,0,0,0,0,0,44.0,44.0,0.0,0,2,0,1,1,0,3.8066624897703196,1,0,0,1,0,0,0,0,1,0
0,0,0,0,40,1,1,0,1,1,0,1,0,1,93.4,93.91,-0.5099999999999909,3,6,1,0,1,1,8.2314825078332,0,1,0,1,0,0,1,0,0,0
0,0,1,1,4,1,1,0,1,0,0,1,1,1,97.95,96.125,1.8250000000000028,3,6,0,1,0,1,5.954541193003384,0,1,0,1,0,0,0,0,1,0
1,0,0,0,37,1,0,0,0,0,0,0,0,0,20.15,21.236486486486488,-1.0864864864864892,0,1,1,0,1,0,6.667910535944516,0,0,1,0,1,0,0,1,0,0
1,0,1,0,29,1,1,0,1,0,0,0,0,1,80.15,78.11206896551724,2.0379310344827672,1,4,1,0,0,1,7.7258817620690605,0,1,0,1,0,0,1,0,0,0
1,1,0,0,35,1,0,0,0,1,1,1,1,1,73.0,70.60714285714286,2.392857142857139,4,6,0,0,1,0,7.8128839461501,1,0,0,0,1,0,0,0,1,0
0,0,0,0,60,1,1,0,0,0,0,0,0,0,25.0,25.084166666666665,-0.08416666666666472,0,2,0,0,1,0,7.317245608339922,0,0,1,0,0,1,0,0,0,1
0,0,1,1,11,1,0,0,0,0,0,0,0,0,20.6,21.263636363636365,-0.663636363636364,0,1,0,0,0,0,5.459159891664867,0,0,1,0,1,0,0,0,0,1
1,0,0,0,50,1,1,1,1,1,1,1,1,0,114.35,115.822,-1.4720000000000084,6,9,1,0,1,0,8.664250199109881,0,1,0,0,1,0,0,1,0,0
0,0,0,0,29,1,1,0,0,0,0,1,1,1,71.0,71.72758620689655,-0.7275862068965466,2,5,1,0,1,0,7.640651879059365,1,0,0,0,1,0,0,1,0,0
0,0,0,0,2,1,0,0,0,0,0,1,0,1,80.65,72.075,8.575000000000003,1,3,0,1,1,1,4.977767690470639,0,1,0,1,0,0,0,0,1,0
1,0,0,0,37,1,1,1,1,1,1,0,0,0,67.45,66.03513513513514,1.4148648648648674,4,7,0,0,1,0,7.801514062349206,1,0,0,0,1,0,0,0,1,0
1,0,1,1,68,1,1,0,0,0,0,0,0,1,24.0,24.474999999999998,-0.47499999999999787,0,2,1,0,0,0,7.417760566364225,0,0,1,0,0,1,1,0,0,0
1,1,0,1,1,1,0,0,0,1,0,0,0,1,50.15,50.15,0.0,1,3,0,1,0,0,3.9347624923976356,1,0,0,1,0,0,0,0,0,1
1,0,1,0,67,1,1,0,0,0,0,0,0,0,25.6,26.64029850746269,-1.040298507462687,0,2,1,0,0,0,7.487677768827454,0,0,1,0,0,1,0,1,0,0
1,0,1,1,59,1,0,0,0,0,0,0,0,0,19.85,20.139830508474578,-0.2898305084745765,0,1,0,0,0,0,7.081078135312391,0,0,1,0,0,1,0,0,0,1
1,0,1,0,59,1,1,0,0,1,0,1,1,1,99.5,101.035593220339,-1.5355932203389955,3,6,1,0,0,1,8.693178046992355,0,1,0,0,1,0,1,0,0,0
0,0,0,0,41,0,0,0,1,0,0,0,1,1,40.35,40.923170731707316,-0.5731707317073145,2,3,0,0,1,0,7.425864314194387,1,0,0,1,0,0,0,0,1,0
0,0,0,0,26,0,0,0,0,1,0,1,1,1,50.35,49.13461538461539,1.2153846153846146,3,4,1,0,1,0,7.153442794731241,1,0,0,1,0,0,0,1,0,0
1,0,0,0,1,1,0,0,0,0,0,0,0,1,69.1,69.1,0.0,0,2,0,1,1,1,4.249922794040544,0,1,0,1,0,0,0,0,1,0
0,0,1,1,48,1,1,1,1,0,0,1,1,1,105.25,104.11458333333333,1.1354166666666714,4,7,1,0,0,0,8.516893146407236,0,1,0,1,0,0,0,1,0,0
0,0,1,1,7,1,0,0,0,0,0,0,0,0,20.45,21.535714285714285,-1.0857142857142854,0,1,0,0,0,0,5.022234429939608,0,0,1,1,0,0,0,0,0,1
0,0,0,0,1,1,0,0,0,0,0,0,0,1,70.3,70.3,0.0,0,2,0,1,1,1,4.26689632742025,0,1,0,1,0,0,0,0,1,0
0,0,1,1,72,1,1,1,1,1,0,1,1,1,83.6,82.76805555555556,0.8319444444444315,5,8,1,0,0,0,8.692876094363072,1,0,0,0,0,1,0,1,0,0
1,0,0,0,1,1,0,0,0,0,0,0,0,1,44.3,44.3,0.0,0,2,0,1,1,0,3.8133070324889884,1,0,0,1,0,0,0,0,0,1
1,0,1,1,54,1,1,0,1,0,1,1,1,1,105.2,104.40462962962964,0.7953703703703638,4,7,0,0,0,0,8.63743542299231,0,1,0,0,1,0,0,0,1,0
1,0,0,0,20,1,1,0,0,0,0,1,0,1,85.25,86.725,-1.4749999999999943,1,4,0,0,1,1,7.4590508353018405,0,1,0,1,0,0,0,0,1,0
1,0,0,0,4,1,0,0,0,0,0,0,0,0,44.55,55.1875,-10.637500000000003,0,2,0,1,1,0,5.401550621189688,1,0,0,1,0,0,0,0,0,1
0,0,1,1,41,1,0,0,0,0,0,0,0,0,19.7,19.615853658536587,0.08414634146341271,0,1,1,0,0,0,6.691152788211308,0,0,1,0,0,1,1,0,0,0
1,0,0,0,5,1,1,0,0,0,0,0,0,0,47.15,44.63,2.519999999999996,0,3,0,1,1,0,5.412315470601449,1,0,0,1,0,0,0,0,1,0
0,0,0,0,72,1,1,0,0,0,0,0,0,0,25.45,25.922916666666666,-0.47291666666666643,0,2,1,0,1,0,7.5323291428868355,0,0,1,0,0,1,0,1,0,0
0,1,0,0,1,1,0,0,0,0,0,0,0,1,69.6,69.6,0.0,0,2,0,1,1,1,4.257030144499196,0,1,0,1,0,0,0,0,1,0
0,0,0,0,15,1,1,0,1,0,0,1,1,1,100.15,94.33333333333333,5.816666666666677,3,6,0,0,1,1,7.255591274253665,0,1,0,1,0,0,0,0,1,0
1,0,0,0,1,1,1,0,0,0,0,0,0,1,74.25,74.25,0.0,0,3,0,1,1,1,4.3208159036289855,0,1,0,1,0,0,0,0,0,1
0,0,0,0,8,1,1,0,0,0,0,0,0,1,74.6,68.6125,5.987499999999997,0,3,1,0,1,1,6.309736443513769,0,1,0,1,0,0,0,1,0,0
1,0,0,0,33,0,0,0,1,0,0,1,0,1,39.1,39.666666666666664,-0.5666666666666629,2,3,0,0,1,0,7.177782416195197,1,0,0,0,1,0,0,0,1,0
1,0,0,0,1,1,0,0,0,0,0,0,0,0,18.9,18.9,0.0,0,1,0,1,1,0,2.990719731730447,0,0,1,1,0,0,0,0,0,1
1,0,0,0,13,1,0,0,0,0,0,0,0,0,19.3,19.97307692307692,-0.6730769230769198,0,1,1,0,1,0,5.563178511214115,0,0,1,0,1,0,0,1,0,0
1,0,0,0,54,1,0,1,1,0,1,1,1,1,105.4,104.5074074074074,0.8925925925926066,5,7,1,0,1,0,8.638419182183606,0,1,0,0,1,0,0,1,0,0
0,0,1,0,67,1,0,0,0,0,0,0,0,1,20.85,19.811940298507466,1.0380597014925357,0,1,1,0,0,0,7.191730489502592,0,0,1,0,1,0,1,0,0,0
0,0,1,1,26,0,0,1,1,0,1,0,0,0,38.85,39.42884615384616,-0.5788461538461576,3,4,1,0,0,0,6.933569213875117,1,0,0,1,0,0,0,1,0,0
1,0,1,1,44,0,0,0,0,1,1,1,1,1,54.3,52.66136363636363,1.6386363636363654,4,5,0,0,0,0,7.748503163607648,1,0,0,0,1,0,0,0,1,0
1,1,0,1,7,1,0,0,0,0,0,0,0,1,45.75,49.17142857142857,-3.421428571428571,0,2,0,0,0,0,5.844123959209273,1,0,0,1,0,0,0,0,0,1
1,1,1,0,72,0,0,1,1,1,1,1,1,1,63.1,65.07708333333333,-1.9770833333333329,6,7,1,0,0,0,8.452451983072336,1,0,0,0,0,1,1,0,0,0
0,0,0,0,56,1,1,0,1,1,0,1,1,1,106.8,105.61428571428571,1.1857142857142833,4,7,0,0,1,1,8.68531439880905,0,1,0,0,1,0,0,0,1,0
1,1,0,0,47,1,1,0,1,0,1,0,0,0,59.6,58.59574468085106,1.004255319148939,2,5,1,0,1,0,7.9211727215870145,1,0,0,0,0,1,1,0,0,0
0,0,1,0,1,0,0,0,1,0,0,0,0,1,29.85,29.85,0.0,1,2,0,1,0,0,3.4291367503513968,1,0,0,1,0,0,0,0,1,0
1,0,1,0,66,1,1,0,1,0,1,1,1,1,104.05,104.39393939393939,-0.34393939393939377,4,7,0,0,0,0,8.837971491357209,0,1,0,0,1,0,0,0,1,0
0,0,1,1,52,1,1,1,1,1,0,0,1,0,98.15,96.02692307692307,2.123076923076937,4,7,1,0,0,0,8.516072563747533,0,1,0,1,0,0,1,0,0,0
1,0,0,1,30,1,1,0,0,0,0,0,0,0,25.35,24.11,1.240000000000002,0,2,1,0,0,0,6.5852056712012805,0,0,1,0,1,0,1,0,0,0
0,0,1,1,52,1,1,0,0,1,0,1,1,0,101.25,101.94423076923077,-0.6942307692307708,3,6,1,0,0,1,8.575858247478351,0,1,0,0,1,0,1,0,0,0
1,0,0,0,7,1,0,0,0,0,0,0,0,0,19.25,16.04285714285714,3.207142857142859,0,1,0,0,1,0,4.730039168033961,0,0,1,1,0,0,0,0,1,0
1,0,1,0,61,1,1,1,1,0,0,1,1,1,106.2,104.51147540983607,1.6885245901639365,4,7,0,0,0,0,8.760327587606705,0,1,0,1,0,0,0,0,1,0
1,0,1,0,71,1,1,0,1,1,0,0,1,1,93.25,93.93591549295775,-0.6859154929577471,3,6,1,0,0,1,8.80544260290079,0,1,0,1,0,0,1,0,0,0
1,0,0,0,1,0,0,0,0,0,0,0,0,0,24.8,24.8,0.0,0,1,1,1,1,0,3.250374491927572,1,0,0,1,0,0,1,0,0,0
1,0,0,0,8,1,0,0,0,0,0,0,0,1,19.7,21.1125,-1.4125000000000014,0,1,1,0,1,0,5.135210028677887,0,0,1,1,0,0,1,0,0,0
1,0,0,0,1,1,1,0,0,0,0,0,0,1,25.0,25.0,0.0,0,2,0,1,1,0,3.258096538021482,0,0,1,1,0,0,0,0,0,1
1,0,0,0,2,1,0,0,0,0,1,0,0,1,50.2,54.625,-4.424999999999997,1,3,1,1,1,0,4.702750514326955,1,0,0,1,0,0,0,1,0,0
1,0,0,0,12,1,0,1,0,0,1,0,0,0,56.65,54.57083333333333,2.0791666666666657,2,4,0,0,1,0,6.485932104261154,1,0,0,1,0,0,0,0,0,1
0,0,0,0,30,1,0,0,0,0,0,0,0,0,19.4,19.283333333333335,0.11666666666666359,0,1,1,0,1,0,6.362165662779806,0,0,1,0,0,1,0,1,0,0
1,1,1,0,40,1,0,1,1,1,1,1,0,1,98.15,102.92,-4.769999999999996,5,7,1,0,0,0,8.323074319142645,0,1,0,0,1,0,0,1,0,0
0,0,1,0,68,1,1,1,1,1,0,1,1,1,110.8,111.08235294117648,-0.2823529411764838,5,8,1,0,0,0,8.92991192823571,0,1,0,0,0,1,1,0,0,0
1,0,1,1,62,1,1,1,1,1,1,1,1,0,115.55,115.46854838709677,0.08145161290322278,6,9,1,0,0,0,8.876272243170533,0,1,0,0,0,1,1,0,0,0
1,0,1,1,31,1,1,1,0,1,0,1,0,0,98.05,99.42258064516129,-1.3725806451612925,3,6,1,0,0,0,8.033690863299137,0,1,0,0,1,0,1,0,0,0
1,0,0,1,19,0,0,0,0,0,0,0,0,1,25.35,29.794736842105266,-4.444736842105264,0,1,1,0,0,0,6.340535655019982,1,0,0,1,0,0,0,1,0,0
0,0,1,0,33,1,1,0,0,1,1,0,1,1,95.0,91.1560606060606,3.8439393939393938,3,6,1,0,0,0,8.009412925836207,0,1,0,1,0,0,0,1,0,0
1,0,1,0,56,1,1,0,1,1,0,0,0,0,59.5,60.52232142857143,-1.0223214285714306,2,5,1,0,0,0,8.128658943968055,1,0,0,0,0,1,0,1,0,0
1,0,0,0,72,1,1,1,1,1,1,1,1,0,86.65,86.45555555555556,0.19444444444444287,6,9,1,0,1,0,8.73645722713191,1,0,0,0,0,1,1,0,0,0
1,0,1,0,65,1,1,0,1,0,0,0,1,1,90.65,91.24615384615385,-0.5961538461538396,2,5,0,0,0,1,8.688116703257823,0,1,0,1,0,0,0,0,1,0
0,0,1,1,63,1,0,0,0,0,0,0,0,0,20.0,19.194444444444443,0.8055555555555571,0,1,1,0,0,0,7.0985822288198035,0,0,1,0,0,1,0,1,0,0
1,0,1,1,42,1,0,0,0,0,0,0,0,0,19.35,20.65,-1.2999999999999972,0,1,0,0,0,0,6.7665372770665995,0,0,1,0,0,1,0,0,0,1
0,1,0,0,4,1,1,0,0,0,0,0,0,1,74.9,80.4375,-5.537499999999994,0,3,0,1,1,1,5.776878029726752,0,1,0,1,0,0,0,0,1,0
0,1,1,1,11,1,1,0,0,1,0,0,0,1,78.1,78.62272727272727,-0.5227272727272805,1,4,1,0,0,1,6.76371168339816,0,1,0,1,0,0,0,1,0,0
0,0,1,1,71,1,0,0,0,1,0,0,0,0,76.05,76.56971830985916,-0.519718309859158,1,3,0,0,0,1,8.601065479952362,0,1,0,0,0,1,0,0,1,0
1,0,0,0,2,1,0,0,0,0,0,0,0,0,20.05,16.85,3.1999999999999993,0,1,0,1,1,0,3.5467396869528134,0,0,1,1,0,0,0,0,0,1
0,0,0,0,1,0,0,0,0,0,0,0,0,1,25.15,25.15,0.0,0,1,0,1,1,0,3.263849190510932,1,0,0,1,0,0,0,0,0,1
0,0,1,0,48,0,0,0,1,1,0,0,0,0,34.7,33.427083333333336,1.2729166666666671,2,3,0,0,0,0,7.381190513529568,1,0,0,0,1,0,0,0,0,1
0,1,0,0,8,1,1,0,1,1,0,1,1,1,105.5,103.69375,1.8062500000000057,4,7,0,0,1,1,6.7220881319370855,0,1,0,1,0,0,0,0,1,0
1,0,1,1,71,1,1,1,0,0,0,1,0,1,66.2,66.09225352112676,0.10774647887323852,2,5,0,0,0,0,8.45394450475109,1,0,0,0,1,0,0,0,1,0
1,0,0,0,17,1,0,1,0,0,0,1,1,0,93.85,95.62647058823529,-1.7764705882352985,3,5,0,0,1,0,7.394277964224954,0,1,0,1,0,0,0,0,1,0
1,0,1,0,38,1,0,0,0,0,0,0,0,0,20.4,19.56578947368421,0.8342105263157897,0,1,1,0,0,0,6.612712852124064,0,0,1,0,0,1,1,0,0,0
0,0,0,0,40,1,0,0,0,1,0,0,0,1,50.25,50.58875,-0.33874999999999744,1,3,0,0,1,0,7.613102732623401,1,0,0,0,1,0,0,0,0,1
0,0,0,0,16,1,0,0,1,0,1,0,0,1,53.9,52.134375,1.765625,2,4,0,0,1,0,6.727611349435956,1,0,0,1,0,0,0,0,0,1
1,0,0,0,44,1,0,0,0,0,0,0,0,0,68.85,67.24886363636364,1.601136363636357,0,2,1,0,1,1,7.992927655283545,0,1,0,1,0,0,0,1,0,0
0,0,0,0,42,1,0,0,0,0,0,0,0,1,20.75,20.10595238095238,0.644047619047619,0,1,1,0,1,0,6.739869029984439,0,0,1,0,0,1,1,0,0,0
0,0,0,0,15,1,0,0,0,0,0,1,0,0,56.15,62.126666666666665,-5.976666666666667,1,3,0,0,1,0,6.838298013966916,1,0,0,0,1,0,0,0,0,1
0,0,1,1,67,1,1,1,0,0,1,1,1,0,106.7,104.61940298507463,2.080597014925374,4,7,1,0,0,0,8.855164304161185,0,1,0,0,0,1,0,1,0,0
0,0,1,0,37,1,1,0,0,1,0,1,1,1,99.5,101.67567567567568,-2.175675675675677,3,6,0,0,0,1,8.232971790593437,0,1,0,1,0,0,0,0,1,0
0,0,0,0,1,1,0,0,0,0,0,0,0,0,71.1,71.1,0.0,0,2,0,1,1,1,4.278054044290903,0,1,0,1,0,0,0,0,0,1
1,0,0,0,39,1,0,0,0,1,1,0,0,0,81.9,82.5576923076923,-0.6576923076923009,2,4,0,0,1,0,8.077369530671634,0,1,0,0,1,0,0,0,1,0
1,0,1,1,31,1,1,1,1,0,1,0,1,1,75.25,75.62903225806451,-0.37903225806451246,4,7,1,0,0,0,7.760253877768513,1,0,0,0,1,0,1,0,0,0
0,0,1,0,50,1,1,1,1,0,1,1,1,1,109.65,108.116,1.534000000000006,5,8,1,0,0,0,8.595412699609673,0,1,0,1,0,0,1,0,0,0
0,1,1,0,65,1,0,1,1,1,0,0,1,0,94.4,94.24846153846153,0.15153846153847894,4,6,0,0,0,0,8.72048499422784,0,1,0,1,0,0,0,0,1,0
1,0,0,0,16,1,0,0,0,0,0,0,0,0,20.0,17.23125,2.7687500000000007,0,1,0,0,1,0,5.62293388679288,0,0,1,1,0,0,0,0,0,1
1,1,1,0,72,1,1,1,1,1,1,1,1,1,114.5,115.7215277777778,-1.2215277777777942,6,9,0,0,0,0,9.027972814124196,0,1,0,0,0,1,0,0,0,1
0,0,0,0,1,1,0,1,0,0,0,0,0,1,48.6,48.6,0.0,1,3,1,1,1,0,3.903990833730882,1,0,0,1,0,0,0,1,0,0
1,0,1,1,72,1,0,0,0,0,0,0,0,0,21.0,20.74652777777778,0.25347222222222143,0,1,1,0,0,0,7.309714247761014,0,0,1,0,0,1,1,0,0,0
0,0,0,0,2,0,0,0,0,0,0,1,1,1,45.25,42.75,2.5,2,3,0,1,1,0,4.460144413937834,1,0,0,1,0,0,0,0,1,0
1,0,0,0,13,1,0,0,1,0,1,1,1,0,73.35,71.6576923076923,1.6923076923076934,4,6,0,0,1,0,6.837922769383456,1,0,0,1,0,0,0,0,0,1
1,1,1,0,2,1,0,0,0,1,0,1,1,1,95.5,90.825,4.674999999999997,3,5,1,1,0,1,5.207571753241291,0,1,0,1,0,0,0,1,0,0
0,1,0,0,11,1,0,0,0,0,0,1,1,0,89.7,95.24545454545455,-5.545454545454547,2,4,1,0,1,1,6.955306580840359,0,1,0,1,0,0,1,0,0,0
1,0,1,1,8,1,0,0,0,1,0,1,1,1,94.75,94.94375,-0.19374999999999432,3,5,0,0,0,1,6.634041855757752,0,1,0,1,0,0,0,0,1,0
1,0,0,0,18,1,0,1,0,1,1,1,0,1,68.35,72.21111111111111,-3.8611111111111143,4,6,0,0,1,0,7.170734738793546,1,0,0,1,0,0,0,0,1,0
1,0,0,0,15,1,1,0,1,0,1,0,0,1,58.6,62.64666666666667,-4.046666666666667,2,5,1,0,1,0,6.846624278977906,1,0,0,1,0,0,0,1,0,0
0,0,0,0,1,1,0,0,0,0,0,0,0,0,19.95,19.95,0.0,0,1,1,1,1,0,3.0421386463681466,0,0,1,1,0,0,0,1,0,0
0,0,0,0,14,1,0,1,0,0,1,0,0,0,55.7,56.79642857142857,-1.096428571428568,2,4,0,0,1,0,6.679787610302435,1,0,0,0,1,0,0,0,0,1
1,0,0,0,31,1,0,1,1,1,1,1,0,1,72.45,69.55645161290323,2.8935483870967715,5,7,1,0,1,0,7.676589541388417,1,0,0,1,0,0,1,0,0,0
1,0,0,0,2,1,0,1,0,1,0,0,0,1,55.1,56.675,-1.5749999999999957,2,4,0,1,1,0,4.73926392046879,1,0,0,1,0,0,0,0,0,1
1,0,1,1,9,1,0,0,0,0,0,0,0,0,19.6,21.933333333333334,-2.333333333333332,0,1,0,0,0,0,5.290285194850773,0,0,1,0,0,1,0,0,0,1
0,0,0,0,1,1,0,0,0,0,0,0,0,0,20.95,20.95,0.0,0,1,0,1,1,0,3.08876713952118,0,0,1,1,0,0,0,0,0,1
1,0,1,0,66,1,1,0,1,1,0,1,1,1,105.0,108.07954545454545,-3.0795454545454533,4,7,1,0,0,1,8.872662408758712,0,1,0,1,0,0,0,1,0,0
0,0,0,0,7,1,0,0,0,0,0,1,0,1,79.7,83.72142857142856,-4.021428571428558,1,3,0,0,1,1,6.375109995076221,0,1,0,1,0,0,0,0,1,0
1,0,0,0,1,1,0,0,0,0,0,0,0,1,45.7,45.7,0.0,0,2,0,1,1,0,3.8437441646748516,1,0,0,1,0,0,0,0,0,1
0,0,1,0,72,1,1,1,1,1,1,1,1,1,113.65,112.83611111111111,0.8138888888888971,6,9,1,0,0,0,9.0027256222796,0,1,0,0,0,1,0,1,0,0
1,0,0,0,33,1,1,0,1,0,0,0,0,1,54.65,50.46060606060606,4.189393939393938,1,4,1,0,1,0,7.418300863540809,1,0,0,1,0,0,1,0,0,0
0,0,0,0,12,1,0,0,1,0,1,0,0,1,54.3,54.541666666666664,-0.24166666666666714,2,4,0,0,1,0,6.4853983032037545,1,0,0,1,0,0,0,0,1,0
0,0,0,0,4,1,1,0,0,0,0,0,0,1,75.65,75.5875,0.0625,0,3,0,1,1,1,5.714887254388307,0,1,0,1,0,0,0,0,1,0
0,0,0,0,21,1,0,0,1,0,1,1,1,1,99.15,93.16190476190476,5.988095238095241,4,6,1,0,1,0,7.5793723409917195,0,1,0,1,0,0,1,0,0,0
0,0,1,0,53,1,0,1,1,1,0,1,1,1,106.1,108.86320754716981,-2.763207547169813,5,7,1,0,0,0,8.660557333724107,0,1,0,0,1,0,1,0,0,0
1,0,1,1,9,1,0,0,0,1,1,1,1,0,103.1,107.82777777777778,-4.7277777777777885,4,6,0,0,0,0,6.878789800689122,0,1,0,1,0,0,0,0,1,0
1,1,1,0,11,1,0,0,0,0,0,0,0,0,19.95,19.522727272727273,0.4272727272727259,0,1,0,0,0,0,5.374120329963537,0,0,1,1,0,0,0,0,0,1
0,0,1,0,47,1,1,0,0,0,0,0,0,0,26.9,26.613829787234042,0.2861702127659562,0,2,0,0,0,0,7.132377736175746,0,0,1,0,1,0,0,0,1,0
0,0,0,0,12,1,0,1,0,0,1,1,1,1,98.9,93.41250000000001,5.487499999999997,4,6,1,0,1,0,7.022823521809812,0,1,0,1,0,0,1,0,0,0
0,1,1,0,3,0,0,0,1,0,0,0,0,1,30.75,27.616666666666664,3.1333333333333364,1,2,0,1,0,0,4.429029488269218,1,0,0,1,0,0,0,0,1,0
0,0,1,1,23,1,0,1,1,0,1,0,0,1,57.75,55.77608695652174,1.9739130434782624,3,5,0,0,0,0,7.157618654995728,1,0,0,0,1,0,0,0,0,1
1,0,1,0,63,1,1,0,1,0,1,0,1,0,67.25,67.20873015873015,0.04126984126985178,3,6,0,0,0,0,8.351174025585241,1,0,0,0,0,1,0,0,0,1
1,0,0,1,27,1,0,1,1,0,0,0,0,0,56.2,58.0574074074074,-1.8574074074074005,2,4,0,0,0,0,7.357906904712707,1,0,0,0,1,0,0,0,0,1
1,0,0,1,30,1,0,0,1,1,0,1,0,0,64.5,64.33166666666666,0.16833333333333655,3,5,1,0,0,0,7.565767388773753,1,0,0,0,1,0,0,1,0,0
1,0,1,1,60,1,1,0,1,0,1,1,1,1,103.75,99.49916666666667,4.250833333333333,4,7,1,0,0,0,8.6946613227052,0,1,0,1,0,0,1,0,0,0
0,0,1,1,56,1,1,1,0,1,0,0,1,1,68.75,68.0,0.75,3,6,1,0,0,0,8.245121966478605,1,0,0,0,1,0,1,0,0,0
0,0,0,0,2,1,0,0,0,0,0,0,0,0,20.35,17.55,2.8000000000000007,0,1,1,1,1,0,3.586292865338835,0,0,1,1,0,0,0,1,0,0
0,0,0,0,54,1,0,1,0,1,1,1,1,0,80.6,79.6287037037037,0.9712962962962877,5,7,0,0,1,0,8.366591207512721,1,0,0,0,0,1,0,0,1,0
1,0,1,1,51,1,0,1,0,0,1,1,1,1,76.4,77.77058823529413,-1.3705882352941217,4,6,1,0,0,0,8.285841041552139,1,0,0,0,1,0,1,0,0,0
0,0,1,0,64,0,0,1,0,1,1,0,1,0,47.85,49.1796875,-1.3296874999999986,4,5,0,0,0,0,8.054681427928797,1,0,0,0,0,1,0,0,1,0
1,0,0,0,1,1,0,0,0,0,0,0,1,1,79.25,79.25,0.0,1,3,0,1,1,1,4.385146762010125,0,1,0,1,0,0,0,0,1,0
1,0,0,0,13,1,0,0,0,0,0,0,0,0,19.45,20.784615384615385,-1.334615384615386,0,1,0,0,1,0,5.60285655606624,0,0,1,0,1,0,0,0,0,1
0,0,1,1,67,0,0,1,0,0,1,0,0,0,35.7,37.9955223880597,-2.2955223880596947,2,3,1,0,0,0,7.842553682412031,1,0,0,0,0,1,0,1,0,0
1,1,0,0,42,1,1,0,1,0,0,0,0,1,79.35,79.62142857142857,-0.27142857142857224,1,4,1,0,1,1,8.115251867481689,0,1,0,1,0,0,1,0,0,0
1,0,0,0,41,1,1,0,0,1,0,0,1,0,65.0,61.75121951219513,3.248780487804872,2,5,0,0,1,0,7.837080689126748,1,0,0,0,1,0,0,0,0,1
1,0,0,0,1,1,1,0,0,0,0,0,0,1,50.45,50.45,0.0,0,3,0,1,1,0,3.9406104622800586,1,0,0,1,0,0,0,0,1,0
0,0,1,1,1,0,0,0,0,0,1,1,0,0,40.1,40.1,0.0,2,3,0,1,0,0,3.716008121502189,1,0,0,1,0,0,0,0,1,0
1,0,1,1,25,1,1,0,0,0,0,1,0,0,60.35,56.18600000000001,4.163999999999994,1,4,0,0,0,0,7.2482551082379425,1,0,0,1,0,0,0,0,1,0
0,0,0,0,29,1,1,0,0,1,0,1,1,1,98.6,101.14482758620689,-2.5448275862068925,3,6,1,0,1,1,7.984190122705543,0,1,0,1,0,0,0,1,0,0
0,0,1,1,24,1,1,0,0,0,0,0,0,0,24.7,23.822916666666668,0.8770833333333314,0,2,0,0,0,0,6.350449321333605,0,0,1,0,0,1,0,0,0,1
0,0,0,0,2,1,0,1,1,0,0,1,0,1,91.15,84.25,6.900000000000006,3,5,0,1,1,0,5.1328529268205045,0,1,0,1,0,0,0,0,1,0
1,0,0,0,49,1,1,0,0,0,1,1,0,1,66.15,65.28571428571429,0.8642857142857139,2,5,1,0,1,0,8.070906088787819,1,0,0,0,0,1,1,0,0,0
1,0,1,0,72,0,0,1,1,1,0,0,0,0,42.1,41.138888888888886,0.9611111111111157,3,4,1,0,0,0,7.993957547573565,1,0,0,0,0,1,1,0,0,0
0,0,0,0,3,1,0,0,0,0,0,0,0,0,18.8,18.666666666666668,0.13333333333333286,0,1,0,1,1,0,4.04305126783455,0,0,1,1,0,0,0,0,0,1
0,0,1,1,5,1,0,0,0,0,0,1,0,1,80.85,71.22,9.629999999999995,1,3,0,1,0,1,5.878015854600402,0,1,0,1,0,0,0,0,1,0
0,0,1,0,72,1,0,0,0,0,0,0,0,0,20.5,20.864583333333332,-0.36458333333333215,0,1,1,0,0,0,7.3153847099196785,0,0,1,0,0,1,0,1,0,0
0,1,1,0,67,1,1,1,1,1,1,0,1,1,105.4,105.0089552238806,0.3910447761194007,5,8,1,0,0,0,8.858880377946525,0,1,0,0,1,0,0,1,0,0
1,1,0,0,1,1,0,0,0,0,0,0,0,1,69.75,69.75,0.0,0,2,0,1,1,1,4.259152536523347,0,1,0,1,0,0,0,0,1,0
0,0,0,0,2,0,0,0,1,0,0,1,1,0,51.4,48.4,3.0,3,4,0,1,1,0,4.582924577040772,1,0,0,1,0,0,0,0,1,0
0,0,1,1,69,1,0,0,0,0,0,0,0,0,20.2,20.473188405797103,-0.2731884057971037,0,1,1,0,0,0,7.253930291064735,0,0,1,0,0,1,1,0,0,0
0,0,1,1,17,1,1,1,0,1,0,1,1,1,104.2,102.55882352941177,1.6411764705882348,4,7,0,0,0,0,7.464223260626829,0,1,0,1,0,0,0,0,1,0
0,1,0,0,36,1,1,0,0,0,0,0,0,1,74.9,73.8736111111111,1.0263888888889028,0,3,1,0,1,1,7.886250560399949,0,1,0,1,0,0,1,0,0,0
0,0,0,0,7,1,0,0,0,0,0,0,0,0,19.3,20.707142857142856,-1.4071428571428548,0,1,0,0,1,0,4.983264097300124,0,0,1,1,0,0,0,0,0,1
0,0,1,0,72,1,1,0,1,1,1,1,1,1,109.25,112.63611111111112,-3.38611111111112,5,8,0,0,0,0,9.000951785894308,0,1,0,0,1,0,0,0,1,0
1,1,0,0,55,0,0,0,0,1,0,1,1,1,50.05,49.880909090909086,0.16909090909091162,3,4,1,0,1,0,7.917335969569298,1,0,0,0,1,0,1,0,0,0
0,1,0,0,26,1,1,1,1,0,0,0,1,1,95.0,96.04615384615384,-1.0461538461538424,3,6,0,0,1,0,7.823325751531809,0,1,0,1,0,0,0,0,1,0
1,0,1,1,39,1,1,0,0,1,0,1,1,0,100.0,98.3474358974359,1.6525641025640994,3,6,0,0,0,1,8.252328804244902,0,1,0,0,1,0,0,0,1,0
1,0,0,0,2,1,0,1,1,0,0,1,1,0,100.2,99.25,0.9500000000000028,4,6,0,1,1,0,5.295814236329918,0,1,0,1,0,0,0,0,1,0
1,0,0,0,68,1,1,0,1,1,1,1,1,0,108.45,105.53750000000001,2.9124999999999943,5,8,0,0,1,0,8.878713378184818,0,1,0,0,1,0,0,0,1,0
0,0,0,0,42,1,1,1,1,0,0,0,0,1,60.15,57.65714285714286,2.49285714285714,2,5,1,0,1,0,7.7925966225827015,1,0,0,0,1,0,1,0,0,0
0,0,1,1,24,1,1,1,0,1,0,1,1,0,78.6,76.94375000000001,1.6562499999999858,4,7,1,0,0,0,7.521669840324939,1,0,0,0,0,1,0,1,0,0
1,0,0,0,3,1,1,0,0,0,0,0,0,0,74.5,72.48333333333333,2.0166666666666657,0,3,0,1,1,1,5.386557155397445,0,1,0,1,0,0,0,0,1,0
0,0,0,1,14,1,1,1,0,0,1,0,0,1,86.0,83.14642857142857,2.8535714285714278,2,5,0,0,0,0,7.060519283533766,0,1,0,1,0,0,0,0,0,1
1,0,0,0,49,1,1,0,1,0,1,1,1,1,106.65,105.47142857142858,1.1785714285714306,4,7,1,0,1,0,8.550453871110667,0,1,0,0,1,0,1,0,0,0
0,0,0,0,20,1,1,1,0,0,0,1,0,1,89.1,93.9625,-4.862500000000011,2,5,1,0,1,0,7.539160025706512,0,1,0,1,0,0,1,0,0,0
1,0,0,0,40,1,1,0,0,0,0,1,0,1,84.9,84.22625000000001,0.6737499999999983,1,4,0,0,1,1,8.122682860031595,0,1,0,1,0,0,0,0,1,0
1,0,1,0,28,1,0,1,0,0,1,0,0,0,54.35,50.94464285714286,3.4053571428571416,2,4,0,0,0,0,7.2636449146470285,1,0,0,0,1,0,0,0,0,1
1,0,0,0,54,1,1,1,1,0,1,1,1,1,108.0,106.6787037037037,1.3212962962962962,5,8,1,0,1,0,8.658979171001915,0,1,0,0,0,1,0,1,0,0
0,1,1,0,16,1,1,0,0,0,0,0,1,1,85.35,85.946875,-0.5968750000000114,1,4,1,0,0,1,7.22704502417986,0,1,0,1,0,0,0,1,0,0
0,0,1,1,35,0,0,1,0,0,1,1,0,1,46.35,47.48714285714286,-1.1371428571428552,3,4,1,0,0,0,7.416408544886471,1,0,0,0,0,1,0,1,0,0
1,1,1,0,29,1,1,0,0,0,0,0,0,1,51.6,49.724137931034484,1.8758620689655174,0,3,0,0,0,0,7.274479558773871,1,0,0,1,0,0,0,0,1,0
0,0,1,1,45,1,0,1,0,1,1,1,1,1,81.0,78.52444444444444,2.475555555555559,5,7,0,0,0,0,8.170355417755697,1,0,0,0,0,1,0,0,0,1
0,1,1,0,19,1,1,0,0,0,0,1,1,1,94.95,92.64473684210526,2.3052631578947427,2,5,0,0,0,1,7.4737790632128895,0,1,0,1,0,0,0,0,1,0
1,0,0,0,51,1,1,1,1,1,1,1,0,1,81.15,80.90588235294118,0.24411764705882888,5,8,1,0,1,0,8.32535448993044,1,0,0,0,1,0,0,1,0,0
1,1,1,0,38,0,0,0,0,0,0,0,0,1,24.85,25.151315789473685,-0.30131578947368354,0,1,0,0,0,0,6.863542124305812,1,0,0,1,0,0,0,0,1,0
0,0,1,1,72,1,1,1,1,1,0,1,1,0,109.55,109.54513888888889,0.004861111111111427,5,8,1,0,0,0,8.973129589492205,0,1,0,0,0,1,0,1,0,0
0,0,0,0,36,1,1,0,1,1,0,1,1,1,104.8,107.95694444444445,-3.1569444444444485,4,7,1,0,1,1,8.265508694668442,0,1,0,0,1,0,1,0,0,0
0,0,1,0,63,1,1,0,1,1,1,1,1,1,108.75,109.07460317460317,-0.324603174603169,5,8,0,0,0,0,8.835312321107413,0,1,0,1,0,0,0,0,1,0
0,0,0,0,12,1,0,0,0,1,0,1,1,0,95.5,92.92916666666667,2.5708333333333258,3,5,0,0,1,1,7.01764054251138,0,1,0,0,1,0,0,0,0,1
1,0,0,1,25,0,0,1,0,0,0,1,0,1,40.65,38.821999999999996,1.828000000000003,2,3,1,0,0,0,6.878892734297036,1,0,0,0,1,0,0,1,0,0
1,0,0,0,1,1,0,0,0,0,0,0,0,0,19.55,19.55,0.0,0,1,0,1,1,0,3.022860940942244,0,0,1,1,0,0,0,0,0,1
0,1,1,0,66,0,0,0,1,1,0,1,0,0,45.55,45.86742424242424,-0.31742424242424505,3,4,1,0,0,0,8.015740173896912,1,0,0,0,1,0,1,0,0,0
1,0,0,0,43,1,0,1,0,0,0,0,0,1,75.2,74.38604651162791,0.8139534883720927,1,3,0,0,1,0,8.070781080974667,0,1,0,1,0,0,0,0,1,0
0,0,1,1,14,1,1,0,1,0,0,0,1,1,90.9,89.92857142857143,0.9714285714285751,2,5,1,0,0,1,7.138866999945524,0,1,0,1,0,0,1,0,0,0
1,0,0,0,36,1,0,1,0,1,1,1,1,1,79.2,79.30416666666666,-0.10416666666665719,5,7,1,0,1,0,7.957159816303425,1,0,0,1,0,0,0,1,0,0
0,1,0,0,32,1,0,0,0,0,0,0,1,1,79.5,83.28125,-3.78125,1,3,0,0,1,1,7.888334500738654,0,1,0,1,0,0,0,0,1,0
1,1,1,0,71,1,1,0,0,0,0,0,0,0,24.85,26.774647887323944,-1.9246478873239425,0,2,1,0,0,0,7.550661243105336,0,0,1,0,0,1,1,0,0,0
1,0,0,0,1,1,1,0,1,0,0,0,0,0,54.3,54.3,0.0,1,4,0,1,1,0,4.012772908528289,1,0,0,1,0,0,0,0,1,0
0,0,0,0,18,1,0,0,0,0,0,0,0,1,69.8,67.86944444444445,1.930555555555543,0,2,0,0,1,1,7.108775913208576,0,1,0,1,0,0,0,0,1,0
1,0,1,0,47,1,0,0,0,0,0,0,0,0,19.9,20.06276595744681,-0.16276595744681188,0,1,1,0,0,0,6.850073198641052,0,0,1,0,1,0,1,0,0,0
1,0,1,0,61,1,1,0,1,1,0,1,1,1,79.8,80.57049180327868,-0.7704918032786878,4,7,0,0,0,0,8.500209786375825,1,0,0,0,1,0,0,0,1,0
1,0,0,0,1,1,0,0,0,0,0,0,1,0,79.6,79.6,0.0,1,3,0,1,1,1,4.389498649512583,0,1,0,1,0,0,0,0,1,0
0,1,1,1,72,1,1,1,1,1,1,1,1,1,89.55,89.56736111111111,-0.01736111111111427,6,9,1,0,0,0,8.771812153705444,1,0,0,0,0,1,0,1,0,0
1,1,1,1,47,1,0,0,1,0,0,1,0,1,84.95,85.4904255319149,-0.5404255319148916,2,4,1,0,0,1,8.298800835277511,0,1,0,0,1,0,1,0,0,0
1,1,1,0,62,1,1,0,1,0,0,0,1,1,89.8,90.7991935483871,-0.9991935483870975,2,5,1,0,0,1,8.635962407303673,0,1,0,1,0,0,1,0,0,0
1,0,0,1,1,1,0,0,0,0,0,0,0,0,19.85,19.85,0.0,0,1,0,1,0,0,3.0373539482448106,0,0,1,1,0,0,0,0,0,1
0,0,1,1,38,1,0,0,0,0,0,0,0,1,19.95,19.905263157894737,0.0447368421052623,0,1,0,0,0,0,6.629891515467694,0,0,1,0,0,1,0,0,0,1
1,1,0,0,13,1,0,0,1,0,0,1,0,1,59.9,60.642307692307696,-0.7423076923076977,2,4,0,0,1,0,6.671209821977736,1,0,0,1,0,0,0,0,1,0
0,0,0,0,16,1,0,0,0,0,0,0,0,0,20.1,19.9125,0.1875,0,1,1,0,1,0,5.7670702138921195,0,0,1,0,1,0,1,0,0,0
1,0,1,0,6,1,1,0,0,0,0,1,0,1,82.85,76.70833333333333,6.141666666666666,1,4,0,1,0,1,6.133940195354737,0,1,0,1,0,0,0,0,1,0
1,0,0,0,63,1,1,1,0,1,1,0,1,1,71.9,71.0984126984127,0.8015873015873041,4,7,1,0,1,0,8.407422967269712,1,0,0,0,0,1,1,0,0,0
0,0,0,1,37,1,0,0,0,0,0,0,0,0,20.3,20.416216216216217,-0.11621621621621614,0,1,1,0,0,0,6.6285703367843025,0,0,1,0,1,0,1,0,0,0
1,1,0,0,5,1,0,0,0,1,0,0,0,0,50.35,47.45,2.8999999999999986,1,3,0,1,1,0,5.473320542534312,1,0,0,1,0,0,0,0,1,0
0,0,0,0,71,1,1,1,1,1,0,1,1,1,106.75,102.58098591549296,4.16901408450704,5,8,1,0,1,0,8.893469762059727,0,1,0,0,0,1,0,1,0,0
1,0,0,0,1,0,0,0,0,0,1,0,0,0,29.15,29.15,0.0,1,2,0,1,1,0,3.4061849231731944,1,0,0,1,0,0,0,0,0,1
1,0,1,1,68,1,0,0,1,1,1,1,1,0,105.75,107.68382352941177,-1.933823529411768,5,7,1,0,0,0,8.898843634758363,0,1,0,0,1,0,0,1,0,0
1,1,1,0,45,1,1,0,1,1,1,1,0,1,98.7,100.57333333333334,-1.8733333333333348,4,7,1,0,0,0,8.417770567091786,0,1,0,0,1,0,1,0,0,0
1,0,0,0,4,1,1,1,0,0,0,0,0,1,80.1,84.0375,-3.9375,1,4,0,1,1,0,5.820527935180591,0,1,0,1,0,0,0,0,1,0
1,0,1,1,1,1,0,0,0,0,0,0,0,0,44.55,44.55,0.0,0,2,0,1,0,0,3.8188106237059674,1,0,0,1,0,0,0,0,1,0
1,0,1,1,7,1,0,1,0,0,0,0,0,1,49.75,47.32857142857143,2.421428571428571,1,3,0,0,0,0,5.806038175360548,1,0,0,0,1,0,0,0,1,0
0,0,1,1,5,1,0,1,0,0,0,0,0,1,49.4,46.510000000000005,2.8899999999999935,1,3,0,1,0,0,5.453396186948117,1,0,0,1,0,0,0,0,0,1
1,1,1,0,13,1,1,0,0,0,0,1,1,1,95.25,94.89615384615385,0.35384615384614904,2,5,0,0,0,1,7.1185428080867625,0,1,0,1,0,0,0,0,1,0
0,0,1,1,30,1,1,0,0,0,0,0,0,1,25.1,26.31833333333333,-1.2183333333333302,0,2,0,0,0,0,6.672728905756154,0,0,1,0,0,1,0,0,0,1
1,1,1,0,30,1,1,1,1,1,1,1,0,1,105.7,106.06,-0.35999999999999943,5,8,1,0,0,0,8.06551659150338,0,1,0,1,0,0,1,0,0,0
1,0,0,0,24,1,0,1,0,0,0,0,0,1,49.55,50.43333333333334,-0.88333333333334,1,3,1,0,1,0,7.0995319945468465,1,0,0,1,0,0,1,0,0,0
0,0,1,0,38,1,1,0,0,1,1,1,1,1,105.0,105.9578947368421,-0.9578947368421069,4,7,0,0,0,0,8.300876285444305,0,1,0,1,0,0,0,0,1,0
0,0,0,0,61,0,0,1,1,1,1,0,0,0,43.7,44.205737704918036,-0.5057377049180332,4,5,1,0,1,0,7.900099232641693,1,0,0,0,1,0,0,1,0,0
1,0,0,0,3,1,0,0,0,0,0,0,0,1,20.5,25.650000000000002,-5.150000000000002,0,1,0,1,1,0,4.356067595503785,0,0,1,1,0,0,0,0,1,0
1,0,1,1,67,0,0,1,0,0,0,1,1,0,50.9,48.97985074626866,1.9201492537313385,3,4,1,0,0,0,8.09640630201026,1,0,0,0,0,1,0,1,0,0
1,0,1,1,51,1,0,1,1,0,1,0,0,0,60.5,61.20490196078431,-0.7049019607843121,3,5,1,0,0,0,8.046373229061277,1,0,0,0,0,1,0,1,0,0
0,0,1,0,18,1,1,0,0,0,1,1,0,1,88.85,88.59722222222223,0.2527777777777658,2,5,0,0,0,0,7.375099124136167,0,1,0,1,0,0,0,0,1,0
0,0,1,0,60,0,0,0,1,1,1,1,1,0,60.8,60.0575,0.7424999999999997,5,6,1,0,0,0,8.189924472198971,1,0,0,0,0,1,0,1,0,0
0,0,0,0,39,1,0,0,0,0,1,0,1,0,59.3,56.6448717948718,2.6551282051282,2,4,0,0,1,0,7.700815665511677,1,0,0,0,1,0,0,0,1,0
1,0,0,0,1,1,0,0,0,0,0,0,0,0,19.1,19.1,0.0,0,1,0,1,1,0,3.0007198150650303,0,0,1,1,0,0,0,0,0,1
1,0,0,0,1,1,0,0,0,0,0,0,0,1,69.65,69.65,0.0,0,2,0,1,1,1,4.257738109130536,0,1,0,1,0,0,0,0,1,0
1,0,1,0,37,1,1,0,0,1,1,1,0,0,94.3,93.53918918918919,0.7608108108108098,3,6,0,0,0,0,8.149587293113084,0,1,0,0,0,1,0,0,0,1
0,0,0,0,39,1,0,1,0,1,1,1,0,1,95.55,94.68846153846154,0.8615384615384585,4,6,0,0,1,0,8.214424553545985,0,1,0,0,1,0,0,0,1,0
0,0,1,0,30,1,0,0,0,0,0,0,0,0,19.65,21.861666666666668,-2.2116666666666696,0,1,1,0,0,0,6.487455681915517,0,0,1,1,0,0,1,0,0,0
0,0,1,0,68,0,0,1,0,1,0,1,1,1,54.4,54.75955882352941,-0.3595588235294116,4,5,0,0,0,0,8.222728166667624,1,0,0,0,1,0,0,0,1,0
1,0,1,1,68,1,1,0,1,0,1,0,1,0,70.8,71.46985294117647,-0.6698529411764724,3,6,1,0,0,0,8.488989171043162,1,0,0,0,0,1,0,1,0,0
1,0,0,0,45,1,0,0,0,0,0,0,0,0,18.85,19.273333333333333,-0.423333333333332,0,1,1,0,1,0,6.7665372770665995,0,0,1,0,1,0,1,0,0,0
0,0,0,0,70,1,1,0,1,1,1,0,0,1,90.25,91.22785714285715,-0.9778571428571468,3,6,1,0,1,0,8.762012125129507,0,1,0,0,1,0,1,0,0,0
1,1,0,0,47,1,0,1,0,0,0,0,1,0,85.5,86.00638297872341,-0.5063829787234084,2,4,0,0,1,0,8.304816469212922,0,1,0,1,0,0,0,0,0,1
1,0,0,0,42,1,0,0,0,0,0,0,0,0,19.8,20.235714285714284,-0.4357142857142833,0,1,1,0,1,0,6.746294612855512,0,0,1,0,1,0,1,0,0,0
0,0,1,0,1,1,0,0,0,0,0,0,0,1,69.4,69.4,0.0,0,2,0,1,0,1,4.254193263163997,0,1,0,1,0,0,0,0,0,1
0,0,0,0,68,1,1,0,1,1,0,1,1,1,80.65,78.38529411764705,2.2647058823529562,4,7,0,0,1,0,8.58133163253247,1,0,0,0,0,1,0,0,1,0
0,0,1,0,1,1,0,0,0,0,0,0,0,1,45.0,45.0,0.0,0,2,0,1,0,0,3.828641396489095,1,0,0,1,0,0,0,0,1,0
1,0,1,1,71,1,0,1,1,1,1,1,1,0,109.3,109.61760563380282,-0.31760563380282747,6,8,1,0,0,0,8.959806353382119,0,1,0,0,0,1,0,1,0,0
0,1,1,0,1,1,0,0,1,0,0,0,0,1,76.4,76.4,0.0,1,3,0,1,0,1,4.3489867805956814,0,1,0,1,0,0,0,0,0,1
1,0,1,1,43,1,1,0,0,0,0,0,0,0,24.25,25.06860465116279,-0.81860465116279,0,2,0,0,0,0,6.983743624981475,0,0,1,0,0,1,0,0,0,1
0,0,1,1,10,1,0,0,1,1,0,0,0,1,55.55,55.129999999999995,0.4200000000000017,2,4,0,0,0,0,6.314091376907141,1,0,0,1,0,0,0,0,0,1
1,0,1,0,63,1,0,0,0,0,0,0,0,0,19.25,19.645238095238096,-0.3952380952380956,0,1,0,0,0,0,7.121777355846786,0,0,1,0,0,1,0,0,0,1
0,0,0,0,69,1,1,1,1,0,1,0,0,1,66.9,66.3463768115942,0.5536231884058083,3,6,0,0,1,0,8.429214073589186,1,0,0,0,0,1,0,0,0,1
1,0,1,1,34,1,0,0,0,0,0,1,0,0,78.3,75.42058823529412,2.8794117647058783,1,3,0,0,0,1,7.8498307098300195,0,1,0,1,0,0,0,0,1,0
1,1,0,0,2,1,0,1,0,1,0,1,0,0,66.4,47.275,19.125000000000007,3,5,1,1,1,0,4.559649670686282,1,0,0,1,0,0,1,0,0,0
1,0,1,0,67,1,0,1,1,0,0,1,1,1,100.9,100.49477611940299,0.4052238805970205,4,6,1,0,0,0,8.81494687449521,0,1,0,0,1,0,0,1,0,0
1,0,0,0,30,1,0,0,0,0,0,1,1,1,90.25,91.845,-1.5949999999999989,2,4,0,0,1,1,7.921662619716148,0,1,0,1,0,0,0,0,1,0
0,0,1,0,72,1,1,1,1,1,1,1,0,0,79.2,75.02638888888889,4.173611111111114,5,8,1,0,0,0,8.59469112543662,1,0,0,0,0,1,0,1,0,0
0,0,0,0,8,1,0,0,0,0,0,0,0,0,19.2,19.60625,-0.40625,0,1,0,0,1,0,5.061645215004001,0,0,1,1,0,0,0,0,0,1
1,0,1,0,3,0,0,0,1,0,0,0,0,0,29.8,31.46666666666667,-1.6666666666666679,1,2,1,1,0,0,4.558078578454241,1,0,0,1,0,0,0,1,0,0
1,0,0,0,20,1,0,0,0,0,0,1,0,0,78.8,82.065,-3.2650000000000006,1,3,0,0,1,1,7.403852977343515,0,1,0,1,0,0,0,0,1,0
0,0,1,1,3,1,0,0,1,0,0,1,0,1,58.7,56.199999999999996,2.500000000000007,2,4,1,1,0,0,5.133442723357803,1,0,0,1,0,0,0,1,0,0
1,0,1,0,71,1,1,0,0,1,0,1,1,1,98.65,98.06830985915494,0.581690140845069,3,6,1,0,0,1,8.848487761310901,0,1,0,0,1,0,0,1,0,0
0,0,1,1,31,1,1,0,0,1,1,1,1,1,104.2,104.62741935483871,-0.42741935483870463,4,7,0,0,0,0,8.084701123247454,0,1,0,1,0,0,0,0,1,0
1,0,0,1,43,0,0,1,1,1,0,0,0,1,40.45,44.48488372093023,-4.034883720930225,3,4,0,0,0,0,7.556872199035862,1,0,0,1,0,0,0,0,1,0
1,0,0,0,1,1,0,1,0,0,0,0,0,0,49.75,49.75,0.0,1,3,0,1,1,0,3.926911617921897,1,0,0,1,0,0,0,0,1,0
1,0,1,1,58,1,1,0,0,1,1,1,1,1,105.05,103.53189655172415,1.518103448275852,4,7,1,0,0,0,8.70048927320642,0,1,0,0,1,0,1,0,0,0
0,0,0,0,4,1,1,0,0,0,1,1,1,1,100.85,99.8125,1.0374999999999943,3,6,0,1,1,0,5.992089351876824,0,1,0,1,0,0,0,0,0,1
0,0,0,0,18,1,0,0,0,0,0,0,0,0,19.65,21.76111111111111,-2.1111111111111107,0,1,0,0,1,0,5.9730459615839635,0,0,1,1,0,0,0,0,0,1
1,0,0,1,60,1,0,0,0,0,0,0,0,0,19.95,19.831666666666667,0.11833333333333229,0,1,0,0,0,0,7.082464602773951,0,0,1,0,0,1,0,0,0,1
1,0,0,0,22,1,1,0,0,0,0,1,1,1,94.65,95.66136363636365,-1.0113636363636402,2,5,1,0,1,1,7.652331994648445,0,1,0,1,0,0,0,1,0,0
0,0,1,1,69,1,0,0,0,0,0,0,0,0,19.7,20.244927536231884,-0.5449275362318851,0,1,1,0,0,0,7.242726389477083,0,0,1,0,0,1,1,0,0,0
1,0,0,1,66,1,0,0,1,1,1,1,1,1,79.5,78.72878787878788,0.7712121212121161,5,7,1,0,0,0,8.55585605669363,1,0,0,0,0,1,0,1,0,0
0,0,0,0,43,1,1,0,0,0,0,0,0,1,25.7,27.632558139534886,-1.932558139534887,0,2,1,0,1,0,7.081036091123942,0,0,1,0,0,1,0,1,0,0
1,0,1,1,46,1,0,0,0,0,0,0,0,1,20.2,18.382608695652173,1.8173913043478258,0,1,1,0,0,0,6.741228328086823,0,0,1,0,1,0,1,0,0,0
0,0,0,0,3,1,1,0,0,0,0,0,0,1,50.65,50.43333333333334,0.21666666666666146,0,3,0,1,1,0,5.025852259901116,1,0,0,1,0,0,0,0,0,1
0,0,0,0,21,1,0,1,1,0,1,1,0,0,71.05,72.61190476190475,-1.5619047619047564,4,6,1,0,1,0,7.330306910813801,1,0,0,0,0,1,0,1,0,0
0,1,1,0,72,1,1,1,1,0,0,1,1,1,106.85,106.63055555555555,0.21944444444444855,4,7,1,0,0,0,8.94616647110398,0,1,0,0,1,0,1,0,0,0
0,0,0,0,19,1,1,1,1,0,0,0,1,1,95.15,94.17105263157895,0.9789473684210606,3,6,0,0,1,0,7.49011055388705,0,1,0,1,0,0,0,0,1,0
0,0,1,0,7,1,0,0,0,1,0,1,0,1,86.25,83.87142857142858,2.3785714285714192,2,4,0,0,0,1,6.3768970014659105,0,1,0,1,0,0,0,0,1,0
0,0,1,1,46,1,0,0,0,0,0,0,0,1,19.25,18.786956521739132,0.4630434782608681,0,1,0,0,0,0,6.762960694078903,0,0,1,0,0,1,0,0,0,1
0,1,0,0,49,1,1,1,0,0,0,1,1,0,101.55,103.47755102040816,-1.9275510204081598,3,6,1,0,1,0,8.531372192589506,0,1,0,1,0,0,0,1,0,0
0,0,1,1,69,1,1,1,1,1,1,1,0,1,105.1,104.85217391304349,0.24782608695650765,5,8,1,0,0,0,8.886796206553328,0,1,0,0,1,0,0,1,0,0
0,0,0,0,6,1,0,0,0,1,1,0,1,1,89.25,81.175,8.075000000000003,3,5,0,1,1,0,6.1904178596209745,0,1,0,1,0,0,0,0,1,0
1,0,0,0,72,1,1,0,1,1,0,1,1,1,100.9,103.59791666666666,-2.697916666666657,4,7,1,0,1,1,8.917317395588213,0,1,0,0,0,1,1,0,0,0
1,0,0,0,13,1,0,1,0,0,0,0,0,1,73.75,73.58846153846153,0.16153846153846985,1,3,1,0,1,0,6.86448236674867,0,1,0,1,0,0,0,1,0,0
0,0,1,1,56,1,1,0,0,1,0,1,1,1,99.8,98.49017857142857,1.309821428571425,3,6,1,0,0,1,8.615489816441348,0,1,0,0,1,0,0,1,0,0
1,1,1,0,20,1,1,0,0,0,0,1,1,1,94.55,94.9825,-0.43250000000000455,2,5,0,0,0,1,7.549951211913027,0,1,0,1,0,0,0,0,1,0
0,0,0,0,31,1,1,0,0,0,1,0,0,1,79.85,77.55322580645162,2.296774193548373,1,4,1,0,1,0,7.7853675506573,0,1,0,1,0,0,0,1,0,0
1,1,1,0,54,1,1,0,0,1,0,1,1,1,99.05,98.06851851851852,0.981481481481481,3,6,1,0,0,1,8.574839264109055,0,1,0,1,0,0,0,1,0,0
1,0,0,0,5,1,0,0,0,1,0,1,1,1,70.0,69.47999999999999,0.5200000000000102,3,5,0,1,1,0,5.853351244978348,1,0,0,0,1,0,0,0,0,1
1,0,1,1,38,1,1,1,0,1,1,1,1,1,85.4,86.76315789473684,-1.3631578947368297,5,8,1,0,0,0,8.101071503119543,1,0,0,0,0,1,1,0,0,0
1,0,1,0,6,1,1,0,0,0,0,0,0,0,25.1,28.5,-3.3999999999999986,0,2,0,1,0,0,5.147494476813453,0,0,1,0,1,0,0,0,0,1
0,0,1,0,72,1,1,0,1,1,1,1,1,1,110.15,111.09444444444445,-0.9444444444444429,5,8,0,0,0,0,8.987171820349468,0,1,0,0,0,1,0,0,1,0
1,0,0,0,48,1,0,0,0,0,0,0,0,0,19.95,20.927083333333332,-0.9770833333333329,0,1,1,0,1,0,6.913240209212707,0,0,1,0,1,0,1,0,0,0
1,0,0,0,2,1,0,1,0,1,0,0,0,0,53.45,59.75,-6.299999999999997,2,4,0,1,1,0,4.791649752930709,1,0,0,1,0,0,0,0,1,0
0,0,0,0,15,1,1,0,0,0,0,0,0,0,48.85,42.093333333333334,6.756666666666668,0,3,0,0,1,0,6.449522105335317,1,0,0,1,0,0,0,0,0,1
0,0,0,0,65,0,0,1,0,1,1,1,1,0,59.95,60.324615384615385,-0.3746153846153817,5,6,1,0,1,0,8.274382503626551,1,0,0,0,0,1,0,1,0,0
1,0,1,0,60,1,1,0,1,1,0,1,1,0,102.5,102.62666666666668,-0.12666666666667936,4,7,1,0,0,1,8.725604757969933,0,1,0,0,1,0,1,0,0,0
1,0,0,0,2,1,0,1,0,0,0,0,0,1,47.8,46.225,1.5749999999999957,1,3,0,1,1,0,4.537426533901572,1,0,0,1,0,0,0,0,1,0
1,0,1,0,42,1,1,1,0,1,0,0,1,1,94.4,95.58571428571429,-1.1857142857142833,3,6,0,0,0,0,8.297942054817371,0,1,0,1,0,0,0,0,1,0
0,1,1,1,3,1,0,1,0,0,1,1,0,1,88.3,91.25,-2.950000000000003,3,5,0,1,0,0,5.61586159328373,0,1,0,1,0,0,0,0,0,1
1,0,0,0,43,1,1,0,0,0,0,0,0,1,75.35,73.52093023255814,1.829069767441851,0,3,1,0,1,1,8.059086511982477,0,1,0,1,0,0,0,1,0,0
1,0,1,0,61,1,1,1,0,1,0,0,1,1,69.9,69.29016393442623,0.6098360655737736,3,6,0,0,0,0,8.349413388938133,1,0,0,0,0,1,0,0,0,1
0,0,0,0,18,0,0,1,1,0,1,0,0,1,40.2,39.55277777777778,0.6472222222222257,3,4,0,0,1,0,6.569411291728128,1,0,0,0,1,0,0,0,0,1
0,0,1,1,20,1,1,0,1,1,0,1,1,1,105.85,111.9825,-6.132500000000007,4,7,1,0,0,1,7.7145212813268556,0,1,0,1,0,0,1,0,0,0
1,0,0,0,45,1,1,0,1,0,0,1,1,1,100.85,105.33333333333333,-4.483333333333334,3,6,1,0,1,1,8.464003362902119,0,1,0,1,0,0,0,1,0,0
0,0,1,1,72,1,1,1,1,1,1,0,1,0,80.85,80.89930555555556,-0.04930555555556282,5,8,1,0,0,0,8.670043025510447,1,0,0,0,0,1,1,0,0,0
0,0,1,1,4,1,0,0,1,0,1,0,0,0,56.5,58.775,-2.2749999999999986,2,4,0,1,0,0,5.464255444091467,1,0,0,1,0,0,0,0,0,1
1,1,0,0,26,1,1,0,0,0,0,1,1,1,93.6,92.46538461538461,1.1346153846153868,2,5,0,0,1,1,7.785346761717015,0,1,0,1,0,0,0,0,1,0
1,0,0,0,46,0,0,1,0,1,1,1,1,1,60.75,62.9,-2.1499999999999986,5,6,1,0,1,0,7.9705331146410305,1,0,0,0,0,1,1,0,0,0
1,0,1,1,4,1,0,0,0,0,0,0,0,0,19.5,24.2125,-4.712499999999999,0,1,1,1,0,0,4.583435693842085,0,0,1,0,0,1,0,1,0,0
0,0,1,0,27,1,0,1,0,0,1,1,1,1,101.9,99.30185185185185,2.598148148148155,4,6,1,0,0,0,7.8943739906893216,0,1,0,0,1,0,0,1,0,0
1,0,1,1,42,0,0,1,0,1,1,1,0,0,48.15,48.38809523809524,-0.2380952380952408,4,5,1,0,0,0,7.617415367916296,1,0,0,0,0,1,0,1,0,0
0,0,1,0,16,1,1,1,1,1,0,0,0,0,90.7,85.93125,4.768749999999997,3,6,0,0,0,0,7.226863341433771,0,1,0,1,0,0,0,0,1,0
0,0,1,1,9,1,0,1,1,1,1,0,0,0,65.0,73.67222222222222,-8.672222222222217,4,6,0,0,0,0,6.49835744784626,1,0,0,1,0,0,0,0,0,1
1,0,1,1,72,0,0,1,0,1,1,1,1,0,60.95,63.181250000000006,-2.231250000000003,5,6,1,0,0,0,8.422893500895606,1,0,0,0,0,1,1,0,0,0
1,0,0,0,24,1,1,0,1,0,0,1,1,1,99.65,100.20208333333333,-0.5520833333333286,3,6,1,0,1,1,7.785658550451497,0,1,0,1,0,0,1,0,0,0
0,0,1,0,65,1,0,1,1,1,0,0,1,0,71.0,67.48,3.519999999999996,4,6,1,0,0,0,8.386446489367994,1,0,0,0,0,1,1,0,0,0
1,0,1,0,2,1,0,0,1,0,1,0,1,1,64.2,71.825,-7.625,3,5,0,1,0,0,4.974317031422144,1,0,0,1,0,0,0,0,0,1
1,0,0,0,2,1,0,0,0,0,0,0,0,0,20.35,16.6,3.75,0,1,0,1,1,0,3.5322256440685598,0,0,1,1,0,0,0,0,0,1
0,1,1,0,37,1,0,0,0,0,0,0,0,0,19.6,19.67027027027027,-0.07027027027026733,0,1,0,0,0,0,6.5913993459457485,0,0,1,0,1,0,0,0,0,1
1,0,0,0,1,1,0,0,0,0,0,0,0,0,20.35,20.35,0.0,0,1,0,1,1,0,3.0610517396746335,0,0,1,1,0,0,0,0,0,1
0,0,0,0,3,1,1,0,0,0,0,0,0,0,24.6,28.78333333333333,-4.18333333333333,0,2,0,1,1,0,4.469923036580066,0,0,1,1,0,0,0,0,0,1
0,0,0,0,6,1,0,1,0,0,0,0,0,1,49.45,52.43333333333334,-2.9833333333333343,1,3,0,1,1,0,5.75447558897172,1,0,0,1,0,0,0,0,1,0
1,0,0,0,13,0,0,0,0,0,0,0,0,1,25.15,25.52692307692308,-0.3769230769230809,0,1,1,0,1,0,5.8076919380467125,1,0,0,1,0,0,1,0,0,0
0,0,1,1,31,1,0,1,0,1,1,1,1,1,81.15,82.12096774193549,-0.9709677419354819,5,7,0,0,0,0,7.842573315470176,1,0,0,0,1,0,0,0,0,1
1,0,1,0,6,1,1,0,0,0,0,0,0,1,75.5,73.0,2.5,0,3,0,1,0,1,6.0844994130751715,0,1,0,1,0,0,0,0,1,0
1,0,1,0,70,0,0,1,0,1,1,0,0,1,39.15,38.46785714285714,0.6821428571428569,3,4,1,0,0,0,7.898689553852058,1,0,0,0,0,1,0,1,0,0
1,0,1,1,61,1,0,0,0,0,0,0,0,0,20.55,21.409016393442624,-0.8590163934426229,0,1,1,0,0,0,7.175451457345406,0,0,1,0,0,1,0,1,0,0
0,0,1,1,33,1,1,0,0,0,0,0,0,1,24.5,22.433333333333334,2.0666666666666664,0,2,0,0,0,0,6.608405401662674,0,0,1,0,0,1,0,0,0,1
0,1,0,0,1,1,0,0,0,0,0,0,0,1,70.2,70.2,0.0,0,2,0,1,1,1,4.26549281841793,0,1,0,1,0,0,0,0,1,0
0,1,1,1,57,1,0,0,1,1,1,1,0,1,95.3,97.67456140350878,-2.3745614035087783,4,6,1,0,0,0,8.624872017714097,0,1,0,1,0,0,0,1,0,0
0,0,1,1,70,1,1,1,1,1,1,1,0,0,80.7,80.25642857142857,0.44357142857143117,5,8,0,0,0,0,8.633900092692112,1,0,0,0,0,1,0,0,1,0
0,0,1,0,7,1,0,1,0,1,1,1,1,0,81.25,82.87142857142858,-1.6214285714285808,5,7,1,0,0,0,6.36492285908106,1,0,0,1,0,0,1,0,0,0
1,0,0,1,15,1,0,1,0,1,0,0,1,0,64.85,63.38333333333333,1.4666666666666615,3,5,0,0,0,0,6.858302395262607,1,0,0,0,1,0,0,0,0,1
0,1,1,0,68,1,1,0,1,0,0,0,1,1,89.6,90.11176470588236,-0.5117647058823707,2,5,1,0,0,1,8.72072161785459,0,1,0,1,0,0,1,0,0,0
0,0,0,0,9,1,1,0,0,0,0,0,1,1,83.3,89.25555555555555,-5.955555555555549,1,4,0,0,1,1,6.689972333910023,0,1,0,1,0,0,0,0,1,0
0,0,1,0,46,1,0,0,1,0,1,1,0,1,64.2,65.42391304347827,-1.2239130434782624,3,5,1,0,0,0,8.009861456904503,1,0,0,0,0,1,0,1,0,0
0,0,1,1,14,1,0,0,0,0,0,0,0,0,18.8,18.25357142857143,0.5464285714285708,0,1,0,0,0,0,5.547323577387973,0,0,1,0,0,1,0,0,0,1
0,1,0,0,27,1,1,0,0,1,0,0,1,0,88.3,91.39814814814815,-3.098148148148155,2,5,1,0,1,1,7.811467228649432,0,1,0,1,0,0,0,1,0,0
1,0,1,1,31,1,1,1,0,1,1,0,0,0,89.3,91.06451612903226,-1.764516129032259,3,6,0,0,0,0,7.945909598613133,0,1,0,1,0,0,0,0,1,0
1,0,0,0,3,0,0,0,0,0,0,0,0,0,25.1,26.599999999999998,-1.4999999999999964,0,1,0,1,1,0,4.39197696552705,1,0,0,1,0,0,0,0,1,0
0,0,0,1,4,1,0,0,0,1,1,1,1,1,98.1,99.075,-0.9750000000000085,4,6,1,1,0,0,5.984691662820553,0,1,0,1,0,0,1,0,0,0
1,1,1,0,32,1,1,0,0,0,0,0,0,1,74.9,71.9796875,2.9203125000000085,0,3,0,0,0,1,7.742553920000891,0,1,0,1,0,0,0,0,1,0
1,0,0,0,1,1,0,0,0,0,1,0,0,0,74.0,74.0,0.0,1,3,0,1,1,0,4.31748811353631,0,1,0,1,0,0,0,0,1,0
0,0,0,0,1,1,0,0,0,0,0,0,0,0,19.8,19.8,0.0,0,1,1,1,1,0,3.0349529867072724,0,0,1,1,0,0,0,1,0,0
1,0,1,0,61,1,1,0,0,0,0,0,0,0,25.45,25.22295081967213,0.22704918032787091,0,2,1,0,0,0,7.339277921409591,0,0,1,0,0,1,1,0,0,0
0,0,1,0,18,1,0,0,0,1,0,1,1,1,95.95,96.97222222222223,-1.0222222222222257,3,5,1,0,0,1,7.465369064246887,0,1,0,1,0,0,0,1,0,0
0,0,1,1,72,1,1,1,1,1,1,1,1,1,113.1,114.5625,-1.4625000000000057,6,9,1,0,0,0,9.017907871431499,0,1,0,0,0,1,1,0,0,0
0,0,0,0,10,1,0,0,0,0,0,0,1,1,80.25,84.6,-4.349999999999994,1,3,1,0,1,1,6.741700694652055,0,1,0,1,0,0,1,0,0,0
0,0,0,0,9,1,1,0,0,1,0,1,1,0,98.3,102.61111111111111,-4.311111111111117,3,6,1,0,1,1,6.829253050827179,0,1,0,1,0,0,0,1,0,0
1,0,0,0,22,1,1,1,0,0,0,1,1,1,101.35,105.32272727272726,-3.972727272727269,3,6,1,0,1,0,7.748503163607648,0,1,0,1,0,0,1,0,0,0
0,1,1,0,18,0,0,0,0,1,0,1,1,1,48.35,45.03888888888889,3.31111111111111,3,4,0,0,0,0,6.69913081376713,1,0,0,1,0,0,0,0,1,0
0,0,0,0,41,1,1,0,0,0,0,0,0,1,24.85,23.46951219512195,1.380487804878051,0,2,0,0,1,0,6.870312983506267,0,0,1,0,1,0,0,0,0,1
0,0,1,1,33,1,1,1,0,1,0,1,1,1,103.7,105.06060606060606,-1.3606060606060595,4,7,0,0,0,0,8.151333337900432,0,1,0,0,1,0,0,0,0,1
0,0,0,0,72,1,1,1,1,1,1,1,1,1,112.75,113.78611111111111,-1.0361111111111114,6,9,1,0,1,0,9.011108640708287,0,1,0,0,0,1,0,1,0,0
1,0,1,0,9,1,1,0,1,1,0,0,1,1,69.05,72.66111111111111,-3.6111111111111143,3,6,1,0,0,0,6.484558896843658,1,0,0,1,0,0,0,1,0,0
1,0,1,0,58,1,0,1,1,1,0,0,0,0,60.3,61.4448275862069,-1.144827586206901,3,5,1,0,0,0,8.17886323029291,1,0,0,0,1,0,0,1,0,0
1,0,1,1,64,1,0,1,0,1,0,1,1,1,73.05,73.26015625,-0.21015624999999716,4,6,1,0,0,0,8.45311323178993,1,0,0,0,1,0,0,1,0,0
0,0,1,1,21,1,0,0,1,0,0,1,0,1,58.85,57.87857142857143,0.971428571428568,2,4,1,0,0,0,7.103692059858131,1,0,0,0,1,0,0,1,0,0
1,0,0,0,64,1,1,1,0,1,1,0,1,0,99.25,102.33515625,-3.085156249999997,4,7,1,0,1,0,8.78728902855948,0,1,0,0,0,1,0,1,0,0
0,0,1,0,61,1,0,0,0,0,0,0,0,0,20.25,20.963934426229507,-0.7139344262295069,0,1,1,0,0,0,7.15445909470536,0,0,1,0,0,1,0,1,0,0
0,0,0,0,15,1,0,1,1,0,0,1,1,1,99.1,95.09333333333333,4.006666666666661,4,6,1,0,1,0,7.263609886536967,0,1,0,1,0,0,0,1,0,0
0,0,0,0,10,1,1,1,0,0,0,1,1,1,98.7,97.325,1.375,3,6,0,0,1,0,6.881667944218819,0,1,0,1,0,0,0,0,1,0
0,0,1,0,67,1,1,1,1,1,0,0,1,0,75.1,75.58880597014925,-0.488805970149258,4,7,0,0,0,0,8.530198257751106,1,0,0,0,1,0,0,0,0,1
1,0,0,0,9,1,0,1,0,0,1,0,1,0,64.95,60.86666666666666,4.083333333333343,3,5,0,0,1,0,6.307734076411675,1,0,0,1,0,0,0,0,0,1
1,0,0,1,1,0,0,0,0,0,0,0,0,1,24.7,24.7,0.0,0,1,0,1,0,0,3.246490991901174,1,0,0,1,0,0,0,0,1,0
1,0,0,0,9,1,0,1,0,1,1,1,0,1,69.5,72.58333333333333,-3.0833333333333286,4,6,0,0,1,0,6.483489541410255,1,0,0,1,0,0,0,0,0,1
0,1,0,0,8,1,0,0,0,1,0,0,0,1,74.05,75.01875,-0.96875,1,3,1,0,1,1,6.398844487420918,0,1,0,1,0,0,1,0,0,0
0,0,0,0,3,1,1,0,0,0,0,0,0,0,76.1,85.86666666666667,-9.76666666666668,0,3,0,1,1,1,5.555282466337757,0,1,0,1,0,0,0,0,1,0
1,0,0,0,1,1,1,0,0,0,0,0,1,1,86.6,86.6,0.0,1,4,0,1,1,1,4.472780997942346,0,1,0,1,0,0,0,0,1,0
0,0,1,0,70,1,1,0,0,1,1,1,1,1,104.3,102.69285714285714,1.6071428571428612,4,7,1,0,0,0,8.880376907267795,0,1,0,0,0,1,1,0,0,0
0,0,1,0,44,1,0,1,1,1,0,0,0,1,61.5,61.86818181818182,-0.3681818181818173,3,5,0,0,0,0,7.909562938379055,1,0,0,0,1,0,0,0,0,1
1,0,1,1,72,0,0,1,1,1,1,1,1,1,65.25,62.206250000000004,3.0437499999999957,6,7,1,0,0,0,8.407344842705635,1,0,0,0,0,1,0,1,0,0
0,0,0,0,1,1,0,0,0,0,0,0,0,1,20.3,20.3,0.0,0,1,0,1,1,0,3.0587070727153796,0,0,1,1,0,0,0,0,0,1
0,0,0,0,66,0,0,1,1,1,1,1,1,1,62.5,62.672727272727265,-0.17272727272726485,6,7,1,0,1,0,8.327822850208948,1,0,0,0,0,1,1,0,0,0
0,0,1,0,60,1,1,1,1,0,0,0,1,1,94.1,91.265,2.8349999999999937,3,6,1,0,0,0,8.608294526446507,0,1,0,1,0,0,0,1,0,0
0,0,0,0,4,1,0,0,0,0,0,0,0,0,20.15,21.125,-0.9750000000000014,0,1,0,1,1,0,4.448516375942715,0,0,1,1,0,0,0,0,0,1
0,0,0,0,26,1,1,0,0,0,0,0,0,1,74.95,70.575,4.375,0,3,1,0,1,1,7.51531733769414,0,1,0,1,0,0,1,0,0,0
0,0,0,1,1,0,0,0,0,0,0,0,0,0,24.7,24.7,0.0,0,1,0,1,0,0,3.246490991901174,1,0,0,1,0,0,0,0,0,1
1,0,0,0,1,1,0,0,0,1,0,1,0,1,84.85,84.85,0.0,2,4,0,1,1,1,4.4526015873434845,0,1,0,1,0,0,0,0,1,0
1,0,0,0,15,1,1,0,0,0,0,0,0,1,76.0,75.39,0.6099999999999994,0,3,0,0,1,1,7.031608741149134,0,1,0,1,0,0,0,0,0,1
0,0,1,0,51,1,0,1,1,0,1,0,0,1,60.5,61.66960784313726,-1.169607843137257,3,5,1,0,0,0,8.053934762074721,1,0,0,0,1,0,1,0,0,0
0,0,1,1,72,1,1,0,0,0,0,0,0,0,24.45,23.737499999999997,0.7125000000000021,0,2,1,0,0,0,7.444307127319008,0,0,1,0,0,1,1,0,0,0
1,0,0,0,72,0,0,1,0,1,1,1,1,1,61.2,60.97569444444444,0.22430555555555998,5,6,1,0,1,0,8.387369203580036,1,0,0,0,0,1,0,1,0,0
0,0,1,0,70,1,1,0,0,1,0,1,1,1,101.75,100.99000000000001,0.7599999999999909,3,6,0,0,0,1,8.863658190805083,0,1,0,0,1,0,0,0,1,0
0,1,0,0,18,1,0,0,1,0,0,0,0,1,49.85,48.09722222222222,1.75277777777778,1,3,1,0,1,0,6.764750584565133,1,0,0,1,0,0,0,1,0,0
1,0,1,1,44,1,1,0,0,0,0,0,0,0,25.7,25.238636363636363,0.461363636363636,0,2,0,0,0,0,7.013465733404251,0,0,1,0,1,0,0,0,0,1
0,0,0,0,20,1,0,0,0,0,0,0,0,0,19.7,20.3475,-0.6475000000000009,0,1,0,0,1,0,6.011144617874809,0,0,1,0,0,1,0,0,0,1
0,0,0,0,17,1,0,0,0,0,0,0,0,0,19.7,20.02058823529412,-0.32058823529412095,0,1,1,0,1,0,5.83290834386429,0,0,1,1,0,0,0,1,0,0
1,0,0,0,1,0,0,0,0,0,0,0,0,1,24.25,24.25,0.0,0,1,0,1,1,0,3.228826155721369,1,0,0,1,0,0,0,0,1,0
0,0,1,1,23,1,0,0,0,0,0,0,0,0,20.05,18.047826086956523,2.002173913043478,0,1,0,0,0,0,6.030925615988895,0,0,1,0,1,0,0,0,0,1
0,0,1,1,41,1,1,0,1,1,1,1,1,1,109.1,108.64024390243902,0.4597560975609696,5,8,1,0,0,0,8.401838455053209,0,1,0,0,1,0,1,0,0,0
0,0,0,0,38,1,0,1,1,1,0,0,0,1,83.9,85.09473684210526,-1.1947368421052573,3,5,1,0,1,0,8.081660551685678,0,1,0,1,0,0,0,1,0,0
0,0,0,0,46,1,1,1,0,1,0,1,1,0,79.2,78.12608695652175,1.0739130434782567,4,7,0,0,1,0,8.187243635784219,1,0,0,0,0,1,0,0,0,1
0,0,0,0,70,0,0,1,1,1,1,0,0,1,44.6,43.68785714285715,0.9121428571428538,4,5,1,0,1,0,8.025892378581256,1,0,0,0,0,1,1,0,0,0
1,0,0,0,7,1,0,0,0,0,0,1,0,0,54.85,52.91428571428571,1.9357142857142904,1,3,0,0,1,0,5.917279648918606,1,0,0,1,0,0,0,0,0,1
1,0,0,1,23,0,0,1,1,0,1,0,0,0,40.65,41.19130434782608,-0.5413043478260846,3,4,1,0,0,0,6.854776354191251,1,0,0,0,1,0,1,0,0,0
1,1,1,1,66,1,1,0,1,1,1,1,1,1,108.45,107.21742424242424,1.2325757575757592,5,8,0,0,0,0,8.864654822837052,0,1,0,0,1,0,0,0,1,0
0,1,0,0,35,1,1,1,0,0,0,1,1,1,99.05,101.56,-2.510000000000005,3,6,0,0,1,0,8.17627910436752,0,1,0,1,0,0,0,0,1,0
0,0,1,1,64,0,0,0,1,1,1,0,1,0,49.85,50.16171875,-0.31171874999999716,4,5,0,0,0,0,8.07444668846084,1,0,0,0,0,1,0,0,1,0
1,0,1,0,72,1,0,0,0,0,0,0,0,0,19.3,18.12222222222222,1.1777777777777807,0,1,1,0,0,0,7.174571158752533,0,0,1,0,0,1,0,1,0,0
1,0,1,1,39,1,0,0,1,0,0,1,0,1,86.3,83.74358974358974,2.5564102564102598,2,4,0,0,0,1,8.09162741160107,0,1,0,1,0,0,0,0,0,1
1,1,0,0,31,1,1,0,1,0,0,1,0,1,90.7,91.77903225806452,-1.0790322580645153,2,5,0,0,1,1,7.953722482812561,0,1,0,1,0,0,0,0,1,0
1,0,0,0,35,1,0,0,0,0,0,0,0,1,20.2,19.554285714285715,0.6457142857142841,0,1,0,0,1,0,6.530002609440508,0,0,1,0,0,1,0,0,0,1
0,0,0,0,42,1,0,1,1,0,1,0,1,1,67.7,68.625,-0.9249999999999972,4,6,0,0,1,0,7.966673409106048,1,0,0,0,1,0,0,0,0,1
0,0,1,1,23,0,0,1,0,0,1,0,0,0,34.6,35.36739130434783,-0.7673913043478251,2,3,0,0,0,0,6.702513038803614,1,0,0,0,0,1,0,0,0,1
0,1,0,0,22,1,0,0,0,0,0,0,0,1,20.05,18.954545454545453,1.0954545454545475,0,1,0,0,1,0,6.035481432524756,0,0,1,0,1,0,0,0,0,1
0,0,0,1,70,1,1,1,1,0,1,0,0,0,66.0,69.87857142857143,-3.8785714285714334,3,6,0,0,0,0,8.495458699270232,1,0,0,0,0,1,0,0,1,0
1,0,0,0,12,1,1,0,0,0,0,1,1,0,94.55,97.79583333333333,-3.245833333333337,2,5,0,0,1,1,7.068640374499775,0,1,0,1,0,0,0,0,1,0
0,0,1,1,22,1,0,0,1,0,1,0,0,0,55.15,54.820454545454545,0.32954545454545325,2,4,0,0,0,0,7.095934645260251,1,0,0,1,0,0,0,0,1,0
1,0,1,1,70,0,0,1,0,1,1,1,1,0,59.5,59.21142857142858,0.2885714285714229,5,6,1,0,0,0,8.329851052565411,1,0,0,0,0,1,1,0,0,0
0,0,0,0,23,1,1,1,0,0,0,1,0,1,90.05,94.33913043478262,-4.289130434782621,2,5,1,0,1,0,7.68285104218925,0,1,0,1,0,0,1,0,0,0
0,0,0,0,35,1,1,0,0,0,0,0,0,0,23.3,22.774285714285714,0.5257142857142867,0,2,1,0,1,0,6.682233902881963,0,0,1,0,0,1,1,0,0,0
1,0,1,1,14,1,0,1,1,0,0,1,0,1,65.45,66.97142857142858,-1.5214285714285722,3,5,0,0,0,0,6.844389403360317,1,0,0,1,0,0,0,0,1,0
0,0,0,0,3,1,1,0,0,0,0,0,0,1,74.25,70.10000000000001,4.1499999999999915,0,3,0,1,1,1,5.353278924622011,0,1,0,1,0,0,0,0,1,0
1,0,0,0,41,1,0,0,1,0,1,1,1,1,99.65,102.93536585365854,-3.285365853658533,4,6,1,0,1,0,8.347910261084566,0,1,0,0,0,1,0,1,0,0
0,0,0,0,15,1,1,1,0,0,0,0,1,1,64.65,66.30333333333333,-1.6533333333333218,2,5,1,0,1,0,6.903295348260044,1,0,0,1,0,0,1,0,0,0
0,0,0,0,42,0,0,1,1,1,1,0,1,1,54.75,55.915476190476184,-1.1654761904761841,5,6,0,0,1,0,7.76193653719278,1,0,0,0,1,0,0,0,1,0
0,0,0,0,2,1,0,0,0,0,0,0,0,1,20.45,21.225,-0.7750000000000021,0,1,0,1,1,0,3.7716108517114013,0,0,1,1,0,0,0,0,0,1
0,0,1,1,72,1,0,0,0,0,0,0,0,1,20.1,18.42013888888889,1.6798611111111121,0,1,1,0,0,0,7.190864411463781,0,0,1,0,0,1,0,1,0,0
0,0,1,1,51,1,0,1,1,1,1,1,1,0,85.5,86.70490196078431,-1.204901960784312,6,8,1,0,0,0,8.394562173260002,1,0,0,0,0,1,0,1,0,0
1,0,1,1,72,1,1,1,1,1,1,0,0,0,72.1,69.67569444444445,2.4243055555555486,4,7,1,0,0,0,8.520716975589854,1,0,0,0,0,1,0,1,0,0
1,0,1,1,72,1,1,0,0,0,0,0,0,1,25.1,24.87222222222222,0.2277777777777814,0,2,1,0,0,0,7.490975980163478,0,0,1,0,0,1,0,1,0,0
0,0,0,0,3,0,0,1,0,0,1,0,0,0,34.25,46.449999999999996,-12.199999999999996,2,3,0,1,1,0,4.9441393028078915,1,0,0,1,0,0,0,0,0,1
1,0,0,0,3,0,0,0,1,0,0,0,0,1,29.6,26.483333333333334,3.116666666666667,1,2,0,1,1,0,4.387635873438392,1,0,0,1,0,0,0,0,1,0
1,0,0,0,2,1,0,0,0,0,0,0,0,0,44.65,37.45,7.199999999999996,0,2,0,1,1,0,4.3294166844015844,1,0,0,1,0,0,0,0,0,1
1,1,0,0,1,1,0,0,0,0,0,0,0,1,69.65,69.65,0.0,0,2,0,1,1,1,4.257738109130536,0,1,0,1,0,0,0,0,1,0
0,0,1,1,58,1,0,0,0,0,0,0,0,0,20.3,20.012931034482758,0.2870689655172427,0,1,1,0,0,0,7.057682767965088,0,0,1,0,0,1,0,1,0,0
1,0,1,1,72,0,0,1,1,1,1,0,1,1,55.45,58.044444444444444,-2.5944444444444414,5,6,1,0,0,0,8.338114371264128,1,0,0,0,0,1,0,1,0,0
1,0,0,0,72,1,1,1,1,1,1,1,1,0,113.4,113.39027777777778,0.009722222222222854,6,9,1,0,1,0,9.007624252726995,0,1,0,0,0,1,1,0,0,0
0,0,0,1,8,0,0,1,0,0,0,0,1,1,38.5,41.35,-2.8500000000000014,2,3,0,0,0,0,5.8045323777563445,1,0,0,1,0,0,0,0,1,0
1,1,1,0,24,0,0,0,0,1,1,0,0,0,34.25,34.50833333333333,-0.25833333333333286,2,3,0,0,0,0,6.720461380561624,1,0,0,1,0,0,0,0,0,1
0,1,0,0,16,1,0,0,0,0,1,1,1,1,94.45,94.45,0.0,3,5,0,0,1,0,7.32132082312417,0,1,0,1,0,0,0,0,1,0
0,0,0,0,1,1,0,0,0,0,0,0,1,1,81.1,81.1,0.0,1,3,0,1,1,1,4.407938016458383,0,1,0,1,0,0,0,0,1,0
1,0,1,0,44,1,0,0,1,1,1,1,0,1,70.95,73.87386363636364,-2.9238636363636346,4,6,0,0,0,0,8.086856329672903,1,0,0,0,1,0,0,0,1,0
0,0,0,0,38,1,1,1,1,1,0,1,1,0,84.1,83.88552631578948,0.2144736842105175,5,8,1,0,1,0,8.067352908713396,1,0,0,0,1,0,1,0,0,0
0,0,0,0,2,1,1,0,0,1,0,0,0,0,80.6,77.9,2.6999999999999886,1,4,0,1,1,1,5.054971107916307,0,1,0,1,0,0,0,0,0,1
0,0,0,0,1,1,0,0,0,0,0,0,0,0,43.8,43.8,0.0,0,2,0,1,1,0,3.8022081394209395,1,0,0,1,0,0,0,0,1,0
0,0,1,1,43,1,1,0,0,0,0,0,0,1,24.45,23.096511627906978,1.3534883720930218,0,2,1,0,0,0,6.90188810070409,0,0,1,0,1,0,1,0,0,0
1,0,1,1,72,1,1,0,0,0,0,0,0,0,24.75,25.820833333333333,-1.0708333333333329,0,2,1,0,0,0,7.528385528702905,0,0,1,0,0,1,0,1,0,0
0,0,1,0,32,1,0,1,0,0,0,0,0,1,75.5,72.646875,2.8531250000000057,1,3,1,0,0,0,7.75177634797621,0,1,0,1,0,0,1,0,0,0
1,0,1,1,61,0,0,1,0,1,0,0,0,0,33.6,34.708196721311474,-1.1081967213114723,2,3,1,0,0,0,7.658321950409569,1,0,0,1,0,0,1,0,0,0
1,0,0,1,1,1,0,0,0,0,0,0,0,1,44.4,44.4,0.0,0,2,0,1,0,0,3.8155121050473024,1,0,0,1,0,0,0,0,1,0
0,0,1,0,24,1,0,0,1,1,0,1,1,1,99.3,101.30624999999999,-2.0062499999999943,4,6,1,0,0,1,7.796613147205047,0,1,0,1,0,0,0,1,0,0
1,0,1,1,28,1,0,0,1,1,1,1,0,0,92.9,98.86964285714285,-5.969642857142844,4,6,1,0,0,0,7.926367914605402,0,1,0,0,1,0,1,0,0,0
1,0,1,1,7,0,0,1,0,1,1,0,1,0,49.65,43.65,6.0,4,5,1,0,0,0,5.725380874208697,1,0,0,0,0,1,0,1,0,0
1,0,1,1,6,1,1,0,0,0,0,0,0,0,25.4,25.55,-0.15000000000000213,0,2,0,1,0,0,5.038898759369115,0,0,1,0,0,1,0,0,0,1
1,0,1,0,34,1,1,0,1,0,0,0,1,0,88.85,88.24264705882354,0.6073529411764582,2,5,0,0,0,1,8.006784147535463,0,1,0,1,0,0,0,0,0,1
0,0,1,0,56,1,1,0,1,0,0,1,1,1,98.25,98.36339285714287,-0.11339285714286973,3,6,0,0,0,1,8.614201927856143,0,1,0,0,1,0,0,0,1,0
0,0,0,0,1,1,0,0,0,0,0,0,0,0,20.5,20.5,0.0,0,1,0,1,1,0,3.068052935133617,0,0,1,1,0,0,0,0,0,1
0,0,1,1,2,1,0,0,0,0,0,0,0,1,71.65,67.875,3.7750000000000057,0,2,0,1,0,1,4.91815444130209,0,1,0,1,0,0,0,0,1,0
0,0,0,1,34,1,1,1,1,1,1,1,1,1,116.15,116.08529411764707,0.06470588235293917,6,9,1,0,0,0,8.280939070951932,0,1,0,0,0,1,0,1,0,0
1,0,0,0,29,1,0,0,0,1,1,1,1,1,98.8,96.79655172413793,2.0034482758620697,4,6,1,0,1,0,7.940263377047203,0,1,0,1,0,0,0,1,0,0
1,1,1,1,1,1,0,0,0,0,1,0,0,1,49.25,49.25,0.0,1,3,1,1,0,0,3.917010546939185,1,0,0,1,0,0,0,1,0,0
0,0,1,0,58,1,1,1,0,1,1,1,1,1,84.3,84.7655172413793,-0.4655172413793025,5,8,0,0,0,0,8.500535214520095,1,0,0,0,0,1,0,0,1,0
0,0,1,0,71,1,1,1,1,0,0,1,0,0,95.65,96.57676056338028,-0.9267605633802702,3,6,0,0,0,0,8.833163842240966,0,1,0,0,1,0,0,0,0,1
0,0,1,1,21,1,0,0,1,0,0,0,0,1,74.05,74.55714285714286,-0.5071428571428669,1,3,1,0,0,1,7.356726775399442,0,1,0,1,0,0,1,0,0,0
1,0,1,1,67,1,1,0,1,1,0,1,1,1,105.4,104.32014925373134,1.0798507462686615,4,7,0,0,0,1,8.852300210838106,0,1,0,0,1,0,0,0,1,0
0,0,1,1,71,1,1,1,1,1,1,0,0,0,71.1,73.59084507042253,-2.4908450704225373,4,7,0,0,0,0,8.561391878487907,1,0,0,0,0,1,0,0,0,1
1,0,0,0,58,1,0,0,1,1,1,1,0,0,70.1,69.80948275862069,0.29051724137930535,4,6,1,0,1,0,8.306459814345365,1,0,0,0,0,1,1,0,0,0
1,0,1,1,34,1,0,0,0,1,0,1,0,1,84.05,85.58676470588235,-1.536764705882348,2,4,0,0,0,1,7.97623476737001,0,1,0,1,0,0,0,0,0,1
0,0,1,0,71,1,1,0,0,0,0,0,0,1,24.4,24.301408450704226,0.0985915492957723,0,2,1,0,0,0,7.45379359450387,0,0,1,0,0,1,0,1,0,0
0,0,1,1,35,1,1,0,0,0,0,0,0,1,25.75,25.215714285714284,0.5342857142857156,0,2,0,0,0,0,6.783947883254065,0,0,1,1,0,0,0,0,1,0
0,0,0,0,51,1,0,0,0,0,0,0,0,1,19.85,19.548039215686277,0.3019607843137244,0,1,1,0,1,0,6.905703174856006,0,0,1,0,1,0,1,0,0,0
1,0,1,1,37,0,0,1,0,1,1,0,0,1,40.2,41.225675675675674,-1.0256756756756715,3,4,0,0,0,0,7.330634543344089,1,0,0,0,1,0,0,0,1,0
0,0,0,0,27,1,1,0,0,0,0,1,1,1,94.55,100.91111111111111,-6.361111111111114,2,5,0,0,1,1,7.910443866346757,0,1,0,1,0,0,0,0,0,1
1,0,1,1,72,1,1,1,1,1,1,1,0,1,106.1,104.84166666666667,1.2583333333333258,5,8,1,0,0,0,8.929249860707124,0,1,0,0,0,1,0,1,0,0
0,0,1,0,2,1,0,1,0,0,1,0,0,1,80.15,97.275,-17.125,2,4,0,1,0,0,5.2758161012015234,0,1,0,1,0,0,0,0,1,0
1,0,0,0,9,0,0,0,0,0,0,1,1,1,45.4,46.53333333333333,-1.1333333333333329,2,3,0,0,1,0,6.039778407386533,1,0,0,1,0,0,0,0,1,0
0,0,1,1,56,1,0,0,0,0,0,1,1,0,88.9,88.71428571428571,0.1857142857142975,2,4,1,0,0,1,8.51097389160232,0,1,0,0,1,0,1,0,0,0
1,0,1,0,5,1,1,0,1,0,0,0,0,1,81.3,83.26,-1.960000000000008,1,4,0,1,0,1,6.033805387597507,0,1,0,1,0,0,0,0,1,0
0,0,1,0,58,1,0,1,1,0,0,1,0,1,65.25,65.37241379310345,-0.12241379310344769,3,5,1,0,0,0,8.240807078706307,1,0,0,1,0,0,0,1,0,0
1,0,1,1,66,0,0,0,1,1,0,1,1,1,56.75,56.18787878787879,0.5621212121212125,4,5,1,0,0,0,8.218625417455186,1,0,0,0,0,1,0,1,0,0
1,0,0,0,12,1,0,0,0,0,1,0,0,0,50.25,49.479166666666664,0.7708333333333357,1,3,1,0,1,0,6.388141149183067,1,0,0,1,0,0,1,0,0,0
1,1,1,0,37,1,1,0,0,0,0,1,1,1,92.5,93.87567567567568,-1.37567567567568,2,5,0,0,0,1,8.153177081220612,0,1,0,1,0,0,0,0,1,0
0,1,1,0,72,1,1,1,1,1,0,1,1,1,84.1,85.13402777777777,-1.03402777777778,5,8,1,0,0,0,8.72105605919792,1,0,0,0,0,1,0,1,0,0
1,0,1,1,72,1,1,1,1,1,1,1,1,1,87.55,89.76597222222222,-2.21597222222222,6,9,1,0,0,0,8.774026805377234,1,0,0,0,0,1,1,0,0,0
1,1,0,0,10,1,0,0,1,0,0,0,0,1,72.85,68.865,3.9849999999999994,1,3,0,0,1,1,6.536184222521529,0,1,0,1,0,0,0,0,1,0
0,0,1,1,19,1,1,0,0,0,0,0,0,0,25.6,25.573684210526313,0.02631578947368851,0,2,0,0,0,0,6.188058763188655,0,0,1,0,0,1,0,0,0,1
0,0,0,0,38,1,1,0,1,0,1,0,1,0,68.15,69.90263157894738,-1.7526315789473728,3,6,1,0,1,0,7.885065848682237,1,0,0,1,0,0,0,1,0,0
0,0,1,1,18,1,0,0,0,0,0,0,0,0,19.35,17.180555555555557,2.1694444444444443,0,1,0,0,0,0,5.737378424084716,0,0,1,0,0,1,0,0,0,1
1,1,1,0,64,1,1,0,0,1,1,1,1,0,102.1,102.16328125,-0.06328125000000284,4,7,0,0,0,0,8.785608343055493,0,1,0,0,0,1,0,0,1,0
0,0,1,1,48,1,1,1,1,0,0,1,1,1,103.25,104.94895833333334,-1.6989583333333371,4,7,1,0,0,0,8.524873621259589,0,1,0,0,1,0,0,1,0,0
0,0,0,0,15,1,0,0,0,0,0,0,0,0,19.6,22.10666666666667,-2.5066666666666677,0,1,0,0,1,0,5.806940566758827,0,0,1,0,0,1,0,0,0,1
0,1,0,0,18,1,0,0,1,0,0,0,0,1,73.55,75.525,-1.9750000000000085,1,3,0,0,1,1,7.215570806353545,0,1,0,1,0,0,0,0,1,0
1,1,0,0,5,1,0,0,0,0,0,0,0,1,71.45,74.32000000000001,-2.8700000000000045,0,2,0,1,1,1,5.920505458167488,0,1,0,1,0,0,0,0,0,1
0,0,1,0,71,1,1,0,0,0,0,0,0,1,24.45,23.68450704225352,0.7654929577464777,0,2,1,0,0,0,7.428095495116713,0,0,1,0,0,1,0,1,0,0
1,0,0,0,29,1,0,0,0,1,0,0,0,0,48.95,45.6448275862069,3.305172413793102,1,3,1,0,1,0,7.188941297690216,1,0,0,1,0,0,1,0,0,0
1,0,0,0,1,1,0,0,0,0,0,0,0,1,69.8,69.8,0.0,0,2,0,1,1,1,4.259859000699674,0,1,0,1,0,0,0,0,1,0
0,0,1,1,41,0,0,1,0,1,0,0,0,0,35.4,34.44878048780488,0.9512195121951166,2,3,1,0,0,0,7.253753428256754,1,0,0,0,1,0,0,1,0,0
1,0,1,1,70,1,1,0,0,0,0,0,0,0,25.4,25.457857142857144,-0.05785714285714505,0,2,0,0,0,0,7.486080660094743,0,0,1,0,0,1,0,0,0,1
0,1,1,1,34,1,1,0,1,0,0,0,0,1,79.6,79.95,-0.3500000000000085,1,4,0,0,0,1,7.908129773227916,0,1,0,1,0,0,0,0,0,1
0,0,1,1,38,1,0,1,1,0,1,1,1,0,80.3,80.49078947368422,-0.1907894736842195,5,7,1,0,0,0,8.026055809319672,1,0,0,0,1,0,0,1,0,0
1,1,1,0,23,1,1,0,0,0,0,0,1,0,86.8,85.90652173913043,0.8934782608695713,1,4,0,0,0,1,7.589259947758008,0,1,0,1,0,0,0,0,1,0
1,0,0,0,52,1,0,1,0,1,0,1,0,0,91.25,91.12115384615385,0.12884615384615472,3,5,0,0,1,0,8.463644724458563,0,1,0,0,1,0,0,0,1,0
1,1,1,0,15,1,1,0,0,0,0,0,1,1,85.6,89.70333333333333,-4.103333333333339,1,4,1,0,0,1,7.205301044870807,0,1,0,1,0,0,1,0,0,0
1,0,1,1,36,1,0,0,0,0,0,0,0,0,19.45,20.958333333333332,-1.5083333333333329,0,1,1,0,0,0,6.627379781712794,0,0,1,0,0,1,0,1,0,0
0,0,0,0,31,1,0,0,0,0,0,0,0,0,20.9,22.23709677419355,-1.3370967741935509,0,1,1,0,1,0,6.537198715362162,0,0,1,0,0,1,0,1,0,0
1,0,0,0,5,1,0,0,0,0,1,1,1,1,96.1,90.67999999999999,5.420000000000002,3,5,0,1,1,0,6.118977867406942,0,1,0,1,0,0,0,0,1,0
1,1,0,0,9,1,1,0,0,0,0,0,0,1,74.05,75.38333333333334,-1.3333333333333428,0,3,0,0,1,1,6.521283647366507,0,1,0,1,0,0,0,0,1,0
0,0,0,0,10,1,0,0,0,0,0,0,0,1,19.8,19.825,-0.02499999999999858,0,1,0,0,1,0,5.294560317670324,0,0,1,0,1,0,0,0,0,1
0,1,0,0,10,1,0,0,0,1,0,0,1,1,84.6,86.55499999999999,-1.9549999999999983,2,4,1,0,1,1,6.764519810895385,0,1,0,1,0,0,0,1,0,0
1,1,1,0,2,1,0,0,0,0,0,0,0,0,70.1,70.825,-0.7250000000000085,0,2,0,1,0,1,4.960394077659509,0,1,0,1,0,0,0,0,1,0
0,0,1,0,50,1,0,0,0,0,0,0,0,1,19.85,18.862000000000002,0.9879999999999995,0,1,1,0,0,0,6.850232092738471,0,0,1,0,1,0,1,0,0,0
1,0,0,0,27,1,1,0,0,0,0,0,0,0,49.0,47.827777777777776,1.1722222222222243,0,3,0,0,1,0,7.164217545489172,1,0,0,1,0,0,0,0,0,1
1,0,0,0,2,1,0,0,1,0,0,0,0,0,49.25,48.5,0.75,1,3,0,1,1,0,4.584967478670572,1,0,0,1,0,0,0,0,0,1
1,1,1,1,26,1,1,0,1,1,0,1,1,0,105.75,104.24038461538461,1.5096153846153868,4,7,0,0,0,1,7.9051650621410845,0,1,0,1,0,0,0,0,1,0
0,0,0,0,9,1,0,0,0,0,0,1,1,1,90.8,89.97222222222223,0.8277777777777686,2,4,1,0,1,1,6.697959745187427,0,1,0,1,0,0,1,0,0,0
1,0,1,1,3,1,0,1,1,0,0,1,0,0,89.85,82.8,7.049999999999997,3,5,0,1,0,0,5.519058033245936,0,1,0,1,0,0,0,0,1,0
1,0,1,0,62,0,0,1,1,0,1,0,0,1,38.6,37.83145161290323,0.7685483870967715,3,4,1,0,0,0,7.760701443339011,1,0,0,0,0,1,0,1,0,0
1,0,0,0,29,0,0,1,0,0,1,0,0,0,35.6,36.98620689655172,-1.3862068965517196,2,3,0,0,1,0,6.978772766217417,1,0,0,0,1,0,0,0,0,1
1,0,0,1,8,1,0,0,0,0,0,0,0,0,19.45,19.9,-0.4499999999999993,0,1,1,0,0,0,5.076423034634259,0,0,1,1,0,0,1,0,0,0
0,1,0,0,12,1,1,0,1,0,0,1,0,1,91.3,91.20833333333333,0.09166666666666856,2,5,0,0,1,1,6.998966159035521,0,1,0,1,0,0,0,0,1,0
0,1,1,1,40,1,1,0,0,0,0,1,1,1,94.55,91.01124999999999,3.5387500000000074,2,5,1,0,0,1,8.200137232958184,0,1,0,1,0,0,0,1,0,0
0,0,0,0,9,0,0,1,0,1,1,1,1,0,58.5,59.983333333333334,-1.4833333333333343,5,6,0,0,1,0,6.293141976076298,1,0,0,1,0,0,0,0,0,1
1,0,0,0,30,1,1,0,0,0,1,0,1,1,89.9,90.77166666666668,-0.8716666666666697,2,5,1,0,1,0,7.909911731832617,0,1,0,1,0,0,0,1,0,0
0,0,0,0,61,1,1,0,0,1,1,1,1,1,106.6,105.38360655737705,1.2163934426229446,4,7,0,0,1,0,8.768636500280573,0,1,0,0,0,1,0,0,1,0
1,0,0,0,1,1,0,0,0,0,0,0,0,0,20.3,20.3,0.0,0,1,0,1,1,0,3.0587070727153796,0,0,1,1,0,0,0,0,0,1
1,1,1,0,64,1,1,0,1,1,0,0,1,1,94.25,95.021875,-0.7718749999999943,3,6,0,0,0,1,8.713154633914227,0,1,0,1,0,0,0,0,1,0
0,0,1,0,53,1,0,0,0,0,0,0,0,0,20.8,19.279245283018867,1.5207547169811342,0,1,1,0,0,0,6.930299243417031,0,0,1,0,1,0,1,0,0,0
0,0,1,1,57,1,0,0,0,0,0,0,0,0,19.5,20.48421052631579,-0.9842105263157883,0,1,1,0,0,0,7.063561730120337,0,0,1,0,0,1,1,0,0,0
0,0,1,0,72,1,1,0,0,0,0,0,0,0,26.45,26.59027777777778,-0.14027777777777928,0,2,1,0,0,0,7.557733964140704,0,0,1,0,0,1,0,1,0,0
0,0,1,1,1,1,0,0,0,0,0,0,0,1,44.35,44.35,0.0,0,2,1,1,0,0,3.814410176561146,1,0,0,1,0,0,1,0,0,0
0,0,1,1,72,1,1,1,0,1,1,1,1,1,84.2,83.14652777777778,1.0534722222222257,5,8,1,0,0,0,8.697437592414992,1,0,0,0,0,1,1,0,0,0
0,0,0,0,2,1,0,0,0,0,0,0,0,1,70.15,61.9,8.250000000000007,0,2,0,1,1,1,4.826712455935327,0,1,0,1,0,0,0,0,1,0
0,1,0,0,67,1,1,0,1,0,0,0,0,0,54.9,55.6044776119403,-0.7044776119402982,1,4,0,0,1,0,8.223224734321748,1,0,0,1,0,0,0,0,1,0
0,1,1,0,50,1,1,0,0,0,0,0,0,0,25.2,26.125999999999998,-0.9259999999999984,0,2,0,0,0,0,7.175719220567815,0,0,1,0,1,0,0,0,1,0
0,0,1,1,14,1,0,0,0,0,0,0,0,1,19.7,18.832142857142856,0.8678571428571438,0,1,0,0,0,0,5.578408198303997,0,0,1,0,0,1,0,0,0,1
1,0,1,1,2,1,1,1,0,0,0,0,0,0,56.7,56.775,-0.07499999999999574,1,4,0,1,0,0,4.741011408899505,1,0,0,1,0,0,0,0,0,1
0,0,0,0,60,1,0,0,0,0,0,0,0,0,19.85,18.801666666666666,1.0483333333333356,0,1,1,0,1,0,7.029176134186477,0,0,1,0,0,1,1,0,0,0
0,0,1,1,72,1,0,1,1,1,1,0,1,1,74.35,72.74166666666666,1.6083333333333343,5,7,0,0,0,0,8.563771387176816,1,0,0,0,0,1,0,0,1,0
1,1,0,0,1,0,0,0,0,0,0,0,0,1,25.1,25.1,0.0,0,1,0,1,1,0,3.261935314328648,1,0,0,1,0,0,0,0,1,0
0,1,1,0,37,1,1,0,0,0,0,0,0,1,76.5,77.51756756756757,-1.0175675675675677,0,3,0,0,0,1,7.961771097640099,0,1,0,1,0,0,0,0,1,0
0,0,0,0,10,1,0,0,0,0,1,0,1,1,60.95,62.955,-2.0049999999999955,2,4,0,0,1,0,6.446592454401883,1,0,0,1,0,0,0,0,0,1
0,0,0,0,3,1,1,0,0,0,0,1,0,1,60.25,56.833333333333336,3.4166666666666643,1,4,0,1,1,0,5.144583266605995,1,0,0,1,0,0,0,0,1,0
1,0,1,0,72,1,1,0,0,0,0,0,0,0,25.4,24.959722222222222,0.44027777777777644,0,2,0,0,0,0,7.494485830837592,0,0,1,0,0,1,0,0,0,1
0,0,0,0,1,1,0,0,0,0,0,1,0,1,53.55,53.55,0.0,1,3,0,1,1,0,3.9991177122790798,1,0,0,1,0,0,0,0,0,1
0,0,1,1,65,1,1,1,1,0,1,1,1,1,82.5,80.2323076923077,2.2676923076923003,5,8,1,0,0,0,8.559505275201854,1,0,0,0,0,1,1,0,0,0
1,0,1,0,70,1,0,1,1,1,1,1,1,1,109.5,107.63785714285714,1.8621428571428567,6,8,1,0,0,0,8.927400371440925,0,1,0,0,1,0,1,0,0,0
0,0,1,0,70,1,1,1,1,1,1,1,1,1,94.8,97.98642857142858,-3.1864285714285785,6,9,1,0,0,0,8.833470009323106,1,0,0,0,0,1,0,1,0,0
0,0,0,1,63,1,0,0,0,0,0,0,0,0,19.5,19.287301587301585,0.2126984126984155,0,1,1,0,0,0,7.103404295986953,0,0,1,0,0,1,0,1,0,0
0,0,0,0,57,1,0,0,0,1,0,1,1,1,95.25,95.87105263157895,-0.621052631578948,3,5,0,0,1,1,8.606238332238815,0,1,0,0,0,1,0,0,1,0
0,1,1,0,27,1,0,1,0,0,0,0,0,1,75.2,71.4574074074074,3.742592592592601,1,3,1,0,0,0,7.565456612607783,0,1,0,1,0,0,1,0,0,0
0,0,0,0,28,1,0,0,0,0,0,0,1,1,80.6,80.17678571428571,0.42321428571428044,1,3,0,0,1,1,7.716883873251837,0,1,0,1,0,0,0,0,1,0
0,0,0,0,51,1,1,1,1,1,0,1,1,0,107.45,111.39019607843136,-3.940196078431356,5,8,1,0,1,0,8.645040962822444,0,1,0,0,1,0,1,0,0,0
0,0,0,0,26,1,0,0,1,1,0,0,0,1,54.75,54.111538461538466,0.6384615384615344,2,4,1,0,1,0,7.249854511468482,1,0,0,1,0,0,0,1,0,0
1,0,1,1,61,1,0,1,1,1,1,0,0,1,68.05,68.16803278688525,-0.11803278688525154,4,6,1,0,0,0,8.333090048539852,1,0,0,0,0,1,1,0,0,0
1,0,0,0,15,1,0,0,0,0,0,0,0,0,19.8,20.30666666666667,-0.5066666666666677,0,1,0,0,1,0,5.722277057292366,0,0,1,0,1,0,0,0,0,1
1,1,0,0,27,1,1,0,1,0,0,0,0,1,81.45,78.59444444444445,2.8555555555555543,1,4,0,0,1,1,7.660609013003878,0,1,0,1,0,0,0,0,1,0
1,0,0,0,3,1,0,0,0,1,0,0,1,0,85.7,85.58333333333333,0.11666666666667425,2,4,1,1,1,1,5.551990122897069,0,1,0,1,0,0,0,1,0,0
0,1,0,0,1,1,0,0,0,0,0,0,0,1,70.15,70.15,0.0,0,2,0,1,1,1,4.264790324535862,0,1,0,1,0,0,0,0,1,0
0,0,0,0,26,1,0,1,0,1,1,0,0,1,87.15,87.46538461538461,-0.31538461538460183,3,5,1,0,1,0,7.729779286462969,0,1,0,0,1,0,0,1,0,0
0,0,0,0,1,1,0,0,0,0,0,0,0,1,45.4,45.4,0.0,0,2,0,1,1,0,3.8372994592322094,1,0,0,1,0,0,0,0,0,1
0,0,0,0,10,1,1,0,1,0,0,0,0,1,80.05,83.07000000000001,-3.0200000000000102,1,4,1,0,1,1,6.723471798874642,0,1,0,1,0,0,1,0,0,0
1,0,1,1,72,1,1,0,0,0,0,0,1,1,84.5,85.15069444444445,-0.6506944444444542,1,4,1,0,0,1,8.721251777852979,0,1,0,0,0,1,0,1,0,0
1,0,1,1,72,0,0,1,1,1,1,1,1,1,64.8,65.55208333333333,-0.7520833333333314,6,7,1,0,0,0,8.459722964261687,1,0,0,0,0,1,0,1,0,0
0,0,1,1,46,1,0,0,0,0,0,0,0,1,19.95,20.15434782608696,-0.20434782608695912,0,1,0,0,0,0,6.833139485601347,0,0,1,0,0,1,0,0,0,1
0,0,1,1,71,1,0,0,0,0,0,0,0,0,19.7,19.941549295774646,-0.24154929577464657,0,1,1,0,0,0,7.256191376642079,0,0,1,0,0,1,0,1,0,0
1,1,1,0,16,1,1,0,0,1,0,1,1,1,98.75,99.221875,-0.47187499999999716,3,6,0,0,0,1,7.370576929449647,0,1,0,1,0,0,0,0,1,0
1,0,1,0,66,1,1,1,1,1,1,1,1,0,115.8,120.33560606060605,-4.535606060606057,6,9,1,0,0,0,8.980065201007257,0,1,0,0,1,0,1,0,0,0
0,1,1,0,68,1,0,0,1,1,1,0,0,1,60.65,58.46911764705882,2.1808823529411754,3,5,1,0,0,0,8.288257900310217,1,0,0,0,1,0,1,0,0,0
0,0,0,0,4,0,0,1,0,0,0,0,0,1,29.15,27.5125,1.6374999999999993,1,2,0,1,1,0,4.709980550340436,1,0,0,1,0,0,0,0,0,1
0,0,1,0,24,1,0,0,1,0,0,1,1,1,69.45,67.25208333333333,2.1979166666666714,3,5,1,0,0,0,7.387121194929835,1,0,0,1,0,0,1,0,0,0
1,0,1,1,35,1,1,0,1,0,0,1,0,1,89.65,90.33142857142857,-0.6814285714285688,2,5,1,0,0,1,8.059149753089216,0,1,0,1,0,0,1,0,0,0
1,0,0,0,44,1,0,0,0,0,0,0,0,0,20.05,19.210227272727273,0.8397727272727273,0,1,0,0,1,0,6.740814824226485,0,0,1,0,0,1,0,0,0,1
0,0,1,0,43,1,1,0,0,0,1,1,0,1,64.85,67.63255813953488,-2.782558139534885,2,5,1,0,0,0,7.975633408280386,1,0,0,0,1,0,1,0,0,0
0,0,1,1,13,1,0,0,0,0,0,0,0,1,19.75,18.976923076923075,0.7730769230769248,0,1,1,0,0,0,5.512218336495314,0,0,1,0,0,1,1,0,0,0
1,0,0,0,1,1,0,0,0,0,0,0,0,1,19.75,19.75,0.0,0,1,0,1,1,0,3.0325462466767075,0,0,1,1,0,0,0,0,0,1
1,0,1,1,8,1,0,0,0,0,0,1,0,1,54.4,59.3875,-4.987500000000004,1,3,0,0,0,0,6.1656279162004735,1,0,0,1,0,0,0,0,1,0
0,0,1,0,67,1,1,1,0,1,1,1,1,1,111.25,112.1141791044776,-0.8641791044775999,5,8,0,0,0,0,8.924343545366261,0,1,0,0,1,0,0,0,1,0
0,0,1,1,72,1,1,1,1,1,1,0,1,1,79.5,78.63472222222222,0.8652777777777771,5,8,1,0,0,0,8.64165608925585,1,0,0,0,0,1,1,0,0,0
0,0,0,0,30,0,0,0,0,0,1,0,1,1,40.35,39.568333333333335,0.7816666666666663,2,3,1,0,1,0,7.080068586579022,1,0,0,0,1,0,0,1,0,0
0,0,1,1,17,1,1,0,0,0,0,0,0,0,24.1,24.11176470588235,-0.011764705882349347,0,2,0,0,0,0,6.018349875889364,0,0,1,1,0,0,0,0,0,1
0,0,0,0,58,1,1,0,0,0,0,0,0,0,24.35,24.54913793103448,-0.1991379310344783,0,2,1,0,1,0,7.261821824004301,0,0,1,0,0,1,0,1,0,0
0,1,0,0,45,1,1,0,0,1,0,1,1,1,100.15,99.10666666666667,1.0433333333333366,3,6,1,0,1,1,8.40308340112615,0,1,0,0,1,0,1,0,0,0
1,0,0,1,3,1,0,0,0,0,0,0,0,0,69.65,73.36666666666666,-3.7166666666666544,0,2,0,1,0,1,5.3986150878634005,0,1,0,1,0,0,0,0,1,0
0,0,0,0,1,1,0,0,0,0,0,0,0,0,19.65,19.65,0.0,0,1,0,1,1,0,3.027715319407042,0,0,1,1,0,0,0,0,0,1
1,0,0,0,52,1,1,1,0,0,1,1,1,1,79.75,81.11153846153846,-1.3615384615384585,4,7,1,0,1,0,8.347306006402459,1,0,0,0,0,1,0,1,0,0
1,0,1,1,67,1,1,0,1,1,0,0,0,0,87.4,88.34029850746269,-0.9402985074626855,2,5,0,0,0,1,8.686057943523583,0,1,0,0,1,0,0,0,1,0
0,0,1,1,56,1,0,0,0,0,0,0,0,1,19.8,19.998214285714287,-0.19821428571428612,0,1,1,0,0,0,7.02188721302705,0,0,1,0,0,1,0,1,0,0
1,0,0,0,26,1,1,0,0,0,0,0,1,1,83.95,86.69999999999999,-2.749999999999986,1,4,0,0,1,1,7.720993939799903,0,1,0,1,0,0,0,0,1,0
0,1,0,0,32,1,0,0,0,0,0,1,1,0,90.95,90.5609375,0.3890625000000085,2,4,0,0,1,1,7.972103881446254,0,1,0,1,0,0,0,0,1,0
1,0,0,0,44,1,0,0,0,0,0,0,0,0,19.5,18.988636363636363,0.5113636363636367,0,1,1,0,1,0,6.729226520426879,0,0,1,0,1,0,0,1,0,0
1,1,1,0,32,1,1,0,0,0,0,0,1,1,85.0,82.5640625,2.4359374999999943,1,4,0,0,0,1,7.879688832321678,0,1,0,1,0,0,0,0,1,0
0,0,0,0,35,1,1,0,0,0,0,1,0,1,86.45,86.54571428571428,-0.09571428571427987,1,4,0,0,1,1,8.016350901259148,0,1,0,1,0,0,0,0,1,0
0,0,0,1,50,1,0,0,0,0,0,0,0,0,20.15,19.417,0.732999999999997,0,1,1,0,0,0,6.879201471564076,0,0,1,0,0,1,0,1,0,0
0,0,1,0,61,1,1,0,0,1,1,1,1,1,103.3,106.85819672131149,-3.5581967213114893,4,7,1,0,0,0,8.782529956699463,0,1,0,0,1,0,1,0,0,0
0,0,1,0,21,1,1,0,0,0,0,1,1,1,94.3,92.77857142857142,1.5214285714285722,2,5,0,0,0,1,7.575251262656555,0,1,0,1,0,0,0,0,1,0
0,0,0,1,8,1,0,0,0,0,0,0,0,0,20.05,20.45,-0.3999999999999986,0,1,0,0,0,0,5.103518288242969,0,0,1,1,0,0,0,0,0,1
0,0,1,1,64,1,1,0,1,1,0,0,1,1,92.85,93.44921875,-0.5992187500000057,3,6,0,0,0,1,8.696468446273787,0,1,0,0,1,0,0,0,1,0
1,0,1,1,19,1,1,0,0,0,0,0,1,1,83.65,77.14473684210526,6.5052631578947455,1,4,0,0,0,1,7.290804347805969,0,1,0,1,0,0,0,0,1,0
1,0,0,0,14,1,1,0,0,0,1,1,0,1,89.95,84.17142857142858,5.778571428571425,2,5,0,0,1,0,7.072761113566404,0,1,0,1,0,0,0,0,1,0
1,0,0,0,12,1,1,0,0,0,0,1,1,1,96.05,95.675,0.375,2,5,0,0,1,1,7.046734306263588,0,1,0,1,0,0,0,0,1,0
0,1,0,0,17,1,1,0,0,1,0,0,0,1,82.65,86.4735294117647,-3.823529411764696,1,4,1,0,1,1,7.293731710506439,0,1,0,1,0,0,0,1,0,0
1,0,1,1,44,1,1,0,0,0,0,0,0,0,24.85,23.036363636363635,1.8136363636363662,0,2,0,0,0,0,6.922249725132589,0,0,1,0,1,0,0,0,1,0
1,1,1,0,60,1,1,0,0,0,1,1,1,1,99.0,100.29833333333333,-1.298333333333332,3,6,0,0,0,0,8.702659797354265,0,1,0,1,0,0,0,0,1,0
1,0,0,0,10,1,1,1,0,0,0,0,0,1,54.5,56.82000000000001,-2.3200000000000074,1,4,1,0,1,0,6.344231866215697,1,0,0,1,0,0,0,1,0,0
1,0,1,1,57,1,0,0,0,0,0,0,0,0,20.75,19.704385964912284,1.0456140350877163,0,1,0,0,0,0,7.0247824735070115,0,0,1,0,0,1,0,0,0,1
0,0,1,0,68,1,1,0,1,1,1,0,0,0,90.2,92.6125,-2.4124999999999943,3,6,1,0,0,0,8.748090603702874,0,1,0,0,0,1,0,1,0,0
1,1,1,0,1,1,1,0,0,0,0,0,0,1,73.55,73.55,0.0,0,3,0,1,0,1,4.311470041210748,0,1,0,1,0,0,0,0,1,0
1,0,0,0,5,1,0,0,0,1,1,0,0,0,56.15,58.29,-2.1400000000000006,2,4,0,1,1,0,5.678293711889035,1,0,0,1,0,0,0,0,1,0
1,0,0,0,51,1,0,0,0,0,0,0,0,0,19.1,19.76078431372549,-0.6607843137254896,0,1,0,0,1,0,6.916516784650709,0,0,1,0,1,0,0,0,1,0
0,0,1,0,35,1,0,1,0,0,0,1,0,1,62.15,63.29857142857142,-1.1485714285714224,2,4,1,0,0,0,7.703662095843597,1,0,0,0,1,0,1,0,0,0
1,0,1,1,11,1,1,1,0,0,0,1,0,1,65.15,65.75909090909092,-0.6090909090909093,2,5,1,0,0,0,6.585274700987661,1,0,0,1,0,0,1,0,0,0
1,0,0,0,26,1,0,0,0,0,0,0,0,0,45.45,47.42884615384616,-1.9788461538461561,0,2,0,0,1,0,7.118137752993733,1,0,0,1,0,0,0,0,1,0
0,0,0,0,2,1,0,0,0,0,0,0,0,1,70.7,75.825,-5.125,0,2,0,1,1,1,5.028147719180887,0,1,0,1,0,0,0,0,1,0
1,0,1,1,32,1,1,1,0,0,0,1,1,1,99.55,100.1453125,-0.5953125000000057,3,6,1,0,0,0,8.07267015690431,0,1,0,1,0,0,0,1,0,0
0,0,1,1,62,1,0,0,0,0,0,0,0,0,20.3,20.905645161290323,-0.6056451612903224,0,1,1,0,0,0,7.167924829132794,0,0,1,0,0,1,1,0,0,0
1,0,0,0,1,1,0,0,0,0,0,0,0,0,19.7,19.7,0.0,0,1,0,1,1,0,3.0301337002713233,0,0,1,1,0,0,0,0,0,1
1,0,0,0,8,1,0,0,0,1,0,1,1,1,94.7,92.5375,2.1625000000000085,3,5,0,0,1,1,6.608405401662674,0,1,0,1,0,0,0,0,1,0
0,0,0,1,22,0,0,0,0,1,0,1,1,1,49.45,46.88181818181818,2.56818181818182,3,4,1,0,0,0,6.939641467844459,1,0,0,0,1,0,0,1,0,0
0,0,1,0,11,1,1,0,0,1,0,1,1,1,99.5,96.08636363636364,3.413636363636357,3,6,0,0,0,1,6.964088352322298,0,1,0,1,0,0,0,0,1,0
0,0,0,0,9,1,1,0,0,0,0,0,0,1,74.75,78.51111111111112,-3.76111111111112,0,3,0,0,1,1,6.56187896228563,0,1,0,1,0,0,0,0,1,0
1,1,1,1,68,1,1,0,0,1,1,1,1,1,107.15,108.5264705882353,-1.3764705882352928,4,7,1,0,0,0,8.906637312803555,0,1,0,0,1,0,0,1,0,0
1,1,0,0,32,1,1,0,0,0,0,1,1,1,96.15,94.3515625,1.7984375000000057,2,5,1,0,1,1,8.013094888399673,0,1,0,1,0,0,0,1,0,0
0,0,1,1,54,1,1,0,1,1,0,0,0,1,59.8,60.11944444444444,-0.31944444444444287,2,5,1,0,0,0,8.085625351967414,1,0,0,0,0,1,1,0,0,0
1,0,0,0,23,1,0,0,0,0,0,0,0,0,20.15,17.63478260869565,2.515217391304347,0,1,1,0,1,0,6.007829901194246,0,0,1,0,1,0,1,0,0,0
1,0,1,1,31,0,0,1,0,0,1,0,0,0,35.4,34.75806451612903,0.6419354838709666,2,3,1,0,0,0,6.983326465829211,1,0,0,1,0,0,1,0,0,0
1,0,0,1,21,1,1,0,0,0,0,0,0,0,24.7,22.245238095238093,2.454761904761906,0,2,0,0,0,0,6.1487887573848985,0,0,1,1,0,0,0,0,0,1
1,0,0,1,10,1,1,0,0,0,0,0,0,0,24.8,22.39,2.41,0,2,1,0,0,0,5.41565585896527,0,0,1,1,0,0,0,1,0,0
1,1,1,0,29,1,1,0,0,0,0,0,1,1,84.3,81.30172413793103,2.998275862068965,1,4,0,0,0,1,7.76588709668276,0,1,0,1,0,0,0,0,1,0
0,0,1,1,55,1,1,1,0,0,0,1,1,0,100.9,99.06545454545456,1.8345454545454487,3,6,0,0,0,0,8.60329749046837,0,1,0,0,1,0,0,0,0,1
0,0,0,0,5,0,0,0,1,0,0,1,1,1,50.95,45.88,5.07,3,4,1,1,1,0,5.439816928821736,1,0,0,1,0,0,0,1,0,0
0,0,0,0,10,1,1,0,0,0,0,0,1,0,86.45,83.08500000000001,3.364999999999995,1,4,0,0,1,1,6.723652136105752,0,1,0,1,0,0,0,0,1,0
1,0,1,0,8,1,1,0,0,0,0,0,1,1,85.65,82.43125,3.21875,1,4,1,0,0,1,6.492921420869872,0,1,0,1,0,0,1,0,0,0
1,0,1,1,67,1,0,1,1,0,0,0,0,1,54.2,57.286567164179104,-3.086567164179101,2,4,1,0,0,0,8.253019290544035,1,0,0,0,0,1,1,0,0,0
1,1,1,1,38,1,1,0,1,0,0,1,1,0,101.15,98.46973684210526,2.6802631578947427,3,6,0,0,0,1,8.227602632295108,0,1,0,1,0,0,0,0,1,0
1,0,1,0,72,1,1,1,1,1,1,1,1,1,90.25,88.46458333333334,1.7854166666666629,6,9,1,0,0,0,8.759425389713137,1,0,0,0,0,1,0,1,0,0
1,1,1,0,52,1,1,1,0,1,0,1,1,1,104.2,107.08365384615385,-2.883653846153848,4,7,0,0,0,0,8.625033629522884,0,1,0,1,0,0,0,0,1,0
1,0,1,1,71,1,1,0,1,0,1,0,0,1,84.8,86.65352112676055,-1.8535211267605547,2,5,0,0,0,0,8.72476005356623,0,1,0,0,0,1,0,0,1,0
1,0,1,0,59,1,1,1,1,1,1,1,1,0,113.75,111.20762711864407,2.5423728813559308,6,9,0,0,0,0,8.789088810936143,0,1,0,0,0,1,0,0,1,0
0,0,1,1,59,1,0,0,0,0,0,0,0,0,20.6,21.796610169491526,-1.1966101694915245,0,1,0,0,0,0,7.160069207596127,0,0,1,0,0,1,0,0,0,1
0,0,1,0,51,1,1,0,0,0,0,0,0,0,25.5,25.122549019607842,0.3774509803921582,0,2,0,0,0,0,7.156371626269378,0,0,1,0,0,1,0,0,0,1
0,0,0,0,59,1,1,1,1,1,0,0,1,1,99.45,95.31694915254236,4.133050847457639,4,7,1,0,1,0,8.634922892317014,0,1,0,1,0,0,1,0,0,0
0,0,0,0,6,1,0,0,0,0,0,0,0,1,20.95,18.25,2.6999999999999993,0,1,0,1,1,0,4.705015520957808,0,0,1,1,0,0,0,0,0,1
0,0,0,0,18,1,0,0,0,0,0,0,0,1,71.1,69.31944444444444,1.7805555555555515,0,2,0,0,1,1,7.129898329962764,0,1,0,1,0,0,0,0,1,0
0,0,1,1,72,1,1,1,0,1,1,1,1,1,83.3,83.92638888888888,-0.6263888888888829,5,8,1,0,0,0,8.706771686158076,1,0,0,0,0,1,1,0,0,0
1,0,1,0,72,1,1,1,1,1,1,1,1,1,87.1,86.52916666666667,0.5708333333333258,6,9,1,0,0,0,8.737308161203758,1,0,0,0,0,1,1,0,0,0
0,1,1,0,39,1,1,0,0,0,1,1,1,1,101.25,101.26025641025642,-0.010256410256417325,3,6,0,0,0,0,8.281508831857693,0,1,0,1,0,0,0,0,1,0
1,0,1,1,71,1,1,0,1,1,0,1,1,1,106.0,108.78450704225352,-2.784507042253523,4,7,1,0,0,1,8.952178266060393,0,1,0,0,0,1,1,0,0,0
0,0,1,0,35,1,0,0,0,0,0,0,0,1,70.3,69.04428571428572,1.2557142857142765,0,2,0,0,0,1,7.790509909636837,0,1,0,1,0,0,0,0,1,0
1,1,0,0,63,1,1,1,1,1,0,1,1,1,109.4,111.61031746031746,-2.210317460317455,5,8,1,0,1,0,8.858290430491598,0,1,0,1,0,0,1,0,0,0
0,1,1,0,60,1,0,1,1,1,1,1,1,1,110.0,111.13916666666667,-1.139166666666668,6,8,1,0,0,0,8.805277682886622,0,1,0,0,0,1,1,0,0,0
1,1,0,0,35,1,1,0,0,1,0,1,1,1,99.05,97.02285714285715,2.0271428571428487,3,6,0,0,1,1,8.130589090948991,0,1,0,1,0,0,0,0,1,0
0,0,0,0,1,1,0,0,0,0,0,0,0,1,70.15,70.15,0.0,0,2,0,1,1,1,4.264790324535862,0,1,0,1,0,0,0,0,0,1
0,1,1,0,66,1,1,0,1,0,0,1,1,1,100.8,101.375,-0.5750000000000028,3,6,0,0,0,1,8.808630703369436,0,1,0,1,0,0,0,0,1,0
0,0,1,1,1,1,0,0,0,0,0,0,0,1,69.8,69.8,0.0,0,2,0,1,0,1,4.259859000699674,0,1,0,1,0,0,0,0,1,0
0,1,0,0,2,1,1,0,0,0,0,1,0,1,85.55,93.725,-8.174999999999997,1,4,0,1,1,1,5.238832719713145,0,1,0,1,0,0,0,0,1,0
1,0,0,0,53,0,0,0,0,1,1,1,1,0,54.9,57.466981132075475,-2.566981132075476,4,5,1,0,1,0,8.021830727703612,1,0,0,0,1,0,0,1,0,0
0,0,0,1,15,1,0,0,0,0,0,0,0,0,19.65,18.040000000000003,1.6099999999999959,0,1,0,0,0,0,5.604330395684541,0,0,1,0,1,0,0,0,0,1
1,0,1,1,51,0,0,1,1,1,0,1,1,0,59.3,59.11078431372549,0.18921568627450824,5,6,0,0,0,0,8.011570674648429,1,0,0,0,1,0,0,0,1,0
0,1,0,0,20,1,1,0,0,0,0,0,1,1,61.6,58.717499999999994,2.8825000000000074,1,4,0,0,1,0,7.069321254563527,1,0,0,1,0,0,0,0,0,1
0,0,0,0,7,1,0,0,0,0,0,0,0,0,19.9,24.735714285714288,-4.835714285714289,0,1,0,0,1,0,5.159916996812011,0,0,1,0,1,0,0,0,0,1
0,0,1,0,68,1,1,1,1,1,1,1,1,1,91.7,94.48088235294118,-2.780882352941177,6,9,0,0,0,0,8.768060853245206,1,0,0,0,0,1,0,0,1,0
0,0,0,0,13,1,0,1,0,0,0,1,1,1,71.95,71.06538461538462,0.8846153846153868,3,5,0,0,1,0,6.829631562200558,1,0,0,1,0,0,0,0,1,0
1,0,1,1,13,1,0,0,1,1,1,0,0,0,61.8,57.7,4.099999999999994,3,5,1,0,0,0,6.621538798691966,1,0,0,1,0,0,1,0,0,0
1,0,0,0,11,1,0,0,1,0,0,0,0,0,74.95,74.13636363636364,0.8136363636363626,1,3,0,0,1,1,6.70502691241052,0,1,0,1,0,0,0,0,1,0
1,0,1,0,72,1,1,1,1,1,0,1,0,1,97.95,98.80902777777777,-0.8590277777777686,4,7,1,0,0,0,8.869995646941096,0,1,0,0,0,1,0,1,0,0
1,1,1,0,7,0,0,1,0,0,0,0,0,0,29.8,31.49285714285714,-1.6928571428571395,1,2,1,0,0,0,5.400196830369207,1,0,0,1,0,0,1,0,0,0
1,0,0,1,53,1,0,0,0,0,0,0,0,0,19.75,19.85566037735849,-0.10566037735848965,0,1,1,0,0,0,6.95973084057248,0,0,1,0,0,1,1,0,0,0
1,1,1,0,3,0,0,0,0,0,0,1,0,1,36.45,31.233333333333334,5.216666666666669,1,2,0,1,0,0,4.550714000192032,1,0,0,1,0,0,0,0,0,1
0,0,0,0,24,1,1,0,1,1,0,1,1,1,104.15,103.94375000000001,0.20624999999999716,4,7,0,0,1,1,7.822304495297989,0,1,0,1,0,0,0,0,1,0
1,0,0,0,67,1,1,1,1,1,1,1,1,1,88.8,88.10671641791045,0.6932835820895491,6,9,1,0,1,0,8.683410772461635,1,0,0,0,1,0,1,0,0,0
0,0,1,1,43,1,0,0,0,0,0,1,0,0,56.15,58.12325581395349,-1.973255813953493,1,3,0,0,0,0,7.8241660036568685,1,0,0,1,0,0,0,0,1,0
0,0,0,0,3,1,0,0,0,0,0,0,0,0,44.75,49.35,-4.600000000000001,0,2,0,1,1,0,5.00428182012408,1,0,0,1,0,0,0,0,0,1
0,1,1,0,72,1,1,1,1,1,1,1,1,1,115.75,117.27361111111112,-1.5236111111111228,6,9,1,0,0,0,9.041294304632224,0,1,0,0,0,1,0,1,0,0
0,0,1,1,0,0,0,1,0,1,1,1,0,1,52.55,52.55,0.0,4,5,1,1,0,0,0.0,1,0,0,0,0,1,1,0,0,0
0,0,0,0,27,1,0,0,1,1,1,1,1,0,78.2,76.99814814814815,1.2018518518518562,5,7,0,0,1,0,7.640099133944896,1,0,0,0,1,0,0,0,0,1
1,1,1,0,72,1,1,1,1,1,1,1,1,1,116.05,116.73472222222222,-0.68472222222222,6,9,1,0,0,0,9.036689119229727,0,1,0,0,0,1,1,0,0,0
0,0,0,0,62,1,1,0,0,0,0,1,1,1,94.0,92.85806451612903,1.1419354838709666,2,5,1,0,1,1,8.658380204851637,0,1,0,0,1,0,1,0,0,0
0,0,1,1,17,1,1,0,0,0,0,0,1,1,85.45,85.38823529411764,0.06176470588236782,1,4,0,0,0,1,7.281110333172068,0,1,0,1,0,0,0,0,1,0
1,0,0,0,1,1,0,1,0,0,0,0,1,1,84.6,84.6,0.0,2,4,0,1,1,0,4.449685283147696,0,1,0,1,0,0,0,0,0,1
1,0,0,0,51,1,0,0,1,1,0,1,1,1,99.0,98.78725490196078,0.21274509803922115,4,6,0,0,1,1,8.524992696048619,0,1,0,1,0,0,0,0,1,0
1,0,1,0,30,1,1,0,0,0,0,0,0,0,49.9,48.065000000000005,1.8349999999999937,0,3,0,0,0,0,7.274444908138895,1,0,0,1,0,0,0,0,1,0
0,0,0,1,18,0,0,0,0,0,0,0,1,1,35.0,30.72222222222222,4.277777777777779,1,2,0,0,0,0,6.317164686747284,1,0,0,1,0,0,0,0,1,0
0,0,1,0,18,1,0,0,0,0,0,0,0,0,20.1,20.583333333333332,-0.48333333333333073,0,1,0,0,0,0,5.917548864157814,0,0,1,0,0,1,0,0,0,1
0,0,1,1,68,1,1,1,1,1,1,0,1,1,78.45,78.43161764705883,0.018382352941173963,5,8,0,0,0,0,8.581922319387171,1,0,0,0,1,0,0,0,1,0
0,0,1,0,65,1,0,1,0,1,0,0,0,1,55.15,56.51,-1.3599999999999994,2,4,0,0,0,0,8.20907709237769,1,0,0,1,0,0,0,0,0,1
1,0,1,0,42,1,1,0,0,1,1,1,1,1,108.3,109.19404761904761,-0.8940476190476119,4,7,0,0,0,0,8.43101419517434,0,1,0,0,1,0,0,0,1,0
0,0,1,0,67,1,1,0,1,1,1,1,1,1,109.7,109.6186567164179,0.08134328358210041,5,8,1,0,0,0,8.901836352898744,0,1,0,0,1,0,0,1,0,0
1,0,1,0,67,1,0,1,1,0,1,0,1,1,69.2,69.72611940298506,-0.52611940298506,4,6,1,0,0,0,8.449481641543167,1,0,0,0,0,1,0,1,0,0
1,1,1,0,50,1,1,1,0,1,0,1,1,1,105.05,103.266,1.7839999999999918,4,7,1,0,0,0,8.5495248447795,0,1,0,0,0,1,0,1,0,0
1,0,0,0,2,1,0,0,0,1,0,1,1,0,94.95,89.05,5.900000000000006,3,5,0,1,1,1,5.187944309066666,0,1,0,1,0,0,0,0,1,0
1,0,0,1,1,1,0,0,0,0,0,0,0,1,70.45,70.45,0.0,0,2,0,1,0,1,4.268997904375876,0,1,0,1,0,0,0,0,0,1
1,0,1,1,32,1,0,1,1,1,0,0,1,0,94.8,97.8609375,-3.0609375000000085,4,6,0,0,0,0,8.049602648334776,0,1,0,0,1,0,0,0,0,1
0,0,1,0,71,1,1,0,0,0,0,0,0,0,23.85,23.55070422535211,0.2992957746478915,0,2,0,0,0,0,7.422433472063617,0,0,1,0,0,1,0,0,0,1
1,0,0,1,1,1,0,0,0,0,0,1,1,1,90.85,90.85,0.0,2,4,0,1,0,1,4.520156811661135,0,1,0,1,0,0,0,0,1,0
1,1,0,0,57,1,1,0,1,0,1,1,1,1,104.9,103.75350877192982,1.1464912280701895,4,7,1,0,1,0,8.685238323291383,0,1,0,1,0,0,1,0,0,0
1,0,1,1,7,1,0,1,0,1,1,0,1,1,71.35,73.67857142857143,-2.3285714285714363,4,6,1,0,0,0,6.247559198561878,1,0,0,1,0,0,0,1,0,0
1,1,1,0,54,1,1,0,0,0,0,0,0,0,74.0,72.57685185185186,1.4231481481481438,0,3,1,0,0,1,8.273885197358533,0,1,0,1,0,0,1,0,0,0
0,0,0,0,11,1,0,0,0,1,1,0,1,0,64.9,63.38636363636363,1.5136363636363726,3,5,1,0,1,0,6.548577204825286,1,0,0,0,1,0,0,1,0,0
0,0,1,1,36,1,1,1,1,1,1,1,1,1,92.9,93.86805555555556,-0.9680555555555515,6,9,1,0,0,0,8.125704950238868,1,0,0,0,0,1,0,1,0,0
0,1,0,0,4,1,0,0,0,0,0,1,0,1,78.85,73.2,5.6499999999999915,1,3,0,1,1,1,5.682899263739777,0,1,0,1,0,0,0,0,1,0
1,0,1,0,72,1,1,0,1,1,1,1,1,1,85.45,86.49305555555556,-1.0430555555555543,5,8,1,0,0,0,8.736890812326147,1,0,0,0,0,1,0,1,0,0
1,0,1,0,37,1,1,1,0,1,0,1,1,0,79.25,78.6972972972973,0.5527027027027032,4,7,0,0,0,0,7.976870096861224,1,0,0,0,1,0,0,0,0,1
1,0,0,0,1,1,0,0,0,0,0,0,0,0,19.05,19.05,0.0,0,1,0,1,1,0,2.998229153752578,0,0,1,1,0,0,0,0,0,1
1,0,1,1,45,1,1,0,1,1,0,0,1,1,95.95,99.03666666666666,-3.086666666666659,3,6,1,0,0,1,8.402377000320856,0,1,0,1,0,0,1,0,0,0
0,0,1,1,72,1,0,1,0,1,1,1,1,1,80.45,81.76180555555555,-1.3118055555555515,5,7,1,0,0,0,8.680646184540727,1,0,0,0,0,1,1,0,0,0
1,0,1,0,4,1,0,0,0,0,0,0,0,0,70.5,73.55,-3.049999999999997,0,2,0,1,0,1,5.687653092726317,0,1,0,1,0,0,0,0,1,0
1,0,1,0,30,1,0,0,0,0,0,0,0,0,19.05,21.251666666666665,-2.2016666666666644,0,1,0,0,0,0,6.459199980942271,0,0,1,0,0,1,0,0,0,1
0,0,1,1,9,1,0,0,0,0,0,0,0,0,20.35,21.233333333333334,-0.8833333333333329,0,1,0,0,0,0,5.258016069774511,0,0,1,0,0,1,0,0,0,1
1,0,0,0,40,1,0,1,1,0,1,0,0,1,61.9,66.1775,-4.277499999999996,3,5,0,0,1,0,7.881597680694297,1,0,0,1,0,0,0,0,0,1
0,0,1,0,71,1,0,0,0,0,0,0,0,1,20.9,21.03098591549296,-0.13098591549296046,0,1,1,0,0,0,7.3093462255417005,0,0,1,0,0,1,1,0,0,0
0,0,1,1,36,1,1,0,1,1,0,1,0,1,97.35,96.05277777777778,1.2972222222222172,3,6,1,0,0,1,8.148705898429643,0,1,0,1,0,0,1,0,0,0
1,1,0,0,2,1,0,0,0,0,0,0,0,1,44.15,46.325,-2.1750000000000043,0,2,0,1,1,0,4.539564428890097,1,0,0,1,0,0,0,0,1,0
1,0,1,1,20,1,0,0,0,1,0,0,0,1,49.6,46.989999999999995,2.6100000000000065,1,3,0,0,0,0,6.8467305771443625,1,0,0,1,0,0,0,0,1,0
1,0,1,1,13,1,1,0,1,1,1,1,0,1,72.8,71.54230769230769,1.2576923076923094,4,7,0,0,0,0,6.8363129815277714,1,0,0,1,0,0,0,0,1,0
1,1,1,0,71,0,0,0,1,1,0,1,1,1,52.3,53.02887323943662,-0.7288732394366235,4,5,1,0,0,0,8.233781985815103,1,0,0,1,0,0,1,0,0,0
0,0,0,0,9,1,0,0,0,0,0,0,0,0,19.5,16.705555555555556,2.7944444444444443,0,1,1,0,1,0,5.019595035467727,0,0,1,1,0,0,1,0,0,0
1,0,0,0,53,1,1,0,0,0,0,1,0,0,85.45,85.23113207547169,0.21886792452831116,1,4,1,0,1,1,8.415880029715748,0,1,0,1,0,0,1,0,0,0
1,1,1,1,72,0,0,1,1,1,1,1,1,1,64.8,65.72708333333334,-0.9270833333333428,6,7,1,0,0,0,8.462388476041804,1,0,0,0,0,1,1,0,0,0
1,0,1,0,53,1,1,1,0,1,0,0,1,0,93.9,94.89056603773585,-0.9905660377358458,3,6,0,0,0,0,8.523215023734732,0,1,0,1,0,0,0,0,1,0
1,0,1,1,1,1,0,0,0,0,0,0,0,1,20.2,20.2,0.0,0,1,0,1,0,0,3.054001181677967,0,0,1,0,1,0,0,0,1,0
0,0,1,0,26,1,0,0,0,0,0,0,0,0,19.2,17.676923076923078,1.5230769230769212,0,1,0,0,0,0,6.132529987386585,0,0,1,0,1,0,0,0,0,1
1,0,0,0,9,1,0,0,0,0,0,0,0,0,19.7,20.077777777777776,-0.37777777777777644,0,1,1,0,1,0,5.202356975402125,0,0,1,1,0,0,0,1,0,0
1,0,1,1,12,1,1,0,0,0,0,0,0,0,26.4,26.245833333333334,0.154166666666665,0,2,0,0,0,0,5.755583973219464,0,0,1,0,1,0,0,0,0,1
0,0,1,1,64,1,0,0,0,0,0,0,0,0,19.8,20.88515625,-1.0851562500000007,0,1,1,0,0,0,7.198669622014584,0,0,1,0,1,0,1,0,0,0
0,0,0,0,26,0,0,0,0,1,1,1,0,1,44.45,45.53076923076923,-1.0807692307692278,3,4,1,0,1,0,7.077329262953589,1,0,0,1,0,0,0,1,0,0
0,0,0,0,4,1,1,1,0,0,0,0,0,1,80.15,79.9625,0.1875,1,4,0,1,1,0,5.770973724196525,0,1,0,1,0,0,0,0,1,0
1,0,1,0,9,0,0,0,0,0,1,1,0,0,40.65,36.55,4.100000000000001,2,3,0,0,0,0,5.798941127829431,1,0,0,1,0,0,0,0,0,1
1,0,1,0,72,1,1,1,1,1,1,1,1,1,116.95,119.36666666666666,-2.416666666666657,6,9,1,0,0,0,9.05898245541934,0,1,0,0,0,1,0,1,0,0
0,0,0,0,68,1,1,1,0,0,0,0,0,0,54.45,54.231617647058826,0.2183823529411768,1,4,0,0,1,0,8.213042926257149,1,0,0,1,0,0,0,0,0,1
1,0,0,0,10,1,0,1,1,1,0,1,1,1,104.4,108.14500000000001,-3.7450000000000045,5,7,0,0,1,0,6.986982269433439,0,1,0,1,0,0,0,0,1,0
1,0,0,1,1,1,1,0,0,0,0,0,0,1,74.35,74.35,0.0,0,3,0,1,0,1,4.3221439250725044,0,1,0,1,0,0,0,0,1,0
1,0,0,0,23,1,1,0,0,0,1,1,0,1,90.6,84.48695652173913,6.113043478260863,2,5,0,0,1,0,7.572605860386969,0,1,0,1,0,0,0,0,1,0
1,0,0,0,38,1,1,1,1,1,1,0,0,0,69.95,69.93552631578947,0.014473684210528859,4,7,0,0,1,0,7.885536140365803,1,0,0,1,0,0,0,0,1,0
0,0,1,1,61,0,0,0,1,1,1,1,1,1,61.45,61.49426229508197,-0.044262295081964,5,6,1,0,0,0,8.230084288005028,1,0,0,0,0,1,1,0,0,0
0,0,1,1,6,1,0,0,0,0,1,0,0,1,48.8,49.55833333333334,-0.75833333333334,1,3,0,1,0,0,5.698267293968091,1,0,0,1,0,0,0,0,0,1
0,0,1,0,70,1,0,1,1,1,1,1,1,0,86.45,85.00285714285714,1.4471428571428646,6,8,1,0,0,0,8.691348158877132,1,0,0,0,0,1,0,1,0,0
1,0,0,1,39,0,0,0,0,1,1,1,1,0,54.85,56.197435897435895,-1.3474358974358935,4,5,1,0,0,0,7.692888940154456,1,0,0,0,1,0,1,0,0,0
0,0,0,0,68,1,0,0,0,0,0,0,0,0,20.5,20.954411764705885,-0.45441176470588474,0,1,1,0,1,0,7.262558472288074,0,0,1,0,0,1,0,1,0,0
0,0,1,0,47,1,0,1,0,1,0,1,0,1,66.05,64.28617021276595,1.7638297872340445,3,5,1,0,0,0,8.01382303975493,1,0,0,0,1,0,0,1,0,0
0,0,1,1,1,1,0,0,0,0,0,0,0,1,45.7,45.7,0.0,0,2,0,1,0,0,3.8437441646748516,1,0,0,1,0,0,0,0,1,0
0,0,0,0,13,1,1,0,1,1,0,0,0,1,84.45,81.43076923076923,3.0192307692307736,2,5,0,0,1,1,6.965646757397915,0,1,0,1,0,0,0,0,1,0
1,0,1,0,31,1,0,0,0,1,1,0,1,1,66.4,65.15483870967742,1.245161290322585,3,5,1,0,0,0,7.611248751596227,1,0,0,1,0,0,0,1,0,0
0,0,0,0,7,1,1,1,0,0,0,0,0,1,53.65,57.76428571428572,-4.114285714285721,1,4,0,0,1,0,6.004750891433717,1,0,0,1,0,0,0,0,1,0
1,0,0,0,4,1,0,0,0,0,0,0,0,0,20.7,18.2625,2.4375,0,1,0,1,1,0,4.304740540713808,0,0,1,1,0,0,0,0,0,1
0,1,1,0,11,1,0,0,0,0,1,1,0,1,82.9,80.00454545454545,2.8954545454545553,2,4,0,0,0,0,6.781114378014739,0,1,0,1,0,0,0,0,1,0
0,0,1,0,63,1,1,1,1,0,0,1,1,1,79.7,75.97063492063492,3.729365079365081,4,7,1,0,0,0,8.473690523766843,1,0,0,0,1,0,0,1,0,0
1,0,1,0,56,1,0,0,0,0,0,0,1,1,80.9,81.38392857142857,-0.4839285714285637,1,3,0,0,0,1,8.424748901024957,0,1,0,0,1,0,0,0,1,0
1,0,1,1,72,1,1,1,1,1,0,1,1,1,108.4,107.87847222222223,0.5215277777777771,5,8,1,0,0,0,8.957800192769458,0,1,0,0,0,1,0,1,0,0
1,1,1,0,3,1,1,0,0,0,0,1,1,1,94.6,93.18333333333334,1.4166666666666572,2,5,0,1,0,1,5.636751962196981,0,1,0,1,0,0,0,0,1,0
1,0,1,1,13,1,1,0,0,0,0,0,0,0,24.5,26.430769230769233,-1.9307692307692328,0,2,1,0,0,0,5.842384324093829,0,0,1,0,1,0,1,0,0,0
0,0,0,0,60,0,0,0,1,0,0,1,1,1,50.8,50.45666666666667,0.3433333333333266,3,4,0,0,1,0,8.015789706229151,1,0,0,1,0,0,0,0,1,0
0,0,0,0,53,1,1,1,1,1,0,1,0,0,98.6,100.22358490566039,-1.623584905660394,4,7,0,0,1,0,8.577883693415467,0,1,0,0,1,0,0,0,0,1
1,0,0,1,1,1,0,1,0,0,0,0,0,0,50.6,50.6,0.0,1,3,0,1,0,0,3.9435216724875173,1,0,0,1,0,0,0,0,0,1
1,0,0,0,30,1,1,1,0,0,0,0,1,1,64.5,62.94833333333334,1.5516666666666623,2,5,0,0,1,0,7.544041060412427,1,0,0,1,0,0,0,0,0,1
0,0,1,1,11,0,0,1,0,0,0,1,1,0,50.55,51.39545454545455,-0.845454545454551,3,4,0,0,0,0,6.339212261646723,1,0,0,1,0,0,0,0,1,0
1,0,1,1,62,1,0,1,0,1,1,0,1,0,71.4,72.3758064516129,-0.9758064516128968,4,6,1,0,0,0,8.409229289888296,1,0,0,0,1,0,0,1,0,0
1,0,0,1,28,1,0,1,0,0,0,0,0,1,74.9,73.87678571428572,1.023214285714289,1,3,1,0,0,0,7.635086471322152,0,1,0,1,0,0,1,0,0,0
0,0,1,0,5,1,0,0,0,0,0,0,0,1,68.95,70.3,-1.3499999999999943,0,2,0,1,0,1,5.8650506222523235,0,1,0,1,0,0,0,0,1,0
0,0,1,0,2,0,0,0,0,0,0,1,1,0,44.6,48.55,-3.9499999999999957,2,3,0,1,0,0,4.585987366571318,1,0,0,1,0,0,0,0,1,0
0,0,0,0,2,1,1,0,1,0,0,0,0,0,79.55,75.875,3.674999999999997,1,4,0,1,1,1,5.028802598051705,0,1,0,1,0,0,0,0,1,0
0,0,0,0,1,1,1,0,1,0,0,0,0,1,80.2,80.2,0.0,1,4,0,1,1,1,4.396915247167632,0,1,0,1,0,0,0,0,0,1
0,0,0,0,41,1,0,0,0,0,0,0,0,0,70.25,69.95243902439024,0.2975609756097555,0,2,1,0,1,1,7.961736243504653,0,1,0,1,0,0,1,0,0,0
1,0,0,0,2,0,0,0,0,0,1,0,0,0,29.85,37.8,-7.949999999999996,1,2,1,1,1,0,4.338597076746545,1,0,0,1,0,0,1,0,0,0
0,0,1,1,68,1,0,1,1,1,1,1,1,1,85.0,82.46691176470588,2.533088235294116,6,8,1,0,0,0,8.632083157290193,1,0,0,0,0,1,0,1,0,0
0,1,0,0,25,1,1,1,1,0,0,1,1,1,102.8,106.40799999999999,-3.60799999999999,4,7,0,0,1,0,7.886532427867732,0,1,0,1,0,0,0,0,0,1
1,1,0,0,51,1,1,0,0,1,0,1,1,1,97.8,96.33921568627451,1.4607843137254832,3,6,0,0,1,1,8.499904601278695,0,1,0,1,0,0,0,0,1,0
0,0,0,0,12,1,0,0,0,0,0,0,0,1,45.0,43.69583333333333,1.3041666666666671,0,2,1,0,1,0,6.264064707134784,1,0,0,1,0,0,1,0,0,0
0,1,0,0,66,1,1,0,1,1,0,1,1,0,108.1,109.67575757575759,-1.5757575757575921,4,7,1,0,1,1,8.887321235234717,0,1,0,0,1,0,1,0,0,0
1,0,1,1,46,1,1,0,1,0,0,0,0,1,80.0,81.95,-1.9500000000000028,1,4,1,0,0,1,8.2350159395989,0,1,0,1,0,0,1,0,0,0
1,0,1,0,58,1,1,0,0,1,0,1,1,0,100.35,97.95,2.3999999999999915,3,6,1,0,0,1,8.645076161696084,0,1,0,0,1,0,0,1,0,0
1,0,0,0,49,1,1,0,0,0,0,0,0,1,74.6,75.92551020408163,-1.3255102040816382,0,3,1,0,1,1,8.22184178465955,0,1,0,1,0,0,1,0,0,0
1,0,0,0,2,1,0,0,0,0,0,0,0,0,19.4,25.3,-5.900000000000002,0,1,0,1,1,0,3.9435216724875173,0,0,1,1,0,0,0,0,0,1
1,0,0,0,22,1,1,0,1,0,0,0,0,1,78.85,72.73863636363636,6.1113636363636346,1,4,0,0,1,1,7.378539853210944,0,1,0,1,0,0,0,0,0,1
1,0,1,1,72,1,1,1,1,1,1,1,1,1,90.6,89.4701388888889,1.1298611111110972,6,9,1,0,0,0,8.770726267787392,1,0,0,0,0,1,0,1,0,0
1,0,1,1,35,1,1,1,1,1,1,0,0,1,69.15,71.14714285714285,-1.9971428571428476,4,7,1,0,0,0,7.820499730229632,1,0,0,0,0,1,0,1,0,0
1,1,0,0,9,1,1,0,0,0,0,0,1,1,83.85,87.79444444444444,-3.944444444444443,1,4,0,0,1,1,6.6734875831649925,0,1,0,1,0,0,0,0,1,0
0,0,1,1,43,0,0,1,1,0,1,1,0,1,51.25,50.03720930232558,1.2127906976744214,4,5,1,0,0,0,7.674431692830198,1,0,0,0,1,0,1,0,0,0
1,0,0,0,2,1,0,0,0,0,0,0,0,1,46.0,42.25,3.75,0,2,1,1,1,0,4.448516375942715,1,0,0,1,0,0,0,1,0,0
0,0,0,0,22,1,0,0,0,0,0,0,0,1,20.05,21.37272727272727,-1.3227272727272705,0,1,0,0,1,0,6.155282632337377,0,0,1,1,0,0,0,0,0,1
0,0,0,0,10,1,0,0,1,0,0,0,0,0,51.2,49.825,1.375,1,3,0,0,1,0,6.2131069722959245,1,0,0,1,0,0,0,0,1,0
0,0,0,0,12,1,1,0,0,0,0,0,1,1,86.55,88.90833333333335,-2.3583333333333485,1,4,0,0,1,1,6.9734493821775,0,1,0,1,0,0,0,0,1,0
1,0,0,1,23,1,0,0,1,0,1,0,0,0,54.15,57.06304347826087,-2.9130434782608745,2,4,0,0,0,0,7.180412542165808,1,0,0,1,0,0,0,0,1,0
0,0,1,1,22,1,0,0,0,0,0,0,0,0,19.05,20.638636363636365,-1.5886363636363647,0,1,1,0,0,0,6.120407303023365,0,0,1,1,0,0,1,0,0,0
0,0,1,1,41,1,0,0,1,0,1,0,1,1,66.5,66.55121951219512,-0.051219512195118,3,5,1,0,0,0,7.91191035729736,1,0,0,0,1,0,1,0,0,0
0,0,0,0,6,0,0,0,0,0,0,1,1,0,45.0,49.78333333333333,-4.783333333333331,2,3,1,1,1,0,5.702781974322617,1,0,0,1,0,0,0,1,0,0
0,0,0,0,10,1,1,0,1,1,0,0,1,1,94.85,95.345,-0.49500000000000455,3,6,0,0,1,1,6.861135258346911,0,1,0,1,0,0,0,0,1,0
0,0,0,0,8,1,0,0,0,0,0,0,0,1,20.7,17.2,3.5,0,1,0,0,1,0,4.931592086755803,0,0,1,1,0,0,0,0,0,1
1,0,1,1,66,1,0,0,0,0,0,0,0,0,20.0,20.82121212121212,-0.8212121212121204,0,1,1,0,0,0,7.226354454068639,0,0,1,0,0,1,0,1,0,0
0,0,1,1,48,0,0,0,0,0,1,0,0,1,29.5,29.646874999999998,-0.14687499999999787,1,2,1,0,0,0,7.2612602037150475,1,0,0,1,0,0,0,1,0,0
0,0,1,1,6,1,0,0,0,0,0,0,0,0,45.5,47.53333333333333,-2.0333333333333314,0,2,0,1,0,0,5.65669086712235,1,0,0,1,0,0,0,0,0,1
1,0,0,0,49,1,1,0,1,0,0,1,1,0,98.7,100.41938775510205,-1.7193877551020478,3,6,0,0,1,1,8.501378800521875,0,1,0,1,0,0,0,0,1,0
1,0,0,0,27,1,0,1,0,1,1,1,1,0,81.7,81.9462962962963,-0.24629629629629335,5,7,0,0,1,0,7.702352840577568,1,0,0,0,1,0,0,0,1,0
0,0,1,0,40,1,0,0,0,0,0,0,0,0,19.1,19.5025,-0.40249999999999986,0,1,0,0,0,0,6.660703182616252,0,0,1,0,0,1,0,0,0,1
0,0,0,0,60,1,1,0,0,1,0,0,0,1,79.2,79.41666666666667,-0.21666666666666856,1,4,1,0,1,1,8.469262657658687,0,1,0,0,1,0,1,0,0,0
0,0,1,1,37,1,1,0,1,1,0,0,1,1,95.15,95.48243243243243,-0.3324324324324266,3,6,0,0,0,1,8.170143207157103,0,1,0,1,0,0,0,0,1,0
0,0,1,0,59,1,0,0,1,0,1,1,1,1,100.05,102.285593220339,-2.2355932203389983,4,6,0,0,0,0,8.70547196868432,0,1,0,0,0,1,0,0,0,1
0,0,0,0,22,0,0,0,0,1,0,1,1,1,50.6,48.78636363636363,1.8136363636363697,3,4,0,0,1,0,6.979424565672496,1,0,0,1,0,0,0,0,1,0
1,0,1,0,70,1,1,0,1,1,0,1,0,1,95.0,94.32714285714285,0.6728571428571541,3,6,1,0,0,1,8.795415662587395,0,1,0,0,1,0,1,0,0,0
1,0,1,1,1,1,0,0,1,0,0,0,0,0,74.6,74.6,0.0,1,3,1,1,0,1,4.3254562831854875,0,1,0,1,0,0,0,1,0,0
0,0,1,1,69,1,0,0,0,0,0,0,0,0,19.4,19.51014492753623,-0.11014492753623273,0,1,0,0,0,0,7.205783643488062,0,0,1,0,0,1,0,0,0,1
0,0,0,0,1,1,0,0,0,0,0,0,0,0,20.9,20.9,0.0,0,1,0,1,1,0,3.086486636822455,0,0,1,1,0,0,0,0,0,1
0,0,0,0,24,1,1,0,0,0,1,0,1,1,89.55,94.13958333333333,-4.589583333333337,2,5,0,0,1,0,7.723274947532273,0,1,0,1,0,0,0,0,1,0
0,0,0,0,41,1,0,0,0,0,0,0,0,0,20.65,20.36951219512195,0.2804878048780495,0,1,0,0,1,0,6.728808022827132,0,0,1,0,0,1,0,0,0,1
1,1,1,0,60,1,0,0,1,1,0,1,1,1,97.95,97.78333333333333,0.1666666666666714,4,6,0,0,0,1,8.677269139262872,0,1,0,0,1,0,0,0,1,0
1,0,1,0,52,1,1,1,1,1,1,0,1,1,81.4,83.73942307692307,-2.339423076923069,5,8,1,0,0,0,8.379183213454793,1,0,0,0,1,0,0,1,0,0
0,0,1,1,42,1,0,0,0,0,0,1,0,1,77.95,80.57142857142857,-2.6214285714285666,1,3,1,0,0,1,8.127109185346375,0,1,0,1,0,0,0,1,0,0
1,0,1,1,56,0,0,1,1,0,1,1,0,1,52.0,51.51607142857143,0.4839285714285708,4,5,0,0,0,0,7.96759208869884,1,0,0,0,1,0,0,0,0,1
0,1,0,0,28,1,1,0,1,1,0,1,1,1,106.15,112.58928571428571,-6.4392857142857025,4,7,0,0,1,1,8.056268226103706,0,1,0,1,0,0,0,0,1,0
1,1,1,0,12,1,0,0,0,0,0,0,1,1,80.45,79.18333333333334,1.2666666666666657,1,3,0,0,0,1,6.857724345376572,0,1,0,1,0,0,0,0,1,0
0,0,0,0,39,0,0,1,1,0,1,0,0,1,40.3,41.805128205128206,-1.5051282051282087,3,4,1,0,1,0,7.39719382086648,1,0,0,0,1,0,1,0,0,0
1,0,0,0,4,1,1,0,0,0,1,0,1,0,65.55,59.3,6.25,2,5,0,1,1,0,5.473110656921199,1,0,0,1,0,0,0,0,0,1
1,0,0,0,20,1,0,0,0,0,0,0,0,1,19.7,20.794999999999998,-1.0949999999999989,0,1,0,0,1,0,6.032846384886751,0,0,1,0,1,0,0,0,0,1
0,0,1,0,71,1,1,0,0,0,0,0,0,1,25.95,25.378873239436622,0.5711267605633772,0,2,1,0,0,0,7.497151758548155,0,0,1,0,0,1,0,1,0,0
0,0,1,1,66,1,0,1,1,0,1,0,0,1,58.2,57.73939393939394,0.4606060606060609,3,5,1,0,0,0,8.245856797500542,1,0,0,0,0,1,0,1,0,0
1,0,1,1,69,1,1,1,1,1,1,1,1,1,114.35,111.09855072463769,3.2514492753623045,6,9,1,0,0,0,8.944654597396298,0,1,0,0,0,1,1,0,0,0
0,0,1,1,22,1,0,0,0,0,0,0,1,1,80.15,81.39318181818182,-1.2431818181818102,1,3,0,0,0,1,7.490892261958906,0,1,0,1,0,0,0,0,1,0
0,0,1,0,25,1,0,0,0,0,1,1,1,1,95.15,95.82799999999999,-0.6779999999999831,3,5,0,0,0,0,7.781848070156106,0,1,0,1,0,0,0,0,1,0
0,0,0,0,54,1,1,0,0,1,1,0,1,1,95.1,93.79351851851852,1.3064814814814696,3,6,1,0,1,0,8.53027722096416,0,1,0,0,0,1,1,0,0,0
1,0,1,0,71,1,1,1,1,1,1,1,1,1,116.1,117.04999999999998,-0.9499999999999886,6,9,1,0,0,0,9.025401392718713,0,1,0,0,0,1,1,0,0,0
1,0,1,1,29,0,0,1,1,1,1,0,1,1,55.35,56.44655172413793,-1.0965517241379317,5,6,1,0,0,0,7.401200738916591,1,0,0,0,1,0,0,1,0,0
1,0,1,1,72,1,1,1,1,1,1,1,1,0,89.7,88.04583333333333,1.6541666666666686,6,9,1,0,0,0,8.75468136492377,1,0,0,0,0,1,0,1,0,0
1,0,0,0,10,1,0,0,0,0,0,0,0,0,70.15,73.55,-3.3999999999999915,0,2,0,0,1,1,6.601909235902685,0,1,0,1,0,0,0,0,0,1
1,1,0,0,21,1,0,0,0,1,0,1,0,1,60.05,58.86428571428572,1.1857142857142762,2,4,1,0,1,0,7.120565626156555,1,0,0,1,0,0,1,0,0,0
0,0,1,1,45,1,1,0,0,0,0,0,0,1,25.9,27.035555555555554,-1.1355555555555554,0,2,1,0,0,0,7.104636987107422,0,0,1,0,1,0,0,1,0,0
1,0,1,1,71,1,1,1,1,1,1,1,1,0,86.85,88.22253521126761,-1.3725352112676177,6,9,1,0,0,0,8.742701943436728,1,0,0,0,0,1,1,0,0,0
0,0,0,0,67,1,1,1,0,1,1,1,1,1,85.25,85.2865671641791,-0.036567164179103884,5,8,0,0,1,0,8.650884571242125,1,0,0,0,0,1,0,0,0,1
0,0,0,0,66,1,1,1,1,1,1,1,1,1,90.05,90.39318181818182,-0.3431818181818187,6,9,1,0,1,0,8.69399118806683,1,0,0,0,0,1,0,1,0,0
0,0,0,0,41,1,1,0,0,1,1,0,1,1,68.6,70.1719512195122,-1.5719512195122007,3,6,0,0,1,0,7.964868260472218,1,0,0,0,1,0,0,0,1,0
1,0,0,0,65,1,1,0,1,1,1,0,1,1,74.2,73.93307692307691,0.26692307692309214,4,7,1,0,1,0,8.47775565475844,1,0,0,0,0,1,0,1,0,0
0,0,0,0,32,1,1,0,1,1,0,1,1,1,104.05,106.7765625,-2.7265625,4,7,1,0,1,1,8.1367669773995,0,1,0,0,1,0,0,1,0,0
1,0,0,0,23,1,1,0,0,1,0,0,0,1,81.0,83.35217391304347,-2.3521739130434725,1,4,0,0,1,1,7.559090391727643,0,1,0,1,0,0,0,0,1,0
1,0,0,0,48,1,0,0,0,0,0,0,0,0,20.15,20.478125000000002,-0.32812500000000355,0,1,1,0,1,0,6.891575082753099,0,0,1,0,0,1,0,1,0,0
0,0,0,0,21,1,1,0,0,0,0,1,1,1,97.35,100.92857142857143,-3.5785714285714363,2,5,0,0,1,1,7.659407188914646,0,1,0,1,0,0,0,0,1,0
0,0,0,0,2,1,1,0,1,0,0,0,0,0,54.15,50.825,3.3249999999999957,1,4,0,1,1,0,4.6313251434649425,1,0,0,1,0,0,0,0,0,1
0,0,0,0,32,1,1,0,0,0,0,1,0,0,84.05,86.9328125,-2.8828125,1,4,0,0,1,1,7.931230861402805,0,1,0,0,1,0,0,0,1,0
1,1,0,0,23,1,1,0,1,1,0,1,1,1,106.4,107.97826086956522,-1.578260869565213,4,7,0,0,1,1,7.817826711042375,0,1,0,1,0,0,0,0,1,0
1,0,0,0,4,1,0,0,0,0,0,0,0,1,19.65,16.8875,2.7624999999999993,0,1,0,1,1,0,4.227563406008323,0,0,1,1,0,0,0,0,0,1
0,1,0,0,34,0,0,0,1,1,0,1,1,1,56.25,51.93970588235294,4.310294117647061,4,5,0,0,1,0,7.477010175371521,1,0,0,1,0,0,0,0,1,0
0,0,1,1,24,1,1,1,1,0,0,1,1,0,78.4,76.35000000000001,2.049999999999997,4,7,0,0,0,0,7.513927445527675,1,0,0,0,1,0,0,0,1,0
1,0,1,0,47,1,1,0,1,0,0,0,0,1,78.9,77.66702127659575,1.2329787234042584,1,4,0,0,0,1,8.202852241207772,0,1,0,0,1,0,0,0,1,0
1,0,0,0,3,1,1,0,0,0,0,0,0,0,50.4,45.75,4.649999999999999,0,3,1,1,1,0,4.929063640402444,1,0,0,1,0,0,1,0,0,0
0,0,0,0,72,1,1,1,1,1,1,1,1,1,91.35,93.01666666666667,-1.6666666666666714,6,9,1,0,1,0,8.809594112567959,1,0,0,0,0,1,1,0,0,0
0,0,1,1,35,1,0,0,0,0,0,0,0,0,19.65,20.25142857142857,-0.6014285714285705,0,1,0,0,0,0,6.564983240212396,0,0,1,0,1,0,0,0,0,1
1,1,1,0,41,1,0,0,1,0,0,1,1,1,94.55,93.93780487804878,0.612195121951217,3,5,0,0,0,1,8.256464588524715,0,1,0,1,0,0,0,0,1,0
0,1,0,0,57,1,1,1,0,1,1,0,1,0,101.3,101.39649122807018,-0.09649122807017818,4,7,1,0,1,0,8.662262762507304,0,1,0,0,0,1,0,1,0,0
0,0,0,0,25,0,0,1,1,1,0,1,1,0,61.05,61.608000000000004,-0.5580000000000069,5,6,0,0,1,0,7.3403166127520025,1,0,0,0,1,0,0,0,1,0
1,0,0,0,54,1,0,1,1,0,1,1,0,1,69.9,71.91296296296296,-2.012962962962959,4,6,0,0,1,0,8.264698066387169,1,0,0,1,0,0,0,0,0,1
1,1,1,0,62,1,1,1,1,1,0,0,0,1,89.1,90.61774193548388,-1.5177419354838833,3,6,0,0,0,0,8.633962379969956,0,1,0,1,0,0,0,0,1,0
1,0,0,1,44,1,0,0,0,0,0,0,0,0,19.55,18.635227272727274,0.9147727272727266,0,1,1,0,0,0,6.710462206258037,0,0,1,0,0,1,1,0,0,0
1,0,1,0,24,1,0,1,0,0,1,1,1,0,74.4,71.37083333333334,3.0291666666666686,4,6,1,0,0,0,7.446526754398526,1,0,0,0,1,0,1,0,0,0
1,0,0,0,62,1,0,0,1,1,1,1,1,1,80.4,80.34112903225805,0.058870967741952995,5,7,1,0,1,0,8.513616803759081,1,0,0,1,0,0,1,0,0,0
0,0,1,1,49,1,1,0,0,0,0,1,1,1,95.4,94.16224489795918,1.237755102040822,2,5,1,0,0,1,8.437056312642076,0,1,0,1,0,0,1,0,0,0
1,0,0,0,72,1,1,1,1,1,1,1,1,1,118.2,118.71041666666666,-0.5104166666666572,6,9,0,0,1,0,9.05347016424951,0,1,0,0,0,1,0,0,1,0
0,0,0,0,63,1,1,1,1,1,1,0,1,1,80.3,79.29126984126985,1.0087301587301454,5,8,1,0,1,0,8.516462924836494,1,0,0,0,0,1,0,1,0,0
0,0,1,0,58,1,1,0,1,0,1,0,0,1,59.9,60.432758620689654,-0.5327586206896555,2,5,1,0,0,0,8.16225958760722,1,0,0,0,0,1,0,1,0,0
0,0,1,0,50,1,1,1,0,1,0,1,1,1,104.4,104.65799999999999,-0.25799999999998136,4,7,0,0,0,0,8.562911977061184,0,1,0,0,1,0,0,0,0,1
1,1,0,0,57,1,1,1,0,0,1,0,1,0,93.75,98.69385964912281,-4.943859649122814,3,6,0,0,1,0,8.635251744669718,0,1,0,0,0,1,0,0,1,0
0,0,0,0,1,1,0,0,0,0,0,0,0,0,70.1,70.1,0.0,0,2,0,1,1,1,4.264087336809195,0,1,0,1,0,0,0,0,1,0
1,0,0,0,10,1,0,0,0,0,0,0,0,1,44.85,43.54,1.3100000000000023,0,2,1,0,1,0,6.0785592539589155,1,0,0,1,0,0,0,1,0,0
0,1,0,0,66,1,1,1,1,0,1,0,0,1,63.85,63.247727272727275,0.6022727272727266,3,6,1,0,1,0,8.336953466106552,1,0,0,0,1,0,0,1,0,0
0,0,0,0,1,1,0,0,1,0,0,1,0,0,84.3,84.3,0.0,2,4,0,1,1,1,4.446174454497633,0,1,0,1,0,0,0,0,1,0
0,0,1,1,40,1,1,0,1,1,0,1,0,1,96.35,97.885,-1.5350000000000108,3,6,1,0,0,1,8.272928143479916,0,1,0,1,0,0,0,1,0,0
0,0,1,1,23,1,1,1,0,1,1,1,0,1,77.15,76.49565217391304,0.654347826086962,4,7,1,0,0,0,7.473296334936936,1,0,0,0,0,1,1,0,0,0
0,0,1,0,72,1,1,1,1,1,1,1,1,0,115.15,115.96805555555557,-0.81805555555556,6,9,0,0,0,0,9.030100646666497,0,1,0,0,0,1,0,0,1,0
1,0,1,1,64,1,0,0,0,0,0,0,0,1,19.7,19.90703125,-0.20703125,0,1,1,0,0,0,7.150740672509886,0,0,1,0,0,1,1,0,0,0
0,0,1,0,52,1,1,0,1,1,0,1,0,0,94.6,96.65,-2.0500000000000114,3,6,1,0,0,1,8.52253887774099,0,1,0,1,0,0,1,0,0,0
0,0,1,1,52,1,0,0,0,0,0,0,0,0,19.35,19.840384615384615,-0.4903846153846132,0,1,0,0,0,0,6.939932010677358,0,0,1,0,0,1,0,0,0,1
0,0,1,0,72,1,1,1,0,1,1,1,1,1,84.4,84.67291666666667,-0.27291666666666003,5,8,1,0,0,0,8.715625929974454,1,0,0,0,0,1,0,1,0,0
0,1,0,0,15,1,1,0,0,0,1,0,0,0,55.0,50.473333333333336,4.526666666666664,1,4,1,0,1,0,6.630815303062258,1,0,0,1,0,0,0,1,0,0
0,0,1,0,26,0,0,1,1,1,0,1,0,0,47.85,45.78846153846154,2.0615384615384613,4,5,1,0,0,0,7.082968296538797,1,0,0,0,1,0,1,0,0,0
0,1,0,0,1,1,1,0,0,0,0,0,0,1,72.1,72.1,0.0,0,3,0,1,1,1,4.291828366755733,0,1,0,1,0,0,0,0,1,0
0,0,1,0,2,1,0,0,1,1,0,0,0,0,79.7,82.5,-2.799999999999997,2,4,1,1,0,1,5.111987788356544,0,1,0,1,0,0,1,0,0,0
1,0,0,0,1,1,0,1,0,0,0,0,0,0,51.25,51.25,0.0,1,3,0,1,1,0,3.9560398908449206,1,0,0,1,0,0,0,0,0,1
0,0,1,0,72,1,1,1,1,0,0,0,1,1,94.45,96.13472222222222,-1.68472222222222,3,6,1,0,0,0,8.842561145924268,0,1,0,0,0,1,0,1,0,0
1,0,0,0,1,1,0,0,0,0,0,1,0,1,79.55,79.55,0.0,1,3,0,1,1,1,4.388878109622984,0,1,0,1,0,0,0,0,1,0
0,0,1,1,71,1,0,1,0,1,1,1,1,1,82.0,84.5049295774648,-2.504929577464793,5,7,1,0,0,0,8.699656404843084,1,0,0,0,0,1,0,1,0,0
0,0,0,0,29,1,1,0,0,0,0,0,0,0,25.15,24.20689655172414,0.9431034482758598,0,2,0,0,1,0,6.555356891810665,0,0,1,1,0,0,0,0,1,0
0,1,0,0,26,1,1,0,0,0,1,0,1,1,66.05,63.55384615384616,2.496153846153838,2,5,0,0,1,0,7.410589052818575,1,0,0,1,0,0,0,0,1,0
1,0,1,1,15,1,0,0,0,0,0,0,0,0,19.35,18.59,0.7600000000000016,0,1,0,0,0,0,5.634253745337369,0,0,1,0,0,1,0,0,0,1
1,0,1,1,47,1,0,0,0,0,0,0,0,0,20.05,20.245744680851065,-0.1957446808510639,0,1,0,0,0,0,6.859142599061444,0,0,1,0,1,0,0,0,0,1
0,0,0,0,68,1,0,0,0,0,0,0,0,0,19.6,21.20073529411765,-1.6007352941176478,0,1,1,0,1,0,7.2742369791112536,0,0,1,0,0,1,0,1,0,0
0,0,0,0,7,1,0,1,1,0,1,1,1,1,78.5,81.57857142857142,-3.078571428571422,5,7,0,0,1,0,6.349226400146953,1,0,0,1,0,0,0,0,1,0
1,0,0,0,13,1,0,0,0,0,0,0,0,0,19.95,18.742307692307694,1.2076923076923052,0,1,0,0,1,0,5.499828617735132,0,0,1,0,0,1,0,0,0,1
1,1,1,0,51,1,1,1,0,1,0,1,0,1,93.8,93.15588235294118,0.6441176470588204,3,6,1,0,0,0,8.466310339101604,0,1,0,1,0,0,1,0,0,0
0,0,0,0,53,1,1,1,1,1,0,0,0,0,90.8,92.85283018867923,-2.0528301886792377,3,6,0,0,1,0,8.501510864014131,0,1,0,1,0,0,0,0,1,0
0,0,1,1,3,1,0,0,0,0,0,0,0,0,44.3,44.833333333333336,-0.5333333333333385,0,2,0,1,0,0,4.908971640319756,1,0,0,1,0,0,0,0,0,1
0,1,0,0,16,1,1,0,0,0,0,1,1,1,96.15,95.575,0.5750000000000028,2,5,0,0,1,1,7.333153724797752,0,1,0,1,0,0,0,0,1,0
1,0,1,0,8,1,0,1,0,0,0,0,0,1,74.5,76.2375,-1.7374999999999972,1,3,0,0,0,0,6.414933279655721,0,1,0,1,0,0,0,0,1,0
0,0,0,0,4,1,1,0,1,0,0,0,0,0,77.95,76.3875,1.5625,1,4,1,1,1,1,5.725380874208697,0,1,0,1,0,0,1,0,0,0
1,1,0,0,5,1,1,0,1,0,0,0,1,1,89.8,100.52000000000001,-10.720000000000013,2,5,0,1,1,1,6.221782302170192,0,1,0,1,0,0,0,0,1,0
1,0,1,1,65,1,1,0,0,1,1,1,1,1,104.1,103.07769230769232,1.0223076923076775,4,7,1,0,0,0,8.810019509518233,0,1,0,0,0,1,1,0,0,0
1,0,0,0,19,1,0,0,0,1,1,0,0,1,55.0,55.078947368421055,-0.07894736842105488,2,4,1,0,1,0,6.9541616517962925,1,0,0,1,0,0,0,1,0,0
1,0,1,1,72,1,1,0,1,1,0,1,1,1,104.45,103.59722222222223,0.8527777777777743,4,7,1,0,0,1,8.917310693197807,0,1,0,0,1,0,0,1,0,0
1,0,0,0,17,1,1,1,0,0,0,0,1,0,65.75,65.36470588235295,0.38529411764704946,2,5,1,0,1,0,7.0140953147534635,1,0,0,1,0,0,1,0,0,0
1,0,1,1,25,1,0,1,0,0,1,0,0,0,54.3,51.872,2.4279999999999973,2,4,0,0,0,0,7.168425802187068,1,0,0,1,0,0,0,0,1,0
1,0,1,1,8,1,0,0,0,0,0,0,0,0,19.7,16.28125,3.4187499999999993,0,1,0,0,0,0,4.877103901471733,0,0,1,0,0,1,0,0,0,1
1,1,0,0,26,1,0,0,0,0,0,0,0,0,19.3,19.392307692307693,-0.09230769230769198,0,1,1,0,1,0,6.224954390476336,0,0,1,0,1,0,0,1,0,0
1,0,0,0,1,1,1,0,0,0,0,0,0,1,75.3,75.3,0.0,0,3,0,1,1,1,4.334672938290411,0,1,0,1,0,0,0,0,1,0
0,1,1,0,71,1,0,0,1,1,0,1,1,1,99.2,101.60211267605634,-2.4021126760563334,4,6,0,0,0,1,8.883882820572994,0,1,0,0,0,1,0,0,1,0
0,1,1,1,66,1,1,0,1,1,0,1,1,1,104.9,104.41590909090908,0.48409090909092356,4,7,0,0,0,1,8.83818188860976,0,1,0,0,1,0,0,0,1,0
0,0,1,0,72,0,0,0,1,1,0,1,1,1,54.2,54.68680555555555,-0.4868055555555486,4,5,0,0,0,0,8.27854252387427,1,0,0,0,0,1,0,0,1,0
1,1,0,0,37,1,1,0,0,1,0,1,1,1,101.1,101.19054054054054,-0.09054054054054461,3,6,0,0,1,1,8.228190246997041,0,1,0,1,0,0,0,0,1,0
0,1,0,0,18,1,0,0,1,0,0,0,0,1,74.7,71.92222222222222,2.7777777777777857,1,3,0,0,1,1,7.166729187297174,0,1,0,1,0,0,0,0,1,0
0,0,1,1,8,1,0,1,1,0,0,0,0,0,54.65,60.28125,-5.631250000000001,2,4,0,0,0,0,6.18053411808844,1,0,0,1,0,0,0,0,0,1
0,0,1,1,50,1,1,0,0,0,0,1,0,1,84.4,82.323,2.0770000000000124,1,4,1,0,0,1,8.32291645540301,0,1,0,1,0,0,1,0,0,0
0,0,1,1,72,1,0,1,1,1,1,1,1,1,108.65,107.31041666666667,1.3395833333333371,6,8,1,0,0,0,8.952521262624083,0,1,0,0,0,1,1,0,0,0
0,0,1,1,1,1,0,0,0,0,0,0,0,1,19.9,19.9,0.0,0,1,0,1,0,0,3.039749158970765,0,0,1,1,0,0,0,0,1,0
1,0,1,1,33,1,0,0,0,1,1,1,1,1,73.9,72.88030303030304,1.019696969696966,4,6,0,0,0,0,7.785741677698578,1,0,0,0,1,0,0,0,0,1
0,0,0,0,70,1,1,1,1,1,1,1,1,0,115.55,116.10857142857144,-0.5585714285714403,6,9,1,0,1,0,9.00314398599142,0,1,0,0,1,0,0,1,0,0
1,0,1,1,44,1,0,0,1,0,1,0,0,1,54.9,57.934090909090905,-3.0340909090909065,2,4,1,0,0,0,7.843887853069831,1,0,0,1,0,0,1,0,0,0
1,1,0,0,53,0,0,0,1,1,0,1,1,1,54.45,53.859433962264156,0.5905660377358473,4,5,0,0,1,0,7.957019748019907,1,0,0,1,0,0,0,0,1,0
1,0,0,0,50,1,0,1,1,0,1,0,1,1,93.5,94.95,-1.4500000000000028,4,6,1,0,1,0,8.465584057683007,0,1,0,1,0,0,0,1,0,0
1,0,0,0,10,1,0,0,0,0,0,0,0,1,19.85,19.305,0.5450000000000017,0,1,0,0,1,0,5.268115857814915,0,0,1,1,0,0,0,0,0,1
1,0,0,0,37,1,0,0,1,0,0,1,1,1,96.1,98.56216216216217,-2.4621621621621728,3,5,1,0,1,1,8.201879525129897,0,1,0,1,0,0,0,1,0,0
1,0,0,0,1,1,1,0,0,0,0,0,0,1,74.9,74.9,0.0,0,3,0,1,1,1,4.3294166844015844,0,1,0,1,0,0,0,0,1,0
0,0,0,0,11,1,1,0,0,0,1,1,0,0,90.15,89.81363636363636,0.3363636363636431,2,5,0,0,1,0,6.896643774227418,0,1,0,1,0,0,0,0,1,0
0,0,0,0,1,1,0,0,0,0,0,1,0,0,79.55,79.55,0.0,1,3,0,1,1,1,4.388878109622984,0,1,0,1,0,0,0,0,1,0
1,0,1,0,43,1,1,1,0,1,0,1,1,1,80.2,83.29302325581395,-3.0930232558139465,4,7,0,0,0,0,8.183844072781001,1,0,0,0,1,0,0,0,1,0
0,1,0,0,45,0,0,0,0,0,0,0,1,0,34.2,35.48,-1.279999999999994,1,2,0,0,1,0,7.3762577821016055,1,0,0,0,1,0,0,0,1,0
0,0,0,1,13,0,0,0,1,0,0,0,0,0,30.15,29.4,0.75,1,2,0,0,0,0,5.948557046096705,1,0,0,1,0,0,0,0,1,0
0,0,0,0,30,1,0,1,0,0,0,0,0,1,48.8,51.225,-2.4250000000000043,1,3,0,0,1,0,7.338075588088477,1,0,0,1,0,0,0,0,0,1
1,0,0,0,19,1,0,0,0,0,1,0,1,1,87.7,90.83947368421053,-3.139473684210529,2,4,1,0,1,0,7.454112125787783,0,1,0,0,1,0,0,1,0,0
0,1,0,0,1,1,0,0,0,1,0,0,0,1,75.3,75.3,0.0,1,3,1,1,1,1,4.334672938290411,0,1,0,1,0,0,1,0,0,0
0,0,1,0,69,1,0,0,1,0,0,0,1,1,61.45,59.87246376811594,1.5775362318840607,2,4,1,0,0,0,8.326565231778707,1,0,0,0,0,1,0,1,0,0
0,0,1,0,53,1,1,0,1,1,1,1,1,1,108.95,107.89056603773585,1.0594339622641513,5,8,1,0,0,0,8.651584214452642,0,1,0,0,1,0,1,0,0,0
1,1,1,0,61,1,1,0,1,0,0,0,0,1,82.15,80.40737704918034,1.7426229508196656,1,4,0,0,0,1,8.498183649544655,0,1,0,1,0,0,0,0,1,0
1,0,0,0,7,1,0,0,0,0,0,0,0,1,69.55,74.47857142857143,-4.928571428571431,0,2,0,0,1,1,6.258337861283517,0,1,0,1,0,0,0,0,1,0
0,0,1,0,48,1,1,1,0,0,1,0,0,1,60.6,62.192708333333336,-1.5927083333333343,2,5,1,0,0,0,8.001773698640019,1,0,0,0,1,0,1,0,0,0
0,0,0,1,1,1,0,0,0,0,0,0,1,1,79.6,79.6,0.0,1,3,0,1,0,1,4.389498649512583,0,1,0,1,0,0,0,0,1,0
0,0,0,0,23,1,1,1,0,0,0,0,0,0,54.4,54.31521739130435,0.08478260869564735,1,4,0,0,1,0,7.131098810299013,1,0,0,1,0,0,0,0,1,0
1,0,1,1,69,1,1,0,0,0,0,0,0,1,26.0,26.03695652173913,-0.036956521739128334,0,2,1,0,0,0,7.494179905620015,0,0,1,0,0,1,1,0,0,0
0,0,0,0,18,1,0,0,1,1,0,0,0,0,77.8,75.47777777777777,2.322222222222223,2,4,0,0,1,1,7.2149458178219605,0,1,0,1,0,0,0,0,1,0
1,0,0,1,1,1,0,1,1,0,1,0,1,1,70.45,70.45,0.0,4,6,1,1,0,0,4.268997904375876,1,0,0,1,0,0,1,0,0,0
1,0,0,0,7,1,1,0,0,1,0,1,0,1,89.35,90.26428571428572,-0.9142857142857252,2,5,1,0,1,1,6.450233427238458,0,1,0,1,0,0,0,1,0,0
1,0,0,0,43,1,1,0,1,0,0,0,0,1,77.85,78.27558139534884,-0.42558139534884276,1,4,0,0,1,1,8.121732868124141,0,1,0,1,0,0,0,0,1,0
0,0,0,0,46,1,0,0,0,0,0,0,1,0,55.65,58.45326086956521,-2.8032608695652144,1,3,1,0,1,0,7.8972407089593375,1,0,0,0,1,0,0,1,0,0
0,1,0,0,2,0,0,0,0,1,0,0,0,1,30.4,39.325,-8.925000000000004,1,2,0,1,1,0,4.3776420363560575,1,0,0,1,0,0,0,0,1,0
1,0,1,0,32,1,1,1,0,0,1,1,0,1,72.8,72.9078125,-0.10781250000000853,3,6,1,0,0,0,7.755360235067772,1,0,0,0,1,0,0,1,0,0
0,1,0,0,30,1,1,0,1,0,0,1,1,1,99.7,98.91166666666666,0.7883333333333411,3,6,0,0,1,1,7.995761521863022,0,1,0,1,0,0,0,0,1,0
1,0,0,0,3,1,0,1,0,0,0,0,1,1,86.05,81.61666666666666,4.433333333333337,2,4,0,1,1,0,5.504721593857949,0,1,0,1,0,0,0,0,0,1
0,0,0,1,28,1,0,0,0,0,0,0,0,0,20.25,19.119642857142857,1.130357142857143,0,1,0,0,0,0,6.2847869330434385,0,0,1,1,0,0,0,0,0,1
0,0,0,0,4,1,0,0,0,0,0,0,0,1,46.0,48.4,-2.3999999999999986,0,2,0,1,1,0,5.270946169751904,1,0,0,1,0,0,0,0,0,1
0,0,0,0,47,1,0,0,0,0,0,0,0,0,20.25,21.91063829787234,-1.6606382978723389,0,1,1,0,1,0,6.93809047877821,0,0,1,0,0,1,0,1,0,0
0,0,0,0,1,1,0,0,0,0,0,0,0,0,20.5,20.5,0.0,0,1,0,1,1,0,3.068052935133617,0,0,1,1,0,0,0,0,0,1
0,0,1,1,50,1,0,0,0,1,1,1,1,0,103.05,103.07,-0.01999999999999602,4,6,0,0,0,0,8.54762539853644,0,1,0,0,1,0,0,0,0,1
0,1,0,0,33,1,1,0,1,1,1,1,1,1,110.45,110.77121212121212,-0.3212121212121133,5,8,0,0,1,0,8.20424801033883,0,1,0,1,0,0,0,0,1,0
1,0,0,0,3,1,0,0,0,0,1,0,0,1,50.5,49.25,1.25,1,3,0,1,1,0,5.002267044425739,1,0,0,1,0,0,0,0,0,1
1,0,1,1,72,1,0,0,0,0,0,0,0,0,19.4,18.93402777777778,0.46597222222222,0,1,1,0,0,0,7.218360106066341,0,0,1,0,0,1,0,1,0,0
0,0,1,1,55,1,1,1,0,1,1,1,1,1,85.1,84.69,0.4099999999999966,5,8,1,0,0,0,8.446545379842489,1,0,0,0,0,1,1,0,0,0
0,0,1,1,16,1,0,0,1,0,0,0,0,0,73.25,74.734375,-1.484375,1,3,1,0,0,1,7.0873648282726185,0,1,0,1,0,0,1,0,0,0
1,1,1,0,44,1,1,0,1,0,0,0,1,0,88.4,88.92954545454546,-0.5295454545454561,2,5,0,0,0,1,8.272289598319464,0,1,0,0,1,0,0,0,0,1
1,0,0,0,17,0,0,0,0,0,0,0,0,0,25.1,22.51764705882353,2.5823529411764703,0,1,1,0,1,0,5.950121583573599,1,0,0,1,0,0,0,1,0,0
1,0,1,1,67,1,1,0,1,0,0,0,1,1,89.55,95.12089552238807,-5.570895522388071,2,5,1,0,0,1,8.759998183589703,0,1,0,1,0,0,1,0,0,0
1,0,0,0,43,1,1,0,0,0,1,1,1,1,100.0,97.94302325581396,2.056976744186045,3,6,0,0,1,0,8.345823444026378,0,1,0,0,1,0,0,0,1,0
1,0,0,0,54,1,1,0,1,0,0,0,0,1,79.85,79.7824074074074,0.06759259259258954,1,4,1,0,1,1,8.368519154034502,0,1,0,1,0,0,1,0,0,0
1,0,0,0,50,1,0,0,0,0,0,0,0,0,20.15,19.781,0.3689999999999998,0,1,1,0,1,0,6.897755446903804,0,0,1,0,1,0,0,1,0,0
0,0,0,0,31,1,0,0,0,0,0,0,0,0,20.95,22.04032258064516,-1.0903225806451609,0,1,0,0,1,0,6.5283233479207885,0,0,1,0,1,0,0,0,0,1
1,0,0,0,24,1,1,0,1,0,0,1,0,1,90.55,95.10625,-4.556250000000006,2,5,1,0,1,1,7.7334865285972905,0,1,0,1,0,0,0,1,0,0
1,0,0,0,3,1,0,1,0,0,0,0,0,1,50.15,53.61666666666667,-3.4666666666666686,1,3,0,1,1,0,5.086669980372253,1,0,0,1,0,0,0,0,0,1
1,0,0,0,4,1,0,0,1,0,0,0,0,0,49.25,52.1125,-2.862499999999997,1,3,0,1,1,0,5.344485047393044,1,0,0,1,0,0,0,0,0,1
1,0,0,0,71,1,1,0,0,0,0,0,0,0,25.55,26.733802816901406,-1.1838028169014052,0,2,1,0,1,0,7.549135368720199,0,0,1,0,0,1,1,0,0,0
1,0,0,0,42,1,0,0,0,0,0,0,0,1,19.55,19.985714285714284,-0.4357142857142833,0,1,0,0,1,0,6.7338779689708455,0,0,1,0,1,0,0,0,0,1
1,0,0,1,12,1,0,0,0,0,0,0,0,0,19.35,17.691666666666666,1.658333333333335,0,1,1,0,0,0,5.362699625477305,0,0,1,0,0,1,1,0,0,0
0,0,1,1,72,1,1,1,1,1,1,1,1,1,116.85,117.74583333333334,-0.8958333333333428,6,9,1,0,0,0,9.04531241514722,0,1,0,0,0,1,1,0,0,0
0,0,0,1,44,1,1,0,1,0,0,1,1,1,77.55,78.88863636363637,-1.3386363636363683,3,6,0,0,0,0,8.152514877208793,1,0,0,0,1,0,0,0,0,1
0,0,0,0,1,1,0,0,0,0,0,1,0,1,55.0,55.0,0.0,1,3,1,1,1,0,4.02535169073515,1,0,0,1,0,0,0,1,0,0
1,1,0,0,2,1,0,0,0,0,0,0,0,0,19.2,18.6,0.5999999999999979,0,1,0,1,1,0,3.6428355156125294,0,0,1,1,0,0,0,0,1,0
1,0,0,0,63,1,1,1,1,1,1,0,0,0,71.5,72.63968253968254,-1.1396825396825392,4,7,0,0,1,0,8.428864583622543,1,0,0,0,1,0,0,0,1,0
0,0,1,1,72,1,0,0,0,0,0,0,0,1,20.7,20.5875,0.11250000000000071,0,1,0,0,0,0,7.302024614329567,0,0,1,0,0,1,0,0,0,1
1,0,0,0,66,0,0,0,0,0,1,0,0,0,29.45,30.047727272727276,-0.5977272727272762,1,2,1,0,1,0,7.592945889825626,1,0,0,0,1,0,0,1,0,0
1,0,1,1,1,1,0,0,0,0,0,0,0,1,68.5,68.5,0.0,0,2,0,1,0,1,4.241326752570746,0,1,0,1,0,0,0,0,1,0
1,0,1,0,36,1,1,0,0,0,0,1,1,1,95.4,96.50555555555555,-1.10555555555554,2,5,0,0,0,1,8.153407310299562,0,1,0,1,0,0,0,0,1,0
1,1,1,1,52,1,1,0,1,1,0,1,1,1,80.85,78.45288461538462,2.3971153846153754,4,7,0,0,0,0,8.313987062234544,1,0,0,0,1,0,0,0,1,0
1,0,1,1,66,1,0,1,1,1,1,0,0,0,65.85,62.07651515151515,3.7734848484848413,4,6,0,0,0,0,8.318266529798107,1,0,0,0,0,1,0,0,0,1
1,0,0,0,5,1,0,0,0,1,0,1,1,0,96.5,98.51,-2.010000000000005,3,5,1,1,1,1,6.201624170863897,0,1,0,1,0,0,1,0,0,0
1,1,0,0,64,1,0,0,0,0,0,0,0,1,20.05,18.71953125,1.3304687500000014,0,1,1,0,1,0,7.089284855575882,0,0,1,0,0,1,1,0,0,0
0,0,1,0,71,1,1,1,1,1,1,1,1,0,87.95,89.65281690140846,-1.702816901408454,6,9,1,0,0,0,8.75878158590973,1,0,0,0,0,1,1,0,0,0
0,0,0,0,48,1,1,1,1,1,0,1,1,1,83.45,80.996875,2.453125,5,8,1,0,1,0,8.265868763085331,1,0,0,0,1,0,0,1,0,0
0,0,1,1,4,1,0,1,0,0,0,0,0,0,50.3,54.275,-3.9750000000000014,1,3,0,1,0,0,5.384953673207583,1,0,0,1,0,0,0,0,1,0
0,0,0,0,6,1,1,0,1,1,1,1,1,1,109.9,111.575,-1.6749999999999972,5,8,1,1,1,0,6.5079491287256515,0,1,0,1,0,0,0,1,0,0
0,0,1,0,71,1,1,0,0,1,1,1,1,1,80.45,79.75,0.7000000000000028,4,7,1,0,0,0,8.641753211351645,1,0,0,0,0,1,1,0,0,0
0,0,0,0,35,0,0,0,0,1,1,0,0,1,33.45,33.59571428571428,-0.14571428571427703,2,3,0,0,1,0,7.0705966564879645,1,0,0,1,0,0,0,0,0,1
0,0,0,0,21,1,0,0,0,0,0,0,0,1,20.85,20.726190476190474,0.12380952380952692,0,1,1,0,1,0,6.078215473516637,0,0,1,0,0,1,0,1,0,0
0,0,0,0,42,1,1,1,0,1,0,1,1,1,105.2,104.7797619047619,0.42023809523810485,4,7,0,0,1,0,8.389757468106554,0,1,0,1,0,0,0,0,1,0
0,0,1,0,71,1,1,0,0,0,0,0,0,0,24.75,25.871830985915494,-1.1218309859154942,0,2,1,0,0,0,7.516378894471428,0,0,1,0,0,1,1,0,0,0
1,0,1,1,47,1,1,0,1,0,0,0,0,0,54.25,54.00425531914893,0.24574468085106815,1,4,0,0,0,0,7.839604349772144,1,0,0,1,0,0,0,0,1,0
1,0,0,0,72,0,0,1,1,1,1,1,1,1,65.6,63.423611111111114,2.17638888888888,6,7,1,0,1,0,8.426721288252162,1,0,0,0,0,1,1,0,0,0
0,0,0,0,1,1,0,0,0,0,0,0,0,1,45.3,45.3,0.0,0,2,0,1,1,0,3.835141961092188,1,0,0,1,0,0,0,0,1,0
1,0,0,0,59,1,1,0,0,1,0,0,0,0,54.15,52.816101694915254,1.3338983050847446,1,4,1,0,1,0,8.044674401804834,1,0,0,0,0,1,0,1,0,0
0,0,1,0,63,1,1,0,1,0,0,0,0,1,81.55,79.82619047619048,1.7238095238095212,1,4,1,0,0,1,8.523185203402234,0,1,0,1,0,0,1,0,0,0
1,0,1,0,1,1,0,0,0,0,1,1,0,1,84.8,84.8,0.0,2,4,0,1,0,0,4.4520190064939165,0,1,0,1,0,0,0,0,1,0
0,0,1,1,30,1,1,0,1,1,1,1,1,1,107.5,108.08333333333333,-0.5833333333333286,5,8,0,0,0,0,8.08440827265311,0,1,0,1,0,0,0,0,1,0
1,0,0,0,1,1,0,0,0,0,0,0,0,0,70.4,70.4,0.0,0,2,0,1,1,1,4.268297869345539,0,1,0,1,0,0,0,0,1,0
1,0,1,0,9,1,0,1,1,0,1,1,0,1,68.95,65.98333333333333,2.9666666666666686,4,6,0,0,0,0,6.388309272922535,1,0,0,1,0,0,0,0,0,1
0,0,0,0,66,1,0,1,1,1,0,0,0,1,61.15,60.87045454545454,0.2795454545454561,3,5,1,0,1,0,8.298651535121714,1,0,0,0,0,1,1,0,0,0
0,0,1,1,71,1,1,0,0,0,0,0,0,0,25.45,25.54014084507042,-0.09014084507042242,0,2,1,0,0,0,7.503482555834499,0,0,1,0,0,1,1,0,0,0
1,0,1,0,8,1,0,0,1,1,0,0,0,1,54.75,55.73125,-0.9812500000000028,2,4,0,0,0,0,6.102222967827401,1,0,0,1,0,0,0,0,0,1
0,0,0,0,33,1,1,0,1,1,0,1,1,0,107.55,110.46969696969697,-2.9196969696969717,4,7,0,0,1,1,8.201523082424288,0,1,0,1,0,0,0,0,1,0
1,0,1,0,70,1,0,1,1,0,1,0,1,0,67.95,66.63071428571428,1.3192857142857264,4,6,0,0,0,0,8.44787526710534,1,0,0,0,0,1,0,0,0,1
1,0,1,1,7,0,0,1,1,1,0,1,1,0,58.85,66.52857142857142,-7.6785714285714235,5,6,0,0,0,0,6.14568665295577,1,0,0,1,0,0,0,0,0,1
0,0,1,1,61,1,0,0,0,0,0,0,0,1,19.4,19.38606557377049,0.01393442622950758,0,1,0,0,0,0,7.076273675632399,0,0,1,1,0,0,0,0,0,1
0,0,0,0,11,1,0,1,0,0,0,0,0,0,76.4,76.24545454545455,0.1545454545454561,1,3,0,0,1,0,6.733044685189517,0,1,0,1,0,0,0,0,1,0
0,0,0,0,1,1,0,0,0,0,0,0,0,1,20.15,20.15,0.0,0,1,0,1,1,0,3.0516399054922867,0,0,1,1,0,0,0,0,0,1
0,1,0,0,26,1,0,0,0,0,0,0,1,1,78.8,77.1576923076923,1.6423076923076962,1,3,0,0,1,1,7.604446173165448,0,1,0,1,0,0,0,0,1,0
1,0,0,0,28,1,1,0,1,1,0,1,1,1,105.7,106.41071428571429,-0.710714285714289,4,7,0,0,1,1,7.999846350659981,0,1,0,1,0,0,0,0,1,0
1,0,1,0,53,1,0,0,1,0,0,1,1,1,94.25,91.84811320754717,2.401886792452828,3,5,1,0,0,1,8.490633587080888,0,1,0,0,1,0,1,0,0,0
1,1,1,0,36,1,0,0,0,1,1,0,0,0,54.1,55.356944444444444,-1.2569444444444429,2,4,1,0,0,0,7.5978227220151595,1,0,0,0,1,0,0,1,0,0
1,0,1,1,72,1,1,1,1,1,1,1,1,1,91.95,91.8736111111111,0.07638888888889994,6,9,1,0,0,0,8.797231121716262,1,0,0,0,0,1,0,1,0,0
1,0,0,0,2,1,0,1,1,0,0,0,0,1,53.85,54.075,-0.22500000000000142,2,4,0,1,1,0,4.692723082995953,1,0,0,1,0,0,0,0,0,1
1,0,1,1,60,1,1,1,0,1,1,1,1,1,110.6,109.78083333333333,0.8191666666666606,5,8,0,0,0,0,8.792982322368012,0,1,0,0,0,1,0,0,1,0
0,0,0,0,7,1,0,0,0,0,0,0,0,0,20.0,19.657142857142855,0.3428571428571452,0,1,1,0,1,0,4.931592086755803,0,0,1,1,0,0,1,0,0,0
0,0,1,1,33,1,1,0,0,0,0,0,0,0,24.15,24.25151515151515,-0.10151515151515156,0,2,1,0,0,0,6.686235408784025,0,0,1,0,1,0,0,1,0,0
1,1,0,0,1,1,0,0,0,0,0,0,0,1,45.85,45.85,0.0,0,2,0,1,1,0,3.846951008684431,1,0,0,1,0,0,0,0,0,1
1,0,1,0,10,1,1,0,0,1,0,1,1,1,98.5,103.775,-5.275000000000006,3,6,0,0,0,1,6.945773346169658,0,1,0,1,0,0,0,0,1,0
0,0,1,1,36,1,0,0,0,0,0,0,0,0,19.2,19.525,-0.3249999999999993,0,1,1,0,0,0,6.556636300614086,0,0,1,1,0,0,1,0,0,0
0,0,0,0,57,1,0,1,1,1,1,1,0,1,74.3,73.09385964912282,1.2061403508771775,5,7,1,0,1,0,8.335035621175752,1,0,0,0,0,1,0,1,0,0
0,0,0,0,46,1,1,0,0,0,0,1,1,0,96.05,95.6413043478261,0.408695652173904,2,5,1,0,1,1,8.389473449813867,0,1,0,1,0,0,1,0,0,0
0,1,0,0,2,1,1,0,0,0,0,1,1,1,93.85,85.425,8.424999999999997,2,5,0,1,1,1,5.1466220032958425,0,1,0,1,0,0,0,0,1,0
0,0,1,0,41,1,0,0,1,1,1,0,0,1,86.2,81.44024390243902,4.759756097560981,3,5,1,0,0,0,8.113741055918576,0,1,0,0,1,0,1,0,0,0
0,0,1,1,46,1,1,0,0,0,0,0,0,0,24.95,25.345652173913045,-0.39565217391304586,0,2,0,0,0,0,7.062105938812062,0,0,1,0,1,0,0,0,0,1
1,0,0,0,1,1,0,0,0,0,0,0,0,0,20.15,20.15,0.0,0,1,0,1,1,0,3.0516399054922867,0,0,1,1,0,0,0,0,0,1
0,0,1,0,2,1,0,0,0,0,0,0,0,1,44.6,40.275,4.325000000000003,0,2,1,1,0,0,4.401216329067023,1,0,0,1,0,0,0,1,0,0
1,0,0,1,62,1,1,0,0,0,0,0,0,1,24.4,22.79032258064516,1.6096774193548384,0,2,0,0,0,0,7.254177846456518,0,0,1,0,0,1,0,0,0,1
0,0,0,0,22,1,0,1,0,0,0,0,0,1,48.8,47.93636363636363,0.8636363636363669,1,3,1,0,1,0,6.961864604629169,1,0,0,1,0,0,0,1,0,0
1,0,0,0,33,1,0,1,0,0,1,1,0,1,88.95,91.7469696969697,-2.796969696969697,3,5,0,0,1,0,8.015872254664492,0,1,0,0,0,1,0,0,1,0
1,0,0,0,4,1,1,0,1,0,0,0,1,1,90.05,92.025,-1.9750000000000085,2,5,0,1,1,1,5.911067610035953,0,1,0,1,0,0,0,0,1,0
1,0,1,1,64,1,1,0,1,1,1,1,1,1,109.2,105.33046875,3.8695312500000085,5,8,1,0,0,0,8.816134144137433,0,1,0,0,0,1,0,1,0,0
1,0,1,0,45,1,1,1,0,1,0,0,0,1,84.55,82.53222222222222,2.0177777777777806,2,5,0,0,0,0,8.220120498111084,0,1,0,1,0,0,0,0,0,1
1,0,0,0,2,1,0,0,0,0,0,0,0,1,46.6,43.95,2.6499999999999986,0,2,1,1,1,0,4.487512142519859,1,0,0,1,0,0,1,0,0,0
0,0,1,1,37,1,1,0,1,0,0,1,0,1,88.8,90.28513513513514,-1.4851351351351383,2,5,0,0,0,1,8.114190050178992,0,1,0,1,0,0,0,0,1,0
1,0,0,0,67,1,0,0,0,0,0,0,0,1,19.8,19.571641791044776,0.22835820895522474,0,1,0,0,1,0,7.179536601902241,0,0,1,0,0,1,0,0,0,1
0,0,0,0,68,1,1,0,0,0,0,0,0,0,25.5,26.791176470588233,-1.2911764705882334,0,2,1,0,1,0,7.508129059389727,0,0,1,0,0,1,1,0,0,0
1,0,0,1,1,1,0,0,0,0,0,0,0,0,20.75,20.75,0.0,0,1,0,1,0,0,3.079613757534693,0,0,1,1,0,0,0,0,0,1
0,1,1,0,6,1,1,0,0,0,0,0,1,1,84.35,79.14999999999999,5.200000000000003,1,4,0,1,0,1,6.165207748127065,0,1,0,1,0,0,0,0,1,0
0,0,0,1,53,1,1,0,1,1,1,1,1,1,84.6,83.95754716981132,0.6424528301886738,5,8,0,0,0,0,8.400827900284972,1,0,0,0,1,0,0,0,1,0
1,0,1,1,10,1,0,0,0,1,0,1,0,0,60.2,56.35,3.8500000000000014,2,4,0,0,0,0,6.335940383589716,1,0,0,1,0,0,0,0,0,1
0,0,1,1,49,1,1,0,0,0,0,1,1,1,95.6,97.62244897959184,-2.022448979591843,2,5,0,0,0,1,8.473136805219317,0,1,0,1,0,0,0,0,1,0
0,0,0,0,45,1,1,1,1,0,0,0,1,0,96.75,98.72777777777777,-1.9777777777777743,3,6,1,0,1,0,8.39925389355155,0,1,0,0,1,0,1,0,0,0
0,0,0,1,46,1,1,0,0,1,1,0,0,1,84.8,86.06195652173913,-1.2619565217391369,2,5,1,0,0,0,8.283961424743229,0,1,0,1,0,0,1,0,0,0
1,0,1,1,41,1,1,0,1,1,0,1,0,0,68.5,69.2670731707317,-0.767073170731706,3,6,1,0,0,0,7.9518937822624975,1,0,0,0,1,0,1,0,0,0
1,0,0,1,1,0,0,0,0,0,0,0,0,1,25.3,25.3,0.0,0,1,0,1,0,0,3.269568939183719,1,0,0,1,0,0,0,0,1,0
0,0,1,1,46,1,0,0,0,0,0,0,0,0,19.4,20.829347826086956,-1.429347826086957,0,1,1,0,0,0,6.866047475582347,0,0,1,0,0,1,0,1,0,0
0,0,1,1,4,1,0,0,0,1,0,0,0,1,73.75,81.3625,-7.612499999999997,1,3,0,1,0,1,5.788276797632642,0,1,0,1,0,0,0,0,1,0
1,1,1,0,68,1,1,0,0,1,0,0,0,1,80.35,82.19558823529412,-1.8455882352941302,1,4,1,0,0,1,8.628788231972079,0,1,0,1,0,0,0,1,0,0
0,0,0,0,31,1,1,0,0,1,0,0,1,1,89.9,90.54516129032258,-0.6451612903225765,2,5,0,0,1,1,7.940192151975948,0,1,0,1,0,0,0,0,1,0
0,0,0,0,2,1,1,0,0,0,0,0,0,1,75.9,71.675,4.2250000000000085,0,3,0,1,1,1,4.972240906108944,0,1,0,1,0,0,0,0,1,0
1,1,0,0,45,1,1,0,0,0,0,1,1,1,93.9,93.33888888888889,0.5611111111111171,2,5,1,0,1,1,8.343137379039316,0,1,0,1,0,0,1,0,0,0
0,1,0,0,17,1,0,0,1,1,0,1,0,1,89.15,88.0529411764706,1.0970588235294088,3,5,0,0,1,1,7.311819406174673,0,1,0,1,0,0,0,0,1,0
1,1,0,0,14,1,1,0,0,0,0,1,1,1,95.6,90.95,4.6499999999999915,2,5,0,0,1,1,7.1501522872182335,0,1,0,1,0,0,0,0,1,0
0,1,1,0,38,1,1,1,1,0,0,0,1,0,95.0,94.50657894736842,0.4934210526315752,3,6,1,0,0,0,8.186534026109316,0,1,0,0,1,0,0,1,0,0
1,0,0,0,37,1,1,0,0,0,1,1,1,0,98.8,93.9337837837838,4.866216216216202,3,6,1,0,1,0,8.153795701716678,0,1,0,1,0,0,1,0,0,0
0,0,0,0,26,1,1,1,1,0,0,1,0,1,69.5,69.2326923076923,0.26730769230769624,3,6,1,0,1,0,7.496125107144836,1,0,0,1,0,0,1,0,0,0
0,0,1,0,61,1,1,0,0,1,1,1,1,1,106.35,110.67786885245903,-4.327868852459034,4,7,0,0,0,0,8.817645871425219,0,1,0,1,0,0,0,0,1,0
0,0,0,0,4,1,0,1,0,1,1,0,1,1,94.4,96.8,-2.3999999999999915,4,6,1,1,1,0,5.9615206707349095,0,1,0,1,0,0,1,0,0,0
1,0,0,0,54,1,1,1,0,1,1,1,1,0,87.1,87.68888888888888,-0.5888888888888886,5,8,1,0,1,0,8.462990405401921,1,0,0,0,0,1,1,0,0,0
0,0,0,0,2,1,0,0,0,1,0,0,1,1,86.2,89.35,-3.1499999999999915,2,4,0,1,1,1,5.191288793789513,0,1,0,1,0,0,0,0,0,1
0,0,1,0,56,1,1,0,0,1,1,1,1,0,103.2,102.57767857142858,0.6223214285714249,4,7,1,0,0,0,8.656146110968495,0,1,0,0,0,1,1,0,0,0
1,0,0,0,8,1,1,0,0,0,0,0,1,0,84.5,82.83125,1.6687500000000028,1,4,1,0,1,1,6.497754902072211,0,1,0,1,0,0,1,0,0,0
1,0,0,0,31,1,0,0,1,1,0,1,1,1,101.4,101.40806451612903,-0.008064516129024923,4,6,0,0,1,1,8.053457875183252,0,1,0,1,0,0,0,0,1,0
1,0,0,0,40,0,0,1,1,1,0,1,1,0,62.05,62.78875000000001,-0.7387500000000102,5,6,1,0,1,0,7.829053452666831,1,0,0,0,1,0,0,1,0,0
1,0,1,1,18,1,0,0,0,0,0,0,0,0,19.8,19.016666666666666,0.783333333333335,0,1,1,0,0,0,5.838604700463646,0,0,1,0,1,0,1,0,0,0
1,0,1,1,13,1,0,0,0,1,0,1,1,0,97.0,102.65,-5.650000000000006,3,5,0,0,0,1,7.19702359268779,0,1,0,1,0,0,0,0,1,0
0,0,1,0,62,1,0,1,0,1,1,1,1,0,81.0,80.41774193548386,0.5822580645161395,5,7,0,0,0,0,8.514569753209523,1,0,0,0,0,1,0,0,0,1
0,1,1,0,13,1,0,0,0,0,0,0,0,1,70.15,70.51923076923077,-0.3692307692307679,0,2,0,0,0,1,6.821925022376944,0,1,0,1,0,0,0,0,1,0
1,0,0,0,39,1,0,1,0,1,0,1,1,1,100.45,97.47948717948718,2.9705128205128233,4,6,0,0,1,0,8.243466619725949,0,1,0,0,0,1,0,0,1,0
1,0,1,0,18,1,1,0,0,0,0,1,1,1,94.75,93.99444444444445,0.7555555555555458,2,5,0,0,0,1,7.434198313643204,0,1,0,1,0,0,0,0,1,0
0,0,0,0,6,1,0,0,0,1,1,1,1,1,99.95,91.27499999999999,8.675000000000011,4,6,0,1,1,0,6.307460715436808,0,1,0,1,0,0,0,0,0,1
0,0,0,0,53,1,0,0,0,0,0,0,0,0,20.25,19.782075471698114,0.4679245283018858,0,1,0,0,1,0,6.956021496391625,0,0,1,0,0,1,0,0,0,1
1,0,0,0,32,1,0,0,0,0,0,0,0,0,20.35,22.109375,-1.7593749999999986,0,1,1,0,1,0,6.563150059130735,0,0,1,0,1,0,0,1,0,0
1,0,1,0,47,1,0,0,1,1,0,1,1,0,73.6,74.95,-1.3500000000000085,4,6,0,0,0,0,8.167252663167885,1,0,0,0,0,1,0,0,1,0
0,0,0,0,1,0,0,0,1,0,0,0,0,0,29.95,29.95,0.0,1,2,1,1,1,0,3.432372999130605,1,0,0,1,0,0,1,0,0,0
1,0,1,0,71,1,1,0,0,0,0,0,0,1,24.5,25.580281690140847,-1.080281690140847,0,2,0,0,0,0,7.505052133885248,0,0,1,0,0,1,0,0,1,0
0,0,0,0,55,1,0,0,0,0,0,0,0,0,45.05,44.77454545454545,0.2754545454545436,0,2,1,0,1,0,7.809378973812888,1,0,0,0,1,0,1,0,0,0
1,0,1,0,64,1,1,0,1,0,1,0,1,1,70.15,70.0109375,0.13906250000000853,3,6,0,0,0,0,8.40775771771638,1,0,0,0,1,0,0,0,0,1
1,0,1,1,35,1,1,0,0,0,0,0,0,0,25.45,23.12142857142857,2.328571428571429,0,2,1,0,0,0,6.697342842021657,0,0,1,0,0,1,1,0,0,0
0,1,0,0,31,1,0,1,0,0,0,0,0,1,73.55,67.56935483870969,5.980645161290312,1,3,1,0,1,0,7.647619046764605,0,1,0,1,0,0,0,1,0,0
0,0,0,0,30,1,0,1,1,1,1,1,1,0,85.35,84.34666666666666,1.0033333333333303,6,8,1,0,1,0,7.836527788358348,1,0,0,0,1,0,1,0,0,0
0,0,0,0,16,1,1,0,0,1,0,0,1,1,65.2,65.209375,-0.009374999999991473,2,5,1,0,1,0,6.951149961301326,1,0,0,1,0,0,0,1,0,0
0,0,0,0,52,1,0,1,0,1,1,0,0,0,57.95,58.50480769230769,-0.5548076923076906,3,5,1,0,1,0,8.020681302289706,1,0,0,0,1,0,0,1,0,0
1,0,0,1,52,1,1,1,1,0,1,1,1,1,85.15,85.8048076923077,-0.6548076923076991,5,8,0,0,0,0,8.403542854384865,1,0,0,0,0,1,0,0,0,1
1,1,0,0,35,1,1,1,0,0,0,0,1,0,91.0,90.87142857142857,0.12857142857143344,2,5,1,0,1,0,8.065108062672847,0,1,0,1,0,0,0,1,0,0
1,0,1,1,71,1,0,0,1,0,1,1,1,1,73.35,72.59859154929578,0.7514084507042185,4,6,1,0,0,0,8.547819384957998,1,0,0,0,0,1,0,1,0,0
0,0,0,0,12,1,0,0,0,0,0,0,0,0,19.45,18.954166666666666,0.49583333333333357,0,1,1,0,1,0,5.431317368009281,0,0,1,1,0,0,1,0,0,0
0,1,1,0,48,1,1,1,1,1,1,1,1,0,117.45,113.31041666666665,4.1395833333333485,6,9,0,0,0,0,8.60151595732809,0,1,0,1,0,0,0,0,1,0
0,0,0,0,38,1,0,0,0,0,0,0,0,0,19.3,19.88157894736842,-0.5815789473684205,0,1,0,0,1,0,6.62870253322841,0,0,1,0,1,0,0,0,0,1
0,0,0,1,67,1,1,0,1,0,1,1,1,1,104.0,105.06044776119403,-1.0604477611940268,4,7,0,0,0,0,8.859370551399595,0,1,0,0,0,1,0,0,1,0
1,0,1,1,44,1,0,0,0,0,0,0,0,0,20.0,19.56477272727273,0.43522727272727124,0,1,1,0,0,0,6.7590812416004,0,0,1,0,1,0,1,0,0,0
1,0,0,0,53,1,0,0,0,0,0,0,0,0,19.5,19.82075471698113,-0.32075471698113134,0,1,1,0,1,0,6.957972995142755,0,0,1,0,0,1,0,1,0,0
1,0,0,1,9,1,0,0,0,0,0,0,0,0,20.1,21.13888888888889,-1.0388888888888879,0,1,0,0,0,0,5.253581472706645,0,0,1,0,1,0,0,0,0,1
1,0,1,1,1,1,0,0,0,0,0,0,0,0,19.95,19.95,0.0,0,1,1,1,0,0,3.0421386463681466,0,0,1,1,0,0,1,0,0,0
0,0,1,1,41,1,1,1,1,1,0,0,1,1,101.6,95.86707317073171,5.73292682926828,4,7,1,0,0,0,8.276789029142892,0,1,0,0,1,0,1,0,0,0
1,0,1,1,1,1,0,0,0,0,0,0,0,1,69.95,69.95,0.0,0,2,1,1,0,1,4.261975403606051,0,1,0,1,0,0,0,1,0,0
0,0,1,0,55,1,1,0,1,0,0,0,0,1,77.75,77.57090909090908,0.17909090909091674,1,4,1,0,0,1,8.358760021470783,0,1,0,1,0,0,0,1,0,0
1,0,0,0,1,0,0,0,0,0,0,0,0,1,24.45,24.45,0.0,0,1,0,1,1,0,3.2367157429965316,1,0,0,1,0,0,0,0,0,1
1,0,0,1,1,1,0,0,0,0,0,0,0,1,20.25,20.25,0.0,0,1,0,1,0,0,3.056356895370426,0,0,1,1,0,0,0,0,0,1
0,0,1,1,20,1,0,0,0,0,0,0,0,0,20.0,20.8825,-0.8825000000000003,0,1,0,0,0,0,6.037035248650441,0,0,1,1,0,0,0,0,1,0
1,0,1,0,12,1,0,0,1,0,0,0,1,1,85.05,83.31666666666666,1.7333333333333343,2,4,1,0,0,1,6.908554959152701,0,1,0,1,0,0,0,1,0,0
0,0,0,0,43,1,1,0,1,1,1,1,1,0,85.1,85.1686046511628,-0.06860465116280068,5,8,1,0,1,0,8.206106010518134,1,0,0,0,1,0,0,1,0,0
1,0,1,0,20,1,0,0,0,0,0,0,0,0,20.65,20.875,-0.22500000000000142,0,1,0,0,0,0,6.03667688992953,0,0,1,0,1,0,0,0,0,1
0,0,1,1,72,0,0,1,0,1,0,1,1,1,53.8,54.89513888888889,-1.09513888888889,4,5,1,0,0,0,8.282343894409381,1,0,0,0,0,1,0,1,0,0
0,0,1,1,55,1,0,0,1,1,1,1,1,1,103.7,102.85,0.8500000000000085,5,7,1,0,0,0,8.640781565660856,0,1,0,0,1,0,1,0,0,0
0,0,1,0,72,1,1,0,0,0,0,0,0,0,25.65,26.208333333333332,-0.5583333333333336,0,2,1,0,0,0,7.543273346705446,0,0,1,0,0,1,1,0,0,0
0,1,0,0,1,1,0,0,0,0,0,1,1,1,91.3,91.3,0.0,2,4,0,1,1,1,4.525044141508807,0,1,0,1,0,0,0,0,1,0
0,0,0,0,41,1,1,1,1,1,1,1,1,1,114.5,110.42560975609756,4.074390243902442,6,9,1,0,1,0,8.418134996570434,0,1,0,1,0,0,1,0,0,0
0,1,0,0,38,1,0,1,1,0,0,0,0,1,57.15,59.227631578947374,-2.0776315789473756,2,4,1,0,1,0,7.719418559774295,1,0,0,1,0,0,0,1,0,0
1,1,1,0,7,1,0,0,0,0,0,0,0,1,70.1,66.79285714285714,3.30714285714285,0,2,0,0,0,1,6.1496428195698325,0,1,0,1,0,0,0,0,0,1
1,0,0,1,60,1,1,1,0,1,1,1,1,1,84.95,83.08083333333335,1.8691666666666578,5,8,0,0,0,0,8.514359179395104,1,0,0,0,0,1,0,0,1,0
0,0,0,0,27,1,0,0,0,0,0,0,0,1,20.25,19.933333333333334,0.31666666666666643,0,1,1,0,1,0,6.290086559598097,0,0,1,0,0,1,1,0,0,0
1,0,0,0,22,1,1,0,0,0,0,0,0,1,24.85,22.427272727272726,2.4227272727272755,0,2,1,0,1,0,6.203344906143481,0,0,1,1,0,0,0,1,0,0
0,0,0,0,3,1,0,0,0,0,0,0,0,1,69.85,66.61666666666666,3.2333333333333343,0,2,0,1,1,1,5.302558360805291,0,1,0,1,0,0,0,0,1,0
1,0,1,0,72,1,1,0,1,1,1,1,1,1,108.2,108.89722222222223,-0.6972222222222229,5,8,0,0,0,0,8.967198174155284,0,1,0,0,0,1,0,0,1,0
1,0,1,0,47,1,1,0,1,1,0,0,0,1,83.35,86.48936170212765,-3.1393617021276583,2,5,1,0,0,1,8.310414994188292,0,1,0,1,0,0,1,0,0,0
1,0,0,1,1,1,0,0,1,0,0,0,0,1,75.35,75.35,0.0,1,3,0,1,0,1,4.335328031664641,0,1,0,1,0,0,0,0,1,0
0,0,1,0,70,0,0,1,1,1,1,1,1,0,64.55,64.35571428571428,0.19428571428571217,6,7,1,0,0,0,8.413142928113883,1,0,0,0,0,1,1,0,0,0
0,0,1,0,43,1,1,0,1,0,0,0,0,0,80.45,79.04418604651163,1.4058139534883765,1,4,0,0,0,1,8.131501298407013,0,1,0,1,0,0,0,0,1,0
1,0,1,0,9,1,1,1,0,0,0,0,1,1,88.05,89.03333333333333,-0.9833333333333343,2,5,0,0,0,0,6.68748260275961,0,1,0,1,0,0,0,0,1,0
0,0,1,0,59,1,0,0,0,0,0,0,0,0,20.35,21.47457627118644,-1.124576271186438,0,1,0,0,0,0,7.145196134997171,0,0,1,0,1,0,0,0,0,1
0,0,0,0,23,1,1,0,1,0,0,1,1,1,98.7,97.78695652173913,0.9130434782608745,3,6,1,0,1,1,7.718729938655285,0,1,0,1,0,0,0,1,0,0
1,0,0,0,72,1,1,0,0,0,0,0,0,0,24.75,24.688888888888886,0.06111111111111356,0,2,1,0,1,0,7.48358181696554,0,0,1,0,0,1,1,0,0,0
1,0,0,0,21,1,0,0,0,0,0,0,0,1,20.35,20.128571428571426,0.22142857142857508,0,1,0,0,1,0,6.049025657632513,0,0,1,0,1,0,0,0,0,1
1,1,0,0,68,1,0,0,0,0,0,0,0,1,20.0,20.529411764705884,-0.529411764705884,0,1,1,0,1,0,7.242082359256962,0,0,1,0,0,1,0,1,0,0
0,0,0,0,5,1,0,0,0,0,0,0,1,1,80.0,82.5,-2.5,1,3,0,1,1,1,6.024657514463746,0,1,0,1,0,0,0,0,1,0
0,1,0,0,52,0,0,0,1,1,1,1,0,1,50.5,49.35192307692308,1.1480769230769212,4,5,0,0,1,0,7.850610041981843,1,0,0,1,0,0,0,0,1,0
1,0,1,1,1,1,0,0,0,0,0,0,0,0,19.65,19.65,0.0,0,1,0,1,0,0,3.027715319407042,0,0,1,0,1,0,0,0,0,1
1,0,0,0,65,1,1,1,0,0,1,0,1,0,93.55,93.37307692307692,0.17692307692307452,3,6,0,0,1,0,8.711155069366868,0,1,0,0,1,0,0,0,1,0
1,0,1,0,1,1,0,0,0,0,0,0,0,0,44.7,44.7,0.0,0,2,1,1,0,0,3.822098297900159,1,0,0,1,0,0,0,1,0,0
0,0,0,0,3,0,0,0,0,0,0,1,0,1,34.8,37.983333333333334,-3.183333333333337,1,2,1,1,1,0,4.74449725120919,1,0,0,1,0,0,0,1,0,0
1,0,0,0,11,1,1,0,0,0,0,0,0,0,23.15,22.29090909090909,0.8590909090909093,0,2,1,0,1,0,5.506144213750353,0,0,1,1,0,0,0,1,0,0
0,0,1,1,72,1,1,1,0,1,1,0,0,0,66.85,66.09444444444445,0.7555555555555458,3,6,1,0,0,0,8.467960929536012,1,0,0,0,0,1,1,0,0,0
1,0,1,1,5,1,1,1,0,1,0,0,0,1,84.5,90.75,-6.25,2,5,0,1,0,0,6.119747817398232,0,1,0,1,0,0,0,0,1,0
1,0,0,0,26,1,0,0,1,1,0,1,0,0,89.8,89.81923076923077,-0.019230769230773603,3,5,0,0,1,1,7.756323760359912,0,1,0,1,0,0,0,0,1,0
1,0,1,1,19,1,0,0,0,0,0,0,0,0,19.9,18.826315789473682,1.0736842105263165,0,1,0,0,0,0,5.882486384538237,0,0,1,0,1,0,0,0,0,1
0,0,0,0,1,1,0,1,1,0,1,0,0,1,83.4,83.4,0.0,3,5,0,1,1,0,4.4355674016019115,0,1,0,1,0,0,0,0,0,1
0,0,0,0,1,1,1,0,0,0,0,0,0,1,25.7,25.7,0.0,0,2,0,1,1,0,3.2846635654062037,0,0,1,1,0,0,0,0,1,0
0,0,1,1,38,1,0,0,0,0,0,0,0,0,19.6,20.08157894736842,-0.4815789473684191,0,1,1,0,0,0,6.638698670653521,0,0,1,0,1,0,0,1,0,0
1,0,1,0,14,1,0,0,0,0,1,0,0,0,48.8,47.457142857142856,1.3428571428571416,1,3,1,0,0,0,6.500388363584376,1,0,0,1,0,0,1,0,0,0
1,1,0,0,71,1,1,0,1,0,1,1,1,0,105.75,103.98380281690142,1.7661971830985834,4,7,1,0,1,0,8.907050461783502,0,1,0,0,1,0,1,0,0,0
0,0,1,0,37,1,1,1,0,1,1,0,0,0,68.1,67.00675675675676,1.0932432432432364,3,6,1,0,0,0,7.816114640530012,1,0,0,0,1,0,0,1,0,0
0,1,0,0,56,1,1,1,1,0,0,0,1,1,96.85,93.20803571428571,3.6419642857142804,3,6,0,0,1,0,8.560377194197375,0,1,0,1,0,0,0,0,1,0
1,0,0,0,1,1,0,0,0,0,0,0,1,0,79.9,79.9,0.0,1,3,0,1,1,1,4.393213824064446,0,1,0,1,0,0,0,0,1,0
1,0,1,1,63,1,1,1,1,1,0,1,1,0,83.5,86.26984126984127,-2.7698412698412653,5,8,1,0,0,0,8.600798775271034,1,0,0,0,0,1,0,1,0,0
1,1,1,0,69,1,1,0,1,1,0,0,1,1,95.35,92.4927536231884,2.857246376811588,3,6,1,0,0,1,8.761393485256058,0,1,0,1,0,0,1,0,0,0
1,0,1,1,28,1,0,0,0,1,0,1,0,0,85.45,81.78214285714286,3.6678571428571445,2,4,0,0,0,1,7.736700032439303,0,1,0,1,0,0,0,0,1,0
0,1,1,0,26,1,0,0,0,1,0,1,0,1,85.7,79.5,6.200000000000003,2,4,1,0,0,1,7.63433723562832,0,1,0,1,0,0,0,1,0,0
1,0,1,0,25,0,0,0,0,1,0,1,0,1,38.1,38.816,-0.7160000000000011,2,3,1,0,0,0,6.878738329911644,1,0,0,0,1,0,0,1,0,0
1,0,1,0,54,1,0,1,1,0,0,1,1,1,74.55,77.61944444444444,-3.069444444444443,4,6,1,0,0,0,8.341040567567811,1,0,0,0,0,1,1,0,0,0
1,0,0,1,1,1,0,0,0,1,0,0,0,1,49.85,49.85,0.0,1,3,0,1,0,0,3.928880122494569,1,0,0,1,0,0,0,0,1,0
1,0,0,0,3,1,0,0,0,0,0,0,1,0,54.65,63.03333333333333,-8.383333333333333,1,3,0,1,1,0,5.247550249494384,1,0,0,1,0,0,0,0,0,1
0,0,1,1,52,1,1,0,0,0,0,0,0,0,23.05,24.13653846153846,-1.08653846153846,0,2,0,0,0,0,7.135766961693207,0,0,1,0,0,1,0,0,0,1
1,0,0,0,46,1,1,1,1,0,0,0,1,1,93.7,90.32173913043479,3.37826086956521,3,6,0,0,1,0,8.33226022786578,0,1,0,1,0,0,0,0,1,0
0,0,1,0,2,1,0,0,0,0,0,0,0,0,20.35,20.925,-0.5749999999999993,0,1,0,1,0,0,3.7577056450437887,0,0,1,1,0,0,0,0,0,1
0,0,0,0,47,1,1,1,1,0,1,0,1,0,74.05,74.38936170212766,-0.33936170212766115,4,7,0,0,1,0,8.15974652120194,1,0,0,0,0,1,0,0,0,1
1,0,1,1,4,1,0,0,0,0,0,0,0,0,18.85,21.05,-2.1999999999999993,0,1,0,1,0,0,4.44500143383527,0,0,1,1,0,0,0,0,0,1
0,0,0,0,28,1,1,0,1,0,0,0,1,1,89.95,93.76964285714287,-3.819642857142867,2,5,0,0,1,1,7.87342647695373,0,1,0,1,0,0,0,0,1,0
1,0,0,0,1,1,0,0,0,0,0,0,0,0,20.2,20.2,0.0,0,1,0,1,1,0,3.054001181677967,0,0,1,1,0,0,0,0,0,1
1,0,1,1,72,1,1,1,1,1,0,0,0,0,64.45,65.55555555555556,-1.1055555555555543,3,6,1,0,0,0,8.459775920546287,1,0,0,0,0,1,0,1,0,0
0,0,0,0,2,1,0,0,0,0,0,0,0,0,69.65,72.575,-2.924999999999997,0,2,0,1,1,1,4.984633491557255,0,1,0,1,0,0,0,0,1,0
0,0,0,0,39,1,0,0,1,0,0,1,0,1,58.6,57.03846153846154,1.5615384615384613,2,4,1,0,1,0,7.707736888455909,1,0,0,0,1,0,0,1,0,0
1,0,0,0,2,1,0,0,0,0,0,0,0,1,19.65,15.6,4.049999999999999,0,1,0,1,1,0,3.4719664525503626,0,0,1,1,0,0,0,0,1,0
0,0,1,0,24,1,1,0,0,0,0,0,0,1,75.4,72.82708333333333,2.5729166666666714,0,3,1,0,0,1,7.46671370804741,0,1,0,1,0,0,0,1,0,0
1,0,0,0,51,1,1,0,1,1,1,0,0,1,87.35,87.70588235294117,-0.35588235294117965,3,6,0,0,1,0,8.406038142050075,0,1,0,1,0,0,0,0,1,0
0,0,1,0,72,1,1,1,1,1,1,1,1,1,115.55,115.44999999999999,0.10000000000000853,6,9,1,0,0,0,9.025623949779954,0,1,0,0,0,1,0,1,0,0
0,0,0,0,63,1,1,1,1,1,1,1,0,1,79.85,77.16587301587302,2.6841269841269764,5,8,1,0,1,0,8.489297705097483,1,0,0,0,0,1,0,1,0,0
0,0,1,1,3,1,0,0,0,0,0,0,1,1,80.3,83.35000000000001,-3.0500000000000114,1,3,0,1,0,1,5.5256521224807145,0,1,0,1,0,0,0,0,1,0
1,0,1,0,69,0,0,0,1,1,1,1,1,1,60.8,61.78840579710145,-0.9884057971014499,5,6,1,0,0,0,8.35805677007632,1,0,0,0,1,0,0,1,0,0
1,0,0,0,2,1,0,0,0,0,0,0,0,1,69.8,73.325,-3.5250000000000057,0,2,0,1,1,1,4.994844608189932,0,1,0,1,0,0,0,0,1,0
1,1,1,0,7,1,1,1,1,0,1,0,0,0,64.2,67.85714285714286,-3.6571428571428584,3,6,0,0,0,0,6.16541785423142,1,0,0,1,0,0,0,0,1,0
0,0,0,0,3,1,0,1,1,0,1,0,1,0,71.1,71.11666666666666,-0.01666666666666572,4,6,0,1,1,0,5.367610193043986,1,0,0,0,0,1,0,0,0,1
1,0,0,0,43,1,1,0,1,0,0,1,1,1,101.4,105.30232558139535,-3.9023255813953455,3,6,0,0,1,1,8.418256443556213,0,1,0,1,0,0,0,0,1,0
0,0,1,1,23,1,1,0,0,0,0,1,0,1,83.75,80.43260869565218,3.3173913043478223,1,4,0,0,0,1,7.52345429978294,0,1,0,1,0,0,0,0,1,0
0,0,0,0,1,1,0,0,0,0,0,0,0,1,70.1,70.1,0.0,0,2,0,1,1,1,4.264087336809195,0,1,0,1,0,0,0,0,1,0
1,0,0,0,23,1,1,0,0,1,1,1,1,1,104.05,107.39565217391304,-3.345652173913038,4,7,0,0,1,0,7.812418674615313,0,1,0,1,0,0,0,0,0,1
0,1,1,0,67,1,1,1,1,0,0,1,1,1,105.6,106.15149253731343,-0.5514925373134361,4,7,0,0,0,0,8.869700462659624,0,1,0,0,1,0,0,0,1,0
0,0,1,0,72,1,1,1,1,1,1,0,0,1,94.25,95.13541666666667,-0.8854166666666714,4,7,1,0,0,0,8.832113414313877,0,1,0,0,0,1,1,0,0,0
0,0,1,0,72,1,1,1,0,0,0,0,0,0,80.45,79.6888888888889,0.7611111111111057,1,4,1,0,0,0,8.65497055712555,0,1,0,0,0,1,1,0,0,0
1,0,1,0,18,1,1,0,0,0,0,1,1,1,94.7,93.775,0.9249999999999972,2,5,0,0,0,1,7.431862313054042,0,1,0,1,0,0,0,0,1,0
1,0,1,1,63,0,0,0,1,1,1,0,0,0,39.35,38.01666666666667,1.3333333333333286,3,4,1,0,0,0,7.7815768271311265,1,0,0,0,0,1,1,0,0,0
0,0,1,1,58,1,0,0,0,0,0,0,0,0,19.55,18.614655172413794,0.9353448275862064,0,1,1,0,0,0,6.985317990929928,0,0,1,0,0,1,0,1,0,0
0,0,0,0,37,1,1,0,0,0,1,1,1,0,100.3,95.71351351351352,4.5864864864864785,3,6,1,0,1,0,8.172559742514318,0,1,0,1,0,0,0,1,0,0
0,0,0,0,72,1,1,0,1,1,1,1,1,1,108.05,108.42500000000001,-0.3750000000000142,5,8,1,0,1,0,8.962852897272455,0,1,0,0,0,1,0,1,0,0
0,1,0,0,3,1,1,0,1,0,0,0,0,1,79.4,68.35000000000001,11.049999999999997,1,4,0,1,1,1,5.328118857784826,0,1,0,1,0,0,0,0,1,0
0,1,1,0,14,1,1,0,1,0,0,1,1,1,100.2,97.84285714285714,2.357142857142861,3,6,0,0,0,1,7.223149790000454,0,1,0,1,0,0,0,0,1,0
0,0,0,0,46,1,0,0,0,1,1,0,0,0,54.35,53.481521739130436,0.8684782608695656,2,4,1,0,1,0,7.808383999366624,1,0,0,0,0,1,0,1,0,0
0,0,1,1,72,1,0,0,0,0,0,0,0,0,19.7,19.163888888888888,0.5361111111111114,0,1,1,0,0,0,7.230418320329163,0,0,1,0,0,1,0,1,0,0
0,0,1,1,67,1,0,0,1,0,0,0,0,0,50.55,51.22014925373134,-0.6701492537313456,1,3,1,0,0,0,8.141116968201862,1,0,0,0,1,0,0,1,0,0
1,0,0,0,5,1,1,0,0,1,0,1,0,1,92.5,90.53999999999999,1.960000000000008,2,5,0,1,1,1,6.117436186669918,0,1,0,1,0,0,0,0,1,0
0,0,0,0,6,0,0,0,0,1,0,1,1,1,47.95,50.85,-2.8999999999999986,3,4,0,1,1,0,5.723911845951367,1,0,0,1,0,0,0,0,1,0
1,1,1,0,69,0,0,0,0,1,0,0,0,1,29.8,30.93188405797102,-1.1318840579710177,1,2,1,0,0,0,7.6663624310138685,1,0,0,0,1,0,0,1,0,0
0,0,0,0,1,1,0,0,0,0,0,0,0,1,69.2,69.2,0.0,0,2,0,1,1,1,4.251348311031766,0,1,0,1,0,0,0,0,1,0
0,0,0,0,4,1,1,0,0,0,0,0,0,0,75.35,84.525,-9.175000000000011,0,3,0,1,1,1,5.826295049131593,0,1,0,1,0,0,0,0,1,0
1,0,0,0,4,1,1,0,1,0,0,0,0,0,78.45,82.5125,-4.0625,1,4,0,1,1,1,5.802269421370855,0,1,0,1,0,0,0,0,1,0
1,0,1,0,27,1,0,0,0,0,0,0,0,0,19.55,19.27962962962963,0.27037037037037237,0,1,1,0,0,0,6.25680514712198,0,0,1,0,0,1,1,0,0,0
0,0,0,0,64,1,1,0,0,0,0,0,0,1,24.4,25.01875,-0.6187500000000021,0,2,1,0,1,0,7.379132963781016,0,0,1,0,1,0,1,0,0,0
1,0,0,0,11,1,0,0,0,0,0,0,0,0,19.5,20.61818181818182,-1.1181818181818208,0,1,0,0,1,0,5.428468051013081,0,0,1,0,1,0,0,0,0,1
1,0,1,1,72,1,0,0,0,0,0,0,0,0,20.55,19.896527777777777,0.6534722222222236,0,1,0,0,0,0,7.267909164380298,0,0,1,0,0,1,0,0,1,0
0,0,0,0,10,1,0,0,0,0,0,0,0,0,45.25,42.87,2.3800000000000026,0,2,0,0,1,0,6.063087290780949,1,0,0,1,0,0,0,0,0,1
1,0,1,1,31,0,0,1,0,1,1,1,1,0,59.95,59.63870967741936,0.31129032258064626,5,6,0,0,0,0,7.52283280412016,1,0,0,0,1,0,0,0,1,0
1,0,0,0,50,1,1,0,0,1,1,0,1,0,69.5,68.36399999999999,1.13600000000001,3,6,1,0,1,0,8.137161884564883,1,0,0,0,0,1,1,0,0,0
0,0,0,0,1,1,0,0,0,0,0,0,0,1,19.9,19.9,0.0,0,1,0,1,1,0,3.039749158970765,0,0,1,1,0,0,0,0,0,1
1,0,1,1,39,1,0,1,1,1,0,0,0,0,59.8,60.09871794871795,-0.2987179487179503,3,5,0,0,0,0,7.759976712949614,1,0,0,0,1,0,0,0,1,0
1,0,0,0,1,1,0,0,1,0,0,0,0,0,50.8,50.8,0.0,1,3,0,1,1,0,3.9473901492654373,1,0,0,1,0,0,0,0,1,0
1,0,1,0,24,1,1,0,1,1,0,1,1,1,104.65,105.93541666666665,-1.2854166666666487,4,7,0,0,0,1,7.8412767061179585,0,1,0,1,0,0,0,0,1,0
1,0,0,1,6,1,0,0,0,0,0,0,0,0,19.55,21.433333333333334,-1.8833333333333329,0,1,0,1,0,0,4.864452783918174,0,0,1,1,0,0,0,0,0,1
1,0,1,1,34,1,0,0,0,0,0,0,0,0,20.8,18.70294117647059,2.0970588235294123,0,1,0,0,0,0,6.45661265737732,0,0,1,1,0,0,0,0,0,1
1,0,1,0,23,1,0,0,0,0,0,0,0,0,19.3,21.139130434782608,-1.8391304347826072,0,1,1,0,0,0,6.1886747163956874,0,0,1,0,1,0,0,1,0,0
0,0,0,1,39,0,0,0,0,1,0,0,0,0,30.1,29.007692307692306,1.0923076923076955,1,2,1,0,0,0,7.032006241319994,1,0,0,1,0,0,0,1,0,0
1,0,0,0,41,1,1,0,0,1,0,0,0,1,55.7,54.57439024390244,1.1256097560975604,1,4,1,0,1,0,7.71358361381754,1,0,0,1,0,0,1,0,0,0
1,0,1,1,62,1,0,1,1,0,0,0,0,1,81.45,80.37177419354839,1.0782258064516128,2,4,1,0,0,0,8.513998092519696,0,1,0,0,1,0,0,1,0,0
1,0,0,0,10,1,0,0,0,0,0,0,0,0,46.0,49.21,-3.210000000000001,0,2,0,0,1,0,6.2007119932300805,1,0,0,1,0,0,0,0,0,1
0,0,0,0,29,0,0,0,0,0,1,0,0,1,31.2,31.93793103448276,-0.7379310344827594,1,2,0,0,1,0,6.832169292025542,1,0,0,1,0,0,0,0,1,0
0,1,1,0,71,1,1,1,1,1,1,0,0,1,96.35,95.30915492957746,1.0408450704225345,4,7,1,0,0,0,8.819953513551914,0,1,0,0,0,1,0,1,0,0
0,0,0,0,9,1,0,0,0,0,0,0,0,1,19.5,19.87222222222222,-0.37222222222222,0,1,0,0,1,0,5.192123170141633,0,0,1,1,0,0,0,0,1,0
0,0,0,0,7,1,0,0,0,1,0,1,1,1,95.35,94.41428571428571,0.9357142857142833,3,5,0,0,1,1,6.495114487124877,0,1,0,1,0,0,0,0,1,0
1,0,0,0,21,1,0,0,0,0,0,0,0,0,20.5,19.183333333333334,1.3166666666666664,0,1,1,0,1,0,6.001043521888305,0,0,1,1,0,0,0,1,0,0
0,0,0,0,1,1,0,0,0,0,0,0,1,1,55.45,55.45,0.0,1,3,0,1,1,0,4.033355290595671,1,0,0,1,0,0,0,0,1,0
1,0,0,0,2,0,0,0,0,0,0,0,0,1,25.05,28.175,-3.125,0,1,0,1,1,0,4.04917284357538,1,0,0,1,0,0,0,0,1,0
1,1,1,0,57,1,1,0,1,1,0,1,0,1,71.1,72.63333333333334,-1.5333333333333456,3,6,1,0,0,0,8.32871673201033,1,0,0,0,1,0,0,1,0,0
1,0,1,0,70,0,0,0,1,1,1,0,1,1,51.05,51.93071428571429,-0.8807142857142907,4,5,1,0,0,0,8.198680708571853,1,0,0,0,1,0,1,0,0,0
0,0,1,0,2,1,0,0,0,1,0,1,1,0,69.0,73.9,-4.900000000000006,3,5,1,1,0,0,5.002603122398992,1,0,0,1,0,0,0,1,0,0
1,0,1,1,13,1,0,0,0,0,0,1,1,1,64.75,67.48846153846154,-2.738461538461536,2,4,0,0,0,0,6.778045147459392,1,0,0,0,1,0,0,0,1,0
0,0,1,1,59,1,1,0,1,0,1,0,1,1,96.65,94.58983050847458,2.0601694915254285,3,6,1,0,0,0,8.627266584002568,0,1,0,1,0,0,1,0,0,0
1,0,1,1,17,1,1,1,0,1,0,1,0,1,70.35,70.68529411764706,-0.3352941176470665,3,6,1,0,0,0,7.092282734325254,1,0,0,0,1,0,1,0,0,0
1,0,1,1,66,1,1,0,0,0,0,0,0,1,25.7,25.9780303030303,-0.2780303030303024,0,2,1,0,0,0,7.447489007895335,0,0,1,0,1,0,0,1,0,0
1,0,0,0,3,1,1,0,0,1,0,1,1,1,101.55,99.45,2.0999999999999943,3,6,1,1,1,1,5.701613457371361,0,1,0,1,0,0,1,0,0,0
0,0,0,0,11,1,1,0,0,0,0,0,0,0,25.2,22.286363636363635,2.913636363636364,0,2,0,0,1,0,5.50594110620421,0,0,1,0,1,0,0,0,1,0
0,0,1,1,61,1,1,0,0,0,0,0,0,1,24.2,23.691803278688525,0.5081967213114744,0,2,0,0,0,0,7.2766947057408515,0,0,1,0,0,1,0,0,0,1
1,0,0,0,1,1,0,0,0,0,1,0,0,0,49.0,49.0,0.0,1,3,1,1,1,0,3.912023005428146,1,0,0,1,0,0,0,1,0,0
1,0,1,1,8,1,0,0,0,0,0,0,0,0,19.6,15.625,3.9750000000000014,0,1,1,0,0,0,4.836281906951478,0,0,1,0,0,1,0,1,0,0
1,0,0,0,14,1,0,0,0,0,0,0,0,0,20.4,19.692857142857143,0.7071428571428555,0,1,1,0,1,0,5.62293388679288,0,0,1,0,1,0,1,0,0,0
0,1,0,0,5,1,1,0,0,0,0,1,0,1,83.15,89.21000000000001,-6.060000000000002,1,4,1,1,1,1,6.102670445181327,0,1,0,1,0,0,0,1,0,0
1,0,0,0,36,1,0,0,1,0,1,0,1,1,65.4,69.4,-4.0,3,5,0,0,1,0,7.823805982051684,1,0,0,0,1,0,0,0,0,1
1,0,1,0,29,1,0,0,0,1,0,0,0,1,75.3,78.04827586206896,-2.748275862068965,1,3,1,0,0,1,7.725065102162505,0,1,0,1,0,0,0,1,0,0
1,0,0,0,39,1,1,0,1,0,0,0,0,0,81.4,82.40384615384616,-1.0038461538461547,1,4,1,0,1,1,8.075504873150548,0,1,0,0,1,0,0,1,0,0
0,0,1,1,23,1,1,0,0,0,0,0,0,1,25.6,22.380434782608695,3.219565217391306,0,2,1,0,0,0,6.245622151951361,0,0,1,0,0,1,0,1,0,0
1,1,1,0,68,0,0,1,1,1,0,0,0,1,41.95,43.6139705882353,-1.6639705882352942,3,4,0,0,0,0,7.9952223565452485,1,0,0,0,0,1,0,0,1,0
0,0,0,0,1,1,0,0,0,0,0,0,0,0,70.9,70.9,0.0,0,2,0,1,1,1,4.275276264727001,0,1,0,1,0,0,0,0,0,1
0,0,0,0,48,1,0,1,1,0,0,0,0,0,55.5,54.73645833333333,0.7635416666666686,2,4,1,0,1,0,7.874111551863014,1,0,0,0,0,1,0,1,0,0
0,0,1,0,68,1,0,1,1,0,1,1,1,1,79.6,81.11470588235295,-1.5147058823529562,5,7,1,0,0,0,8.61555326102932,1,0,0,0,0,1,1,0,0,0
0,0,0,1,19,1,0,0,0,0,0,0,0,0,20.5,20.976315789473684,-0.47631578947368425,0,1,0,0,0,0,5.990338913820472,0,0,1,0,0,1,0,0,0,1
0,0,0,0,1,1,1,0,0,0,0,0,1,0,85.8,85.8,0.0,1,4,0,1,1,1,4.463606621666305,0,1,0,1,0,0,0,0,0,1
0,0,1,0,45,1,0,0,0,1,0,0,0,1,50.25,49.36777777777778,0.882222222222218,1,3,1,0,0,0,7.706410464322853,1,0,0,1,0,0,0,1,0,0
0,0,0,0,13,0,0,0,1,0,0,0,0,0,29.15,27.47307692307692,1.676923076923078,1,2,0,0,1,0,5.88095189306046,1,0,0,1,0,0,0,0,1,0
1,0,1,0,48,1,1,1,1,1,0,1,0,1,96.9,93.19687499999999,3.703125000000014,4,7,1,0,0,0,8.40613871812758,0,1,0,0,0,1,1,0,0,0
0,0,1,1,41,1,0,1,1,0,1,1,1,0,78.45,76.25487804878048,2.1951219512195195,5,7,0,0,0,0,8.047973255003038,1,0,0,0,0,1,0,0,1,0
1,0,1,0,10,1,0,0,1,0,1,1,1,1,99.85,99.09,0.7599999999999909,4,6,0,0,0,0,6.899622295751948,0,1,0,1,0,0,0,0,1,0
0,0,1,1,3,1,0,0,0,0,0,1,0,1,80.7,79.81666666666666,0.88333333333334,1,3,0,1,0,1,5.482512167723671,0,1,0,1,0,0,0,0,1,0
0,0,0,0,70,1,1,1,1,1,1,1,1,1,111.95,111.37071428571429,0.5792857142857173,6,9,1,0,1,0,8.961487910566197,0,1,0,0,0,1,0,1,0,0
0,0,0,0,30,1,1,0,0,1,0,1,1,0,100.45,103.23,-2.780000000000001,3,6,0,0,1,1,8.038479741566233,0,1,0,1,0,0,0,0,1,0
1,1,0,0,38,1,1,0,0,0,0,1,1,0,94.75,96.13157894736842,-1.3815789473684248,2,5,0,0,1,1,8.203577736937952,0,1,0,1,0,0,0,0,1,0
1,0,0,0,4,1,0,1,1,0,1,0,1,1,94.9,90.1375,4.762500000000003,4,6,0,1,1,0,5.890400344620961,0,1,0,1,0,0,0,0,0,1
0,0,1,1,65,1,1,0,1,1,0,1,1,1,105.5,107.47153846153846,-1.971538461538458,4,7,0,0,0,1,8.85175646426784,0,1,0,1,0,0,0,0,1,0
1,1,0,0,1,1,0,0,0,0,0,0,0,1,70.05,70.05,0.0,0,2,0,1,1,1,4.263383854543109,0,1,0,1,0,0,0,0,1,0
0,1,1,0,69,1,0,1,1,0,0,0,1,0,87.3,87.76159420289855,-0.4615942028985529,3,5,1,0,0,0,8.708895610015944,0,1,0,0,1,0,0,1,0,0
0,0,0,1,4,1,1,0,1,1,0,0,0,0,84.05,83.3875,0.6624999999999943,2,5,1,1,0,1,5.812786345228826,0,1,0,1,0,0,1,0,0,0
1,0,0,0,44,1,0,0,1,0,1,1,1,0,100.55,99.95795454545454,0.5920454545454561,4,6,0,0,1,0,8.38916661942616,0,1,0,1,0,0,0,0,1,0
1,0,1,0,22,1,1,0,0,0,0,0,1,1,85.1,85.16818181818182,-0.06818181818182723,1,4,0,0,0,1,7.536203925603146,0,1,0,1,0,0,0,0,1,0
1,0,1,1,36,1,0,1,1,0,0,0,0,0,53.65,53.87083333333333,-0.22083333333333144,2,4,0,0,0,0,7.570623648156153,1,0,0,0,1,0,0,0,0,1
1,0,0,0,1,1,1,0,0,1,0,1,1,1,101.45,101.45,0.0,3,6,0,1,1,1,4.629374874684909,0,1,0,1,0,0,0,0,1,0
1,0,0,0,10,1,0,0,0,0,0,0,0,1,45.8,43.62,2.1799999999999997,0,2,1,0,1,0,6.080390756302384,1,0,0,1,0,0,0,1,0,0
1,0,1,0,59,1,1,1,1,1,0,1,1,1,110.15,109.28898305084746,0.8610169491525426,5,8,0,0,0,0,8.771688112120344,0,1,0,0,1,0,0,0,1,0
1,0,1,0,71,1,1,1,0,1,1,1,1,0,83.2,86.2830985915493,-3.0830985915493017,5,8,0,0,0,0,8.720476833793706,1,0,0,0,0,1,0,0,1,0
0,0,1,0,37,1,1,1,0,1,1,0,1,1,99.2,101.47567567567567,-2.2756756756756715,4,7,0,0,0,0,8.231003338384392,0,1,0,0,1,0,0,0,1,0
0,0,0,0,1,1,0,0,0,0,0,0,0,1,70.1,70.1,0.0,0,2,0,1,1,1,4.264087336809195,0,1,0,1,0,0,0,0,1,0
1,0,0,0,9,1,0,0,0,0,0,0,0,0,20.25,19.833333333333332,0.41666666666666785,0,1,0,0,1,0,5.190175207928333,0,0,1,1,0,0,0,0,0,1
1,0,0,0,1,1,0,1,0,0,0,0,0,1,50.7,50.7,0.0,1,3,0,1,1,0,3.9454577815143836,1,0,0,1,0,0,0,0,0,1
0,0,1,1,72,1,1,0,1,1,0,1,1,1,103.2,102.26249999999999,0.9375000000000142,4,7,1,0,0,1,8.904344962684448,0,1,0,0,1,0,0,1,0,0
0,0,1,1,64,1,1,1,0,0,1,0,0,1,86.8,83.23828125,3.561718749999997,2,5,1,0,0,0,8.580778133041347,0,1,0,1,0,0,1,0,0,0
0,0,0,0,18,1,1,0,1,0,0,1,0,1,90.0,84.85277777777777,5.147222222222226,2,5,1,0,1,1,7.331944001088404,0,1,0,1,0,0,0,1,0,0
1,0,0,0,10,1,0,0,0,0,0,1,1,1,89.5,86.31,3.1899999999999977,2,4,0,0,1,1,6.7616885028473535,0,1,0,1,0,0,0,0,1,0
0,0,1,0,72,1,1,1,1,0,1,0,0,0,64.75,66.73263888888889,-1.9826388888888857,3,6,1,0,0,0,8.47756839663297,1,0,0,0,0,1,1,0,0,0
1,0,0,1,64,1,0,0,1,0,1,1,1,1,99.15,96.425,2.7250000000000085,4,6,1,0,0,0,8.727810617365039,0,1,0,1,0,0,0,1,0,0
1,1,1,1,56,1,1,1,0,1,0,1,1,1,104.55,103.47589285714285,1.0741071428571445,4,7,1,0,0,0,8.664862915143807,0,1,0,0,1,0,1,0,0,0
0,0,0,0,14,1,0,0,1,0,0,0,1,1,86.3,84.35357142857143,1.9464285714285694,2,4,0,0,1,1,7.07492089588689,0,1,0,1,0,0,0,0,1,0
1,0,1,0,52,0,0,1,0,0,0,0,1,1,39.9,38.86346153846154,1.0365384615384556,2,3,0,0,0,0,7.611792942373255,1,0,0,1,0,0,0,0,1,0
1,0,1,1,71,1,1,1,1,0,1,0,0,1,66.85,66.8830985915493,-0.0330985915493045,3,6,1,0,0,0,8.465836737139407,1,0,0,0,1,0,0,1,0,0
0,0,0,1,12,1,0,0,0,0,0,0,0,1,44.55,40.050000000000004,4.499999999999993,0,2,0,0,0,0,6.177113893994611,1,0,0,1,0,0,0,0,1,0
1,0,1,1,72,1,1,1,1,0,1,0,1,1,97.75,97.10555555555555,0.6444444444444457,4,7,1,0,0,0,8.852607726010682,0,1,0,0,0,1,0,1,0,0
1,0,0,0,2,1,1,0,0,0,0,0,0,1,73.25,65.525,7.724999999999994,0,3,1,1,1,1,4.883180638743141,0,1,0,1,0,0,0,1,0,0
0,0,0,1,12,1,1,0,0,0,0,1,0,1,84.05,80.54583333333333,3.504166666666663,1,4,0,0,0,1,6.874767103155157,0,1,0,1,0,0,0,0,1,0
1,1,0,0,67,1,1,1,1,0,1,0,0,1,64.55,63.43432835820896,1.1156716417910388,3,6,1,0,1,0,8.354933051958843,1,0,0,0,0,1,1,0,0,0
0,1,0,0,1,1,0,1,0,1,0,0,0,1,55.8,55.8,0.0,2,4,0,1,1,0,4.039536325727106,1,0,0,1,0,0,0,0,1,0
1,0,0,0,3,1,0,0,0,0,1,0,0,1,50.25,50.76666666666667,-0.5166666666666728,1,3,0,1,1,0,5.0323967858777685,1,0,0,1,0,0,0,0,0,1
0,1,1,0,44,1,1,0,0,1,1,1,1,0,104.15,102.17386363636363,1.9761363636363711,4,7,0,0,0,0,8.411087954077601,0,1,0,1,0,0,0,0,1,0
0,0,0,0,1,1,0,0,0,0,0,0,0,0,20.9,20.9,0.0,0,1,0,1,1,0,3.086486636822455,0,0,1,1,0,0,0,0,0,1
0,0,1,1,55,1,0,0,0,0,0,0,0,0,19.4,19.69090909090909,-0.2909090909090928,0,1,1,0,0,0,6.988413181999592,0,0,1,0,0,1,0,1,0,0
1,0,1,0,13,1,1,1,0,0,0,0,1,1,65.85,69.40384615384616,-3.553846153846166,2,5,0,0,0,0,6.80599937002775,1,0,0,1,0,0,0,0,1,0
0,0,1,0,26,1,1,0,0,0,0,0,0,0,26.0,26.309615384615384,-0.30961538461538396,0,2,0,0,0,0,6.5294918282991175,0,0,1,0,1,0,0,0,0,1
1,0,0,0,72,1,1,0,1,1,1,1,1,0,109.2,109.42083333333333,-0.22083333333333144,5,8,1,0,1,0,8.971994346418777,0,1,0,0,0,1,1,0,0,0
1,1,1,0,30,1,1,0,0,0,1,1,1,1,101.5,97.25500000000001,4.24499999999999,3,6,0,0,0,0,7.9788764595883075,0,1,0,1,0,0,0,0,1,0
1,1,1,0,29,1,1,0,1,1,0,0,1,1,95.9,94.66206896551724,1.23793103448277,3,6,0,0,0,1,7.917973416887651,0,1,0,1,0,0,0,0,1,0
0,0,1,1,55,1,0,0,0,0,0,0,0,0,20.3,19.619090909090907,0.6809090909090934,0,1,0,0,0,0,6.984762615342921,0,0,1,0,0,1,0,0,0,1
1,0,1,1,56,1,1,0,0,1,1,1,1,1,103.2,104.88839285714286,-1.6883928571428584,4,7,0,0,0,0,8.678418784915458,0,1,0,0,0,1,0,0,1,0
1,0,0,0,29,0,0,0,0,0,0,0,0,1,24.85,27.17413793103448,-2.3241379310344783,0,1,0,0,1,0,6.670829690194141,1,0,0,0,1,0,0,0,0,1
0,0,1,0,34,1,1,0,0,1,0,1,1,1,100.45,100.43088235294118,0.019117647058820353,3,6,0,0,0,1,8.136123090642783,0,1,0,1,0,0,0,0,1,0
1,0,1,0,36,1,0,0,0,0,0,0,0,0,20.85,20.001388888888886,0.848611111111115,0,1,1,0,0,0,6.580708483008079,0,0,1,0,1,0,1,0,0,0
0,0,1,1,42,1,1,0,0,0,0,0,0,0,22.95,24.148809523809526,-1.1988095238095262,0,2,0,0,0,0,6.9228901665664075,0,0,1,0,0,1,0,0,1,0
0,1,1,0,36,1,1,0,1,0,0,1,0,1,91.95,91.69583333333334,0.2541666666666629,2,5,1,0,0,1,8.102298766703406,0,1,0,1,0,0,0,1,0,0
1,0,0,0,24,1,1,0,0,0,0,1,1,1,94.1,96.78541666666666,-2.6854166666666686,2,5,0,0,1,1,7.750980571998911,0,1,0,1,0,0,0,0,1,0
1,1,1,0,40,1,0,0,0,0,0,0,1,0,55.8,57.0825,-1.282500000000006,1,3,0,0,0,0,7.733814910661824,1,0,0,0,1,0,0,0,1,0
0,0,0,0,46,1,0,0,0,0,0,0,0,1,21.1,20.371739130434783,0.7282608695652186,0,1,0,0,1,0,6.843856553131905,0,0,1,0,0,1,0,0,1,0
1,0,0,0,3,0,0,0,0,0,1,0,0,1,29.75,32.28333333333333,-2.5333333333333314,1,2,0,1,1,0,4.583435693842085,1,0,0,1,0,0,0,0,1,0
0,0,1,0,72,1,1,0,0,0,0,0,0,0,24.65,25.41736111111111,-0.7673611111111107,0,2,1,0,0,0,7.512644851783918,0,0,1,0,0,1,1,0,0,0
1,0,1,1,38,1,1,0,0,0,0,0,0,0,25.05,25.367105263157896,-0.3171052631578952,0,2,1,0,0,0,6.872076286525119,0,0,1,0,0,1,0,1,0,0
1,0,0,1,71,1,1,1,0,1,0,1,1,0,106.7,103.97535211267606,2.7246478873239397,4,7,1,0,0,0,8.906969200059761,0,1,0,0,0,1,1,0,0,0
1,0,0,0,25,1,0,0,0,1,1,1,1,0,99.3,100.54,-1.240000000000009,4,6,1,0,1,0,7.82982925561202,0,1,0,0,0,1,1,0,0,0
0,1,0,0,7,1,0,0,1,0,0,0,0,1,51.3,59.90714285714286,-8.607142857142861,1,3,0,0,1,0,6.041087697581306,1,0,0,1,0,0,0,0,0,1
0,1,0,0,2,1,0,0,0,0,0,0,0,1,44.3,44.65,-0.3500000000000014,0,2,0,1,1,0,4.5031374604229395,1,0,0,1,0,0,0,0,1,0
1,0,1,1,60,1,1,1,0,1,0,1,0,1,95.4,96.86666666666666,-1.4666666666666544,3,6,1,0,0,0,8.66785206770135,0,1,0,0,1,0,1,0,0,0
1,0,1,1,25,1,0,0,0,0,1,1,0,0,85.9,87.962,-2.0619999999999976,2,4,0,0,0,0,7.696235366360874,0,1,0,1,0,0,0,0,1,0
1,0,0,0,13,1,0,0,0,0,0,0,0,1,20.4,19.357692307692307,1.0423076923076913,0,1,0,0,1,0,5.532005131737917,0,0,1,1,0,0,0,0,1,0
0,0,1,1,71,0,0,1,1,0,1,1,1,0,58.65,58.38380281690141,0.26619718309859053,5,6,0,0,0,0,8.329959590261263,1,0,0,0,0,1,0,0,0,1
1,0,0,0,5,1,0,1,0,0,1,0,0,1,55.75,53.39,2.3599999999999994,2,4,0,1,1,0,5.590800395940859,1,0,0,1,0,0,0,0,0,1
0,0,0,0,60,1,1,0,0,1,1,1,1,0,80.55,80.78416666666666,-0.23416666666666686,4,7,1,0,1,0,8.486331841227319,1,0,0,0,1,0,0,1,0,0
0,0,1,0,68,1,0,0,1,0,1,1,0,0,64.1,63.62132352941177,0.47867647058822627,3,5,1,0,0,0,8.372687515306508,1,0,0,0,0,1,1,0,0,0
0,1,1,0,27,1,1,1,0,0,1,1,1,1,104.3,106.21296296296296,-1.9129629629629648,4,7,1,0,0,0,7.9616316738088555,0,1,0,1,0,0,1,0,0,0
1,0,0,0,39,1,1,0,0,0,0,0,0,0,75.25,77.37564102564103,-2.1256410256410305,0,3,0,0,1,1,8.012564990558198,0,1,0,1,0,0,0,0,1,0
0,0,0,0,1,1,0,0,0,0,0,0,0,1,20.35,20.35,0.0,0,1,0,1,1,0,3.0610517396746335,0,0,1,1,0,0,0,0,0,1
0,0,0,0,41,1,1,0,0,1,0,1,1,0,98.05,97.33170731707317,0.7182926829268297,3,6,1,0,1,1,8.291947432010158,0,1,0,1,0,0,1,0,0,0
0,0,1,0,47,1,1,0,0,1,0,1,1,1,100.5,100.15106382978725,0.3489361702127525,3,6,0,0,0,1,8.457039708596394,0,1,0,1,0,0,0,0,1,0
1,0,0,0,2,1,0,0,0,0,0,0,0,1,70.3,72.0,-1.7000000000000028,0,2,0,1,1,1,4.976733742420574,0,1,0,1,0,0,0,0,1,0
1,1,1,0,29,1,1,0,0,0,0,1,1,1,94.45,91.5051724137931,2.944827586206898,2,5,0,0,0,1,7.884068098244135,0,1,0,1,0,0,0,0,1,0
0,0,1,0,26,1,1,0,1,0,0,0,0,0,79.3,77.53076923076922,1.7692307692307736,1,4,1,0,0,1,7.60926737587371,0,1,0,1,0,0,1,0,0,0
1,0,1,0,71,1,0,1,1,1,1,1,1,1,86.1,85.15352112676055,0.9464788732394425,6,8,1,0,0,0,8.707301023010626,1,0,0,0,0,1,1,0,0,0
1,0,0,0,1,1,0,0,0,0,0,0,0,1,70.6,70.6,0.0,0,2,0,1,1,1,4.2710950739666,0,1,0,1,0,0,0,0,0,1
1,0,0,0,1,0,0,0,0,0,0,1,1,1,45.3,45.3,0.0,2,3,0,1,1,0,3.835141961092188,1,0,0,1,0,0,0,0,0,1
1,0,0,0,1,1,0,0,1,0,0,0,0,1,74.35,74.35,0.0,1,3,0,1,1,1,4.3221439250725044,0,1,0,1,0,0,0,0,1,0
0,0,0,0,5,1,0,0,1,0,0,1,0,1,85.3,84.09,1.2099999999999937,2,4,0,1,1,1,6.0437011464434915,0,1,0,1,0,0,0,0,0,1
1,0,1,0,9,1,0,0,0,1,0,1,1,1,70.05,62.71111111111111,7.338888888888889,3,5,0,0,0,0,6.33753344525949,1,0,0,1,0,0,0,0,0,1
1,0,1,0,64,1,1,0,1,0,1,1,1,1,105.25,106.615625,-1.3656249999999943,4,7,0,0,0,0,8.828259704100754,0,1,0,0,0,1,0,0,1,0
0,0,0,0,6,1,0,1,1,1,1,0,1,1,98.15,94.575,3.575000000000003,5,7,1,1,1,0,6.342913358575116,0,1,0,1,0,0,1,0,0,0
1,0,1,1,18,1,0,0,0,0,1,0,1,1,85.6,88.97222222222223,-3.3722222222222342,2,4,0,0,0,0,7.379320188794825,0,1,0,1,0,0,0,0,1,0
1,0,1,0,18,1,1,0,0,0,0,0,0,1,73.15,72.55277777777778,0.5972222222222285,0,3,0,0,0,1,7.175451457345406,0,1,0,1,0,0,0,0,1,0
0,0,1,1,4,1,0,0,0,0,0,0,0,0,20.35,19.0875,1.2625000000000028,0,1,0,1,0,0,4.348340577019075,0,0,1,1,0,0,0,0,0,1
1,0,1,1,63,1,0,0,0,0,0,0,0,1,19.15,18.683333333333334,0.466666666666665,0,1,0,0,0,0,7.071615808132508,0,0,1,0,0,1,0,0,0,1
1,0,0,0,10,1,0,1,0,0,0,0,0,1,51.65,52.45,-0.8000000000000043,1,3,0,0,1,0,6.264350190317006,1,0,0,1,0,0,0,0,0,1
0,0,0,0,24,1,0,0,0,1,0,0,0,1,49.3,51.385416666666664,-2.085416666666667,1,3,1,0,1,0,7.118218777138972,1,0,0,1,0,0,0,1,0,0
0,0,0,0,12,1,0,0,0,0,0,0,0,0,19.7,18.3625,1.3374999999999986,0,1,0,0,1,0,5.39974515917815,0,0,1,1,0,0,0,0,0,1
0,1,0,1,30,1,1,0,0,0,1,1,1,1,101.3,99.15,2.1499999999999915,3,6,0,0,0,0,7.998167371084906,0,1,0,1,0,0,0,0,1,0
0,1,0,0,56,1,1,1,0,1,1,0,1,0,73.25,72.39642857142857,0.8535714285714278,4,7,1,0,1,0,8.30775528715814,1,0,0,0,0,1,1,0,0,0
0,1,0,0,43,1,0,1,1,0,1,1,1,1,108.15,106.99302325581395,1.1569767441860535,5,7,1,0,1,0,8.434181079422173,0,1,0,1,0,0,0,1,0,0
1,0,1,0,32,1,1,0,0,0,1,0,0,1,79.25,81.8484375,-2.598437500000003,1,4,0,0,0,0,7.870986847024712,0,1,0,0,1,0,0,0,1,0
0,0,0,0,5,1,1,0,0,0,0,0,0,0,75.6,80.5,-4.900000000000006,0,3,0,1,1,1,6.000176487710004,0,1,0,1,0,0,0,0,1,0
1,0,1,1,2,1,0,0,0,0,0,0,0,1,44.5,45.025,-0.5249999999999986,0,2,0,1,0,0,4.511408806173617,1,0,0,1,0,0,0,0,1,0
0,0,0,0,4,1,1,0,1,0,0,0,0,1,80.3,81.05,-0.75,1,4,0,1,1,1,5.784440377673656,0,1,0,1,0,0,0,0,0,1
1,0,0,0,31,0,0,0,0,1,0,1,1,1,50.05,49.141935483870974,0.9080645161290235,3,4,0,0,1,0,7.3293561689997055,1,0,0,0,1,0,0,0,1,0
1,0,0,0,19,0,0,0,0,1,0,1,0,1,39.65,38.597368421052636,1.0526315789473628,2,3,0,0,1,0,6.598985754199871,1,0,0,1,0,0,0,0,1,0
1,0,0,0,4,1,0,0,0,0,0,0,0,1,70.2,59.4875,10.712500000000006,0,2,0,1,1,1,5.4762543250241675,0,1,0,1,0,0,0,0,1,0
0,0,1,0,65,1,1,1,1,0,1,1,0,1,100.15,102.20769230769231,-2.0576923076923066,4,7,1,0,0,0,8.801544723771562,0,1,0,0,1,0,1,0,0,0
1,0,0,0,4,1,0,0,0,0,0,0,1,1,55.9,59.625,-3.7250000000000014,1,3,0,1,1,0,5.4785534168509695,1,0,0,1,0,0,0,0,1,0
0,0,0,0,70,1,0,0,0,0,0,0,0,0,19.7,19.164285714285715,0.5357142857142847,0,1,1,0,1,0,7.20228882638302,0,0,1,0,1,0,1,0,0,0
1,0,1,1,72,1,1,1,1,1,1,1,1,0,89.85,91.15138888888889,-1.3013888888888943,6,9,1,0,0,0,8.789340217480893,1,0,0,0,0,1,0,1,0,0
1,0,1,1,12,1,0,0,0,0,0,0,0,0,19.7,21.52916666666667,-1.8291666666666693,0,1,0,0,0,0,5.55817850079741,0,0,1,0,0,1,0,0,0,1
0,0,1,1,20,1,0,0,0,0,0,0,0,0,20.05,20.302500000000002,-0.2525000000000013,0,1,0,0,0,0,6.008936028019987,0,0,1,1,0,0,0,0,0,1
1,1,1,0,4,1,0,0,0,0,0,0,0,1,70.2,70.0875,0.11249999999999716,0,2,0,1,0,1,5.639599445879288,0,1,0,1,0,0,0,0,1,0
1,0,1,1,71,1,1,1,0,1,1,1,1,0,85.45,88.7443661971831,-3.294366197183095,5,8,0,0,0,0,8.74859852006632,1,0,0,0,1,0,0,0,1,0
0,0,0,0,33,1,1,0,0,0,0,0,1,1,83.35,83.57121212121211,-0.22121212121211897,1,4,0,0,1,1,7.922569205214853,0,1,0,1,0,0,0,0,1,0
0,0,0,0,5,1,0,0,1,0,0,1,1,1,96.25,102.49000000000001,-6.240000000000009,3,5,0,1,1,1,6.2411526536443045,0,1,0,1,0,0,0,0,1,0
0,0,1,1,70,1,0,0,0,0,0,0,0,1,19.2,20.02,-0.8200000000000003,0,1,0,0,0,0,7.245940333607025,0,0,1,0,0,1,0,0,0,1
0,0,0,1,16,1,0,0,0,0,0,0,0,1,19.3,22.521875,-3.2218750000000007,0,1,1,0,0,0,5.88984701772899,0,0,1,0,1,0,1,0,0,0
1,0,1,0,49,1,0,0,0,1,1,1,1,1,99.25,100.42448979591838,-1.174489795918376,4,6,1,0,0,0,8.50142959623676,0,1,0,0,1,0,0,1,0,0
1,0,1,0,39,1,0,0,0,0,0,0,0,1,20.45,20.256410256410255,0.1935897435897438,0,1,1,0,0,0,6.673297967767654,0,0,1,0,0,1,1,0,0,0
1,0,0,0,13,1,0,0,0,0,0,0,0,1,19.95,19.76923076923077,0.18076923076922924,0,1,0,0,1,0,5.552959584921617,0,0,1,0,1,0,0,0,0,1
0,1,0,0,1,1,0,0,0,0,0,1,1,1,89.3,89.3,0.0,2,4,0,1,1,1,4.5031374604229395,0,1,0,1,0,0,0,0,1,0
1,0,0,0,57,0,0,0,1,0,0,1,0,1,39.3,37.04298245614035,2.2570175438596465,2,3,0,0,1,0,7.6556036903121685,1,0,0,1,0,0,0,0,1,0
0,0,1,1,22,1,1,0,0,0,0,0,0,0,25.25,25.245454545454546,0.004545454545453964,0,2,1,0,0,0,6.321487460049288,0,0,1,0,0,1,0,1,0,0
1,1,0,0,3,1,1,0,0,0,0,1,1,1,94.85,111.91666666666667,-17.066666666666677,2,5,0,1,1,1,5.819340815290474,0,1,0,1,0,0,0,0,1,0
0,0,1,0,7,1,0,0,0,0,0,0,0,1,69.2,68.22142857142858,0.9785714285714278,0,2,1,0,0,1,6.1707606986419155,0,1,0,1,0,0,1,0,0,0
0,0,1,0,14,1,0,0,0,0,0,0,0,0,20.4,20.885714285714283,-0.485714285714284,0,1,0,0,0,0,5.681536865708881,0,0,1,0,0,1,0,0,0,1
0,1,0,0,2,1,0,1,1,0,0,0,0,0,54.85,52.1,2.75,2,4,0,1,1,0,4.65586330030361,1,0,0,1,0,0,0,0,0,1
1,0,1,1,4,0,0,1,0,0,0,1,0,0,38.55,39.025,-0.4750000000000014,2,3,1,1,0,0,5.056882545261575,1,0,0,1,0,0,0,1,0,0
0,0,0,0,1,1,0,0,0,0,0,0,0,0,19.55,19.55,0.0,0,1,0,1,1,0,3.022860940942244,0,0,1,1,0,0,0,0,0,1
1,0,1,1,24,1,1,1,0,1,1,1,1,1,84.8,82.9375,1.8624999999999972,5,8,0,0,0,0,7.596643402621699,1,0,0,0,1,0,0,0,0,1
1,0,0,0,1,1,0,0,0,0,1,0,0,1,74.3,74.3,0.0,1,3,0,1,1,0,4.321480134805848,0,1,0,1,0,0,0,0,0,1
0,0,1,1,0,1,0,0,0,0,0,0,0,0,20.0,20.0,0.0,0,1,0,1,0,0,0.0,0,0,1,0,0,1,0,0,0,1
1,1,0,0,44,1,0,0,0,1,0,0,0,0,73.85,70.96363636363637,2.886363636363626,1,3,0,0,1,1,8.046677431053746,0,1,0,1,0,0,0,0,1,0
1,0,1,1,0,1,1,0,0,0,0,0,0,0,25.35,25.35,0.0,0,2,0,1,0,0,0.0,0,0,1,0,0,1,0,0,0,1
0,0,0,0,38,1,0,0,0,0,0,0,0,0,20.3,19.553947368421053,0.746052631578948,0,1,0,0,1,0,6.612108236876059,0,0,1,0,0,1,0,0,0,1
1,1,1,0,4,1,1,0,0,0,0,0,0,0,74.95,77.175,-2.2249999999999943,0,3,0,1,0,1,5.735604086979157,0,1,0,1,0,0,0,0,1,0
1,0,0,0,13,1,0,0,0,0,1,0,0,1,50.55,46.98076923076923,3.5692307692307637,1,3,0,0,1,0,6.4163237023227815,1,0,0,1,0,0,0,0,0,1
1,1,1,0,65,1,1,0,1,1,0,1,1,1,103.15,104.49923076923076,-1.3492307692307577,4,7,1,0,0,1,8.823714191660846,0,1,0,0,1,0,1,0,0,0
1,0,1,1,3,1,0,0,0,1,0,0,0,1,50.15,56.050000000000004,-5.900000000000006,1,3,0,1,0,0,5.130785895226717,1,0,0,1,0,0,0,0,1,0
0,0,1,0,10,1,0,0,0,0,0,0,0,1,19.95,18.775,1.1750000000000007,0,1,1,0,0,0,5.240423388129134,0,0,1,1,0,0,1,0,0,0
0,0,0,0,14,1,0,0,1,0,0,0,0,0,50.45,54.675000000000004,-4.225000000000001,1,3,0,0,1,0,6.641769464612117,1,0,0,1,0,0,0,0,1,0
1,1,0,0,24,1,1,0,1,0,0,0,0,0,54.8,53.80416666666667,0.99583333333333,1,4,1,0,1,0,7.164178855531146,1,0,0,1,0,0,0,1,0,0
1,0,0,1,28,1,0,0,1,0,1,0,0,1,54.4,54.16428571428571,0.23571428571428754,2,4,1,0,0,0,7.324885418620805,1,0,0,0,1,0,0,1,0,0
0,1,1,1,46,1,1,1,1,0,1,1,1,1,110.2,108.08913043478262,2.110869565217385,5,8,0,0,0,0,8.51179866709893,0,1,0,1,0,0,0,0,1,0
1,0,0,0,10,1,1,0,0,0,0,0,0,0,25.7,25.16,0.5399999999999991,0,2,1,0,1,0,5.531807209916391,0,0,1,0,0,1,1,0,0,0
1,0,1,0,21,1,1,0,0,1,1,1,1,1,106.1,107.14047619047618,-1.0404761904761841,4,7,0,0,0,0,7.719107628309968,0,1,0,1,0,0,0,0,1,0
0,0,0,0,60,1,0,1,0,1,1,1,1,1,104.95,103.94583333333334,1.0041666666666629,5,7,1,0,1,0,8.738374819416906,0,1,0,1,0,0,1,0,0,0
1,1,0,0,1,1,1,0,0,0,0,0,0,1,74.7,74.7,0.0,0,3,0,1,1,1,4.3267781604434035,0,1,0,1,0,0,0,0,1,0
1,0,1,0,72,1,1,1,1,1,0,1,1,1,85.25,84.48750000000001,0.7624999999999886,5,8,0,0,0,0,8.713434089799003,1,0,0,0,0,1,0,0,1,0
1,0,1,1,5,1,1,0,0,0,1,0,0,1,55.7,51.879999999999995,3.8200000000000074,1,4,0,1,0,0,5.562218910334414,1,0,0,1,0,0,0,0,0,1
0,1,1,0,27,1,1,0,1,1,1,1,1,0,83.85,85.56296296296296,-1.712962962962962,5,8,0,0,0,0,7.745522149152025,1,0,0,1,0,0,0,0,1,0
0,1,1,0,35,1,1,0,0,1,0,1,1,0,102.05,98.64428571428572,3.405714285714282,3,6,1,0,0,1,8.147157966489951,0,1,0,1,0,0,1,0,0,0
1,0,0,0,18,1,0,0,0,0,0,0,0,0,20.05,21.58888888888889,-1.5388888888888879,0,1,1,0,1,0,5.96512057176838,0,0,1,0,0,1,0,1,0,0
0,1,0,0,43,1,1,0,1,0,0,1,0,1,90.25,89.27325581395348,0.9767441860465169,2,5,0,0,1,1,8.253162539295738,0,1,0,1,0,0,0,0,1,0
1,0,1,1,56,0,0,0,1,1,0,0,0,1,36.1,35.205357142857146,0.8946428571428555,2,3,1,0,0,0,7.587057052720029,1,0,0,0,1,0,0,1,0,0
0,0,1,0,52,0,0,1,1,1,1,1,1,0,66.25,64.04038461538461,2.2096153846153896,6,7,1,0,0,0,8.111057858757768,1,0,0,0,0,1,0,1,0,0
0,0,1,1,40,0,0,0,1,0,0,1,1,1,50.85,50.91375,-0.06374999999999886,3,4,0,0,0,0,7.61950338469122,1,0,0,1,0,0,0,0,1,0
0,0,0,0,31,1,0,0,1,1,1,1,1,0,79.2,80.55483870967741,-1.3548387096774093,5,7,0,0,1,0,7.823325751531809,1,0,0,0,0,1,0,0,0,1
0,0,0,0,4,1,0,0,0,0,0,0,0,0,20.45,20.7125,-0.2624999999999993,0,1,1,1,1,0,4.429029488269218,0,0,1,1,0,0,0,1,0,0
0,0,1,1,42,1,0,0,0,1,1,1,1,1,100.4,102.46785714285713,-2.0678571428571217,4,6,0,0,0,0,8.367451112743733,0,1,0,0,0,1,0,0,1,0
0,0,0,0,50,1,1,0,0,0,0,1,1,1,95.7,94.595,1.105000000000004,2,5,0,0,1,1,8.46183903128416,0,1,0,1,0,0,0,0,1,0
1,0,0,0,1,1,0,0,0,0,1,0,0,1,49.3,49.3,0.0,1,3,0,1,1,0,3.9180050771056933,1,0,0,1,0,0,0,0,1,0
0,0,0,0,58,1,1,1,1,1,0,1,1,1,107.75,109.1853448275862,-1.4353448275862064,5,8,0,0,1,0,8.75364775679012,0,1,0,0,1,0,0,0,1,0
0,0,1,1,46,1,0,0,0,0,0,0,0,0,20.25,19.355434782608697,0.8945652173913032,0,1,1,0,0,0,6.7927371673978705,0,0,1,0,0,1,1,0,0,0
0,0,1,0,4,1,0,0,0,0,0,0,0,0,19.6,23.3625,-3.7624999999999993,0,1,0,1,0,0,4.548070593947519,0,0,1,1,0,0,0,0,0,1
0,0,1,1,72,1,1,1,1,0,0,1,0,1,95.1,95.04374999999999,0.056250000000005684,3,6,0,0,0,0,8.831149551779507,0,1,0,0,0,1,0,0,1,0
1,0,1,1,12,1,0,0,0,0,0,0,0,0,21.05,21.837500000000002,-0.7875000000000014,0,1,1,0,0,0,5.572344128176816,0,0,1,0,0,1,1,0,0,0
0,0,1,0,61,1,1,0,0,0,1,1,1,0,101.15,104.65409836065574,-3.504098360655732,3,6,1,0,0,0,8.761691106636867,0,1,0,0,1,0,1,0,0,0
1,1,1,0,40,1,1,1,0,0,0,1,1,0,101.85,102.1575,-0.30750000000000455,3,6,0,0,0,0,8.315639884344804,0,1,0,1,0,0,0,0,1,0
1,1,0,0,34,1,0,0,0,0,0,0,0,0,69.15,66.91470588235293,2.235294117647072,0,2,1,0,1,1,7.730218731012139,0,1,0,1,0,0,0,1,0,0
0,1,0,0,26,1,0,1,0,0,0,1,0,1,85.8,84.37115384615385,1.4288461538461519,2,4,1,0,1,0,7.693777859492281,0,1,0,1,0,0,0,1,0,0
0,0,1,0,9,1,1,1,1,1,0,0,0,0,91.75,96.19999999999999,-4.449999999999989,3,6,1,0,0,0,6.764808269662204,0,1,0,1,0,0,1,0,0,0
1,0,1,0,51,1,1,0,1,1,0,1,1,1,106.8,107.81960784313726,-1.0196078431372655,4,7,1,0,0,1,8.612467006923026,0,1,0,0,1,0,1,0,0,0
0,0,0,0,52,1,1,1,1,0,1,1,1,1,111.25,113.77788461538461,-2.5278846153846075,5,8,1,0,1,0,8.685660891838289,0,1,0,0,1,0,0,1,0,0
1,0,0,0,10,1,0,1,1,1,1,1,1,1,110.1,104.33,5.769999999999996,6,8,0,0,1,0,6.951102083485503,0,1,0,1,0,0,0,0,1,0
1,1,0,0,16,0,0,0,1,0,0,1,0,1,39.0,42.490625,-3.4906250000000014,2,3,0,0,1,0,6.5233420175705845,1,0,0,1,0,0,0,0,0,1
0,0,1,0,27,1,0,0,1,0,0,0,0,1,76.1,77.53333333333333,-1.4333333333333371,1,3,0,0,0,1,7.647022395155635,0,1,0,1,0,0,0,0,1,0
1,0,0,0,20,1,0,1,0,1,0,0,1,0,64.4,69.92999999999999,-5.529999999999987,3,5,1,0,1,0,7.2439417604935326,1,0,0,1,0,0,0,1,0,0
1,0,0,0,47,1,0,0,0,0,0,0,0,0,20.45,20.06382978723404,0.38617021276595764,0,1,1,0,1,0,6.8501261661455,0,0,1,0,0,1,1,0,0,0
0,0,0,0,15,1,0,1,0,1,1,0,0,0,58.95,63.67666666666666,-4.7266666666666595,3,5,0,0,1,0,6.862914804508983,1,0,0,1,0,0,0,0,1,0
1,0,1,1,47,1,1,0,0,0,0,0,0,0,24.55,24.690425531914894,-0.14042553191489304,0,2,0,0,0,0,7.057424503500842,0,0,1,0,0,1,0,0,0,1
1,0,1,1,67,1,1,0,0,0,0,0,0,0,26.3,25.207462686567165,1.0925373134328353,0,2,0,0,0,0,7.432424634568778,0,0,1,0,0,1,0,0,0,1
1,0,0,0,10,1,0,0,0,0,0,0,0,0,20.0,19.869999999999997,0.13000000000000256,0,1,1,0,1,0,5.296816240421769,0,0,1,1,0,0,0,1,0,0
0,0,0,0,13,1,0,0,0,0,0,1,0,1,81.9,79.14615384615385,2.7538461538461547,1,3,0,0,1,1,6.937216989131756,0,1,0,1,0,0,0,0,0,1
0,0,0,1,1,1,1,0,0,0,0,0,0,0,25.4,25.4,0.0,0,2,0,1,0,0,3.2733640101522705,0,0,1,1,0,0,0,0,0,1
0,0,0,0,23,1,0,0,0,0,0,0,0,1,19.65,20.786956521739132,-1.1369565217391333,0,1,1,0,1,0,6.171909343889077,0,0,1,0,1,0,0,1,0,0
1,0,1,0,71,1,1,0,0,0,0,0,0,0,24.45,24.375352112676058,0.07464788732394112,0,2,1,0,0,0,7.456829990179825,0,0,1,0,0,1,1,0,0,0
0,0,1,0,59,1,1,1,1,0,0,1,0,1,94.75,94.87542372881356,-0.12542372881355845,3,6,0,0,0,0,8.630280776232281,0,1,0,1,0,0,0,0,1,0
0,0,1,1,69,1,0,0,1,1,1,0,0,0,59.1,59.9231884057971,-0.8231884057970973,3,5,1,0,0,0,8.327411879708428,1,0,0,0,1,0,1,0,0,0
1,1,1,0,72,1,1,1,1,1,1,1,1,1,112.9,111.96527777777777,0.9347222222222342,6,9,1,0,0,0,8.994978961104028,0,1,0,1,0,0,0,1,0,0
1,0,0,0,1,1,0,0,0,0,0,0,0,0,69.4,69.4,0.0,0,2,0,1,1,1,4.254193263163997,0,1,0,1,0,0,0,0,0,1
0,0,0,0,10,1,0,1,0,0,0,1,0,1,84.7,83.205,1.4950000000000045,2,4,0,0,1,0,6.725093664375078,0,1,0,1,0,0,0,0,0,1
1,0,1,0,20,1,0,0,0,0,0,1,1,1,89.0,91.02250000000001,-2.022500000000008,2,4,0,0,0,1,7.507388166167938,0,1,0,1,0,0,0,0,0,1
0,0,0,0,1,1,0,0,0,0,0,1,0,0,78.05,78.05,0.0,1,3,0,1,1,1,4.370080563655481,0,1,0,1,0,0,0,0,1,0
0,0,1,0,21,1,1,1,0,1,0,1,1,1,103.9,107.34285714285713,-3.4428571428571217,4,7,0,0,0,0,7.720993939799903,0,1,0,1,0,0,0,0,1,0
0,0,1,1,3,1,0,0,0,0,0,0,0,0,19.3,18.233333333333334,1.0666666666666664,0,1,0,1,0,0,4.019980146933238,0,0,1,1,0,0,0,0,0,1
0,1,1,0,67,1,0,0,0,0,0,0,0,1,20.05,18.851492537313433,1.1985074626865675,0,1,1,0,0,0,7.142076130886472,0,0,1,0,0,1,1,0,0,0
1,0,1,1,39,0,0,0,0,0,0,0,0,1,25.25,24.30128205128205,0.9487179487179489,0,1,1,0,0,0,6.85514532870984,1,0,0,0,1,0,0,1,0,0
0,1,1,1,32,1,1,0,1,0,0,1,1,1,100.4,100.5515625,-0.15156249999999716,3,6,0,0,0,1,8.076717295968262,0,1,0,1,0,0,0,0,1,0
0,0,0,1,18,1,0,0,0,0,0,0,0,0,20.15,21.71388888888889,-1.56388888888889,0,1,1,0,0,0,5.9708791134988735,0,0,1,0,1,0,1,0,0,0
0,0,0,0,11,1,1,0,0,0,0,0,0,0,75.25,80.78636363636363,-5.536363636363632,0,3,0,0,1,1,6.790828126952845,0,1,0,1,0,0,0,0,1,0
1,1,1,0,65,1,1,1,1,0,0,1,0,1,92.7,91.82153846153845,0.8784615384615506,3,6,1,0,0,0,8.694401698823368,0,1,0,0,0,1,0,1,0,0
1,0,0,0,66,1,1,0,1,0,0,0,1,0,89.4,90.5590909090909,-1.1590909090908923,2,5,1,0,1,1,8.695824614701293,0,1,0,1,0,0,0,1,0,0
0,0,1,1,51,1,1,1,0,0,1,1,0,1,95.15,98.04019607843138,-2.890196078431373,3,6,0,0,0,0,8.517403169369324,0,1,0,0,1,0,0,0,0,1
0,0,1,1,1,1,0,0,0,0,0,0,0,0,19.45,19.45,0.0,0,1,0,1,0,0,3.017982882488811,0,0,1,1,0,0,0,0,0,1
0,0,0,0,72,1,1,1,1,0,0,0,0,0,59.75,59.236111111111114,0.5138888888888857,2,5,1,0,1,0,8.358431899031295,1,0,0,0,0,1,1,0,0,0
0,1,0,0,29,1,1,1,1,0,0,0,0,1,58.55,59.27413793103448,-0.724137931034484,2,5,1,0,1,0,7.450050499617523,1,0,0,1,0,0,1,0,0,0
1,0,0,0,52,1,0,1,0,1,0,0,0,0,53.75,53.666346153846156,0.08365384615384386,2,4,0,0,1,0,7.934388097858083,1,0,0,0,1,0,0,0,1,0
1,0,1,1,20,1,0,0,0,0,0,0,0,0,20.05,20.0,0.05000000000000071,0,1,0,0,0,0,5.993961427306569,0,0,1,0,0,1,0,0,0,1
0,0,0,0,1,1,0,0,0,0,0,0,0,0,19.9,19.9,0.0,0,1,1,1,1,0,3.039749158970765,0,0,1,1,0,0,1,0,0,0
0,0,0,0,3,1,0,0,0,1,1,0,0,0,80.1,72.51666666666667,7.583333333333329,2,4,1,1,1,0,5.387014821309323,0,1,0,1,0,0,0,1,0,0
0,1,0,0,8,1,0,0,0,1,0,1,1,1,92.1,91.24375,0.8562499999999886,3,5,0,0,1,1,6.594345057957625,0,1,0,1,0,0,0,0,1,0
1,0,0,0,57,1,1,0,0,0,1,1,0,1,90.45,91.75087719298246,-1.3008771929824547,2,5,1,0,1,0,8.562319509032347,0,1,0,0,0,1,0,1,0,0
0,1,0,0,1,1,1,0,0,0,0,1,0,1,85.7,85.7,0.0,1,4,0,1,1,1,4.462453883786496,0,1,0,1,0,0,0,0,1,0
1,0,0,0,31,1,0,0,0,1,1,1,1,0,99.45,100.31935483870969,-0.8693548387096826,4,6,1,0,1,0,8.042667352375865,0,1,0,0,0,1,1,0,0,0
0,0,0,0,19,1,0,0,0,0,0,0,0,0,20.25,20.192105263157895,0.05789473684210478,0,1,1,0,1,0,5.952333829904943,0,0,1,0,1,0,0,1,0,0
0,1,1,0,12,1,0,1,0,1,1,1,1,1,79.2,78.65416666666667,0.5458333333333343,5,7,0,0,0,0,6.851026184736048,1,0,0,0,1,0,0,0,1,0
0,0,1,1,57,1,0,0,1,0,0,1,1,1,95.0,97.11929824561403,-2.119298245614033,3,5,0,0,0,1,8.619171995527653,0,1,0,0,1,0,0,0,1,0
0,0,0,0,29,0,0,0,1,0,0,0,0,1,30.6,29.529310344827586,1.0706896551724157,1,2,0,0,1,0,6.75384623662486,1,0,0,1,0,0,0,0,1,0
1,0,1,1,6,1,0,0,0,0,0,0,0,0,19.55,20.483333333333334,-0.9333333333333336,0,1,0,1,0,0,4.819474788635096,0,0,1,1,0,0,0,0,0,1
0,0,1,0,69,1,1,0,0,0,0,0,0,0,24.25,23.794202898550726,0.4557971014492743,0,2,1,0,0,0,7.404157382082404,0,0,1,0,0,1,1,0,0,0
1,0,1,1,52,1,1,0,0,0,0,0,0,0,24.8,23.63653846153846,1.16346153846154,0,2,0,0,0,0,7.114850745874739,0,0,1,0,0,1,0,0,0,1
1,0,1,1,23,1,0,0,0,0,0,0,0,0,19.65,18.995652173913044,0.6543478260869549,0,1,0,0,0,0,6.081990573807353,0,0,1,0,1,0,0,0,0,1
1,0,1,1,31,1,1,0,0,0,0,0,0,0,25.75,24.374193548387098,1.3758064516129025,0,2,0,0,0,0,6.628834712198929,0,0,1,0,0,1,0,0,0,1
0,1,0,0,18,1,1,0,1,0,1,0,0,1,85.45,83.65833333333333,1.7916666666666714,2,5,0,0,1,0,7.317776658171513,0,1,0,1,0,0,0,0,1,0
0,0,1,1,71,1,0,0,0,0,0,0,0,0,19.9,19.680281690140845,0.21971830985915375,0,1,1,0,0,0,7.243012492046805,0,0,1,0,0,1,0,1,0,0
0,0,0,0,54,1,0,0,0,1,0,1,1,1,94.1,93.72037037037036,0.3796296296296333,3,5,1,0,1,1,8.529497185872401,0,1,0,0,1,0,0,1,0,0
1,0,0,1,45,1,1,0,0,1,0,1,1,0,99.7,102.98555555555556,-3.285555555555561,3,6,1,0,0,1,8.441466987554646,0,1,0,0,0,1,1,0,0,0
0,0,1,0,53,1,0,1,1,1,1,1,1,0,110.5,110.10377358490567,0.39622641509433265,6,8,0,0,0,0,8.671886581092718,0,1,0,0,1,0,0,0,1,0
1,0,0,0,19,1,1,0,0,0,0,0,1,1,86.0,80.65526315789474,5.344736842105263,1,4,1,0,1,1,7.335275377871133,0,1,0,1,0,0,1,0,0,0
1,0,0,0,11,1,0,0,0,0,0,0,0,0,20.25,18.90909090909091,1.34090909090909,0,1,0,0,1,0,5.342334251964811,0,0,1,1,0,0,0,0,0,1
1,0,1,0,69,0,0,1,0,1,1,1,1,0,60.25,58.77536231884058,1.4746376811594217,5,6,1,0,0,0,8.30807581183512,1,0,0,0,0,1,1,0,0,0
0,0,1,1,69,1,1,0,1,1,1,1,1,1,108.75,108.59492753623189,0.15507246376810713,5,8,1,0,0,0,8.921864651335644,0,1,0,0,1,0,1,0,0,0
0,0,0,0,33,1,1,1,0,0,0,0,1,1,90.65,90.5939393939394,0.05606060606061192,2,5,0,0,1,0,8.003229315149744,0,1,0,1,0,0,0,0,1,0
1,0,1,1,59,0,0,1,0,1,0,0,0,0,34.8,33.56440677966101,1.235593220338984,2,3,0,0,0,0,7.591508473900213,1,0,0,0,1,0,0,0,0,1
0,0,1,1,72,1,0,1,1,1,1,1,1,1,83.7,84.67916666666666,-0.9791666666666572,6,8,1,0,0,0,8.715699728594453,1,0,0,0,0,1,1,0,0,0
1,0,0,0,7,1,0,0,0,0,0,0,0,0,20.75,20.157142857142855,0.5928571428571452,0,1,0,0,1,0,4.956531035103055,0,0,1,1,0,0,0,0,0,1
1,0,1,0,15,1,0,0,0,0,0,0,0,1,68.6,73.90666666666667,-5.306666666666672,0,2,1,0,0,1,7.0117548690006215,0,1,0,1,0,0,1,0,0,0
0,0,0,0,4,1,0,0,0,0,0,0,0,1,70.15,67.0875,3.0625,0,2,0,1,1,1,5.596011649126543,0,1,0,1,0,0,0,0,1,0
1,0,1,0,60,1,1,0,0,1,0,1,1,0,101.15,101.12333333333332,0.026666666666685046,3,6,1,0,0,1,8.710850257873938,0,1,0,0,0,1,0,1,0,0
0,1,1,0,1,1,1,0,1,0,0,1,0,1,90.6,90.6,0.0,2,5,0,1,0,1,4.517431271680085,0,1,0,1,0,0,0,0,1,0
0,0,0,0,22,1,0,0,1,0,0,0,1,1,84.3,84.34772727272728,-0.04772727272728616,2,4,0,0,1,1,7.526529067552247,0,1,0,1,0,0,0,0,0,1
1,0,1,1,23,1,1,0,0,0,0,0,0,1,48.35,46.39782608695653,1.9521739130434739,0,3,1,0,0,0,6.973683459096243,1,0,0,0,1,0,0,1,0,0
1,0,1,0,68,1,1,1,1,1,1,1,1,1,90.8,92.68897058823529,-1.8889705882352956,6,9,1,0,0,0,8.74891583683838,1,0,0,0,0,1,0,1,0,0
0,0,1,0,69,1,1,0,0,1,1,1,1,0,105.35,104.93695652173912,0.4130434782608745,4,7,1,0,0,0,8.887604359966863,0,1,0,0,0,1,1,0,0,0
1,0,0,0,27,1,0,1,0,1,1,1,0,0,69.35,71.38148148148149,-2.0314814814814923,4,6,1,0,1,0,7.564394064725559,1,0,0,0,1,0,0,1,0,0
0,1,1,0,42,1,1,0,1,1,0,1,0,1,95.55,93.58571428571429,1.9642857142857082,3,6,0,0,0,1,8.276801746692474,0,1,0,1,0,0,0,0,1,0
0,0,1,1,63,1,0,1,1,1,1,0,0,0,63.55,63.717460317460315,-0.16746031746031775,4,6,0,0,0,0,8.297842438340723,1,0,0,0,0,1,0,0,0,1
0,0,0,1,49,1,0,0,0,0,0,0,0,0,19.45,18.802040816326528,0.6479591836734713,0,1,1,0,0,0,6.826870550241673,0,0,1,0,1,0,0,1,0,0
0,0,0,0,34,1,0,1,1,0,0,0,1,0,64.35,60.38382352941177,3.9661764705882234,3,5,0,0,1,0,7.6275687329380855,1,0,0,0,1,0,0,0,1,0
1,0,0,0,1,1,0,0,0,1,1,1,1,1,75.5,75.5,0.0,4,6,0,1,1,0,4.33729074083249,1,0,0,1,0,0,0,0,1,0
0,0,0,0,8,1,0,0,0,0,0,0,0,1,19.2,20.24375,-1.0437499999999993,0,1,0,0,1,0,5.093443405283571,0,0,1,0,1,0,0,0,0,1
1,0,1,0,8,1,0,1,0,0,0,0,0,1,75.0,82.2625,-7.262500000000003,1,3,0,0,0,0,6.490875268058674,0,1,0,1,0,0,0,0,0,1
1,0,0,0,54,1,0,1,0,1,1,0,0,0,84.4,83.03796296296296,1.362037037037041,3,5,0,0,1,0,8.408504922702773,0,1,0,0,1,0,0,0,1,0
1,0,0,0,15,1,1,0,0,0,0,0,0,0,51.55,51.03333333333333,0.5166666666666657,0,3,0,0,1,0,6.641834698311869,1,0,0,1,0,0,0,0,1,0
1,0,1,1,5,1,0,0,0,0,0,0,0,0,19.45,17.21,2.2399999999999984,0,1,0,1,0,0,4.466482666214198,0,0,1,1,0,0,0,0,0,1
0,0,0,0,70,1,1,1,1,1,1,1,1,0,89.75,90.96,-1.2099999999999937,6,9,1,0,1,0,8.759072134066205,1,0,0,0,0,1,0,1,0,0
1,0,0,0,4,1,0,0,0,0,0,0,0,1,20.7,20.9375,-0.2375000000000007,0,1,1,1,1,0,4.43970574626056,0,0,1,1,0,0,0,1,0,0
0,0,1,1,45,1,0,0,1,0,1,0,0,1,54.15,51.55111111111111,2.5988888888888866,2,4,1,0,0,0,7.7496672328071945,1,0,0,0,1,0,0,1,0,0
0,0,0,0,4,0,0,1,0,1,0,0,0,0,35.0,33.9375,1.0625,2,3,0,1,1,0,4.91815444130209,1,0,0,1,0,0,0,0,0,1
1,0,1,0,48,1,0,0,0,0,0,0,0,0,19.25,17.814583333333335,1.435416666666665,0,1,0,0,0,0,6.75238719174844,0,0,1,0,0,1,0,0,0,1
1,0,1,1,22,1,0,0,0,0,1,0,0,1,51.1,56.040909090909096,-4.940909090909095,1,3,0,0,0,0,7.117935163904488,1,0,0,1,0,0,0,0,1,0
0,0,0,0,2,1,0,0,0,0,0,0,0,0,20.1,19.9,0.20000000000000284,0,1,0,1,1,0,3.708682081410116,0,0,1,1,0,0,0,0,0,1
1,0,1,1,7,1,0,0,0,0,0,0,0,0,20.25,20.62142857142857,-0.3714285714285701,0,1,0,0,0,0,4.979144627004885,0,0,1,1,0,0,0,0,0,1
0,0,0,0,10,1,1,0,0,0,0,0,0,1,24.5,27.014999999999997,-2.514999999999997,0,2,0,0,1,0,5.602672173287069,0,0,1,1,0,0,0,0,0,1
1,0,0,0,1,1,0,1,0,0,0,0,0,0,47.95,47.95,0.0,1,3,0,1,1,0,3.8907993689765195,1,0,0,1,0,0,0,0,1,0
1,0,0,0,1,1,0,0,0,0,0,0,0,1,44.8,44.8,0.0,0,2,0,1,1,0,3.824284091120139,1,0,0,1,0,0,0,0,1,0
1,0,0,1,17,1,0,0,1,1,1,1,1,0,80.85,85.05588235294118,-4.205882352941188,5,7,0,0,0,0,7.277213171784299,1,0,0,0,1,0,0,0,1,0
1,0,1,1,16,1,0,1,1,0,0,0,0,1,55.85,53.6125,2.2375000000000043,2,4,0,0,0,0,6.755536066004626,1,0,0,0,1,0,0,0,0,1
0,0,0,0,6,1,0,0,0,0,0,0,0,1,69.25,69.73333333333333,-0.4833333333333343,0,2,0,1,1,1,6.03882511846782,0,1,0,1,0,0,0,0,0,1
0,0,0,0,12,1,0,0,0,0,0,0,0,0,43.8,45.07916666666667,-1.2791666666666757,0,2,1,0,1,0,6.295173746261759,1,0,0,1,0,0,1,0,0,0
0,0,1,0,64,1,1,1,1,1,1,0,1,1,81.3,80.1453125,1.1546874999999943,5,8,0,0,0,0,8.542919415987118,1,0,0,0,0,1,0,0,0,1
1,0,0,0,1,1,0,0,0,0,0,0,0,1,71.55,71.55,0.0,0,2,0,1,1,1,4.2842759793301965,0,1,0,1,0,0,0,0,0,1
1,0,0,0,66,1,1,1,1,1,0,0,1,1,74.6,72.7030303030303,1.8969696969696912,4,7,1,0,1,0,8.476246189082831,1,0,0,0,0,1,0,1,0,0
0,0,0,0,19,1,1,0,0,1,0,0,0,1,56.1,54.415789473684214,1.6842105263157876,1,4,0,0,1,0,6.942060082674128,1,0,0,1,0,0,0,0,0,1
1,0,1,1,60,1,1,0,0,0,0,0,0,0,23.95,25.10666666666667,-1.1566666666666698,0,2,1,0,0,0,7.318141591409369,0,0,1,0,1,0,0,1,0,0
1,0,1,1,72,1,1,1,1,1,1,1,1,1,116.6,115.79791666666668,0.8020833333333144,6,9,1,0,0,0,9.02863262676135,0,1,0,0,0,1,1,0,0,0
1,0,1,1,60,1,0,0,1,1,0,1,0,0,90.95,90.89,0.060000000000002274,3,5,0,0,0,1,8.604177901383638,0,1,0,0,1,0,0,0,1,0
0,0,0,0,5,1,0,0,0,0,0,0,0,0,19.95,21.919999999999998,-1.9699999999999989,0,1,0,1,1,0,4.7059200890882344,0,0,1,1,0,0,0,0,0,1
1,0,1,1,8,1,0,0,0,0,0,0,0,1,19.35,19.075,0.27500000000000213,0,1,0,0,0,0,5.034351820713572,0,0,1,1,0,0,0,0,0,1
1,0,0,1,1,1,0,0,1,0,0,0,0,1,49.9,49.9,0.0,1,3,0,1,0,0,3.929862923556477,1,0,0,1,0,0,0,0,1,0
1,0,1,0,68,1,0,1,1,1,0,0,1,0,70.95,69.72720588235293,1.2227941176470694,4,6,1,0,0,0,8.46430915879102,1,0,0,0,0,1,1,0,0,0
1,0,0,0,48,1,1,1,0,0,1,0,1,1,70.95,75.60833333333333,-4.658333333333331,3,6,1,0,1,0,8.197043022159876,1,0,0,0,1,0,1,0,0,0
0,0,0,0,2,1,0,0,0,1,0,0,1,0,60.85,55.7,5.149999999999999,2,4,0,1,1,0,4.722063937459591,1,0,0,1,0,0,0,0,1,0
1,0,0,0,68,1,1,0,0,0,0,0,0,0,24.55,24.373529411764707,0.1764705882352935,0,2,0,0,1,0,7.41360856112157,0,0,1,0,0,1,0,0,0,1
1,0,0,0,6,1,0,0,0,0,0,0,0,0,44.75,45.15833333333333,-0.40833333333333144,0,2,0,1,1,0,5.6056182258689695,1,0,0,1,0,0,0,0,1,0
1,0,1,0,72,1,1,1,1,1,1,1,1,0,115.8,115.72430555555555,0.07569444444445139,6,9,1,0,0,0,9.027996814940224,0,1,0,0,0,1,0,1,0,0
1,0,1,0,17,1,1,0,1,1,0,1,1,1,102.55,102.5,0.04999999999999716,4,7,0,0,0,1,7.463649866115706,0,1,0,1,0,0,0,0,1,0
1,0,1,1,45,1,0,1,1,1,1,1,1,1,84.35,85.73444444444445,-1.3844444444444548,6,8,0,0,0,0,8.25817631817822,1,0,0,0,0,1,0,0,0,1
1,0,1,1,71,1,0,0,0,0,0,0,0,0,19.8,19.66549295774648,0.13450704225352084,0,1,0,0,0,0,7.242261298149807,0,0,1,0,0,1,0,0,0,1
0,0,1,0,17,0,0,0,1,1,0,0,0,1,35.65,38.002941176470586,-2.352941176470587,2,3,1,0,0,0,6.472423571267679,1,0,0,1,0,0,0,1,0,0
0,0,0,0,1,1,0,0,0,0,0,0,0,0,20.3,20.3,0.0,0,1,1,1,1,0,3.0587070727153796,0,0,1,1,0,0,0,1,0,0
1,1,0,0,67,1,1,0,0,0,0,0,0,0,25.1,24.957462686567165,0.14253731343283604,0,2,1,0,1,0,7.42246335626235,0,0,1,0,0,1,0,1,0,0
1,0,0,0,7,1,0,1,0,0,0,0,0,1,51.0,50.57857142857143,0.4214285714285708,1,3,0,0,1,0,5.8722586246281026,1,0,0,1,0,0,0,0,0,1
0,1,1,0,67,1,1,1,0,1,0,1,1,1,107.05,106.6044776119403,0.44552238805970035,4,7,1,0,0,0,8.873958131305212,0,1,0,0,1,0,0,1,0,0
1,0,0,0,19,1,1,0,0,0,0,1,1,0,69.6,73.39736842105263,-3.7973684210526386,2,5,0,0,1,0,7.241043881786327,1,0,0,1,0,0,0,0,0,1
1,0,0,1,21,1,0,0,0,0,0,0,0,0,19.6,18.904761904761905,0.6952380952380963,0,1,0,0,0,0,5.986452005284438,0,0,1,0,0,1,0,0,0,1
0,0,0,0,1,1,0,0,0,0,0,0,0,0,19.65,19.65,0.0,0,1,0,1,1,0,3.027715319407042,0,0,1,1,0,0,0,0,0,1
1,0,0,0,15,1,0,0,0,0,0,0,0,0,19.75,20.773333333333333,-1.0233333333333334,0,1,0,0,1,0,5.744924417987376,0,0,1,1,0,0,0,0,0,1
0,0,1,0,56,1,0,1,0,1,0,0,0,0,80.3,80.60089285714285,-0.3008928571428555,2,4,1,0,0,0,8.415082943466459,0,1,0,0,0,1,1,0,0,0
1,0,0,1,35,1,0,0,0,0,1,1,1,1,72.1,71.29,0.8099999999999881,3,5,0,0,0,0,7.822504823837463,1,0,0,0,1,0,0,0,0,1
0,0,0,0,50,1,0,0,0,0,0,0,0,1,19.35,20.66,-1.3099999999999987,0,1,0,0,1,0,6.9411900550683745,0,0,1,0,1,0,0,0,0,1
0,0,1,1,68,1,0,0,0,0,0,0,0,1,19.35,19.009558823529414,0.3404411764705877,0,1,1,0,0,0,7.1652229593403005,0,0,1,0,0,1,1,0,0,0
0,0,1,1,71,0,0,1,1,0,1,1,1,0,59.7,58.06549295774647,1.6345070422535315,5,6,1,0,0,0,8.324493972476102,1,0,0,0,0,1,1,0,0,0
0,0,0,0,48,1,1,0,0,0,0,0,0,0,24.35,23.618750000000002,0.7312499999999993,0,2,1,0,1,0,7.034123577796944,0,0,1,0,1,0,1,0,0,0
1,0,0,1,34,1,1,1,1,0,0,1,1,1,103.8,102.08235294117648,1.7176470588235162,4,7,0,0,0,0,8.15242847043445,0,1,0,0,1,0,0,0,1,0
1,0,0,0,2,0,0,0,0,0,0,0,0,0,24.3,19.225,5.074999999999999,0,1,0,1,1,0,3.6750340472918834,1,0,0,1,0,0,0,0,0,1
0,0,0,0,13,0,0,0,1,0,0,0,0,1,31.65,29.996153846153845,1.6538461538461533,1,2,0,0,1,0,5.968579674570523,1,0,0,1,0,0,0,0,1,0
1,0,1,1,70,1,1,0,1,1,1,1,1,1,85.95,84.73928571428571,1.210714285714289,5,8,1,0,0,0,8.688243128172127,1,0,0,0,0,1,0,1,0,0
1,0,1,1,69,1,1,0,0,1,0,0,0,1,79.2,78.56014492753623,0.6398550724637744,1,4,1,0,0,1,8.598155476149158,0,1,0,0,0,1,0,1,0,0
1,0,1,0,4,1,1,0,1,0,0,1,1,1,100.2,105.05,-4.849999999999994,3,6,0,1,0,1,6.04310778025982,0,1,0,1,0,0,0,0,1,0
1,0,0,1,69,1,1,1,1,1,1,1,0,1,79.45,79.74710144927536,-0.29710144927535964,5,8,1,0,0,0,8.613148617549824,1,0,0,0,0,1,0,1,0,0
0,0,1,0,16,1,0,0,0,0,0,0,0,0,19.6,19.653125,-0.05312499999999787,0,1,0,0,0,0,5.754000190816819,0,0,1,1,0,0,0,0,0,1
0,0,1,1,8,1,0,0,0,0,0,0,0,1,19.85,18.325,1.5250000000000021,0,1,0,0,0,0,4.994505912166372,0,0,1,0,0,1,0,0,0,1
0,0,0,0,2,0,0,0,0,0,0,0,0,0,24.5,23.2,1.3000000000000007,0,1,0,1,1,0,3.858622228701031,1,0,0,1,0,0,0,0,1,0
1,0,0,0,22,1,1,0,1,0,0,0,0,1,79.35,78.65227272727272,0.6977272727272776,1,4,0,0,1,1,7.456656730000356,0,1,0,1,0,0,0,0,1,0
1,0,1,1,1,1,0,0,0,0,0,0,0,0,19.2,19.2,0.0,0,1,0,1,0,0,3.005682604407159,0,0,1,1,0,0,0,0,0,1
1,0,1,0,63,1,1,0,0,1,0,1,1,0,102.6,99.9484126984127,2.6515873015872984,3,6,0,0,0,1,8.747947705731782,0,1,0,0,0,1,0,0,1,0
0,1,1,0,60,1,1,0,1,0,0,0,1,0,89.45,88.24333333333334,1.2066666666666634,2,5,0,0,0,1,8.574631566063502,0,1,0,1,0,0,0,0,1,0
1,0,0,1,40,0,0,1,1,0,1,0,0,0,40.25,39.10125,1.1487499999999997,3,4,0,0,0,0,7.355673051345688,1,0,0,0,1,0,0,0,0,1
1,0,1,1,8,1,0,0,0,0,0,0,0,1,43.45,43.1875,0.26250000000000284,0,2,0,0,0,0,5.847882818629958,1,0,0,0,1,0,0,0,0,1
0,1,0,0,1,1,1,0,0,0,0,0,0,0,50.55,50.55,0.0,0,3,0,1,1,0,3.942552210462969,1,0,0,1,0,0,0,0,0,1
1,0,1,1,65,1,1,1,1,1,1,0,0,0,94.55,93.51923076923077,1.0307692307692236,4,7,1,0,0,0,8.712718855693774,0,1,0,0,0,1,0,1,0,0
1,1,1,0,23,1,1,0,1,1,0,1,1,1,104.45,94.99347826086957,9.456521739130437,4,7,0,0,0,1,7.689760047900884,0,1,0,1,0,0,0,0,1,0
0,0,0,0,1,0,0,0,0,0,0,0,0,0,25.25,25.25,0.0,0,1,1,1,1,0,3.2676659890376327,1,0,0,1,0,0,1,0,0,0
1,0,0,0,54,0,0,1,1,0,0,0,1,0,46.2,45.036111111111104,1.1638888888888985,3,4,1,0,1,0,7.796859791811975,1,0,0,0,0,1,1,0,0,0
0,0,1,1,13,1,0,0,0,0,0,0,0,0,18.8,19.326923076923077,-0.5269230769230759,0,1,0,0,0,0,5.530420659233719,0,0,1,1,0,0,0,0,0,1
1,1,1,0,72,1,1,1,1,1,0,1,1,1,109.55,110.00972222222222,-0.4597222222222257,5,8,1,0,0,0,8.977361108239862,0,1,0,0,0,1,1,0,0,0
0,1,1,0,42,1,0,1,0,0,0,0,0,1,74.15,76.89047619047619,-2.740476190476187,1,3,1,0,0,0,8.080361247558573,0,1,0,1,0,0,0,1,0,0
0,1,0,0,33,0,0,1,1,1,0,1,1,1,59.45,57.11060606060607,2.3393939393939363,5,6,1,0,1,0,7.54202786802895,1,0,0,1,0,0,1,0,0,0
0,0,0,0,8,1,0,0,0,0,0,1,0,1,80.0,78.075,1.9249999999999972,1,3,1,0,1,1,6.4387111892311015,0,1,0,1,0,0,1,0,0,0
1,0,0,0,52,1,0,0,1,0,0,0,1,1,85.35,83.4346153846154,1.9153846153845961,2,4,0,0,1,1,8.375537456948296,0,1,0,1,0,0,0,0,1,0
0,0,1,0,71,1,0,1,1,1,1,1,1,1,84.4,84.07464788732395,0.32535211267605746,6,8,1,0,0,0,8.694552456380377,1,0,0,0,0,1,0,1,0,0
1,1,1,0,67,1,1,0,1,0,1,1,1,0,102.9,104.32388059701492,-1.4238805970149144,4,7,1,0,0,0,8.852335973275391,0,1,0,0,0,1,1,0,0,0
1,1,0,0,25,1,1,0,1,1,0,1,1,0,105.95,106.21,-0.2599999999999909,4,7,0,0,1,1,7.884670632672727,0,1,0,1,0,0,0,0,0,1
0,0,0,0,12,1,0,0,0,0,0,0,0,0,20.1,18.633333333333333,1.4666666666666686,0,1,0,0,1,0,5.414321042304342,0,0,1,1,0,0,0,0,0,1
0,0,1,0,9,0,0,0,0,1,0,1,1,1,48.75,49.13333333333333,-0.38333333333333286,3,4,0,0,0,0,6.094021135433074,1,0,0,1,0,0,0,0,1,0
1,0,0,0,24,1,0,0,0,0,1,0,0,1,51.1,52.9,-1.7999999999999972,1,3,1,0,1,0,7.147244508832433,1,0,0,1,0,0,0,1,0,0
0,0,0,0,4,1,0,0,0,0,0,0,0,1,70.05,66.725,3.325000000000003,0,2,1,1,1,1,5.590613776550563,0,1,0,1,0,0,0,1,0,0
1,0,0,0,38,1,0,0,0,0,0,0,0,0,20.1,19.21315789473684,0.8868421052631597,0,1,0,0,1,0,6.59455024929927,0,0,1,0,1,0,0,0,0,1
0,1,1,0,59,1,1,1,1,1,1,0,0,1,94.05,92.94745762711864,1.1025423728813593,4,7,0,0,0,0,8.609754141002568,0,1,0,0,1,0,0,0,1,0
0,0,0,0,2,1,0,0,0,0,0,0,0,0,18.75,26.575,-7.824999999999999,0,1,1,1,1,0,3.9917579734469997,0,0,1,1,0,0,1,0,0,0
0,0,0,0,67,1,1,0,0,0,0,0,0,1,26.1,26.26194029850746,-0.16194029850746006,0,2,0,0,1,0,7.473381539214243,0,0,1,0,0,1,0,0,0,1
0,0,1,1,18,1,1,0,0,0,0,0,0,0,25.1,23.802777777777777,1.2972222222222243,0,2,0,0,0,0,6.062505320212233,0,0,1,0,0,1,0,0,0,1
0,0,0,0,13,1,0,0,0,0,0,0,0,0,19.45,17.853846153846153,1.5961538461538467,0,1,1,0,1,0,5.4514675460417115,0,0,1,1,0,0,0,1,0,0
0,0,0,0,11,1,1,0,0,0,0,0,0,1,76.5,76.17727272727274,0.3227272727272634,0,3,0,0,1,1,6.732151109935707,0,1,0,1,0,0,0,0,1,0
1,0,1,0,41,1,1,0,0,1,0,1,1,1,73.0,73.19999999999999,-0.19999999999998863,3,6,0,0,0,0,8.007100632226075,1,0,0,0,1,0,0,0,1,0
1,0,1,0,65,1,0,0,0,0,0,0,0,1,20.4,21.76076923076923,-1.3607692307692325,0,1,1,0,0,0,7.255202780720728,0,0,1,0,0,1,0,1,0,0
1,0,1,0,72,1,1,0,1,1,0,1,1,1,104.8,103.7513888888889,1.0486111111111,4,7,1,0,0,1,8.918797522975233,0,1,0,0,0,1,1,0,0,0
0,0,1,0,46,1,0,0,1,0,0,1,1,1,69.1,68.8695652173913,0.23043478260869676,3,5,1,0,0,0,8.06117135969092,1,0,0,1,0,0,0,1,0,0
0,0,0,0,1,1,0,0,0,0,0,0,0,1,44.55,44.55,0.0,0,2,1,1,1,0,3.8188106237059674,1,0,0,1,0,0,0,1,0,0
0,0,1,1,34,0,0,1,0,1,1,1,1,0,61.25,58.62352941176471,2.626470588235293,5,6,0,0,0,0,7.597998246394693,1,0,0,0,1,0,0,0,0,1
0,1,1,0,66,1,1,0,1,1,0,1,1,1,80.55,79.77424242424243,0.7757575757575665,4,7,1,0,0,0,8.56904532962149,1,0,0,0,0,1,1,0,0,0
0,1,0,0,71,1,1,0,1,0,0,1,1,1,99.65,97.90352112676055,1.7464788732394538,3,6,1,0,1,1,8.846806243237198,0,1,0,1,0,0,0,1,0,0
1,0,0,0,5,0,0,1,0,1,1,0,0,0,40.0,44.69,-4.689999999999998,3,4,0,1,1,0,5.413652965227941,1,0,0,1,0,0,0,0,0,1
0,0,1,1,62,1,1,1,0,0,0,1,1,1,101.15,107.07016129032259,-5.920161290322582,3,6,1,0,0,0,8.800769346112522,0,1,0,0,0,1,1,0,0,0
0,1,0,0,1,1,1,0,0,0,0,0,0,1,74.45,74.45,0.0,0,3,0,1,1,1,4.323470185213858,0,1,0,1,0,0,0,0,0,1
0,0,0,1,67,1,1,0,1,0,1,1,1,1,106.6,108.12985074626866,-1.5298507462686644,4,7,1,0,0,0,8.888163468445018,0,1,0,0,1,0,1,0,0,0
1,0,0,0,32,1,0,0,0,0,1,1,1,1,96.2,99.48125,-3.28125,3,5,0,0,1,0,8.066019167214423,0,1,0,1,0,0,0,0,1,0
1,1,0,0,71,1,1,0,0,0,0,0,0,1,24.65,24.883802816901408,-0.23380281690140947,0,2,0,0,1,0,7.47746283048435,0,0,1,0,0,1,0,0,0,1
1,1,0,0,1,1,0,0,0,0,0,0,0,0,20.05,20.05,0.0,0,1,0,1,1,0,3.0469005601283903,0,0,1,1,0,0,0,0,0,1
0,0,1,1,59,1,1,0,0,0,0,0,0,0,25.45,26.000847457627117,-0.5508474576271176,0,2,0,0,0,0,7.336318232780702,0,0,1,0,0,1,0,0,0,1
1,0,1,1,41,1,1,0,0,1,1,1,1,1,102.6,102.76463414634148,-0.1646341463414842,4,7,0,0,0,0,8.346250647393541,0,1,0,0,1,0,0,0,1,0
0,0,1,1,72,1,0,1,1,1,0,1,0,1,70.65,69.59930555555555,1.05069444444446,4,6,1,0,0,0,8.519620243740507,1,0,0,0,0,1,0,1,0,0
1,1,1,0,44,1,0,0,0,0,0,0,0,1,19.35,19.255681818181817,0.09431818181818485,0,1,1,0,0,0,6.743175403664339,0,0,1,0,0,1,0,1,0,0
0,1,0,0,63,1,1,1,1,1,1,1,0,0,83.0,83.22301587301588,-0.223015873015882,5,8,1,0,1,0,8.564849379544466,1,0,0,0,1,0,1,0,0,0
1,0,0,0,2,1,0,0,0,0,0,0,0,0,44.35,40.625,3.7250000000000014,0,2,0,1,1,0,4.409763389645481,1,0,0,1,0,0,0,0,1,0
0,0,0,0,46,1,1,0,0,1,0,1,1,1,101.1,101.61739130434782,-0.5173913043478251,3,6,0,0,1,1,8.450069999559938,0,1,0,0,1,0,0,0,1,0
0,0,0,0,1,1,0,0,0,0,0,0,0,1,19.4,19.4,0.0,0,1,0,1,1,0,3.0155349008501706,0,0,1,1,0,0,0,0,0,1
0,0,1,0,33,1,0,0,1,0,1,0,0,1,53.75,56.28181818181818,-2.5318181818181813,2,4,1,0,0,0,7.527417370279605,1,0,0,0,1,0,0,1,0,0
1,0,1,0,1,1,0,0,0,0,0,0,0,0,70.0,70.0,0.0,0,2,0,1,0,1,4.2626798770413155,0,1,0,1,0,0,0,0,1,0
0,1,0,0,1,0,0,0,0,0,0,0,0,0,25.25,25.25,0.0,0,1,0,1,1,0,3.2676659890376327,1,0,0,1,0,0,0,0,1,0
1,0,0,0,2,1,1,0,0,0,0,1,0,1,85.65,90.75,-5.099999999999994,1,4,0,1,1,1,5.206750173022546,0,1,0,1,0,0,0,0,1,0
0,0,0,0,1,1,0,0,0,1,0,0,0,1,74.9,74.9,0.0,1,3,0,1,1,1,4.3294166844015844,0,1,0,1,0,0,0,0,1,0
1,0,0,0,25,1,0,1,1,0,1,1,1,1,79.0,76.08,2.9200000000000017,5,7,0,0,1,0,7.551186867296149,1,0,0,1,0,0,0,0,0,1
1,0,1,1,38,1,1,0,1,1,0,1,1,0,78.95,75.33026315789475,3.6197368421052545,4,7,1,0,0,0,7.959817392830412,1,0,0,0,1,0,0,1,0,0
0,0,0,1,12,1,1,0,1,1,0,1,1,1,105.3,106.30416666666667,-1.004166666666677,4,7,0,0,0,1,7.15199473859108,0,1,0,1,0,0,0,0,1,0
1,0,1,1,68,0,0,1,1,1,1,0,1,1,56.4,58.065441176470586,-1.665441176470587,5,6,0,0,0,0,8.281331607693978,1,0,0,0,0,1,0,0,0,1
1,0,0,1,25,1,0,0,1,0,0,1,1,1,95.9,97.95,-2.049999999999997,3,5,0,0,0,1,7.803741257515928,0,1,0,1,0,0,0,0,1,0
0,0,1,0,46,1,1,0,1,1,1,1,1,1,108.9,105.52826086956522,3.37173913043479,5,8,1,0,0,0,8.487826170783425,0,1,0,0,0,1,0,1,0,0
0,0,1,1,72,1,1,1,0,1,1,1,1,0,84.7,81.85972222222222,2.8402777777777857,5,8,1,0,0,0,8.681842849299175,1,0,0,0,0,1,0,1,0,0
0,0,0,0,7,1,1,0,0,0,0,0,0,1,74.9,77.30714285714285,-2.407142857142844,0,3,0,0,1,1,6.295542715918191,0,1,0,1,0,0,0,0,1,0
0,0,0,0,3,1,0,0,0,0,1,0,1,0,85.8,90.73333333333333,-4.933333333333337,2,4,0,1,1,0,5.610204127696635,0,1,0,1,0,0,0,0,1,0
0,0,1,1,32,1,0,1,1,1,1,0,1,0,76.3,75.1296875,1.1703124999999943,5,7,1,0,0,0,7.7853675506573,1,0,0,1,0,0,1,0,0,0
1,0,0,0,6,1,0,0,0,0,0,0,0,0,18.95,18.358333333333334,0.591666666666665,0,1,0,1,1,0,4.710880640410205,0,0,1,1,0,0,0,0,0,1
0,0,0,1,31,1,0,0,0,0,0,0,0,0,20.1,19.008064516129032,1.0919354838709694,0,1,1,0,0,0,6.380546175965622,0,0,1,0,1,0,0,1,0,0
0,0,1,1,70,1,1,1,1,1,0,1,1,1,108.15,113.29357142857143,-5.14357142857142,5,8,1,0,0,0,8.97860375580645,0,1,0,0,1,0,0,1,0,0
1,0,0,0,29,1,0,0,0,1,1,1,1,1,75.35,77.37586206896552,-2.025862068965523,4,6,1,0,1,0,7.716416255754423,1,0,0,0,1,0,1,0,0,0
1,0,1,0,42,0,0,1,0,0,0,1,0,1,40.15,38.71547619047619,1.4345238095238102,2,3,1,0,0,0,7.394523838154337,1,0,0,1,0,0,1,0,0,0
1,0,0,0,63,1,1,0,1,1,0,1,1,1,104.75,103.75396825396825,0.9960317460317469,4,7,1,0,1,1,8.785310108373178,0,1,0,0,0,1,1,0,0,0
1,0,0,1,24,0,0,1,0,0,1,0,0,0,35.75,34.61666666666667,1.1333333333333329,2,3,0,0,0,0,6.723592027308811,1,0,0,0,0,1,0,0,0,1
0,0,1,1,70,1,1,0,1,1,0,1,1,1,106.5,105.67142857142858,0.8285714285714221,4,7,0,0,0,1,8.908964972392399,0,1,0,0,1,0,0,0,1,0
1,0,1,1,66,1,0,1,1,1,1,1,0,1,75.1,75.95454545454545,-0.8545454545454589,5,7,0,0,0,0,8.519989278718239,1,0,0,0,1,0,0,0,1,0
1,0,1,0,31,1,0,0,0,1,0,1,1,1,93.8,94.83225806451614,-1.0322580645161423,3,5,0,0,0,1,7.986436932161368,0,1,0,0,1,0,0,0,1,0
1,0,0,0,35,1,0,0,1,1,0,1,1,1,102.35,103.60285714285715,-1.2528571428571524,4,6,1,0,1,1,8.196188709898143,0,1,0,0,1,0,1,0,0,0
0,0,1,1,3,1,1,0,0,0,0,0,1,1,84.75,88.28333333333335,-3.5333333333333456,1,4,1,1,0,1,5.582932239950347,0,1,0,1,0,0,1,0,0,0
0,0,1,1,17,1,0,1,1,0,0,1,1,0,74.55,71.51764705882353,3.0323529411764696,4,6,0,0,0,0,7.103979740945083,1,0,0,1,0,0,0,0,0,1
0,0,1,0,71,1,0,0,1,1,1,1,1,1,80.7,80.35281690140846,0.34718309859154317,5,7,1,0,0,0,8.649282294440976,1,0,0,0,0,1,0,1,0,0
1,0,0,0,22,1,1,1,0,0,0,0,0,1,54.45,51.24318181818182,3.2068181818181856,1,4,0,0,1,0,7.028511667617919,1,0,0,1,0,0,0,0,1,0
0,0,1,1,14,1,1,0,0,0,1,1,0,1,91.65,92.92857142857143,-1.278571428571425,2,5,0,0,0,0,7.171656822768514,0,1,0,1,0,0,0,0,1,0
0,1,0,0,7,1,0,0,0,1,0,1,0,1,84.35,87.09285714285714,-2.7428571428571473,2,4,0,0,1,1,6.414523963617097,0,1,0,1,0,0,0,0,1,0
1,0,0,0,10,1,0,0,0,0,0,0,0,0,20.35,17.630000000000003,2.719999999999999,0,1,0,0,1,0,5.177843213080163,0,0,1,0,1,0,0,0,0,1
1,0,0,0,22,1,1,0,1,0,0,1,1,1,100.65,109.81590909090909,-9.165909090909082,3,6,0,0,1,1,7.790261693687688,0,1,0,1,0,0,0,0,1,0
1,0,0,1,57,1,0,0,0,0,0,0,0,1,19.6,20.5359649122807,-0.9359649122806992,0,1,0,0,0,0,7.0660829373614416,0,0,1,0,0,1,0,0,0,1
0,0,1,1,51,1,1,0,0,1,0,0,1,1,90.15,89.31078431372549,0.8392156862745139,2,5,0,0,0,1,8.424167400407871,0,1,0,0,1,0,0,0,1,0
0,0,0,0,24,1,0,1,0,0,1,0,0,0,56.35,57.550000000000004,-1.2000000000000028,2,4,1,0,1,0,7.231431711657294,1,0,0,1,0,0,0,1,0,0
0,0,1,1,35,1,0,0,0,0,0,0,0,0,19.7,20.86857142857143,-1.168571428571429,0,1,1,0,0,0,6.594960505715281,0,0,1,0,0,1,0,1,0,0
0,1,1,0,30,1,1,0,1,0,0,1,0,1,90.05,87.57333333333332,2.4766666666666737,2,5,0,0,0,1,7.874054480209538,0,1,0,1,0,0,0,0,1,0
1,0,0,0,9,1,0,0,0,0,0,0,0,0,19.85,19.866666666666667,-0.01666666666666572,0,1,0,0,1,0,5.19184512203752,0,0,1,1,0,0,0,0,0,1
0,0,1,1,39,1,1,0,0,0,1,1,1,1,99.95,96.60000000000001,3.3499999999999943,3,6,1,0,0,0,8.234405787174513,0,1,0,1,0,0,0,1,0,0
1,0,1,0,38,0,0,1,1,0,1,1,1,1,60.0,57.715789473684204,2.284210526315796,5,6,1,0,0,0,7.693572794383391,1,0,0,0,0,1,1,0,0,0
1,1,0,0,1,1,1,0,0,0,0,0,0,1,73.65,73.65,0.0,0,3,0,1,1,1,4.312810523985199,0,1,0,1,0,0,0,0,1,0
0,0,1,1,7,1,0,0,0,0,0,0,0,1,69.0,72.41428571428571,-3.414285714285711,0,2,0,0,0,1,6.2302845778072,0,1,0,1,0,0,0,0,1,0
1,0,1,0,21,1,0,0,0,0,0,1,0,0,54.6,53.58095238095238,1.019047619047619,1,3,1,0,0,0,7.026604412820518,1,0,0,1,0,0,1,0,0,0
1,1,1,0,54,1,1,0,1,1,1,1,1,1,110.45,112.55092592592592,-2.100925925925921,5,8,0,0,0,0,8.712554361717995,0,1,0,0,0,1,0,0,1,0
1,0,0,1,23,1,0,0,1,0,1,0,0,1,55.3,55.834782608695654,-0.5347826086956573,2,4,1,0,0,0,7.158669627241704,1,0,0,1,0,0,1,0,0,0
1,1,1,0,10,1,1,0,0,0,0,0,1,1,86.65,85.66499999999999,0.9850000000000136,1,4,0,0,0,1,6.754196090855834,0,1,0,1,0,0,0,0,1,0
1,0,1,0,42,0,0,0,0,0,0,0,0,1,25.1,26.12261904761905,-1.0226190476190489,0,1,1,0,0,0,7.0013822247607616,1,0,0,1,0,0,0,1,0,0
1,1,1,0,69,1,1,0,1,1,1,1,1,1,108.4,106.06086956521739,2.339130434782618,5,8,1,0,0,0,8.898256311365326,0,1,0,0,0,1,1,0,0,0
1,0,0,0,4,1,1,0,0,0,0,0,1,1,85.65,84.725,0.9250000000000114,1,4,0,1,1,1,5.828651456702071,0,1,0,1,0,0,0,0,1,0
1,0,0,0,15,1,1,0,0,0,0,1,1,1,93.35,96.31,-2.960000000000008,2,5,0,0,1,1,7.2763143263943215,0,1,0,1,0,0,0,0,1,0
0,1,1,0,52,1,1,1,1,1,0,1,1,1,109.1,108.61442307692307,0.4855769230769198,5,8,0,0,0,0,8.639224966161997,0,1,0,1,0,0,0,0,1,0
0,0,0,0,3,1,1,0,0,0,1,1,0,0,64.6,58.06666666666666,6.533333333333331,2,5,0,1,1,0,5.165928178502291,1,0,0,1,0,0,0,0,1,0
1,0,1,0,72,1,1,0,1,1,1,1,1,1,110.6,110.58611111111111,0.013888888888885731,5,8,1,0,0,0,8.982586208104289,0,1,0,0,0,1,0,1,0,0
1,0,1,0,72,1,0,0,0,0,0,0,0,0,20.7,20.72361111111111,-0.023611111111112137,0,1,1,0,0,0,7.308609774532618,0,0,1,0,0,1,1,0,0,0
0,0,0,1,11,1,0,0,0,0,0,0,0,0,20.1,20.12272727272727,-0.02272727272726982,0,1,1,0,0,0,5.404252716956705,0,0,1,1,0,0,0,1,0,0
1,0,0,1,68,1,1,1,1,0,1,1,1,1,86.5,86.51102941176471,-0.011029411764710062,5,8,1,0,0,0,8.679949592715351,1,0,0,0,0,1,1,0,0,0
1,0,0,0,55,1,0,0,1,0,1,0,1,1,64.2,65.9509090909091,-1.75090909090909,3,5,0,0,1,0,8.196519498003813,1,0,0,0,1,0,0,0,1,0
0,0,0,0,65,1,1,0,0,0,0,0,0,0,26.5,26.13153846153846,0.3684615384615384,0,2,1,0,1,0,7.438118789121169,0,0,1,0,0,1,1,0,0,0
1,1,0,0,8,1,0,0,0,0,0,0,0,1,69.7,70.10625,-0.40625,0,2,0,0,1,1,6.331234910353912,0,1,0,1,0,0,0,0,1,0
1,0,0,0,69,1,1,0,1,0,1,1,1,1,104.7,104.64275362318841,0.05724637681159095,4,7,1,0,1,0,8.884797195017596,0,1,0,0,1,0,1,0,0,0
0,0,0,0,63,1,1,0,1,1,1,1,1,1,109.85,111.15793650793651,-1.3079365079365175,5,8,1,0,1,0,8.85422955460242,0,1,0,1,0,0,0,1,0,0
1,0,1,0,71,1,1,0,1,1,1,1,1,0,84.2,83.8992957746479,0.3007042253521064,5,8,1,0,0,0,8.692464956722665,1,0,0,0,0,1,0,1,0,0
0,0,1,1,72,1,1,1,0,1,1,1,1,0,107.45,105.23194444444444,2.2180555555555657,5,8,0,0,0,0,8.932965002513042,0,1,0,0,0,1,0,0,0,1
0,0,0,0,1,1,0,0,0,0,0,0,0,1,19.55,19.55,0.0,0,1,0,1,1,0,3.022860940942244,0,0,1,1,0,0,0,0,0,1
0,0,1,0,33,1,1,0,1,1,0,1,1,1,104.4,103.32121212121211,1.0787878787878924,4,7,0,0,0,1,8.134643507878813,0,1,0,1,0,0,0,0,1,0
0,0,0,0,35,0,0,0,0,0,0,0,0,0,24.15,23.214285714285715,0.9357142857142833,0,1,0,0,1,0,6.7013459266590925,1,0,0,1,0,0,0,0,1,0
0,0,1,0,37,1,0,0,0,0,0,0,0,1,19.85,19.39189189189189,0.4581081081081102,0,1,1,0,0,0,6.5771657055190795,0,0,1,0,1,0,1,0,0,0
0,0,1,1,58,1,1,1,0,1,1,1,0,0,75.8,76.13362068965517,-0.3336206896551772,4,7,0,0,0,0,8.39315941049279,1,0,0,0,0,1,0,0,0,1
0,0,1,1,28,1,0,0,0,0,0,0,0,1,70.4,71.15,-0.75,0,2,1,0,0,1,7.59749666640725,0,1,0,0,1,0,1,0,0,0
1,0,0,0,2,1,0,0,1,0,0,1,1,0,95.65,83.65,12.0,3,5,0,1,1,1,5.12574810119676,0,1,0,1,0,0,0,0,1,0
1,1,1,0,45,1,1,1,0,1,1,0,1,0,75.15,77.3411111111111,-2.1911111111110984,4,7,1,0,0,0,8.155175428577213,1,0,0,0,0,1,0,1,0,0
0,0,1,1,28,1,0,0,0,0,0,0,0,1,19.55,19.42142857142857,0.1285714285714299,0,1,1,0,0,0,6.300418754835302,0,0,1,1,0,0,1,0,0,0
0,0,0,0,7,0,0,0,0,0,0,0,0,0,25.05,27.135714285714283,-2.085714285714282,0,1,1,0,1,0,5.252011613671526,1,0,0,1,0,0,1,0,0,0
1,0,1,1,31,1,1,0,0,0,0,0,1,0,59.7,58.88709677419355,0.8129032258064512,1,4,1,0,0,0,7.510156846235337,1,0,0,1,0,0,1,0,0,0
1,0,0,0,10,1,0,1,0,0,1,1,0,0,62.25,61.295,0.9549999999999983,3,5,1,0,1,0,6.419913491606522,1,0,0,1,0,0,1,0,0,0
1,0,0,1,8,0,0,0,0,0,0,0,0,0,25.5,26.9,-1.3999999999999986,0,1,0,0,0,0,5.376203905205108,1,0,0,1,0,0,0,0,0,1
0,0,1,1,5,1,0,0,0,0,1,1,0,1,85.75,94.19,-8.439999999999998,2,4,0,1,0,0,6.1568730477709535,0,1,0,1,0,0,0,0,1,0
1,0,0,1,1,0,0,0,1,0,1,0,0,0,33.6,33.6,0.0,2,3,0,1,0,0,3.543853682063679,1,0,0,1,0,0,0,0,0,1
0,0,1,0,72,1,1,1,1,1,1,0,0,1,97.0,98.66944444444444,-1.6694444444444372,4,7,1,0,0,0,8.86858218932573,0,1,0,0,0,1,1,0,0,0
0,0,0,0,12,1,0,0,0,0,0,0,0,0,19.7,21.741666666666664,-2.0416666666666643,0,1,0,0,1,0,5.567962751513666,0,0,1,0,1,0,0,0,0,1
0,0,1,1,5,0,0,0,0,0,0,0,0,0,25.05,25.1,-0.05000000000000071,0,1,0,1,0,0,4.840242308167575,1,0,0,1,0,0,0,0,0,1
1,0,0,0,6,1,0,0,1,0,0,1,0,1,84.85,87.25,-2.4000000000000057,2,4,0,1,1,1,6.262445427836352,0,1,0,1,0,0,0,0,1,0
0,0,0,0,12,1,0,0,0,0,0,0,0,0,20.4,22.21666666666667,-1.81666666666667,0,1,0,0,1,0,5.589493328254074,0,0,1,1,0,0,0,0,0,1
1,1,0,0,48,1,1,0,1,0,0,1,1,1,99.0,98.840625,0.15937499999999716,3,6,0,0,1,1,8.46492047017834,0,1,0,0,1,0,0,0,1,0
0,0,0,0,47,1,0,0,0,0,0,0,0,0,20.15,22.25957446808511,-2.1095744680851105,0,1,0,0,1,0,6.953875214595691,0,0,1,0,0,1,0,0,0,1
1,0,1,1,32,0,0,0,0,1,0,1,1,0,50.6,51.6703125,-1.0703125,3,4,1,0,0,0,7.411223906294559,1,0,0,1,0,0,0,1,0,0
0,0,0,0,29,1,1,0,0,0,0,0,0,1,74.2,68.73275862068965,5.467241379310352,0,3,0,0,1,1,7.598023318791239,0,1,0,1,0,0,0,0,1,0
0,0,1,1,7,0,0,0,0,0,0,0,0,1,24.7,21.292857142857144,3.407142857142855,0,1,0,0,0,0,5.010968571886377,1,0,0,1,0,0,0,0,1,0
0,0,1,1,69,1,1,1,0,1,0,0,0,0,84.45,84.76231884057971,-0.3123188405797066,2,5,1,0,0,0,8.674128561819776,0,1,0,0,1,0,1,0,0,0
0,1,0,0,13,1,0,0,0,1,0,0,0,1,74.3,72.33461538461539,1.9653846153846075,1,3,0,0,1,1,6.847315015170721,0,1,0,1,0,0,0,0,1,0
1,0,1,1,72,1,1,1,0,1,0,1,1,1,105.55,104.75347222222223,0.7965277777777686,4,7,1,0,0,0,8.928408402616084,0,1,0,0,0,1,1,0,0,0
0,0,1,1,61,1,0,1,0,0,0,0,0,1,49.7,48.54754098360656,1.1524590163934434,1,3,1,0,0,0,7.993755029599403,1,0,0,0,1,0,1,0,0,0
1,0,0,0,57,1,0,0,0,0,0,0,0,0,20.55,21.979824561403507,-1.4298245614035068,0,1,1,0,1,0,7.133974096813275,0,0,1,0,0,1,0,1,0,0
0,0,0,0,11,1,0,1,0,0,0,0,0,0,48.55,45.54545454545455,3.0045454545454504,1,3,1,0,1,0,6.218600119691729,1,0,0,1,0,0,0,1,0,0
1,1,1,0,13,1,0,0,1,1,0,1,1,1,98.0,95.21923076923076,2.7807692307692378,4,6,0,0,0,1,7.121938808924836,0,1,0,1,0,0,0,0,1,0
0,0,0,0,1,1,0,0,0,0,0,0,0,1,44.45,44.45,0.0,0,2,0,1,1,0,3.816612820623488,1,0,0,1,0,0,0,0,0,1
1,0,1,1,69,0,0,1,0,1,1,0,0,0,39.1,40.28260869565217,-1.1826086956521706,3,4,0,0,0,0,7.930386046627619,1,0,0,0,0,1,0,0,0,1
1,0,0,0,7,1,0,0,0,0,0,0,0,1,19.4,24.092857142857145,-4.692857142857147,0,1,0,0,1,0,5.13373749123024,0,0,1,1,0,0,0,0,0,1
1,0,0,0,2,1,1,1,0,0,0,0,1,0,90.75,87.375,3.375,2,5,0,1,1,0,5.169062530690774,0,1,0,1,0,0,0,0,0,1
0,0,1,1,72,1,1,0,0,0,0,0,0,0,25.1,25.803472222222222,-0.7034722222222207,0,2,1,0,0,0,7.527713295923721,0,0,1,0,0,1,1,0,0,0
1,1,1,1,11,1,1,0,0,0,0,0,0,1,75.2,70.48181818181818,4.718181818181819,0,3,1,0,0,1,6.654539043411635,0,1,0,1,0,0,0,1,0,0
0,0,1,0,46,1,1,1,0,0,0,0,0,0,53.1,53.47391304347826,-0.37391304347826093,1,4,0,0,0,0,7.808241779311325,1,0,0,1,0,0,0,0,1,0
0,0,1,1,8,1,0,0,0,1,0,1,1,1,94.2,97.1625,-2.9624999999999915,3,5,0,0,0,1,6.657112053965342,0,1,0,1,0,0,0,0,1,0
1,0,1,0,11,1,0,0,0,0,0,0,0,1,20.55,16.813636363636363,3.736363636363638,0,1,0,0,0,0,5.225477820371079,0,0,1,0,1,0,0,0,0,1
0,0,1,1,71,1,1,1,1,1,0,1,0,1,99.0,99.45985915492957,-0.45985915492957474,4,7,1,0,0,0,8.862575614167206,0,1,0,0,0,1,0,1,0,0
0,0,0,1,26,0,0,1,0,0,1,0,1,0,45.8,44.11538461538461,1.684615384615384,3,4,0,0,0,0,7.045776576879511,1,0,0,1,0,0,0,0,0,1
1,0,1,1,65,1,1,0,1,1,1,1,1,1,84.2,81.91538461538461,2.2846153846153925,5,8,1,0,0,0,8.580261882883221,1,0,0,0,0,1,1,0,0,0
1,0,1,0,61,1,0,1,1,0,1,1,1,1,81.05,77.83032786885245,3.219672131147547,5,7,0,0,0,0,8.465615646106905,1,0,0,0,0,1,0,0,0,1
0,0,0,0,3,1,0,0,0,0,0,0,0,0,20.25,23.733333333333334,-3.4833333333333343,0,1,0,1,1,0,4.279440045898781,0,0,1,0,1,0,0,0,0,1
0,0,0,0,25,1,1,0,0,0,0,0,0,0,24.75,27.684,-2.934000000000001,0,2,1,0,1,0,6.541174288923939,0,0,1,0,0,1,0,1,0,0
1,0,1,1,58,0,0,1,1,1,0,1,0,0,50.0,50.342241379310344,-0.3422413793103445,4,5,0,0,0,0,7.97962994879255,1,0,0,0,1,0,0,0,0,1
0,1,0,0,1,1,0,0,0,0,0,0,0,1,69.65,69.65,0.0,0,2,0,1,1,1,4.257738109130536,0,1,0,1,0,0,0,0,1,0
1,0,1,1,19,1,0,0,0,0,0,0,0,0,19.8,18.13157894736842,1.6684210526315795,0,1,0,0,0,0,5.844992643207725,0,0,1,0,1,0,0,0,0,1
0,0,1,1,72,1,1,0,0,0,0,0,0,0,24.9,25.822222222222223,-0.9222222222222243,0,2,0,0,0,0,7.528439287808367,0,0,1,0,0,1,0,0,0,1
1,0,1,1,1,1,0,0,0,0,0,0,0,1,20.15,20.15,0.0,0,1,1,1,0,0,3.0516399054922867,0,0,1,1,0,0,1,0,0,0
1,0,1,1,50,1,1,1,0,1,0,1,1,0,105.95,106.836,-0.8859999999999957,4,7,1,0,0,0,8.58350513910295,0,1,0,1,0,0,0,1,0,0
1,1,1,1,64,1,1,1,0,1,1,1,1,1,111.6,110.921875,0.6781249999999943,5,8,1,0,0,0,8.867850063029406,0,1,0,0,0,1,1,0,0,0
0,0,0,0,8,1,0,1,0,0,0,1,0,1,60.0,60.96875,-0.96875,2,4,0,0,1,0,6.1918511112995755,1,0,0,1,0,0,0,0,1,0
0,0,1,1,55,1,0,0,0,0,0,0,0,1,69.05,69.86545454545454,-0.8154545454545428,0,2,1,0,0,1,8.254164706403113,0,1,0,0,0,1,0,1,0,0
1,1,0,0,7,1,1,0,0,0,0,0,0,0,73.75,77.87857142857142,-4.128571428571419,0,3,0,0,1,1,6.302893663289552,0,1,0,1,0,0,0,0,0,1
1,0,1,0,66,1,1,1,1,1,1,0,0,0,96.6,97.33712121212122,-0.7371212121212238,4,7,0,0,0,0,8.767990819512264,0,1,0,0,0,1,0,0,0,1
1,0,0,0,4,1,0,0,0,1,1,1,1,1,74.4,74.925,-0.5249999999999915,4,6,0,1,1,0,5.706113089994483,1,0,0,1,0,0,0,0,1,0
0,0,0,0,34,1,0,0,1,0,0,0,0,1,73.95,74.24852941176471,-0.2985294117647044,1,3,1,0,1,1,7.834174543652333,0,1,0,1,0,0,0,1,0,0
1,0,0,0,66,1,1,1,1,1,1,0,0,0,68.75,67.38712121212122,1.3628787878787847,4,7,1,0,1,0,8.40033347936539,1,0,0,0,0,1,1,0,0,0
0,1,1,0,50,1,1,1,1,1,0,1,1,0,108.75,108.63799999999999,0.11200000000000898,5,8,1,0,0,0,8.60022834034495,0,1,0,1,0,0,1,0,0,0
0,0,1,0,1,1,0,0,0,0,0,0,0,1,68.95,68.95,0.0,0,2,0,1,0,1,4.24778070111149,0,1,0,1,0,0,0,0,1,0
1,0,0,0,16,0,0,1,1,1,1,1,0,0,54.85,57.259375,-2.409374999999997,5,6,0,0,1,0,6.821271035760359,1,0,0,0,0,1,0,0,0,1
1,0,0,0,29,1,1,0,1,1,0,0,1,0,70.9,67.7448275862069,3.1551724137931103,3,6,1,0,1,0,7.583552821206969,1,0,0,0,1,0,0,1,0,0
0,0,0,0,39,1,0,0,0,0,0,0,0,0,20.15,21.17948717948718,-1.0294871794871803,0,1,0,0,1,0,6.717804695023691,0,0,1,0,0,1,0,0,0,1
0,1,0,0,43,0,0,1,1,0,0,0,0,1,33.45,34.88953488372093,-1.439534883720924,2,3,1,0,1,0,7.314053373394193,1,0,0,1,0,0,0,1,0,0
0,1,0,0,21,1,1,0,0,0,0,1,1,1,94.25,93.98809523809524,0.2619047619047592,2,5,0,0,1,1,7.588197087044528,0,1,0,1,0,0,0,0,1,0
0,0,0,0,7,1,0,0,0,1,1,0,1,0,62.8,59.75714285714286,3.0428571428571374,3,5,1,0,1,0,6.038586654176717,1,0,0,1,0,0,1,0,0,0
1,0,0,1,13,1,0,0,0,0,0,0,0,0,44.0,50.71923076923077,-6.719230769230769,0,2,0,0,0,0,6.492769997489813,1,0,0,1,0,0,0,0,0,1
0,0,1,1,13,1,0,1,0,0,1,0,0,0,54.15,53.926923076923075,0.22307692307692406,2,4,1,0,0,0,6.554004626560651,1,0,0,0,1,0,1,0,0,0
0,1,1,1,48,1,0,1,0,1,1,1,1,1,104.5,105.58437500000001,-1.0843750000000085,5,7,0,0,0,0,8.53090870230218,0,1,0,1,0,0,0,0,1,0
0,0,1,1,56,1,1,1,0,0,0,1,0,0,65.2,62.71696428571429,2.4830357142857125,2,5,1,0,0,0,8.16426834990252,1,0,0,0,1,0,1,0,0,0
0,0,0,0,13,1,1,1,0,0,0,1,1,1,100.35,104.52692307692307,-4.1769230769230745,3,6,0,0,1,0,7.215129678529607,0,1,0,1,0,0,0,0,1,0
0,0,1,0,72,1,1,0,1,1,1,1,1,0,109.15,108.1888888888889,0.9611111111111086,5,8,1,0,0,0,8.960673157721615,0,1,0,0,1,0,0,1,0,0
1,0,0,0,40,1,1,0,0,0,0,0,0,1,24.6,24.348750000000003,0.25124999999999886,0,2,0,0,1,0,6.882386187631596,0,0,1,0,0,1,0,0,0,1
1,0,0,0,3,1,1,0,0,0,0,0,0,1,76.95,76.13333333333334,0.8166666666666629,0,3,0,1,1,1,5.435467204695271,0,1,0,1,0,0,0,0,1,0
0,0,1,1,57,1,0,0,0,0,0,0,0,1,20.1,19.082456140350878,1.0175438596491233,0,1,1,0,0,0,6.992739602887134,0,0,1,0,0,1,1,0,0,0
1,0,1,0,70,1,1,1,1,1,1,1,0,0,79.15,79.09285714285714,0.057142857142864045,5,8,0,0,0,0,8.619298414353391,1,0,0,0,0,1,0,0,0,1
0,0,1,1,39,1,0,0,0,1,1,0,0,1,81.5,79.67435897435898,1.8256410256410192,2,4,1,0,0,0,8.041831231925816,0,1,0,1,0,0,1,0,0,0
0,0,1,0,72,1,1,1,1,1,1,1,1,0,112.1,110.63819444444444,1.4618055555555571,6,9,1,0,0,0,8.983057013472635,0,1,0,0,0,1,0,1,0,0
1,0,1,1,52,1,0,0,0,0,0,0,0,0,19.2,20.283653846153847,-1.0836538461538474,0,1,0,0,0,0,6.962006693814053,0,0,1,0,0,1,0,0,0,1
0,1,0,0,30,1,1,0,1,1,0,1,1,1,104.1,104.03666666666666,0.06333333333333258,4,7,0,0,1,1,8.046261131311923,0,1,0,1,0,0,0,0,1,0
0,0,1,0,30,1,1,0,1,0,1,1,0,1,94.1,93.48166666666665,0.6183333333333394,3,6,1,0,0,0,7.939319232897119,0,1,0,1,0,0,0,1,0,0
1,0,0,1,6,1,1,0,0,0,0,0,0,0,26.35,30.675,-4.324999999999999,0,2,0,1,0,0,5.220626058832165,0,0,1,1,0,0,0,0,0,1
1,0,1,1,57,1,0,1,1,0,1,0,0,0,59.6,61.56842105263158,-1.9684210526315766,3,5,0,0,0,0,8.163485270080912,1,0,0,0,1,0,0,0,0,1
1,0,0,0,1,1,0,0,0,0,0,0,0,0,20.45,20.45,0.0,0,1,0,1,1,0,3.065724645374026,0,0,1,1,0,0,0,0,0,1
0,0,0,0,1,1,0,0,1,0,0,0,0,0,49.5,49.5,0.0,1,3,0,1,1,0,3.9219733362813143,1,0,0,1,0,0,0,0,1,0
0,0,0,0,15,1,0,0,0,0,0,0,0,0,20.1,20.163333333333334,-0.06333333333333258,0,1,1,0,1,0,5.7152168522818645,0,0,1,0,1,0,0,1,0,0
0,1,1,0,72,1,1,1,1,1,1,1,1,1,116.75,114.95902777777776,1.790972222222237,6,9,1,0,0,0,9.021362712396742,0,1,0,0,0,1,0,1,0,0
1,1,1,0,44,1,1,0,0,1,0,1,0,1,89.2,91.82272727272726,-2.6227272727272606,2,5,0,0,0,1,8.304296956553577,0,1,0,1,0,0,0,0,1,0
0,0,1,1,2,1,0,0,0,0,0,0,0,0,70.4,73.575,-3.174999999999997,0,2,0,1,0,1,4.998225274019575,0,1,0,1,0,0,0,0,1,0
0,0,0,0,27,1,0,0,0,0,0,0,0,1,19.6,20.78333333333333,-1.18333333333333,0,1,0,0,1,0,6.331768718195769,0,0,1,0,0,1,0,0,0,1
0,0,1,1,50,1,1,1,1,1,1,0,1,1,80.05,80.844,-0.7939999999999969,5,8,1,0,0,0,8.30479173663393,1,0,0,0,1,0,1,0,0,0
1,0,1,1,19,1,0,0,1,0,1,1,1,0,100.0,99.40263157894738,0.5973684210526216,4,6,1,0,0,0,7.544146905719609,0,1,0,0,1,0,1,0,0,0
0,1,0,0,9,1,0,0,0,0,0,1,0,1,80.85,83.51666666666667,-2.6666666666666714,1,3,0,0,1,1,6.623600312306513,0,1,0,1,0,0,0,0,1,0
1,0,1,0,52,1,0,1,1,1,1,1,1,1,106.3,105.51923076923077,0.7807692307692236,6,8,0,0,0,0,8.610319169405722,0,1,0,0,0,1,0,0,1,0
1,0,1,1,43,1,1,1,0,0,1,0,1,1,71.9,73.79883720930232,-1.8988372093023145,3,6,1,0,0,0,8.06285816595844,1,0,0,0,1,0,0,1,0,0
0,0,1,1,72,1,1,1,1,0,0,1,0,1,95.9,96.58541666666666,-0.6854166666666544,3,6,1,0,0,0,8.847237671342803,0,1,0,0,0,1,1,0,0,0
0,1,0,0,72,1,1,0,1,1,1,1,1,0,111.65,110.32569444444444,1.3243055555555685,5,8,0,0,1,0,8.980228850646334,0,1,0,0,0,1,0,0,1,0
0,0,0,0,1,1,0,0,0,0,0,0,0,1,20.25,20.25,0.0,0,1,0,1,1,0,3.056356895370426,0,0,1,1,0,0,0,0,0,1
1,1,1,0,23,1,0,1,1,0,0,0,1,1,90.0,88.00434782608696,1.9956521739130437,3,5,0,0,0,0,7.613374361037403,0,1,0,1,0,0,0,0,1,0
1,0,0,0,8,1,1,0,1,1,0,1,0,1,94.0,96.70625,-2.706249999999997,3,6,0,0,1,1,6.6524113144423005,0,1,0,1,0,0,0,0,1,0
1,0,1,1,22,1,0,0,0,0,0,0,0,0,19.95,19.704545454545453,0.24545454545454604,0,1,0,0,0,0,6.074195944705447,0,0,1,0,1,0,0,0,0,1
0,0,0,0,23,1,0,0,0,0,0,0,0,1,20.3,20.460869565217394,-0.16086956521739282,0,1,1,0,1,0,6.156131168663216,0,0,1,1,0,0,1,0,0,0
1,0,0,1,6,1,0,0,0,0,0,0,0,0,19.65,16.816666666666666,2.833333333333332,0,1,0,1,0,0,4.623991940228679,0,0,1,1,0,0,0,0,0,1
1,0,0,0,68,1,1,1,1,1,1,1,1,1,117.2,118.17573529411764,-0.9757352941176407,6,9,1,0,1,0,8.99180493696654,0,1,0,0,1,0,0,1,0,0
0,0,1,0,53,1,1,0,1,0,0,1,1,1,98.4,97.16037735849056,1.2396226415094418,3,6,1,0,0,1,8.546849076323747,0,1,0,1,0,0,0,1,0,0
0,0,0,0,1,1,0,0,0,0,0,0,0,1,20.25,20.25,0.0,0,1,0,1,1,0,3.056356895370426,0,0,1,1,0,0,0,0,0,1
1,0,0,0,37,1,0,0,0,0,0,0,0,1,70.35,68.9972972972973,1.3527027027027003,0,2,0,0,1,1,7.8453768815581215,0,1,0,1,0,0,0,0,0,1
1,1,1,0,1,1,0,0,0,0,0,0,0,0,70.85,70.85,0.0,0,2,0,1,0,1,4.274580612525034,0,1,0,1,0,0,0,0,0,1
0,0,1,1,12,1,1,0,1,1,0,0,0,1,84.5,76.40833333333333,8.091666666666669,2,5,0,0,0,1,6.822088452225045,0,1,0,1,0,0,0,0,1,0
1,1,1,0,33,1,1,0,1,0,0,1,1,1,100.6,99.09848484848484,1.5015151515151501,3,6,1,0,0,1,8.092927453844355,0,1,0,1,0,0,1,0,0,0
1,0,0,0,69,1,1,0,0,0,0,0,0,0,23.95,24.827536231884057,-0.8775362318840578,0,2,1,0,1,0,7.446643440513011,0,0,1,0,0,1,1,0,0,0
0,0,1,1,45,1,0,0,0,0,0,0,0,0,20.85,19.825555555555557,1.0244444444444447,0,1,0,0,0,0,6.794754539894893,0,0,1,0,0,1,0,0,0,1
1,0,0,0,1,1,0,0,0,0,0,0,1,1,55.0,55.0,0.0,1,3,0,1,1,0,4.02535169073515,1,0,0,1,0,0,0,0,1,0
0,1,1,0,29,0,0,1,0,1,0,0,1,1,45.0,42.36724137931035,2.63275862068965,3,4,0,0,0,0,7.114484855028092,1,0,0,1,0,0,0,0,1,0
1,1,1,0,66,1,1,0,0,0,1,1,1,1,100.05,104.11969696969696,-4.069696969696963,3,6,1,0,0,0,8.835341421328575,0,1,0,1,0,0,0,1,0,0
0,1,1,0,1,1,0,0,0,0,0,0,0,1,20.85,20.85,0.0,0,1,0,1,0,0,3.084200921541599,0,0,1,1,0,0,0,0,0,1
1,0,0,0,4,1,0,0,0,0,0,0,0,1,20.2,13.925,6.274999999999999,0,1,0,1,1,0,4.037774210733707,0,0,1,1,0,0,0,0,1,0
0,0,1,0,71,1,1,1,1,1,1,1,1,0,85.75,87.65915492957747,-1.9091549295774684,6,9,1,0,0,0,8.73629659230272,1,0,0,0,0,1,0,1,0,0
0,0,1,1,56,1,1,0,1,1,1,0,1,1,99.75,100.14999999999999,-0.3999999999999915,4,7,1,0,0,0,8.632199040925325,0,1,0,0,1,0,0,1,0,0
0,1,0,0,1,1,0,0,0,0,0,1,0,0,78.45,78.45,0.0,1,3,0,1,1,1,4.375127892982725,0,1,0,1,0,0,0,0,1,0
0,0,0,0,29,1,0,1,0,1,1,0,0,0,58.0,59.810344827586206,-1.8103448275862064,3,5,1,0,1,0,7.4590508353018405,1,0,0,0,1,0,0,1,0,0
0,0,1,0,17,1,1,0,1,0,0,1,1,1,75.4,77.79705882352941,-2.397058823529406,3,6,1,0,0,0,7.188072799570865,1,0,0,1,0,0,1,0,0,0
1,0,1,1,12,0,0,0,1,0,1,0,0,0,35.5,36.020833333333336,-0.5208333333333357,2,3,0,0,0,0,6.071314928595715,1,0,0,1,0,0,0,0,0,1
0,1,0,0,1,0,0,0,0,0,0,0,0,1,25.8,25.8,0.0,0,1,0,1,1,0,3.288401887516811,1,0,0,1,0,0,0,0,0,1
0,0,0,0,28,1,0,1,1,0,0,0,0,0,56.05,54.38035714285714,1.669642857142854,2,4,0,0,1,0,7.328864051078322,1,0,0,1,0,0,0,0,1,0
1,0,0,0,10,0,0,0,0,1,0,0,0,0,29.5,25.525,3.9750000000000014,1,2,0,0,1,0,5.546153530452618,1,0,0,1,0,0,0,0,0,1
0,0,1,1,72,1,1,1,1,1,0,1,1,0,109.7,112.90694444444445,-3.2069444444444457,5,8,1,0,0,0,9.003353102230058,0,1,0,0,0,1,0,1,0,0
0,0,0,0,19,0,0,0,1,0,0,0,1,1,39.7,37.37105263157895,2.328947368421055,2,3,0,0,1,0,6.5667427508187055,1,0,0,1,0,0,0,0,1,0
0,1,0,0,2,1,0,0,1,0,0,1,0,1,83.8,81.85,1.9500000000000028,2,4,1,1,1,1,5.104125637183595,0,1,0,1,0,0,1,0,0,0
1,0,1,0,72,1,1,0,1,1,0,1,1,1,106.3,105.07430555555555,1.2256944444444429,4,7,1,0,0,1,8.931466063705376,0,1,0,0,0,1,1,0,0,0
1,0,0,0,59,1,0,0,0,1,1,1,0,1,64.65,63.31271186440678,1.3372881355932265,3,5,0,0,1,0,8.225891241774054,1,0,0,1,0,0,0,0,1,0
1,0,1,0,72,1,1,1,1,1,1,1,1,0,115.15,115.96458333333334,-0.8145833333333314,6,9,1,0,0,0,9.030070708608337,0,1,0,0,0,1,1,0,0,0
1,0,1,1,63,0,0,1,1,1,0,1,1,0,59.0,58.85079365079365,0.14920634920635223,5,6,0,0,0,0,8.218409725893283,1,0,0,0,0,1,0,0,1,0
1,1,0,0,1,1,0,0,0,0,0,0,0,0,45.1,45.1,0.0,0,2,0,1,1,0,3.8308129500026027,1,0,0,1,0,0,0,0,1,0
1,0,1,0,14,1,1,0,0,0,0,1,0,1,86.1,88.25357142857142,-2.153571428571425,1,4,0,0,0,1,7.1200805228604676,0,1,0,1,0,0,0,0,1,0
0,0,0,0,24,0,0,0,1,1,0,1,1,1,54.15,51.677083333333336,2.472916666666663,4,5,1,0,1,0,7.123874215359383,1,0,0,1,0,0,0,1,0,0
0,0,0,0,13,1,0,0,0,0,0,0,0,0,20.2,21.01923076923077,-0.8192307692307708,0,1,0,0,1,0,5.614040099155339,0,0,1,0,1,0,0,0,0,1
1,0,1,1,34,1,1,0,0,1,0,0,1,1,90.05,91.08823529411765,-1.038235294117655,2,5,1,0,0,1,8.038512020976814,0,1,0,1,0,0,0,1,0,0
1,1,0,0,2,1,0,1,0,0,0,0,0,1,49.25,45.55,3.700000000000003,1,3,0,1,1,0,4.522874943261261,1,0,0,1,0,0,0,0,1,0
1,0,0,1,3,1,0,0,0,0,0,0,0,0,20.2,16.866666666666667,3.333333333333332,0,1,1,1,0,0,3.9435216724875173,0,0,1,1,0,0,1,0,0,0
0,1,1,0,18,1,1,0,0,0,1,1,1,0,99.75,102.01388888888889,-2.2638888888888857,3,6,1,0,0,0,7.516025167408981,0,1,0,1,0,0,1,0,0,0
0,0,0,0,60,0,0,1,0,1,0,0,1,1,44.45,46.23166666666667,-1.7816666666666663,3,4,0,0,1,0,7.928369989495185,1,0,0,0,1,0,0,0,1,0
0,0,1,0,1,1,0,0,0,0,0,1,0,0,55.2,55.2,0.0,1,3,0,1,0,0,4.028916756899646,1,0,0,1,0,0,0,0,0,1
0,0,0,0,8,1,0,0,0,0,0,0,0,0,20.25,21.83125,-1.5812500000000007,0,1,0,0,1,0,5.168493378711836,0,0,1,0,0,1,0,0,0,1
0,0,1,1,33,1,1,0,0,1,1,1,1,1,79.15,76.70909090909092,2.440909090909088,4,7,0,0,0,0,7.836922748669972,1,0,0,0,1,0,0,0,1,0
1,0,0,0,18,1,0,1,0,0,0,0,0,0,49.4,48.599999999999994,0.8000000000000043,1,3,0,0,1,0,6.775137754367298,1,0,0,1,0,0,0,0,1,0
1,0,1,1,56,1,0,0,1,1,1,0,0,1,85.85,85.60357142857143,0.24642857142856656,3,5,0,0,0,0,8.475287276332946,0,1,0,0,1,0,0,0,0,1
0,0,0,0,43,1,0,0,0,0,0,0,0,1,19.65,18.122093023255815,1.527906976744184,0,1,1,0,1,0,6.659614381150889,0,0,1,0,0,1,1,0,0,0
0,0,0,0,32,1,0,0,0,0,0,0,0,0,19.75,19.5046875,0.2453125000000007,0,1,1,0,1,0,6.437991620941009,0,0,1,0,1,0,1,0,0,0
0,0,1,1,72,1,1,1,1,1,1,1,1,1,116.4,118.65625,-2.2562499999999943,6,9,1,0,0,0,9.053013821071527,0,1,0,0,0,1,0,1,0,0
0,0,0,0,31,1,1,1,0,1,0,0,0,1,84.75,84.30322580645162,0.44677419354837866,2,5,1,0,1,0,7.868789904665684,0,1,0,1,0,0,0,1,0,0
0,1,1,0,42,1,1,1,0,1,0,1,1,1,105.2,109.50357142857142,-4.303571428571416,4,7,1,0,0,0,8.433844190641187,0,1,0,0,1,0,1,0,0,0
1,0,0,1,27,1,1,0,0,0,0,0,0,1,25.85,29.205555555555552,-3.3555555555555507,0,2,1,0,0,0,6.671463162912652,0,0,1,0,0,1,0,1,0,0
0,1,0,0,30,1,1,1,1,1,0,0,0,0,91.7,91.93833333333333,-0.23833333333332973,3,6,1,0,1,0,7.922677940263891,0,1,0,1,0,0,0,1,0,0
1,0,1,0,36,1,0,1,0,0,0,1,1,1,93.6,93.5013888888889,0.09861111111109722,3,5,0,0,0,0,8.121792269065665,0,1,0,1,0,0,0,0,1,0
0,0,1,1,23,1,1,0,0,0,0,0,1,0,85.6,81.23478260869565,4.365217391304341,1,4,0,0,0,1,7.533372802748483,0,1,0,1,0,0,0,0,1,0
1,0,0,0,38,1,0,0,0,1,1,0,1,1,62.3,61.968421052631584,0.3315789473684134,3,5,0,0,1,0,7.764635651524684,1,0,0,0,1,0,0,0,0,1
0,0,1,1,72,0,0,0,1,1,1,1,1,1,60.0,59.22222222222222,0.7777777777777786,5,6,0,0,0,0,8.35819745992578,1,0,0,0,0,1,0,0,1,0
1,0,0,1,3,1,0,0,0,0,0,1,0,1,54.7,56.48333333333333,-1.7833333333333243,1,3,1,1,0,0,5.138441998583912,1,0,0,1,0,0,0,1,0,0
1,0,0,0,44,1,1,0,0,1,0,0,1,1,90.4,92.3409090909091,-1.9409090909090878,2,5,0,0,1,1,8.309922989258318,0,1,0,1,0,0,0,0,0,1
0,0,1,0,57,1,1,0,1,1,1,1,1,1,109.4,109.69649122807017,-0.2964912280701668,5,8,1,0,0,0,8.740928567567575,0,1,0,0,1,0,1,0,0,0
1,1,1,0,7,1,0,0,0,0,0,1,1,1,89.5,96.67142857142858,-7.171428571428578,2,4,0,0,0,1,6.518704712142068,0,1,0,1,0,0,0,0,1,0
0,0,1,1,14,1,0,0,0,0,0,0,0,0,70.2,74.75,-4.549999999999997,0,2,0,0,0,1,6.9541616517962925,0,1,0,1,0,0,0,0,1,0
1,1,0,0,11,1,0,0,0,0,0,0,1,1,78.5,79.47272727272728,-0.9727272727272833,1,3,0,0,1,1,6.774452431667717,0,1,0,1,0,0,0,0,1,0
0,0,1,0,19,1,1,0,0,1,0,0,1,0,89.65,92.68684210526315,-3.0368421052631476,2,5,0,0,0,1,7.474233182938004,0,1,0,1,0,0,0,0,0,1
1,1,1,0,49,1,1,1,1,1,0,0,0,1,88.2,84.88673469387754,3.31326530612246,3,6,0,0,0,0,8.333378520481947,0,1,0,1,0,0,0,0,1,0
1,0,1,1,52,1,0,0,0,0,0,0,0,1,20.85,20.607692307692307,0.2423076923076941,0,1,1,0,0,0,6.977840886548825,0,0,1,0,1,0,0,1,0,0
0,0,0,0,39,1,0,1,0,0,0,0,0,1,47.85,48.369230769230775,-0.5192307692307736,1,3,0,0,1,0,7.542955499587233,1,0,0,0,1,0,0,0,1,0
0,1,0,0,1,1,0,0,1,0,0,0,1,1,86.0,86.0,0.0,2,4,0,1,1,1,4.465908118654584,0,1,0,1,0,0,0,0,1,0
0,0,1,1,37,1,1,0,0,0,0,1,1,1,95.25,89.57162162162163,5.678378378378369,2,5,0,0,0,1,8.106258150465042,0,1,0,1,0,0,0,0,1,0
1,0,1,0,58,0,0,0,0,0,0,1,1,1,45.0,46.36810344827586,-1.3681034482758605,2,3,1,0,0,0,7.8974265756562785,1,0,0,0,1,0,0,1,0,0
0,0,0,0,1,1,0,0,0,0,1,0,0,1,52.2,52.2,0.0,1,3,0,1,1,0,3.9740583963475986,1,0,0,1,0,0,0,0,1,0
0,0,0,0,20,1,0,0,0,0,0,0,0,1,19.5,20.65,-1.1499999999999986,0,1,1,0,1,0,6.025865973825314,0,0,1,1,0,0,1,0,0,0
0,0,0,0,10,1,0,0,0,0,0,0,0,1,19.9,19.945,-0.045000000000001705,0,1,0,0,1,0,5.300564839088516,0,0,1,1,0,0,0,0,0,1
0,0,1,1,66,1,1,0,0,0,0,0,0,1,74.25,73.625,0.625,0,3,1,0,0,1,8.48884515590075,0,1,0,0,1,0,1,0,0,0
0,0,1,0,72,1,1,1,1,1,0,1,1,1,109.55,113.40416666666667,-3.8541666666666714,5,8,0,0,0,0,9.007746717702165,0,1,0,0,0,1,0,0,1,0
0,1,0,0,3,1,0,0,0,1,0,0,0,0,73.85,65.46666666666667,8.383333333333326,1,3,0,1,1,1,5.285232126999381,0,1,0,1,0,0,0,0,1,0
1,0,1,1,42,1,1,1,0,0,0,1,1,0,97.1,95.63690476190476,1.4630952380952351,3,6,0,0,0,0,8.298477323429179,0,1,0,0,1,0,0,0,1,0
0,0,1,1,10,1,0,0,0,0,0,0,0,1,19.8,19.675,0.125,0,1,1,0,0,0,5.2870036066477635,0,0,1,1,0,0,1,0,0,0
0,0,1,1,35,1,1,0,0,0,0,0,0,0,24.3,23.474285714285713,0.8257142857142874,0,2,1,0,0,0,6.712470055796324,0,0,1,0,0,1,1,0,0,0
1,0,0,0,18,0,0,1,0,1,0,0,0,0,33.6,30.575000000000003,3.0249999999999986,2,3,0,0,1,0,6.312369816204687,1,0,0,1,0,0,0,0,0,1
0,0,1,1,57,1,1,1,0,1,1,1,1,1,84.5,85.00701754385965,-0.5070175438596465,5,8,0,0,0,0,8.485991440272972,1,0,0,0,0,1,0,0,1,0
0,0,0,0,2,1,0,0,0,0,0,0,0,1,20.05,19.625,0.4250000000000007,0,1,0,1,1,0,3.6951100038645723,0,0,1,1,0,0,0,0,0,1
0,0,1,0,67,1,1,0,1,1,1,1,1,0,86.15,87.81865671641792,-1.6686567164179138,5,8,1,0,0,0,8.680136530839377,1,0,0,0,0,1,1,0,0,0
0,0,1,0,19,1,1,0,1,0,0,0,1,1,89.1,85.30526315789473,3.794736842105266,2,5,0,0,0,1,7.391291922510457,0,1,0,1,0,0,0,0,1,0
1,0,0,0,1,1,0,0,0,0,0,0,0,0,19.75,19.75,0.0,0,1,1,1,1,0,3.0325462466767075,0,0,1,1,0,0,1,0,0,0
1,0,1,1,16,1,1,1,1,0,1,1,1,0,84.9,87.390625,-2.4906249999999943,5,8,0,0,0,0,7.243691657771469,1,0,0,1,0,0,0,0,1,0
1,0,1,1,1,1,0,0,0,0,0,1,1,0,89.15,89.15,0.0,2,4,0,1,0,1,4.501474949649326,0,1,0,1,0,0,0,0,0,1
1,0,1,1,68,1,1,0,0,0,0,0,0,0,25.4,23.826470588235296,1.573529411764703,0,2,1,0,0,0,7.390921894754154,0,0,1,0,0,1,1,0,0,0
1,0,0,1,32,1,1,0,1,1,1,1,1,0,83.7,82.290625,1.4093749999999972,5,8,1,0,0,0,7.87637277103406,1,0,0,0,1,0,0,1,0,0
1,0,1,0,45,1,1,0,1,0,0,0,0,0,81.4,83.90777777777778,-2.5077777777777754,1,4,1,0,0,1,8.236645607865055,0,1,0,1,0,0,1,0,0,0
1,0,1,0,72,1,1,1,1,1,1,1,1,1,92.0,94.19652777777777,-2.1965277777777743,6,9,1,0,0,0,8.822196874810368,1,0,0,0,0,1,0,1,0,0
1,0,0,0,2,1,1,0,0,0,0,0,0,1,76.5,81.225,-4.724999999999994,0,3,0,1,1,1,5.09650713317022,0,1,0,1,0,0,0,0,1,0
0,0,0,0,61,1,1,0,0,1,0,0,1,0,89.2,90.17377049180328,-0.973770491803279,2,5,0,0,1,1,8.612794238005627,0,1,0,1,0,0,0,0,0,1
1,0,1,1,66,1,1,0,1,1,0,1,1,0,79.85,79.31742424242424,0.5325757575757564,4,7,1,0,0,0,8.563303577709942,1,0,0,0,0,1,1,0,0,0
0,0,1,1,49,1,1,0,1,0,1,1,1,0,79.3,79.64183673469387,-0.3418367346938709,4,7,1,0,0,0,8.26961605646076,1,0,0,0,0,1,1,0,0,0
1,0,1,0,66,0,0,1,1,1,1,1,0,1,56.6,57.41212121212121,-0.8121212121212054,5,6,1,0,0,0,8.24017406713271,1,0,0,0,0,1,1,0,0,0
1,0,0,0,10,1,1,0,0,0,0,1,0,1,86.05,83.41,2.6400000000000006,1,4,1,0,1,1,6.727551478159183,0,1,0,1,0,0,1,0,0,0
0,0,1,0,57,1,0,0,0,0,0,0,0,1,19.6,19.899122807017545,-0.2991228070175431,0,1,1,0,0,0,7.0346081699780605,0,0,1,0,0,1,1,0,0,0
0,0,0,0,71,1,1,1,1,1,1,1,1,1,118.65,119.40281690140846,-0.7528169014084511,6,9,0,0,1,0,9.045300620816755,0,1,0,0,0,1,0,0,1,0
1,0,0,0,5,1,0,0,0,0,0,0,0,0,21.05,22.77,-1.7199999999999989,0,1,0,1,1,0,4.743626929135107,0,0,1,1,0,0,0,0,0,1
1,0,0,0,30,1,1,1,1,1,1,0,0,1,95.0,95.08,-0.0799999999999983,4,7,1,0,1,0,7.956266544680714,0,1,0,1,0,0,0,1,0,0
0,0,1,1,59,1,0,0,0,0,0,0,0,0,19.5,20.722881355932206,-1.2228813559322056,0,1,1,0,0,0,7.109593474469011,0,0,1,0,0,1,0,1,0,0
1,0,1,1,56,1,1,0,0,0,0,0,0,1,24.45,25.56517857142857,-1.1151785714285722,0,2,0,0,0,0,7.267281155148856,0,0,1,0,1,0,0,0,0,1
0,0,1,1,14,1,1,0,0,0,0,0,0,0,25.55,26.603571428571428,-1.053571428571427,0,2,0,0,0,0,5.922784126803076,0,0,1,1,0,0,0,0,0,1
1,0,0,0,11,0,0,0,1,0,1,0,0,1,35.65,38.64545454545455,-2.9954545454545496,2,3,0,0,1,0,6.054674060505866,1,0,0,1,0,0,0,0,1,0
0,0,1,1,15,1,0,0,0,0,0,0,0,0,19.8,18.196666666666665,1.6033333333333353,0,1,0,0,0,0,5.612945607984424,0,0,1,1,0,0,0,0,0,1
1,0,0,1,1,1,1,0,0,0,0,1,1,1,93.3,93.3,0.0,2,5,0,1,0,1,4.546481189639412,0,1,0,1,0,0,0,0,1,0
0,1,0,0,4,1,1,0,0,0,0,1,1,1,94.3,106.1125,-11.8125,2,5,0,1,1,1,6.0531474322955665,0,1,0,1,0,0,0,0,1,0
0,0,1,0,72,1,1,1,1,1,1,1,1,1,92.4,94.2513888888889,-1.8513888888888914,6,9,0,0,0,0,8.822779030645604,1,0,0,0,0,1,0,0,1,0
0,0,1,0,70,1,1,1,0,1,1,0,0,0,65.3,67.99642857142857,-2.6964285714285694,3,6,1,0,0,0,8.468160497838927,1,0,0,0,0,1,0,1,0,0
0,0,0,0,27,1,0,0,0,0,0,0,0,0,19.15,18.56851851851852,0.5814814814814788,0,1,0,0,1,0,6.219297087908323,0,0,1,0,1,0,0,0,0,1
1,0,0,0,65,1,1,1,0,1,1,1,1,1,110.0,109.8253846153846,0.17461538461539305,5,8,1,0,1,0,8.873419034524286,0,1,0,0,1,0,0,1,0,0
1,0,0,0,35,1,1,1,1,1,1,0,0,1,96.75,97.24000000000001,-0.4900000000000091,4,7,0,0,1,0,8.132823991602805,0,1,0,1,0,0,0,0,0,1
1,0,0,0,44,1,0,1,1,1,0,1,1,1,106.05,102.51818181818182,3.5318181818181813,5,7,0,0,1,0,8.414451465954324,0,1,0,0,1,0,0,0,1,0
0,0,0,0,59,1,1,0,1,1,0,0,0,1,83.25,83.88305084745764,-0.6330508474576391,2,5,0,0,1,1,8.50716305737888,0,1,0,1,0,0,0,0,1,0
1,0,0,0,5,1,0,0,0,1,0,1,1,1,70.05,69.28,0.769999999999996,3,5,0,1,1,0,5.850476853807004,1,0,0,1,0,0,0,0,1,0
0,0,1,1,60,1,0,0,0,0,0,0,0,1,19.25,18.3875,0.8625000000000007,0,1,1,0,0,0,7.006921650476636,0,0,1,0,0,1,0,1,0,0
0,0,1,0,4,1,0,1,1,0,0,0,0,0,54.7,58.7625,-4.0625,2,4,0,1,0,0,5.4640436469922955,1,0,0,1,0,0,0,0,0,1
0,0,0,0,2,1,1,0,0,0,0,1,1,1,96.0,87.4,8.599999999999994,2,5,0,1,1,1,5.169346985251076,0,1,0,1,0,0,0,0,1,0
0,0,1,1,8,1,0,0,0,0,0,0,0,0,19.8,20.00625,-0.2062500000000007,0,1,0,0,0,0,5.081714875777208,0,0,1,0,1,0,0,0,1,0
0,0,0,0,52,1,1,0,1,0,0,0,0,1,80.2,82.64615384615385,-2.446153846153848,1,4,0,0,1,1,8.366044667273176,0,1,0,0,1,0,0,0,0,1
0,0,0,0,1,1,0,0,0,1,0,0,0,0,76.35,76.35,0.0,1,3,0,1,1,1,4.348340577019075,0,1,0,1,0,0,0,0,1,0
0,0,1,0,70,1,0,0,0,0,0,0,0,0,19.85,18.97642857142857,0.8735714285714309,0,1,1,0,0,0,7.192445379947863,0,0,1,0,0,1,0,1,0,0
1,0,1,0,2,1,1,0,0,1,0,1,0,1,91.45,85.725,5.7250000000000085,2,5,0,1,0,1,5.15010733938285,0,1,0,1,0,0,0,0,1,0
0,0,1,0,20,0,0,0,0,0,0,0,0,1,24.45,24.14,0.3099999999999987,0,1,0,0,0,0,6.181671598175927,1,0,0,1,0,0,0,0,1,0
0,0,0,1,18,1,1,1,0,0,0,0,1,0,64.8,64.81666666666666,-0.01666666666666572,2,5,0,0,0,0,7.062791281081669,1,0,0,1,0,0,0,0,1,0
0,0,0,0,2,1,0,0,0,0,0,0,0,0,44.45,41.35,3.1000000000000014,0,2,0,1,1,0,4.4272389774954295,1,0,0,1,0,0,0,0,1,0
1,0,1,0,18,1,0,0,0,1,1,0,0,0,78.2,81.59722222222223,-3.3972222222222257,2,4,0,0,0,0,7.292847597282364,0,1,0,1,0,0,0,0,1,0
0,1,1,0,48,1,0,0,0,0,0,0,0,1,70.65,73.85520833333334,-3.2052083333333314,0,2,1,0,0,1,8.173589586929555,0,1,0,1,0,0,1,0,0,0
0,0,1,0,67,1,1,0,0,0,0,0,0,1,25.25,25.867910447761194,-0.6179104477611936,0,2,1,0,0,0,7.458272658789441,0,0,1,0,0,1,0,1,0,0
0,0,0,0,65,1,0,1,1,0,1,0,0,1,59.6,57.535384615384615,2.0646153846153865,3,5,0,0,1,0,8.22705477127775,1,0,0,0,0,1,0,0,0,1
0,0,0,0,43,1,1,1,1,1,1,1,1,0,115.05,113.83953488372094,1.2104651162790532,6,9,1,0,1,0,8.49619424882018,0,1,0,0,0,1,0,1,0,0
1,0,1,1,20,1,1,0,1,0,1,1,0,0,96.8,91.33500000000001,5.464999999999989,3,6,0,0,0,0,7.510813624760397,0,1,0,1,0,0,0,0,0,1
1,0,0,1,70,1,1,1,1,1,1,1,1,1,114.6,112.60714285714286,1.9928571428571331,6,9,0,0,0,0,8.972527246677537,0,1,0,0,0,1,0,0,1,0
1,0,1,1,72,1,1,0,1,0,0,1,0,1,89.7,91.51319444444444,-1.8131944444444343,2,5,0,0,0,1,8.793301040214356,0,1,0,0,1,0,0,0,1,0
0,0,1,1,1,1,0,0,0,0,0,0,0,0,20.0,20.0,0.0,0,1,0,1,0,0,3.044522437723423,0,0,1,1,0,0,0,0,1,0
1,0,1,1,25,1,0,0,1,0,0,0,0,1,75.5,76.042,-0.5420000000000016,1,3,0,0,0,1,7.55068753087758,0,1,0,1,0,0,0,0,1,0
0,0,0,0,37,0,0,0,0,0,1,0,0,0,28.6,26.31216216216216,2.2878378378378414,1,2,1,0,1,0,6.881975825994649,1,0,0,1,0,0,0,1,0,0
0,0,1,1,62,1,1,0,1,1,1,1,1,1,110.8,110.33790322580644,0.46209677419355444,5,8,0,0,0,0,8.830828057706112,0,1,0,0,1,0,0,0,1,0
0,0,1,1,71,1,1,1,1,1,1,1,1,0,113.65,115.02535211267606,-1.3753521126760546,6,9,1,0,0,0,9.007954873746483,0,1,0,0,0,1,0,1,0,0
1,0,1,0,13,0,0,1,0,0,1,1,1,1,54.45,54.37307692307692,0.0769230769230802,4,5,0,0,0,0,6.562232206840506,1,0,0,1,0,0,0,0,1,0
1,1,1,0,72,1,1,0,0,0,0,0,0,1,25.0,25.035416666666666,-0.03541666666666643,0,2,1,0,0,0,7.497512223829546,0,0,1,0,0,1,1,0,0,0
0,0,1,0,3,1,1,0,0,0,0,1,1,0,94.9,91.06666666666666,3.833333333333343,2,5,0,1,0,1,5.613857767128214,0,1,0,1,0,0,0,0,1,0
1,0,1,1,68,0,0,1,1,0,0,1,0,0,44.8,43.87720588235294,0.922794117647058,3,4,0,0,0,0,8.001237766020717,1,0,0,0,1,0,0,0,0,1
1,0,0,1,66,1,0,0,0,0,0,0,0,0,20.55,20.562121212121212,-0.012121212121211755,0,1,0,0,0,0,7.2138419431100225,0,0,1,0,0,1,0,0,0,1
0,0,1,1,65,1,1,1,1,1,1,1,1,0,91.55,91.75307692307692,-0.20307692307692093,6,9,1,0,0,0,8.693655952267212,1,0,0,0,0,1,1,0,0,0
0,0,0,0,25,1,1,1,1,1,1,1,0,1,78.35,73.516,4.833999999999989,5,8,1,0,1,0,7.516922845746808,1,0,0,1,0,0,1,0,0,0
1,0,0,1,54,1,0,1,1,0,1,1,1,1,105.85,107.90092592592592,-2.050925925925924,5,7,0,0,0,0,8.670369110604383,0,1,0,0,1,0,0,0,1,0
0,0,1,1,65,1,1,0,0,0,0,0,0,1,25.3,26.90076923076923,-1.600769230769231,0,2,1,0,0,0,7.467113890993524,0,0,1,0,0,1,1,0,0,0
1,1,1,0,60,1,1,0,1,1,0,1,1,1,104.35,105.6575,-1.3075000000000045,4,7,0,0,0,1,8.75470502283044,0,1,0,0,1,0,0,0,1,0
0,1,0,0,71,1,1,1,1,0,1,1,0,1,99.65,101.1443661971831,-1.4943661971830977,4,7,1,0,1,0,8.879367983425537,0,1,0,0,1,0,0,1,0,0
1,0,1,1,42,1,0,0,0,0,0,0,0,0,20.25,20.354761904761904,-0.10476190476190439,0,1,0,0,0,0,6.752153546887564,0,0,1,0,1,0,0,0,0,1
1,0,1,0,1,1,0,0,0,0,0,0,0,1,69.15,69.15,0.0,0,2,0,1,0,1,4.25063580654847,0,1,0,1,0,0,0,0,1,0
0,0,0,1,2,1,0,1,0,0,0,0,1,1,61.2,62.975,-1.7749999999999986,2,4,1,1,0,0,4.843793308150688,1,0,0,1,0,0,0,1,0,0
0,0,0,0,18,1,1,1,0,1,0,0,0,1,60.6,64.24166666666666,-3.6416666666666586,2,5,0,0,1,0,7.053888187930098,1,0,0,1,0,0,0,0,0,1
0,0,1,0,16,1,1,0,0,0,0,1,0,1,84.95,86.140625,-1.1906249999999972,1,4,0,0,0,1,7.22929515215254,0,1,0,1,0,0,0,0,1,0
1,0,0,0,5,1,0,0,0,1,1,1,1,0,75.15,78.53,-3.3799999999999955,4,6,1,1,1,0,5.975462189630476,1,0,0,1,0,0,1,0,0,0
0,0,1,0,72,1,1,1,0,1,0,1,1,1,105.0,105.41388888888889,-0.4138888888888914,4,7,1,0,0,0,8.934692266679823,0,1,0,0,0,1,0,1,0,0
1,0,0,0,35,1,1,1,0,0,0,0,0,0,55.25,54.97428571428571,0.2757142857142867,1,4,0,0,1,0,7.562733193424579,1,0,0,0,0,1,0,0,0,1
1,1,0,1,38,1,1,1,0,0,0,0,0,1,80.45,83.22763157894737,-2.7776315789473642,1,4,0,0,0,0,8.059481703299733,0,1,0,1,0,0,0,0,0,1
1,0,0,0,1,1,0,0,0,0,0,0,0,1,20.1,20.1,0.0,0,1,0,1,1,0,3.0492730404820207,0,0,1,1,0,0,0,0,0,1
0,0,0,0,1,1,0,0,0,0,0,0,0,0,20.9,20.9,0.0,0,1,0,1,1,0,3.086486636822455,0,0,1,1,0,0,0,0,0,1
1,1,0,0,4,0,0,0,1,0,0,1,1,1,50.95,51.8375,-0.8874999999999957,3,4,1,1,1,0,5.339219357868463,1,0,0,1,0,0,0,1,0,0
0,0,1,1,67,1,1,0,0,1,1,0,1,1,69.9,68.89402985074626,1.0059701492537414,3,6,1,0,0,0,8.43747876318644,1,0,0,0,0,1,1,0,0,0
0,0,0,0,8,1,0,1,0,0,1,0,1,0,66.05,71.8125,-5.762500000000003,3,5,1,0,1,0,6.355239228161937,1,0,0,1,0,0,1,0,0,0
1,0,0,0,63,1,1,0,0,0,0,0,0,0,25.25,24.75079365079365,0.4992063492063501,0,2,0,0,1,0,7.352633389447137,0,0,1,0,0,1,0,0,0,1
0,1,1,0,27,1,0,1,0,1,0,1,1,1,101.25,102.01666666666667,-0.7666666666666657,4,6,0,0,0,0,7.92133604763153,0,1,0,1,0,0,0,0,1,0
0,0,0,0,42,1,1,0,0,1,1,1,1,1,78.45,80.31904761904762,-1.8690476190476204,4,7,1,0,1,0,8.12397280972451,1,0,0,0,0,1,0,1,0,0
1,1,0,0,9,1,1,0,0,1,0,1,1,1,100.5,102.06666666666666,-1.5666666666666629,3,6,0,0,1,1,6.8239387928890265,0,1,0,1,0,0,0,0,1,0
0,0,0,0,4,1,0,0,0,0,0,0,0,0,20.05,20.825,-0.7749999999999986,0,1,0,1,1,0,4.4343818650078095,0,0,1,1,0,0,0,0,0,1
1,1,1,0,38,1,1,0,1,1,0,1,1,1,102.6,105.50526315789473,-2.905263157894737,4,7,0,0,0,1,8.296596394368603,0,1,0,1,0,0,0,0,1,0
0,0,1,0,21,1,0,0,0,1,1,0,0,0,79.2,82.97380952380952,-3.7738095238095184,2,4,0,0,0,0,7.463621187757827,0,1,0,0,1,0,0,0,1,0
1,0,1,1,68,1,1,1,1,1,1,1,1,1,88.85,90.18676470588235,-1.3367647058823593,6,9,1,0,0,0,8.721553435750755,1,0,0,0,0,1,0,1,0,0
0,0,0,0,1,1,0,0,0,1,0,1,0,1,85.45,85.45,0.0,2,4,0,1,1,1,4.4595662121293,0,1,0,1,0,0,0,0,1,0
1,0,1,1,50,1,1,0,0,0,0,0,0,0,24.95,25.229,-0.2789999999999999,0,2,0,0,0,0,7.140809556404862,0,0,1,0,0,1,0,0,0,1
0,0,1,0,44,1,1,1,1,1,1,0,0,1,95.1,92.28522727272728,2.814772727272711,4,7,1,0,0,0,8.309319953137871,0,1,0,1,0,0,0,1,0,0
0,0,1,0,68,1,1,0,1,1,0,0,0,0,86.45,84.74926470588235,1.7007352941176492,2,5,1,0,0,1,8.659378282550213,0,1,0,0,1,0,0,1,0,0
0,0,0,0,4,1,0,0,0,0,0,0,0,0,45.65,47.7625,-2.1125000000000043,0,2,0,1,1,0,5.257755754791914,1,0,0,1,0,0,0,0,0,1
1,0,1,1,67,1,0,1,0,1,1,0,0,1,60.4,59.01044776119403,1.389552238805969,3,5,1,0,0,0,8.282660023974554,1,0,0,0,0,1,1,0,0,0
0,1,1,0,72,1,1,0,1,1,0,1,1,0,105.0,105.25069444444445,-0.25069444444444855,4,7,1,0,0,1,8.933143140966676,0,1,0,0,1,0,0,1,0,0
1,0,0,0,8,0,0,1,0,0,0,0,0,0,29.35,27.05625,2.293750000000003,1,2,0,0,1,0,5.381968939043647,1,0,0,1,0,0,0,0,0,1
1,0,1,1,54,1,1,0,1,0,1,1,0,1,70.7,69.81481481481481,0.8851851851851933,3,6,0,0,0,0,8.235095497258357,1,0,0,0,1,0,0,0,1,0
1,1,1,0,55,1,1,1,1,0,0,0,0,0,60.0,60.29272727272727,-0.2927272727272694,2,5,1,0,0,0,8.106846186216465,1,0,0,0,1,0,0,1,0,0
1,0,1,1,24,1,1,0,0,0,0,0,0,1,24.1,24.474999999999998,-0.37499999999999645,0,2,1,0,0,0,6.377406988727283,0,0,1,0,0,1,1,0,0,0
1,0,0,0,58,1,0,0,0,0,0,0,0,0,20.3,19.50862068965517,0.7913793103448299,0,1,1,0,1,0,7.032182857357189,0,0,1,0,0,1,0,1,0,0
0,0,1,1,41,1,1,1,1,1,1,0,1,0,79.9,81.12682926829268,-1.2268292682926756,5,8,1,0,0,0,8.109886388428702,1,0,0,1,0,0,0,1,0,0
1,0,0,0,17,1,0,0,0,0,0,0,0,0,19.45,21.708823529411767,-2.2588235294117673,0,1,1,0,1,0,5.913638131643475,0,0,1,0,0,1,0,1,0,0
1,1,0,0,19,1,0,0,0,1,0,1,1,1,95.9,93.57368421052632,2.326315789473682,3,5,1,0,1,1,7.483750474731224,0,1,0,1,0,0,0,1,0,0
0,0,0,0,32,1,1,1,0,1,1,1,1,1,109.55,112.75,-3.200000000000003,5,8,1,0,1,0,8.19118600464279,0,1,0,0,1,0,1,0,0,0
0,0,0,0,36,1,0,1,1,1,1,0,1,1,75.55,74.44861111111112,1.1013888888888772,5,7,0,0,1,0,7.894001085943517,1,0,0,0,1,0,0,0,0,1
1,1,1,1,61,1,1,0,1,0,0,1,1,0,99.0,97.85737704918033,1.1426229508196712,3,6,0,0,0,1,8.694552456380377,0,1,0,0,1,0,0,0,1,0
0,1,0,0,14,1,1,0,1,1,0,1,1,1,104.85,109.38571428571429,-4.535714285714292,4,7,0,0,1,1,7.334590412826494,0,1,0,1,0,0,0,0,1,0
0,0,0,0,1,1,0,0,0,0,0,0,1,1,81.95,81.95,0.0,1,3,0,1,1,1,4.418238016636454,0,1,0,1,0,0,0,0,1,0
1,0,0,0,3,1,0,1,0,0,1,1,0,1,64.4,65.21666666666667,-0.8166666666666629,3,5,1,1,1,0,5.281425498877819,1,0,0,1,0,0,0,1,0,0
0,1,1,0,1,1,0,0,0,0,0,0,0,1,70.45,70.45,0.0,0,2,0,1,0,1,4.268997904375876,0,1,0,1,0,0,0,0,0,1
0,0,1,1,6,1,1,0,0,0,1,0,0,1,80.5,83.80833333333334,-3.308333333333337,1,4,0,1,0,0,6.222278604726411,0,1,0,1,0,0,0,0,1,0
1,0,1,1,10,0,0,1,1,1,1,0,1,0,53.7,52.1,1.6000000000000014,5,6,1,0,0,0,6.257667587882639,1,0,0,0,0,1,0,1,0,0
1,0,0,0,21,1,0,0,0,0,0,0,0,0,20.0,19.89047619047619,0.10952380952381091,0,1,0,0,1,0,6.037154673025098,0,0,1,1,0,0,0,0,0,1
1,0,0,1,8,1,0,0,0,0,0,0,0,0,20.35,22.3375,-1.9874999999999972,0,1,0,0,0,0,5.191288793789513,0,0,1,1,0,0,0,0,0,1
0,0,0,0,55,1,0,0,1,1,0,0,0,1,81.55,81.99090909090908,-0.4409090909090878,2,4,0,0,1,1,8.414163291096694,0,1,0,1,0,0,0,0,1,0
0,0,0,0,70,1,1,0,1,0,0,1,1,0,98.9,97.69428571428573,1.2057142857142793,3,6,0,0,1,1,8.830484529374438,0,1,0,0,1,0,0,0,1,0
0,1,1,1,59,1,1,0,0,1,0,0,1,1,88.75,90.65508474576271,-1.9050847457627071,2,5,1,0,0,1,8.584786417189287,0,1,0,1,0,0,0,1,0,0
0,0,0,0,42,1,0,0,1,0,0,0,0,1,49.55,49.474999999999994,0.07500000000000284,1,3,0,0,1,0,7.639618237544757,1,0,0,1,0,0,0,0,1,0
1,0,1,1,72,1,1,1,1,1,1,1,1,0,114.45,112.50763888888889,1.9423611111111114,6,9,1,0,0,0,8.99981068037861,0,1,0,0,0,1,1,0,0,0
1,0,0,0,10,0,0,0,1,0,1,0,0,0,35.75,38.980000000000004,-3.230000000000004,2,3,0,0,1,0,5.968195920168628,1,0,0,1,0,0,0,0,1,0
1,0,0,0,53,1,0,0,1,0,1,0,0,1,80.6,82.03962264150944,-1.4396226415094446,2,4,0,0,1,0,8.377724206124961,0,1,0,1,0,0,0,0,0,1
0,0,0,0,39,0,0,0,0,1,0,1,1,1,50.65,48.85641025641026,1.7935897435897417,3,4,1,0,1,0,7.552971925784532,1,0,0,1,0,0,0,1,0,0
1,0,1,1,33,1,0,0,0,0,0,0,0,1,19.45,18.189393939393938,1.2606060606060616,0,1,1,0,0,0,6.399010821419971,0,0,1,0,1,0,1,0,0,0
1,1,1,0,34,1,0,0,0,1,0,1,0,1,85.2,84.54264705882352,0.6573529411764838,2,4,1,0,0,1,7.963964462722332,0,1,0,1,0,0,0,1,0,0
0,0,0,0,10,1,1,0,0,1,0,1,1,1,100.6,106.02000000000001,-5.420000000000016,3,6,0,0,1,1,6.967155622263585,0,1,0,1,0,0,0,0,1,0
1,0,1,0,4,1,0,0,0,0,0,1,0,1,80.35,76.85,3.5,1,3,0,1,0,1,5.731397641689174,0,1,0,1,0,0,0,0,1,0
0,0,0,0,21,1,0,0,1,1,1,1,1,1,104.55,106.63809523809525,-2.0880952380952493,5,7,0,0,1,0,7.714409700335677,0,1,0,0,1,0,0,0,0,1
1,0,1,0,53,1,1,0,1,0,1,0,1,0,97.75,95.15471698113207,2.5952830188679314,3,6,1,0,0,0,8.525994347369306,0,1,0,0,1,0,1,0,0,0
1,0,1,1,30,1,1,1,1,1,1,0,0,0,67.6,66.67333333333333,0.9266666666666623,4,7,0,0,0,0,7.60150227961405,1,0,0,1,0,0,0,0,1,0
0,1,1,0,26,1,1,0,0,1,0,1,1,1,98.1,96.5653846153846,1.5346153846153925,3,6,1,0,0,1,7.828715093704554,0,1,0,1,0,0,1,0,0,0
0,0,0,0,1,0,0,0,0,0,0,0,0,0,24.6,24.6,0.0,0,1,0,1,1,0,3.242592351485517,1,0,0,1,0,0,0,0,1,0
0,1,0,0,14,0,0,0,0,0,0,1,1,1,46.35,48.050000000000004,-1.7000000000000028,2,3,0,0,1,0,6.512784907966614,1,0,0,1,0,0,0,0,1,0
1,1,0,0,18,1,1,0,0,0,0,1,1,1,95.45,97.36388888888888,-1.9138888888888772,2,5,0,0,1,1,7.4693975835734765,0,1,0,1,0,0,0,0,1,0
0,0,1,0,60,1,0,1,0,0,1,1,1,1,97.2,93.52916666666667,3.6708333333333343,4,6,0,0,0,0,8.632796074488324,0,1,0,0,0,1,0,0,1,0
0,0,1,0,64,1,1,1,1,1,1,1,1,1,115.0,115.56484375,-0.5648437499999943,6,9,0,0,0,0,8.908850069873543,0,1,0,0,1,0,0,0,1,0
1,0,1,1,45,1,1,0,1,1,0,0,1,1,95.0,97.08555555555556,-2.0855555555555583,3,6,1,0,0,1,8.38248396255773,0,1,0,0,1,0,0,1,0,0
0,0,1,1,48,0,0,1,0,1,0,0,1,0,45.0,45.75625,-0.7562500000000014,3,4,1,0,0,0,7.694984612903221,1,0,0,0,1,0,0,1,0,0
0,0,1,0,72,1,1,1,1,1,1,1,1,0,92.0,89.92222222222222,2.077777777777783,6,9,1,0,0,0,8.775765660721452,1,0,0,0,0,1,1,0,0,0
1,1,0,0,19,1,0,1,0,0,0,0,1,1,87.3,86.17368421052632,1.1263157894736793,2,4,0,0,1,0,7.401414397826217,0,1,0,1,0,0,0,0,1,0
1,0,0,0,8,1,0,0,0,0,0,0,0,1,45.15,54.8,-9.649999999999999,0,2,0,0,1,0,6.08541015995051,1,0,0,1,0,0,0,0,0,1
0,0,0,0,25,1,0,0,1,1,0,1,1,1,99.5,94.762,4.7379999999999995,4,6,0,0,1,1,7.770666330953051,0,1,0,1,0,0,0,0,1,0
1,0,0,1,47,1,0,0,0,0,0,0,0,0,20.55,21.554255319148936,-1.0042553191489354,0,1,1,0,0,0,6.921707492600141,0,0,1,0,1,0,0,1,0,0
0,0,0,0,15,1,1,0,0,0,0,0,0,1,49.1,45.30333333333333,3.796666666666674,0,3,0,0,1,0,6.522901294778083,1,0,0,1,0,0,0,0,1,0
0,0,0,0,7,1,0,0,0,0,0,0,1,1,79.3,74.73571428571428,4.564285714285717,1,3,0,0,1,1,6.261777902898582,0,1,0,1,0,0,0,0,1,0
0,0,1,0,53,1,1,1,1,1,0,0,1,0,74.1,72.33867924528302,1.7613207547169765,4,7,1,0,0,0,8.251911675906715,1,0,0,0,1,0,1,0,0,0
1,0,1,1,45,1,1,0,1,1,1,1,1,1,109.75,108.90333333333332,0.8466666666666782,5,8,1,0,0,0,8.497327162110192,0,1,0,0,0,1,1,0,0,0
0,0,0,1,26,0,0,0,0,1,0,0,0,1,29.8,30.25,-0.4499999999999993,1,2,0,0,0,0,6.668863370699788,1,0,0,1,0,0,0,0,0,1
1,0,1,1,50,1,0,0,0,0,0,0,0,1,44.8,44.617,0.18299999999999983,0,2,1,0,0,0,7.710586116941816,1,0,0,0,1,0,1,0,0,0
1,0,1,0,55,1,0,1,1,1,0,0,0,0,58.6,55.79272727272727,2.807272727272732,3,5,0,0,0,0,8.029302538932743,1,0,0,0,0,1,0,0,1,0
0,0,1,1,68,1,1,1,1,1,1,1,1,0,88.0,90.61617647058823,-2.616176470588229,6,9,1,0,0,0,8.726302724966574,1,0,0,0,0,1,0,1,0,0
1,0,0,0,2,1,0,0,0,0,0,1,0,1,80.25,72.275,7.974999999999994,1,3,0,1,1,1,4.980519670191632,0,1,0,1,0,0,0,0,1,0
1,0,0,0,25,1,1,0,0,0,0,0,1,1,84.8,81.738,3.0619999999999976,1,4,0,0,1,1,7.6228840836484695,0,1,0,1,0,0,0,0,1,0
1,1,0,0,54,0,0,0,1,1,0,1,1,1,55.45,54.943518518518516,0.5064814814814866,4,5,0,0,1,0,7.9956267577841835,1,0,0,0,1,0,0,0,1,0
0,0,1,1,47,1,0,0,0,0,0,0,0,0,20.05,21.631914893617022,-1.5819148936170215,0,1,1,0,0,0,6.925300458197886,0,0,1,0,0,1,0,1,0,0
1,0,1,0,70,1,1,0,0,0,0,0,0,0,24.25,24.630714285714287,-0.3807142857142871,0,2,1,0,0,0,7.4530692822067,0,0,1,0,0,1,1,0,0,0
0,0,0,1,1,1,1,0,0,0,0,0,0,0,24.0,24.0,0.0,0,2,0,1,0,0,3.2188758248682006,0,0,1,1,0,0,0,0,0,1
1,0,1,0,56,1,1,1,0,0,0,1,1,1,100.55,98.48125,2.0687499999999943,3,6,0,0,0,0,8.615399174332588,0,1,0,0,1,0,0,0,1,0
0,1,0,0,14,1,1,0,0,0,0,0,0,1,74.3,78.30357142857143,-4.003571428571433,0,3,0,0,1,1,7.000562328568344,0,1,0,1,0,0,0,0,1,0
0,1,1,1,72,1,1,1,1,1,1,1,1,0,92.45,89.44791666666667,3.0020833333333314,6,9,1,0,0,0,8.770477899642435,1,0,0,0,0,1,0,1,0,0
1,0,1,1,12,1,0,0,0,0,0,0,0,1,19.2,19.916666666666668,-0.7166666666666686,0,1,0,0,0,0,5.480638923341991,0,0,1,1,0,0,0,0,1,0
0,1,1,0,26,1,1,0,1,1,0,0,1,1,93.85,91.59807692307693,2.251923076923063,3,6,0,0,0,1,7.775926621667013,0,1,0,1,0,0,0,0,1,0
1,0,1,1,64,1,1,0,0,1,0,0,1,0,90.25,87.95546875,2.2945312500000057,2,5,1,0,0,1,8.635891363762832,0,1,0,0,1,0,0,1,0,0
1,0,0,0,9,1,1,0,0,0,0,0,1,0,59.9,60.266666666666666,-0.36666666666666714,1,4,0,0,1,0,6.297845696992248,1,0,0,1,0,0,0,0,0,1
1,0,1,1,24,1,0,1,1,0,1,0,1,1,70.3,71.10208333333334,-0.8020833333333428,4,6,1,0,0,0,7.4427563084393356,1,0,0,1,0,0,0,1,0,0
0,0,1,0,23,1,0,0,0,0,1,1,0,0,60.0,58.571739130434786,1.4282608695652144,2,4,1,0,0,0,7.2064885612459335,1,0,0,0,1,0,1,0,0,0
1,0,0,0,65,1,0,0,0,0,0,0,0,1,19.55,18.74846153846154,0.8015384615384598,0,1,1,0,1,0,7.106319211321956,0,0,1,0,0,1,0,1,0,0
0,0,0,0,22,1,1,0,0,0,0,0,0,0,26.25,27.54090909090909,-1.2909090909090892,0,2,0,0,1,0,6.408364032841809,0,0,1,0,0,1,0,0,0,1
1,0,0,0,7,1,0,0,0,1,1,1,0,0,64.3,63.707142857142856,0.5928571428571416,3,5,1,0,1,0,6.1024467315338615,1,0,0,1,0,0,1,0,0,0
1,0,1,1,11,1,0,0,0,0,0,0,0,0,19.65,20.522727272727273,-0.8727272727272748,0,1,0,0,0,0,5.423848088995246,0,0,1,0,0,1,0,0,0,1
1,0,1,1,67,1,0,0,0,0,0,0,0,1,20.8,21.07313432835821,-0.2731343283582106,0,1,0,0,0,0,7.253399608771762,0,0,1,0,0,1,0,0,0,1
1,0,0,0,62,0,0,1,1,1,1,0,0,1,43.7,42.230645161290326,1.4693548387096769,4,5,1,0,1,0,7.870662385484872,1,0,0,0,0,1,1,0,0,0
1,0,1,0,72,1,1,1,1,1,1,0,0,0,68.15,66.7875,1.3625000000000114,4,7,0,0,0,0,8.478389991092344,1,0,0,0,0,1,0,0,0,1
1,1,0,0,6,1,0,1,0,0,0,1,0,1,85.15,83.93333333333334,1.2166666666666686,2,4,1,1,1,0,6.223766036206958,0,1,0,1,0,0,1,0,0,0
0,0,0,0,7,1,1,0,0,0,1,1,1,1,74.65,74.44285714285715,0.20714285714285552,3,6,0,0,1,0,6.257859140416507,1,0,0,1,0,0,0,0,1,0
0,0,0,0,47,0,0,1,0,1,1,0,0,0,41.9,39.898936170212764,2.0010638297872347,3,4,0,0,1,0,7.5370303829476715,1,0,0,0,0,1,0,0,0,1
1,0,1,1,16,1,0,1,0,1,0,1,0,0,64.25,64.0,0.25,3,5,0,0,0,0,6.932447891572509,1,0,0,0,0,1,0,0,0,1
1,0,0,1,32,1,0,0,0,0,0,0,0,0,20.5,21.775,-1.2749999999999986,0,1,0,0,0,0,6.547932528752674,0,0,1,0,0,1,0,0,0,1
0,0,1,0,36,1,0,0,0,0,0,0,1,0,80.4,81.60138888888889,-1.2013888888888857,1,3,0,0,0,1,7.985705571202151,0,1,0,1,0,0,0,0,1,0
0,1,1,0,15,1,1,0,0,1,1,0,0,1,83.05,83.88666666666667,-0.8366666666666731,2,5,0,0,0,0,7.138311290011801,0,1,0,1,0,0,0,0,1,0
0,0,0,0,47,1,0,1,0,0,0,0,0,0,75.45,75.42765957446808,0.022340425531922392,1,3,1,0,1,0,8.17360368702614,0,1,0,1,0,0,0,1,0,0
1,0,0,0,9,1,0,0,0,0,0,0,0,0,70.05,73.05555555555556,-3.00555555555556,0,2,0,0,1,1,6.489964521183336,0,1,0,1,0,0,0,0,0,1
0,1,1,1,71,1,1,1,1,0,0,1,0,0,69.2,70.17605633802818,-0.9760563380281724,3,6,0,0,0,0,8.513887734407511,1,0,0,0,1,0,0,0,1,0
1,0,0,0,14,1,0,0,0,0,0,0,0,0,19.6,21.457142857142856,-1.857142857142854,0,1,1,0,1,0,5.708438286192395,0,0,1,1,0,0,0,1,0,0
0,0,0,0,48,1,1,0,1,1,0,1,1,1,107.4,106.69375000000001,0.7062499999999972,4,7,1,0,1,1,8.541358835915018,0,1,0,1,0,0,1,0,0,0
1,0,1,1,7,1,0,1,0,0,0,1,1,0,69.7,73.73571428571428,-4.035714285714278,3,5,1,0,0,0,6.248332967823813,1,0,0,1,0,0,0,1,0,0
0,0,0,0,12,0,0,1,0,0,1,0,0,1,33.6,36.2875,-2.6875,2,3,0,0,1,0,6.078673821181359,1,0,0,0,1,0,0,0,0,1
1,0,0,1,13,1,0,0,0,0,0,1,1,0,66.4,63.98076923076923,2.419230769230772,2,4,1,0,0,0,6.724733477073789,1,0,0,1,0,0,0,1,0,0
0,0,1,1,17,1,0,1,0,0,1,1,0,0,91.85,92.61470588235295,-0.7647058823529562,3,5,0,0,0,0,7.362296224736894,0,1,0,1,0,0,0,0,1,0
0,0,1,1,54,1,1,1,1,0,0,1,1,1,104.1,104.55185185185185,-0.45185185185185617,4,7,1,0,0,0,8.638844292010045,0,1,0,1,0,0,1,0,0,0
1,1,1,1,58,1,1,1,1,0,1,0,0,1,89.85,88.375,1.4749999999999943,3,6,1,0,0,0,8.542227209135879,0,1,0,0,1,0,1,0,0,0
1,0,1,0,61,1,1,0,1,1,0,1,1,0,80.9,80.86065573770492,0.03934426229508858,4,7,1,0,0,0,8.503803954297222,1,0,0,0,0,1,1,0,0,0
1,0,0,0,69,1,1,0,0,1,1,1,1,1,106.5,106.50434782608696,-0.004347826086956275,4,7,1,0,1,0,8.902428380952307,0,1,0,0,0,1,1,0,0,0
1,1,1,1,10,0,0,0,0,0,0,0,1,1,34.55,36.260000000000005,-1.710000000000008,1,2,1,0,0,0,5.896054362303324,1,0,0,1,0,0,1,0,0,0
1,0,1,1,67,1,1,0,1,1,1,1,1,1,111.2,112.4,-1.2000000000000028,5,8,1,0,0,0,8.926889336052218,0,1,0,0,0,1,1,0,0,0
1,0,1,0,17,1,0,0,0,1,0,1,1,1,96.65,93.42647058823529,3.2235294117647157,3,5,1,0,0,1,7.371017485816518,0,1,0,0,1,0,1,0,0,0
0,0,1,1,62,0,0,1,1,0,1,1,0,0,48.7,48.525000000000006,0.17499999999999716,4,5,1,0,0,0,8.009545844905304,1,0,0,0,0,1,1,0,0,0
0,0,0,0,62,1,1,0,0,0,0,0,0,1,25.8,25.225,0.5749999999999993,0,2,1,0,1,0,7.355609153582088,0,0,1,0,0,1,0,1,0,0
0,0,1,1,25,0,0,1,1,1,0,1,1,1,58.6,60.106,-1.5060000000000002,5,6,1,0,0,0,7.315650764662011,1,0,0,1,0,0,0,1,0,0
1,0,0,0,19,1,0,0,0,0,0,0,0,1,19.95,19.657894736842106,0.2921052631578931,0,1,0,0,1,0,5.925591802957274,0,0,1,0,0,1,0,0,0,1
0,0,0,0,4,1,1,0,1,0,0,0,1,1,88.95,88.8,0.15000000000000568,2,5,0,1,1,1,5.875492370855561,0,1,0,1,0,0,0,0,1,0
1,0,0,0,9,1,0,0,0,1,0,0,0,1,73.8,78.25555555555555,-4.455555555555549,1,3,0,0,1,1,6.558623244214133,0,1,0,1,0,0,0,0,1,0
1,1,1,0,55,1,1,0,1,1,1,1,1,1,113.6,114.41272727272727,-0.8127272727272725,5,8,0,0,0,0,8.74730441204604,0,1,0,0,0,1,0,0,1,0
1,0,1,0,3,0,0,0,0,0,1,0,0,1,29.9,30.75,-0.8500000000000014,1,2,0,1,0,0,4.535284058523925,1,0,0,1,0,0,0,0,1,0
1,0,0,0,42,1,1,0,1,0,0,1,1,1,101.75,101.74880952380951,0.0011904761904872885,3,6,0,0,1,1,8.36041071812334,0,1,0,1,0,0,0,0,1,0
0,0,1,1,6,1,0,0,0,0,0,1,0,0,54.85,59.18333333333334,-4.333333333333336,1,3,0,1,0,0,5.875211590283732,1,0,0,1,0,0,0,0,1,0
1,0,0,0,3,1,0,0,0,1,0,0,0,1,49.15,56.35,-7.200000000000003,1,3,0,1,1,0,5.136092511453205,1,0,0,1,0,0,0,0,1,0
1,0,1,0,49,1,0,0,1,0,0,1,0,1,85.3,87.71326530612245,-2.4132653061224545,2,4,1,0,0,1,8.366126085816875,0,1,0,1,0,0,0,1,0,0
1,0,1,1,64,1,1,1,1,1,0,0,0,1,91.8,93.1328125,-1.3328125000000028,3,6,0,0,0,0,8.693077406246188,0,1,0,1,0,0,0,0,1,0
1,0,0,1,48,1,1,1,0,1,0,1,1,1,78.75,76.71770833333333,2.0322916666666657,4,7,1,0,0,0,8.211605091984318,1,0,0,0,1,0,0,1,0,0
0,0,1,0,35,1,0,0,1,0,1,0,0,0,56.85,53.17428571428571,3.6757142857142924,2,4,0,0,0,0,7.529460162087717,1,0,0,1,0,0,0,0,1,0
1,0,0,0,62,1,1,0,0,1,0,1,1,1,96.75,98.79677419354839,-2.046774193548387,3,6,0,0,1,1,8.72036258072303,0,1,0,0,1,0,0,0,1,0
1,0,1,1,49,1,0,0,1,1,0,1,0,1,90.4,91.72755102040816,-1.3275510204081513,3,5,1,0,0,1,8.410865541568205,0,1,0,1,0,0,0,1,0,0
0,1,1,0,20,1,0,0,1,0,0,0,1,1,60.0,62.967499999999994,-2.967499999999994,2,4,0,0,0,0,7.139144739150198,1,0,0,1,0,0,0,0,1,0
0,1,1,0,43,1,1,1,0,1,1,1,1,1,109.55,112.3313953488372,-2.781395348837208,5,8,0,0,0,0,8.482860512335732,0,1,0,0,1,0,0,0,0,1
0,0,0,0,12,1,0,0,0,0,0,0,0,1,45.05,43.59166666666667,1.4583333333333286,0,2,0,0,1,0,6.26168250580812,1,0,0,1,0,0,0,0,1,0
1,0,1,0,22,1,0,1,0,0,1,0,0,1,54.2,52.39545454545455,1.8045454545454547,2,4,0,0,0,0,7.050729447933244,1,0,0,1,0,0,0,0,1,0
1,0,0,0,4,0,0,1,1,0,1,0,0,0,42.4,36.6,5.799999999999997,3,4,0,1,1,0,4.993149979755236,1,0,0,1,0,0,0,0,0,1
0,0,1,1,72,1,1,0,0,0,0,0,0,0,24.25,24.78472222222222,-0.5347222222222214,0,2,1,0,0,0,7.487453767034503,0,0,1,0,0,1,0,1,0,0
0,0,0,0,39,1,1,0,1,1,0,1,1,1,103.45,102.42179487179487,1.0282051282051299,4,7,0,0,1,1,8.292911492657877,0,1,0,1,0,0,0,0,1,0
1,1,1,0,17,1,0,0,0,0,0,0,1,0,81.5,78.18823529411765,3.3117647058823536,1,3,1,0,0,1,7.193084585850321,0,1,0,1,0,0,1,0,0,0
0,0,1,1,39,1,0,0,0,0,0,0,0,1,19.85,21.91794871794872,-2.067948717948717,0,1,1,0,0,0,6.752036703982716,0,0,1,0,0,1,1,0,0,0
0,0,1,1,67,1,0,1,1,1,0,0,0,0,84.8,83.55671641791045,1.2432835820895463,3,5,1,0,0,0,8.63039686891009,0,1,0,0,1,0,1,0,0,0
1,0,1,1,47,1,1,0,1,0,0,1,1,1,99.35,101.04574468085106,-1.695744680851064,3,6,0,0,0,1,8.46593147547745,0,1,0,1,0,0,0,0,1,0
1,0,0,0,38,1,1,1,1,0,0,1,1,1,104.85,102.29605263157895,2.553947368421049,4,7,0,0,1,0,8.26571446392467,0,1,0,0,1,0,0,0,1,0
1,0,0,1,1,1,0,0,0,0,0,0,0,0,19.75,19.75,0.0,0,1,0,1,0,0,3.0325462466767075,0,0,1,1,0,0,0,0,0,1
1,0,0,0,11,1,0,0,0,1,0,0,0,0,72.9,74.40454545454546,-1.5045454545454504,1,3,0,0,1,1,6.708633383509836,0,1,0,1,0,0,0,0,1,0
0,0,0,0,3,1,0,0,0,0,0,1,0,1,79.4,81.55,-2.1499999999999915,1,3,0,1,1,1,5.503907758614657,0,1,0,1,0,0,0,0,1,0
1,0,0,0,69,1,1,1,1,1,1,0,1,1,81.5,80.48188405797102,1.0181159420289845,5,8,1,0,1,0,8.622318679457237,1,0,0,0,0,1,0,1,0,0
1,1,0,0,9,1,1,0,1,0,0,1,1,1,99.45,102.15555555555555,-2.7055555555555486,3,6,1,0,1,1,6.824808358161211,0,1,0,1,0,0,0,1,0,0
0,0,0,0,35,1,1,0,0,0,1,0,0,0,80.05,81.02571428571429,-0.9757142857142895,1,4,1,0,1,0,7.950467185685669,0,1,0,1,0,0,0,1,0,0
1,0,0,0,66,1,0,0,0,0,0,0,0,0,19.7,18.996969696969696,0.7030303030303031,0,1,1,0,1,0,7.1347314763165235,0,0,1,0,0,1,1,0,0,0
0,0,0,0,4,0,0,0,0,0,0,0,0,1,24.25,24.0125,0.2375000000000007,0,1,0,1,1,0,4.57522630961502,1,0,0,1,0,0,0,0,0,1
1,1,1,0,71,1,0,1,1,0,1,1,0,1,71.0,70.59295774647887,0.40704225352112644,4,6,1,0,0,0,8.519809765199392,1,0,0,0,1,0,1,0,0,0
0,0,1,0,64,1,1,0,1,1,1,1,1,1,111.15,108.646875,2.5031250000000114,5,8,0,0,0,0,8.847129831764855,0,1,0,1,0,0,0,0,1,0
0,0,0,1,35,1,0,0,0,0,0,0,0,1,20.1,18.414285714285715,1.6857142857142868,0,1,1,0,0,0,6.470025210286697,0,0,1,0,1,0,0,1,0,0
0,0,1,1,24,1,0,0,0,0,0,0,0,0,19.9,22.229166666666668,-2.3291666666666693,0,1,0,0,0,0,6.2813317304651,0,0,1,0,1,0,0,0,0,1
0,0,1,1,61,0,0,0,1,1,1,1,0,0,51.35,53.18688524590164,-1.836885245901641,4,5,1,0,0,0,8.084993888105437,1,0,0,0,0,1,0,1,0,0
1,0,0,0,1,1,0,0,0,0,0,1,1,1,89.1,89.1,0.0,2,4,0,1,1,1,4.500920164614292,0,1,0,1,0,0,0,0,1,0
0,0,1,1,23,1,1,1,0,0,0,0,0,0,81.85,78.73260869565217,3.1173913043478194,1,4,1,0,0,0,7.502103701719397,0,1,0,0,1,0,0,1,0,0
0,0,0,1,10,1,1,1,0,1,1,0,1,0,73.55,69.33,4.219999999999999,4,7,1,0,0,0,6.542904143759228,1,0,0,0,1,0,0,1,0,0
0,0,0,0,25,1,1,0,0,0,0,1,0,1,84.6,83.522,1.0779999999999887,1,4,0,0,1,1,7.644464696167211,0,1,0,1,0,0,0,0,0,1
0,0,1,0,55,1,0,1,0,0,0,1,1,1,94.75,95.92909090909092,-1.1790909090909167,3,5,0,0,0,0,8.571131983387192,0,1,0,0,1,0,0,0,1,0
0,0,0,0,6,1,0,0,0,0,0,0,0,0,20.7,18.791666666666668,1.9083333333333314,0,1,0,1,1,0,4.7340030578310595,0,0,1,1,0,0,0,0,0,1
0,1,1,0,66,1,1,0,0,1,1,1,1,1,105.95,105.68560606060606,0.2643939393939405,4,7,1,0,0,0,8.850266802102643,0,1,0,0,1,0,0,1,0,0
1,0,0,0,8,1,0,0,0,0,0,0,0,1,70.1,68.91875,1.1812499999999915,0,2,0,0,1,1,6.314181903318284,0,1,0,1,0,0,0,0,0,1
1,0,0,0,34,1,0,0,0,0,0,0,0,0,19.7,19.870588235294118,-0.17058823529411882,0,1,0,0,1,0,6.517080256346608,0,0,1,1,0,0,0,0,0,1
0,0,1,1,25,1,1,0,0,1,0,0,1,1,89.1,94.736,-5.63600000000001,2,5,0,0,0,1,7.770392037520659,0,1,0,1,0,0,0,0,1,0
0,1,1,1,14,1,1,0,0,0,0,1,1,1,95.8,96.16428571428571,-0.3642857142857139,2,5,0,0,0,1,7.205857868761802,0,1,0,1,0,0,0,0,1,0
1,0,0,0,20,1,1,0,0,1,0,1,0,1,90.7,89.0675,1.6325000000000074,2,5,1,0,1,1,7.485687997274867,0,1,0,1,0,0,0,1,0,0
1,0,0,0,3,1,0,0,0,0,0,0,0,1,19.1,17.683333333333334,1.4166666666666679,0,1,0,1,1,0,3.9899095440852173,0,0,1,1,0,0,0,0,0,1
1,0,1,1,71,1,1,1,0,1,0,1,1,0,105.55,104.30281690140845,1.2471830985915489,4,7,0,0,0,0,8.910113272022107,0,1,0,0,0,1,0,0,1,0
1,1,0,0,71,1,1,0,1,0,1,1,1,1,106.8,107.36901408450704,-0.5690140845070459,4,7,0,0,1,0,8.939082677938543,0,1,0,0,0,1,0,0,1,0
0,0,1,0,1,1,0,1,1,0,0,0,0,1,53.55,53.55,0.0,2,4,0,1,0,0,3.9991177122790798,1,0,0,1,0,0,0,0,0,1
0,0,0,0,36,0,0,0,1,0,1,0,0,1,34.85,35.2,-0.3500000000000014,2,3,1,0,1,0,7.145353851265932,1,0,0,1,0,0,1,0,0,0
0,0,1,0,37,1,1,0,1,0,1,0,1,0,72.1,71.84864864864865,0.2513513513513459,3,6,0,0,0,0,7.885855812422606,1,0,0,0,1,0,0,0,0,1
1,0,0,0,26,1,1,0,0,0,1,0,0,1,80.5,80.33846153846154,0.16153846153845564,1,4,0,0,1,0,7.644823646600011,0,1,0,1,0,0,0,0,1,0
0,0,0,0,35,1,0,0,0,0,0,0,0,0,20.75,20.012857142857143,0.7371428571428567,0,1,0,0,1,0,6.553149621164781,0,0,1,0,1,0,0,0,0,1
0,0,0,0,1,1,0,0,0,0,0,0,0,0,20.35,20.35,0.0,0,1,0,1,1,0,3.0610517396746335,0,0,1,1,0,0,0,0,0,1
0,0,1,0,49,1,0,0,0,0,0,0,0,0,19.0,18.748979591836736,0.25102040816326365,0,1,1,0,0,0,6.824047529908652,0,0,1,0,1,0,0,1,0,0
1,0,1,1,8,1,0,0,0,0,0,0,0,0,44.65,46.14375,-1.4937499999999986,0,2,1,0,0,0,5.913908328889107,1,0,0,1,0,0,1,0,0,0
0,0,0,0,13,0,0,1,0,0,0,0,0,1,30.85,30.315384615384616,0.5346153846153854,1,2,1,0,1,0,5.979138897417345,1,0,0,1,0,0,1,0,0,0
1,0,1,1,72,1,1,1,1,1,1,1,1,0,114.55,115.36180555555555,-0.8118055555555515,6,9,1,0,0,0,9.024859830841061,0,1,0,0,0,1,1,0,0,0
1,0,0,0,1,1,0,0,0,0,0,0,0,0,19.55,19.55,0.0,0,1,0,1,1,0,3.022860940942244,0,0,1,1,0,0,0,0,0,1
1,0,1,1,46,1,0,0,0,0,0,0,0,0,19.75,18.619565217391305,1.1304347826086953,0,1,1,0,0,0,6.754021179040095,0,0,1,0,0,1,0,1,0,0
1,0,1,1,39,1,0,1,0,1,1,1,1,0,80.0,81.61410256410257,-1.6141025641025664,5,7,1,0,0,0,8.065877843323385,1,0,0,0,1,0,0,1,0,0
0,0,0,0,28,0,0,0,0,1,1,0,0,1,35.75,34.33571428571428,1.4142857142857181,2,3,0,0,1,0,6.869430164660469,1,0,0,1,0,0,0,0,0,1
1,0,1,1,71,1,0,0,0,0,0,0,0,0,19.45,19.414788732394367,0.0352112676056322,0,1,0,0,0,0,7.229440147984164,0,0,1,0,0,1,0,0,0,1
0,0,1,1,70,0,0,0,1,1,1,1,1,1,58.4,58.75928571428571,-0.3592857142857113,5,6,1,0,0,0,8.32218753041356,1,0,0,0,1,0,1,0,0,0
0,1,1,0,70,1,1,1,1,1,1,1,1,1,92.2,92.49214285714285,-0.29214285714284927,6,9,1,0,0,0,8.775773382222358,1,0,0,0,0,1,1,0,0,0
0,0,1,0,72,1,1,0,0,0,0,0,0,0,24.85,25.997916666666665,-1.1479166666666636,0,2,1,0,0,0,7.535216613812627,0,0,1,0,0,1,0,1,0,0
0,0,0,0,4,0,0,1,1,0,0,0,0,1,33.65,34.4625,-0.8125,2,3,0,1,1,0,4.933394213752808,1,0,0,1,0,0,0,0,1,0
1,0,1,1,7,0,0,1,1,1,0,0,0,0,38.55,40.0,-1.4500000000000028,3,4,0,0,0,0,5.638354669333745,1,0,0,0,0,1,0,0,0,1
0,0,0,0,1,1,0,0,0,0,0,0,0,1,44.1,44.1,0.0,0,2,0,1,1,0,3.8088822465086327,1,0,0,1,0,0,0,0,1,0
0,0,0,0,27,1,0,0,0,1,1,0,1,1,89.2,88.28148148148148,0.9185185185185247,3,5,0,0,1,0,7.7767866743720315,0,1,0,1,0,0,0,0,1,0
0,0,0,0,12,1,1,0,0,0,0,1,1,1,94.2,87.175,7.025000000000006,2,5,0,0,1,1,6.953779717293417,0,1,0,1,0,0,0,0,1,0
0,1,1,0,5,1,0,0,0,0,0,0,0,1,69.35,68.32000000000001,1.029999999999987,0,2,0,1,0,1,5.83656358589002,0,1,0,1,0,0,0,0,1,0
0,0,0,0,1,1,0,1,0,0,0,0,0,1,48.45,48.45,0.0,1,3,1,1,1,0,3.900962058068721,1,0,0,1,0,0,1,0,0,0
0,0,0,0,1,1,0,0,0,0,0,0,0,1,70.15,70.15,0.0,0,2,0,1,1,1,4.264790324535862,0,1,0,1,0,0,0,0,0,1
1,0,0,0,24,1,0,0,0,1,0,0,0,1,49.7,48.65833333333333,1.0416666666666714,1,3,0,0,1,0,7.06373286043649,1,0,0,1,0,0,0,0,0,1
1,0,1,0,57,1,0,1,1,0,1,0,0,1,59.75,60.52894736842106,-0.7789473684210577,3,5,0,0,0,0,8.146462787815526,1,0,0,0,0,1,0,0,1,0
1,0,0,0,6,1,0,0,0,0,0,0,0,0,20.6,19.433333333333334,1.1666666666666679,0,1,0,1,1,0,4.767289035464526,0,0,1,0,1,0,0,0,0,1
0,0,0,0,15,1,0,0,1,1,0,1,1,1,101.25,97.15,4.099999999999994,4,6,0,0,1,1,7.284992365633747,0,1,0,1,0,0,0,0,1,0
1,0,0,0,18,1,1,1,0,0,0,0,0,0,56.25,53.88055555555556,2.36944444444444,1,4,0,0,1,0,6.878171976440463,1,0,0,1,0,0,0,0,0,1
1,0,0,0,13,1,0,0,1,1,0,0,0,1,79.8,74.88076923076923,4.919230769230765,2,4,0,0,1,1,6.881873209268033,0,1,0,1,0,0,0,0,1,0
1,0,1,1,12,1,0,1,0,0,0,0,0,1,49.2,47.59583333333333,1.6041666666666714,1,3,0,0,0,0,6.349401194763724,1,0,0,1,0,0,0,0,1,0
1,0,1,1,68,1,1,0,1,0,0,1,1,1,101.05,99.56617647058823,1.4838235294117652,3,6,1,0,0,1,8.820477907095427,0,1,0,0,1,0,0,1,0,0
1,0,0,0,26,1,0,0,0,1,1,1,1,1,98.65,97.57692307692308,1.0730769230769255,4,6,0,0,1,0,7.839131648274333,0,1,0,1,0,0,0,0,1,0
1,0,1,1,58,1,1,1,1,1,1,0,0,0,71.6,72.9353448275862,-1.335344827586212,4,7,1,0,0,0,8.350252736660584,1,0,0,0,0,1,0,1,0,0
1,1,1,0,70,1,1,0,1,1,0,1,1,1,104.8,104.41357142857143,0.3864285714285671,4,7,0,0,0,1,8.89699171277515,0,1,0,0,1,0,0,0,1,0
1,1,0,0,60,1,1,1,1,0,0,0,1,1,71.75,72.90916666666666,-1.159166666666664,3,6,0,0,1,0,8.38378750517605,1,0,0,0,1,0,0,0,1,0
1,0,1,1,21,1,1,1,0,0,0,1,1,1,75.9,73.79761904761905,2.1023809523809547,3,6,1,0,0,0,7.346493963853227,1,0,0,0,1,0,1,0,0,0
0,0,1,1,5,1,1,0,0,0,0,0,0,1,24.3,26.45,-2.1499999999999986,0,2,0,1,0,0,4.892227063045954,0,0,1,1,0,0,0,0,0,1
0,0,0,1,41,1,1,0,1,0,0,1,0,1,88.5,88.90365853658537,-0.4036585365853682,2,5,1,0,0,1,8.201399668803381,0,1,0,1,0,0,1,0,0,0
1,0,0,0,69,1,1,1,1,1,1,1,1,0,90.65,91.62463768115943,-0.9746376811594217,6,9,0,0,1,0,8.751964873211111,1,0,0,0,0,1,0,0,0,1
0,0,1,0,70,1,1,0,1,1,1,1,1,1,84.8,84.53642857142857,0.26357142857142435,5,8,1,0,0,0,8.685846765444772,1,0,0,0,0,1,1,0,0,0
0,0,0,0,54,1,1,1,0,1,0,1,1,1,103.95,104.42685185185185,-0.47685185185184764,4,7,1,0,1,0,8.637648209701036,0,1,0,0,1,0,1,0,0,0
0,0,0,0,66,0,0,1,1,1,1,0,0,1,47.4,48.140151515151516,-0.740151515151517,4,5,0,0,1,0,8.064086009830232,1,0,0,0,0,1,0,0,0,1
1,0,0,1,15,1,0,0,0,1,1,0,0,0,55.2,57.63666666666666,-2.4366666666666603,2,4,1,0,0,0,6.763365143022739,1,0,0,0,1,0,0,1,0,0
1,0,0,0,13,1,0,0,0,0,0,0,0,1,70.15,71.67307692307692,-1.5230769230769141,0,2,0,0,1,1,6.838137212101267,0,1,0,1,0,0,0,0,1,0
1,0,1,0,52,1,1,1,0,1,1,0,0,1,91.6,88.99615384615385,2.603846153846149,3,6,1,0,0,0,8.440052934221871,0,1,0,0,0,1,0,1,0,0
0,0,0,0,1,1,0,0,0,0,0,0,0,0,19.75,19.75,0.0,0,1,0,1,1,0,3.0325462466767075,0,0,1,1,0,0,0,0,0,1
0,0,0,1,2,1,0,0,1,0,0,0,0,0,51.55,53.1,-1.5500000000000043,1,3,0,1,0,0,4.674696248636701,1,0,0,1,0,0,0,0,0,1
1,0,1,1,68,1,0,1,1,0,1,1,1,0,82.85,84.94779411764705,-2.097794117647055,5,7,1,0,0,0,8.661717687848864,1,0,0,0,0,1,1,0,0,0
1,0,0,0,2,0,0,0,0,1,0,1,1,1,49.25,45.175,4.075000000000003,3,4,0,1,1,0,4.514698282824016,1,0,0,1,0,0,0,0,1,0
0,0,0,0,32,1,1,0,1,0,0,0,0,1,54.2,54.3625,-0.16249999999999432,1,4,0,0,1,0,7.461985160355414,1,0,0,1,0,0,0,0,1,0
1,0,0,0,5,1,0,0,0,0,0,0,1,0,78.75,85.27000000000001,-6.52000000000001,1,3,0,1,1,1,6.057603349612027,0,1,0,1,0,0,0,0,0,1
0,0,0,0,1,1,0,0,0,0,0,0,0,1,45.4,45.4,0.0,0,2,0,1,1,0,3.8372994592322094,1,0,0,1,0,0,0,0,0,1
1,1,1,1,22,0,0,1,0,0,0,0,1,0,40.05,40.00909090909091,0.04090909090908923,2,3,0,0,0,0,6.781284614928188,1,0,0,1,0,0,0,0,0,1
0,1,1,0,23,1,0,1,0,0,0,1,1,1,95.1,101.13260869565218,-6.032608695652186,3,5,0,0,0,0,7.752356649964447,0,1,0,1,0,0,0,0,1,0
0,0,0,0,2,1,0,0,1,0,1,0,0,1,55.05,51.375,3.674999999999997,2,4,1,1,1,0,4.641984159110808,1,0,0,1,0,0,0,1,0,0
0,0,0,0,4,1,0,0,0,0,0,0,0,0,20.95,21.375,-0.4250000000000007,0,1,1,1,1,0,4.460144413937834,0,0,1,1,0,0,1,0,0,0
0,0,0,0,1,1,0,1,0,0,0,0,0,0,50.15,50.15,0.0,1,3,0,1,1,0,3.9347624923976356,1,0,0,1,0,0,0,0,1,0
1,1,1,0,48,1,1,0,0,1,0,0,1,1,91.05,91.05729166666667,-0.007291666666674246,2,5,1,0,0,1,8.382918665593769,0,1,0,1,0,0,0,1,0,0
1,0,0,0,5,1,0,0,1,0,0,0,0,1,51.35,52.46,-1.1099999999999994,1,3,0,1,1,0,5.573294066502264,1,0,0,1,0,0,0,0,1,0
0,1,0,0,49,1,0,0,0,0,0,0,0,0,43.8,42.98061224489796,0.819387755102035,0,2,0,0,1,0,7.653044143945029,1,0,0,1,0,0,0,0,0,1
0,0,0,0,5,1,1,0,1,0,0,1,0,1,90.8,91.1,-0.29999999999999716,2,5,0,1,1,1,6.1235887000350235,0,1,0,1,0,0,0,0,1,0
1,0,1,0,35,1,1,0,0,0,1,1,0,1,91.5,92.46714285714286,-0.9671428571428606,2,5,1,0,0,0,8.082510372888098,0,1,0,1,0,0,0,1,0,0
1,0,0,0,1,1,0,0,0,0,0,1,1,1,90.55,90.55,0.0,2,4,0,1,1,1,4.51688527112052,0,1,0,1,0,0,0,0,1,0
1,0,1,1,72,1,1,1,1,1,1,1,1,1,114.3,111.92430555555556,2.3756944444444343,6,9,1,0,0,0,8.994613002676543,0,1,0,0,0,1,0,1,0,0
1,0,0,0,4,1,0,0,0,0,0,0,0,0,19.7,29.45,-9.75,0,1,0,1,1,0,4.777441406928545,0,0,1,0,1,0,0,0,0,1
0,0,0,0,26,1,1,0,0,1,0,1,1,1,100.5,99.99807692307692,0.5019230769230774,3,6,1,0,1,1,7.8636320418882555,0,1,0,1,0,0,1,0,0,0
0,0,0,0,51,1,0,0,0,0,0,1,1,0,87.55,87.7627450980392,-0.21274509803920694,2,4,1,0,1,1,8.406686121605532,0,1,0,0,1,0,0,1,0,0
1,0,1,0,15,1,1,0,0,1,1,1,1,1,103.45,102.65333333333334,0.7966666666666669,4,7,0,0,0,0,7.3400570410438615,0,1,0,1,0,0,0,0,1,0
1,1,1,0,30,1,0,0,1,0,0,0,0,1,50.4,50.916666666666664,-0.5166666666666657,1,3,1,0,0,0,7.33204214133089,1,0,0,1,0,0,1,0,0,0
0,0,1,1,64,1,1,0,1,1,1,1,1,1,111.45,113.54609375,-2.0960937499999943,5,8,0,0,0,0,8.891229550020741,0,1,0,0,1,0,0,0,1,0
1,1,1,0,69,1,1,0,1,0,0,1,0,1,89.95,89.03115942028985,0.9188405797101495,2,5,0,0,0,1,8.72325568859199,0,1,0,1,0,0,0,0,1,0
0,0,0,0,9,1,0,0,0,0,0,0,0,0,69.05,72.38888888888889,-3.3388888888888886,0,2,0,0,1,1,6.480811139196849,0,1,0,1,0,0,0,0,1,0
1,0,1,1,63,1,0,0,0,0,0,0,0,0,19.7,20.2515873015873,-0.5515873015873005,0,1,0,0,0,0,7.152151386329798,0,0,1,0,0,1,0,0,0,1
1,0,1,0,66,1,1,1,1,1,1,1,1,0,91.7,92.0590909090909,-0.35909090909089514,6,9,1,0,0,0,8.712249976512057,1,0,0,0,0,1,1,0,0,0
0,0,1,0,55,1,1,1,1,0,1,0,0,1,66.05,62.947272727272725,3.1027272727272717,3,6,1,0,0,0,8.149919420682004,1,0,0,0,1,0,0,1,0,0
0,0,1,1,60,1,1,1,1,1,1,1,1,0,115.25,112.64083333333333,2.609166666666667,6,9,1,0,0,0,8.818696804780283,0,1,0,0,0,1,0,1,0,0
1,0,0,0,12,1,0,0,0,0,0,0,0,1,45.4,43.24166666666667,2.1583333333333314,0,2,1,0,1,0,6.25363648538967,1,0,0,1,0,0,1,0,0,0
1,0,1,0,23,1,0,1,0,0,0,0,1,1,59.95,61.130434782608695,-1.1804347826086925,2,4,1,0,0,0,7.249215057114389,1,0,0,1,0,0,1,0,0,0
1,0,0,0,49,1,1,0,1,1,0,1,1,1,103.7,102.78163265306122,0.9183673469387799,4,7,1,0,1,1,8.524625503233533,0,1,0,1,0,0,1,0,0,0
1,0,1,1,72,0,0,1,0,1,1,1,0,0,48.9,48.986111111111114,-0.08611111111111569,4,5,0,0,0,0,8.168486417126681,1,0,0,0,0,1,0,0,0,1
0,1,1,0,50,1,1,0,1,0,0,1,0,1,88.05,87.34700000000001,0.7029999999999887,2,5,0,0,0,1,8.382140642419776,0,1,0,1,0,0,0,0,1,0
1,0,1,1,67,1,0,0,1,1,1,1,1,0,103.15,102.91791044776119,0.23208955223881844,5,7,1,0,0,0,8.838769315515574,0,1,0,0,0,1,1,0,0,0
1,0,0,0,5,1,0,1,0,1,0,0,0,1,55.8,54.870000000000005,0.9299999999999926,2,4,0,1,1,0,5.618043015708491,1,0,0,1,0,0,0,0,0,1
0,1,0,0,8,1,0,0,1,0,0,1,0,1,87.1,89.2,-2.1000000000000085,2,4,0,0,1,1,6.571722945589309,0,1,0,1,0,0,0,0,1,0
0,0,0,0,46,1,0,0,1,1,1,1,1,1,104.4,106.61304347826086,-2.2130434782608575,5,7,1,0,1,0,8.498051145887871,0,1,0,0,0,1,1,0,0,0
0,0,1,1,48,1,0,0,0,0,0,0,0,0,20.2,21.401041666666668,-1.2010416666666686,0,1,1,0,0,0,6.935613607110533,0,0,1,0,0,1,1,0,0,0
1,0,1,1,72,1,1,0,0,0,0,0,0,0,24.75,24.577777777777776,0.17222222222222427,0,2,1,0,0,0,7.479073751176949,0,0,1,0,0,1,1,0,0,0
1,0,0,0,46,1,0,0,0,0,0,0,0,0,19.95,19.718478260869563,0.23152173913043583,0,1,0,0,1,0,6.811299443164508,0,0,1,0,0,1,0,0,1,0
0,0,1,1,33,1,0,0,0,1,0,1,1,1,93.8,94.68181818181819,-0.8818181818181898,3,5,0,0,0,1,8.047349549371868,0,1,0,0,1,0,0,0,1,0
1,0,0,1,9,1,0,0,1,0,0,0,0,1,50.1,53.78333333333333,-3.68333333333333,1,3,0,0,0,0,6.184251978407293,1,0,0,1,0,0,0,0,1,0
1,0,0,0,5,0,0,1,1,1,1,0,0,1,43.25,43.8,-0.5499999999999972,4,5,0,1,1,0,5.393627546352362,1,0,0,1,0,0,0,0,0,1
1,0,0,1,36,1,0,0,1,0,0,1,1,1,94.7,97.56944444444444,-2.86944444444444,3,5,0,0,0,1,8.164367970632252,0,1,0,1,0,0,0,0,1,0
0,0,1,1,70,1,1,1,1,1,1,1,1,1,114.2,110.34142857142857,3.8585714285714374,6,9,1,0,0,0,8.95220415669834,0,1,0,0,0,1,1,0,0,0
0,0,0,0,12,1,0,0,0,0,0,0,0,1,19.35,18.279166666666665,1.0708333333333364,0,1,1,0,1,0,5.395217191287996,0,0,1,0,1,0,1,0,0,0
1,0,0,0,26,1,0,0,0,0,0,0,0,0,19.8,17.588461538461537,2.2115384615384635,0,1,1,0,1,0,6.127523991515078,0,0,1,0,1,0,0,1,0,0
0,0,0,0,5,1,0,0,1,0,1,0,1,1,89.35,92.34,-2.990000000000009,3,5,0,1,1,0,6.137078895912954,0,1,0,1,0,0,0,0,1,0
0,0,1,1,12,1,0,0,0,0,0,0,0,1,20.1,19.366666666666667,0.7333333333333343,0,1,1,0,0,0,5.452753719852455,0,0,1,1,0,0,0,1,0,0
1,0,0,0,1,1,0,0,0,0,0,0,0,1,70.3,70.3,0.0,0,2,0,1,1,1,4.26689632742025,0,1,0,1,0,0,0,0,1,0
0,1,0,0,14,1,0,1,1,0,0,0,0,0,78.85,74.55714285714285,4.2928571428571445,2,4,0,0,1,0,6.951580758522167,0,1,0,1,0,0,0,0,1,0
0,0,0,0,13,1,1,0,0,0,0,0,1,1,84.6,85.78461538461539,-1.1846153846153982,1,4,0,0,1,1,7.017685338354333,0,1,0,1,0,0,0,0,1,0
1,0,0,0,47,1,0,1,1,1,1,1,1,1,86.95,88.06170212765957,-1.1117021276595693,6,8,1,0,1,0,8.32842691193826,1,0,0,0,1,0,1,0,0,0
1,0,0,0,59,0,0,0,0,0,1,1,1,1,51.7,50.94576271186441,0.7542372881355917,3,4,0,0,1,0,8.008631669303314,1,0,0,1,0,0,0,0,1,0
0,0,1,0,62,1,1,1,1,0,1,1,1,1,84.95,83.0733870967742,1.876612903225805,5,8,0,0,0,0,8.547052919248921,1,0,0,0,0,1,0,0,1,0
0,0,1,1,68,1,1,1,0,1,1,1,1,0,111.75,110.46029411764707,1.2897058823529335,5,8,1,0,0,0,8.92429695619291,0,1,0,0,0,1,0,1,0,0
1,1,0,0,19,1,1,1,0,0,0,1,0,1,90.6,87.36842105263158,3.231578947368419,2,5,0,0,1,0,7.415175109613295,0,1,0,1,0,0,0,0,1,0
1,0,1,1,61,1,0,1,1,1,1,1,1,0,84.9,86.30327868852459,-1.4032786885245798,6,8,1,0,0,0,8.568931386820651,1,0,0,0,1,0,1,0,0,0
1,0,0,0,1,1,0,0,0,0,0,0,0,0,20.05,20.05,0.0,0,1,0,1,1,0,3.0469005601283903,0,0,1,1,0,0,0,0,0,1
1,0,1,1,0,1,1,0,0,0,0,0,0,0,25.75,25.75,0.0,0,2,0,1,0,0,0.0,0,0,1,0,0,1,0,0,0,1
1,0,1,0,50,0,0,1,0,0,1,1,0,1,44.45,43.769,0.6810000000000045,3,4,1,0,0,0,7.691405649716715,1,0,0,0,1,0,1,0,0,0
0,0,0,0,36,1,0,0,0,0,0,0,0,0,19.55,17.243055555555557,2.3069444444444436,0,1,0,0,1,0,6.432538082683514,0,0,1,0,1,0,0,0,0,1
1,0,0,0,1,1,1,0,0,0,0,1,0,1,84.65,84.65,0.0,1,4,0,1,1,1,4.450269224770129,0,1,0,1,0,0,0,0,0,1
0,0,0,0,48,1,1,0,0,1,1,1,1,1,103.85,103.04270833333334,0.8072916666666572,4,7,0,0,1,0,8.50654671831227,0,1,0,1,0,0,0,0,1,0
1,0,1,1,10,1,0,0,1,0,0,0,0,0,49.55,47.57,1.9799999999999969,1,3,0,0,0,0,6.16688736221078,1,0,0,0,1,0,0,0,0,1
0,0,0,0,24,1,0,1,0,0,0,1,1,1,94.6,95.13125000000001,-0.5312500000000142,3,5,0,0,1,0,7.733749242875133,0,1,0,1,0,0,0,0,1,0
1,0,0,0,31,1,1,0,1,0,0,0,0,1,80.45,78.35806451612903,2.0919354838709694,1,4,0,0,1,1,7.795687687751237,0,1,0,1,0,0,0,0,1,0
1,0,1,0,61,0,0,1,0,1,1,1,1,1,62.15,61.9483606557377,0.20163934426229702,5,6,0,0,0,0,8.237439605286578,1,0,0,0,0,1,0,0,0,1
1,1,0,0,33,1,1,0,1,1,0,0,0,1,83.85,82.31212121212121,1.5378787878787818,2,5,1,0,1,1,7.907394019230851,0,1,0,1,0,0,0,1,0,0
1,0,0,1,17,1,0,0,0,0,0,0,0,0,44.6,40.08235294117647,4.517647058823535,0,2,0,0,0,0,6.52561599617747,1,0,0,0,1,0,0,0,0,1
0,1,0,0,5,1,0,1,1,0,0,0,0,0,80.7,74.96000000000001,5.739999999999995,2,4,0,1,1,0,5.929057086979365,0,1,0,1,0,0,0,0,1,0
1,0,1,1,45,1,1,0,1,1,0,1,1,0,78.75,80.01444444444445,-1.2644444444444503,4,7,1,0,0,0,8.189147352774896,1,0,0,0,1,0,0,1,0,0
1,1,1,0,32,1,1,0,1,1,0,0,1,1,93.5,92.8375,0.6624999999999943,3,6,0,0,0,1,7.996923108822247,0,1,0,1,0,0,0,0,1,0
1,1,1,0,52,1,1,0,1,1,0,1,1,1,105.1,103.39230769230768,1.7076923076923123,4,7,1,0,0,1,8.589960264967118,0,1,0,0,1,0,1,0,0,0
1,1,0,0,72,1,1,1,1,1,1,1,1,0,113.8,108.96944444444445,4.830555555555549,6,9,1,0,1,0,8.967861084355231,0,1,0,0,0,1,1,0,0,0
1,0,0,0,1,1,0,0,0,0,0,0,0,0,44.4,44.4,0.0,0,2,0,1,1,0,3.8155121050473024,1,0,0,1,0,0,0,0,0,1
0,0,0,0,63,1,0,0,0,1,1,1,0,1,90.05,92.33333333333333,-2.2833333333333314,3,5,1,0,1,0,8.668711839055147,0,1,0,0,1,0,0,1,0,0
0,0,0,0,2,1,1,0,0,0,1,0,0,1,54.35,58.525,-4.174999999999997,1,4,0,1,1,0,4.771108263531522,1,0,0,1,0,0,0,0,0,1
1,0,1,1,46,1,1,0,0,0,0,0,0,0,24.9,25.539130434782606,-0.6391304347826079,0,2,0,0,0,0,7.069704045968154,0,0,1,0,1,0,0,0,1,0
1,0,1,0,70,1,1,1,1,1,1,1,0,0,79.4,78.9842857142857,0.41571428571430147,5,8,1,0,0,0,8.617925011170238,1,0,0,0,1,0,1,0,0,0
0,0,1,0,17,1,0,0,0,0,0,0,0,0,19.35,18.058823529411764,1.291176470588237,0,1,0,0,0,0,5.730099782973574,0,0,1,0,1,0,0,0,0,1
0,0,1,0,23,1,0,0,0,1,1,0,0,0,54.25,53.11086956521739,1.139130434782608,2,4,0,0,0,0,7.108694120308154,1,0,0,1,0,0,0,0,1,0
0,0,0,0,41,1,1,0,1,1,0,1,1,1,106.3,108.37682926829268,-2.076829268292684,4,7,0,0,1,1,8.399411405759073,0,1,0,1,0,0,0,0,1,0
1,0,1,1,2,1,0,1,1,0,1,0,0,0,59.5,65.25,-5.75,3,5,0,1,0,0,4.879006851617819,1,0,0,0,0,1,0,0,0,1
1,0,1,1,23,1,0,1,0,0,1,0,0,0,57.2,61.88478260869565,-4.684782608695649,2,4,1,0,0,0,7.2614708482882175,1,0,0,0,1,0,0,1,0,0
0,0,0,0,9,1,0,0,0,0,0,0,0,1,44.2,44.81666666666667,-0.6166666666666671,0,2,1,0,1,0,6.0022808395418314,1,0,0,1,0,0,1,0,0,0
0,0,0,0,43,0,0,0,0,1,0,1,1,1,49.05,48.283720930232555,0.7662790697674424,3,4,1,0,1,0,7.638776111970164,1,0,0,1,0,0,1,0,0,0
0,0,1,1,1,1,0,0,0,0,0,0,0,1,69.1,69.1,0.0,0,2,0,1,0,1,4.249922794040544,0,1,0,1,0,0,0,0,0,1
1,0,1,1,70,1,1,1,1,1,1,1,1,1,90.15,89.10071428571429,1.0492857142857162,6,9,1,0,0,0,8.738422912525174,1,0,0,0,0,1,0,1,0,0
0,0,0,0,48,1,1,0,0,0,0,0,0,0,24.0,24.646874999999998,-0.6468749999999979,0,2,1,0,1,0,7.076696044282031,0,0,1,0,0,1,0,1,0,0
0,0,0,0,35,1,0,0,0,1,1,1,1,1,99.25,100.91428571428571,-1.664285714285711,4,6,0,0,1,0,8.169902647359145,0,1,0,0,1,0,0,0,1,0
1,1,0,0,64,1,1,0,0,1,1,1,1,0,102.1,104.5015625,-2.4015625000000114,4,7,0,0,1,0,8.808234614924435,0,1,0,0,1,0,0,0,1,0
1,0,1,1,46,1,0,0,0,0,0,0,0,0,19.95,18.747826086956522,1.2021739130434774,0,1,1,0,0,0,6.760878083121377,0,0,1,0,0,1,0,1,0,0
1,0,1,0,57,1,1,0,0,1,1,1,1,0,107.95,104.73421052631579,3.215789473684211,4,7,0,0,0,0,8.694644574811246,0,1,0,0,0,1,0,0,1,0
1,0,0,0,5,1,1,0,1,1,0,0,0,1,85.3,84.83,0.46999999999999886,2,5,0,1,1,1,6.052442047831802,0,1,0,1,0,0,0,0,1,0
0,0,1,1,59,1,1,0,0,1,1,1,0,1,72.1,71.09915254237289,1.0008474576271027,3,6,1,0,0,0,8.341851220545456,1,0,0,0,0,1,1,0,0,0
0,0,1,1,71,1,1,1,1,1,1,1,1,0,91.05,88.6443661971831,2.4056338028168938,6,9,0,0,0,0,8.747471231631046,1,0,0,0,0,1,0,0,0,1
0,0,1,1,19,1,1,0,0,0,0,0,0,1,24.9,24.61578947368421,0.284210526315789,0,2,1,0,0,0,6.14996290492866,0,0,1,0,0,1,1,0,0,0
0,0,1,0,66,1,1,1,1,0,1,0,0,0,89.0,89.37272727272727,-0.3727272727272748,3,6,0,0,0,0,8.682639830985348,0,1,0,0,1,0,0,0,1,0
1,0,0,0,1,1,0,0,0,0,0,0,0,0,20.05,20.05,0.0,0,1,0,1,1,0,3.0469005601283903,0,0,1,1,0,0,0,0,0,1
1,0,1,0,25,1,0,0,0,0,1,1,1,1,95.7,93.53399999999999,2.166000000000011,3,5,1,0,0,0,7.757628391986576,0,1,0,1,0,0,0,1,0,0
1,0,0,1,71,1,1,1,1,0,0,0,0,1,85.45,84.91478873239437,0.5352112676056322,2,5,1,0,0,0,8.70449399781289,0,1,0,0,1,0,0,1,0,0
1,0,0,0,39,0,0,0,0,1,1,0,0,0,35.55,33.56794871794872,1.9820512820512803,2,3,0,0,1,0,7.177896913456929,1,0,0,0,1,0,0,0,0,1
0,0,0,1,4,1,0,0,0,0,0,0,0,1,20.4,21.1875,-0.7875000000000014,0,1,0,1,0,0,4.45143608604605,0,0,1,0,1,0,0,0,0,1
1,0,1,1,1,1,0,0,0,0,0,0,0,0,19.85,19.85,0.0,0,1,1,1,0,0,3.0373539482448106,0,0,1,0,1,0,0,1,0,0
0,0,0,0,49,1,1,1,1,0,0,0,0,1,59.75,59.88367346938776,-0.13367346938775881,2,5,1,0,1,0,7.984564941689402,1,0,0,1,0,0,0,1,0,0
0,0,1,1,1,1,0,0,0,0,0,0,0,1,20.15,20.15,0.0,0,1,1,1,0,0,3.0516399054922867,0,0,1,1,0,0,0,1,0,0
1,0,0,0,18,1,0,0,0,0,0,0,0,0,20.1,22.325000000000003,-2.2250000000000014,0,1,0,0,1,0,5.998564284223205,0,0,1,0,1,0,0,0,0,1
1,0,1,1,56,1,1,1,1,0,1,0,1,1,75.85,76.09285714285714,-0.24285714285714732,4,7,1,0,0,0,8.357540737883225,1,0,0,0,0,1,0,1,0,0
1,0,0,0,1,1,0,0,0,0,0,1,1,1,89.9,89.9,0.0,2,4,0,1,1,1,4.509760001183433,0,1,0,1,0,0,0,0,1,0
0,0,0,0,1,1,0,0,0,0,0,0,0,0,69.55,69.55,0.0,0,2,0,1,1,1,4.256321678298823,0,1,0,1,0,0,0,0,0,1
1,0,0,0,5,1,1,0,1,1,0,1,1,0,105.3,110.12,-4.820000000000007,4,7,0,1,1,1,6.312823145919147,0,1,0,1,0,0,0,0,1,0
1,1,0,1,11,1,0,0,1,0,1,0,0,1,54.55,54.65909090909091,-0.10909090909090935,2,4,0,0,0,0,6.400672641494981,1,0,0,1,0,0,0,0,1,0
0,0,0,0,9,1,1,0,0,0,0,0,0,1,75.2,70.42777777777778,4.772222222222226,0,3,1,0,1,1,6.4533887505158,0,1,0,1,0,0,0,1,0,0
1,1,0,0,1,1,0,0,0,0,0,0,0,0,69.1,69.1,0.0,0,2,0,1,1,1,4.249922794040544,0,1,0,1,0,0,0,0,1,0
1,0,1,0,33,1,0,0,0,0,0,0,0,1,44.55,44.32121212121212,0.22878787878787676,0,2,1,0,0,0,7.288654433145052,1,0,0,1,0,0,0,1,0,0
1,0,1,1,27,1,1,0,1,0,1,0,0,1,85.2,79.68888888888888,5.51111111111112,2,5,1,0,0,0,7.674431692830198,0,1,0,1,0,0,0,1,0,0
1,0,0,0,46,1,1,0,1,1,0,1,0,1,94.9,96.15108695652174,-1.251086956521732,3,6,1,0,1,1,8.394788241149152,0,1,0,0,1,0,0,1,0,0
0,0,0,0,40,1,0,0,1,0,0,0,0,0,74.8,74.29249999999999,0.5075000000000074,1,3,1,0,1,1,7.997225909732963,0,1,0,1,0,0,0,1,0,0
0,1,1,0,40,0,0,0,1,0,0,1,0,1,39.3,40.935,-1.6350000000000051,2,3,0,0,0,0,7.401475434845189,1,0,0,1,0,0,0,0,1,0
0,0,1,1,71,1,1,1,1,1,0,1,0,0,100.5,99.02323943661972,1.4767605633802816,4,7,1,0,0,0,8.858176665657608,0,1,0,0,0,1,1,0,0,0
0,0,1,1,35,1,0,0,0,0,0,0,0,1,19.85,21.124285714285715,-1.274285714285714,0,1,0,0,0,0,6.607123047354728,0,0,1,0,0,1,0,0,0,1
1,0,1,0,71,1,1,1,1,0,1,1,0,0,73.5,75.46126760563381,-1.9612676056338074,4,7,1,0,0,0,8.586486017912186,1,0,0,0,0,1,0,1,0,0
0,0,1,1,51,0,0,1,0,0,1,0,0,0,34.2,34.94117647058823,-0.7411764705882291,2,3,1,0,0,0,7.48605261786314,1,0,0,0,0,1,1,0,0,0
0,0,0,0,41,1,1,0,1,1,0,1,1,1,80.55,79.60731707317073,0.9426829268292636,4,7,0,0,1,0,8.090984413370126,1,0,0,0,1,0,0,0,1,0
0,0,1,0,26,0,0,1,0,1,0,0,0,0,35.4,37.63846153846154,-2.238461538461543,2,3,1,0,0,0,6.887144325078013,1,0,0,0,1,0,0,1,0,0
1,0,1,0,4,1,1,0,0,1,0,1,0,0,65.6,62.525,3.0749999999999957,2,5,0,1,0,0,5.5258512661635395,1,0,0,1,0,0,0,0,1,0
0,0,0,0,11,0,0,0,1,1,1,0,0,1,40.4,38.41818181818182,1.981818181818177,3,4,1,0,1,0,6.048789613727251,1,0,0,0,1,0,0,1,0,0
1,0,0,0,7,1,1,0,1,0,0,1,1,1,99.8,96.17857142857143,3.6214285714285666,3,6,0,0,1,1,6.513600962019839,0,1,0,1,0,0,0,0,1,0
0,0,1,1,10,1,1,1,1,0,0,1,0,0,70.3,67.615,2.6850000000000023,3,6,0,0,0,0,6.51789281410138,1,0,0,0,1,0,0,0,1,0
1,0,0,0,10,1,0,0,0,0,0,0,0,1,45.55,40.260000000000005,5.289999999999992,0,2,0,0,1,0,6.000424288479454,1,0,0,1,0,0,0,0,1,0
0,0,0,0,22,1,1,0,0,0,1,1,0,1,90.0,90.62727272727273,-0.6272727272727252,2,5,0,0,1,0,7.598299073671967,0,1,0,1,0,0,0,0,1,0
1,0,0,0,52,1,1,1,1,1,1,1,1,1,89.25,89.46923076923076,-0.21923076923076223,6,9,0,0,1,0,8.445353414193193,1,0,0,0,0,1,0,0,0,1
1,1,0,0,9,1,0,0,0,0,0,0,1,1,79.55,79.83888888888889,-0.2888888888888914,1,3,0,0,1,1,6.578626016616183,0,1,0,1,0,0,0,0,1,0
1,0,1,1,23,1,1,0,0,0,0,0,0,0,24.35,23.41304347826087,0.9369565217391305,0,2,0,0,0,0,6.290642784698189,0,0,1,0,1,0,0,0,0,1
0,0,0,0,42,1,0,1,1,1,1,0,1,0,73.9,75.25119047619049,-1.3511904761904816,5,7,1,0,1,0,8.058817692651166,1,0,0,0,1,0,0,1,0,0
0,1,0,0,14,1,1,0,1,0,0,0,0,1,78.95,78.70357142857142,0.24642857142858077,1,4,0,0,1,1,7.005653017258597,0,1,0,1,0,0,0,0,1,0
1,0,1,1,4,1,1,0,0,0,0,0,0,0,24.1,18.275,5.825000000000003,0,2,1,1,0,0,4.3054155323020415,0,0,1,0,1,0,0,1,0,0
1,0,1,0,50,1,0,0,0,0,0,0,0,0,20.55,21.353,-0.8030000000000008,0,1,0,0,0,0,6.97415144862182,0,0,1,0,0,1,0,0,0,1
1,0,0,0,16,1,0,0,0,0,0,0,0,0,19.75,18.43125,1.3187500000000014,0,1,1,0,1,0,5.690021559406164,0,0,1,1,0,0,0,1,0,0
1,1,1,1,60,1,1,1,1,0,0,0,1,1,93.25,96.2425,-2.992500000000007,3,6,0,0,0,0,8.661388768950372,0,1,0,1,0,0,0,0,1,0
0,0,1,0,54,1,1,1,1,1,1,1,1,1,114.65,112.02777777777777,2.6222222222222342,6,9,0,0,0,0,8.707896192238108,0,1,0,0,1,0,0,0,0,1
0,0,0,0,2,0,0,1,1,0,0,0,1,1,42.6,36.2,6.399999999999999,3,4,0,1,1,0,4.29592393562047,1,0,0,1,0,0,0,0,1,0
0,0,1,1,46,1,0,0,0,0,0,0,0,0,19.4,21.04021739130435,-1.6402173913043505,0,1,0,0,0,0,6.876109801146591,0,0,1,0,0,1,0,0,0,1
0,0,0,0,14,1,0,0,0,0,1,0,1,0,59.1,55.20357142857143,3.8964285714285722,2,4,1,0,1,0,6.6513780563587686,1,0,0,0,1,0,0,1,0,0
1,1,0,0,1,1,0,0,0,0,0,1,0,1,79.1,79.1,0.0,1,3,0,1,1,1,4.383275854074314,0,1,0,1,0,0,0,0,1,0
0,0,1,1,51,1,1,0,0,0,1,0,0,1,80.75,80.7235294117647,0.026470588235298464,1,4,0,0,0,0,8.323098603660052,0,1,0,1,0,0,0,0,1,0
1,1,1,0,10,1,0,1,0,0,0,0,0,0,75.3,72.045,3.2549999999999955,1,3,0,0,0,0,6.581263075743265,0,1,0,1,0,0,0,0,1,0
1,0,0,0,26,1,0,0,0,0,0,0,0,1,19.6,18.148076923076925,1.4519230769230766,0,1,1,0,1,0,6.158778213461521,0,0,1,0,1,0,1,0,0,0
0,0,1,0,72,1,1,1,0,1,1,1,0,1,98.2,97.44305555555555,0.7569444444444571,4,7,1,0,0,0,8.85607680404628,0,1,0,0,0,1,1,0,0,0
1,0,1,0,70,1,1,0,1,1,1,1,0,0,76.1,75.20357142857142,0.8964285714285722,4,7,1,0,0,0,8.568883906821593,1,0,0,0,0,1,0,1,0,0
1,0,0,0,2,1,0,0,0,0,0,0,0,0,45.35,44.75,0.6000000000000014,0,2,0,1,1,0,4.505349850705881,1,0,0,1,0,0,0,0,1,0
1,0,1,0,22,1,0,0,0,1,0,1,1,1,94.7,87.0409090909091,7.6590909090909065,3,5,1,0,0,1,7.557942765101947,0,1,0,1,0,0,0,1,0,0
0,1,1,0,22,1,1,1,1,0,1,0,0,1,63.55,62.809090909090905,0.7409090909090921,3,6,0,0,0,0,7.2318657080474695,1,0,0,1,0,0,0,0,0,1
0,0,1,1,17,1,1,1,0,1,0,1,0,0,94.4,94.54117647058824,-0.1411764705882348,3,6,0,0,0,0,7.382870820114048,0,1,0,1,0,0,0,0,1,0
0,0,0,0,38,1,0,0,0,0,0,0,0,0,20.05,19.513157894736842,0.5368421052631582,0,1,0,0,1,0,6.610022870676855,0,0,1,0,0,1,0,0,0,1
0,0,0,0,21,0,0,1,0,0,1,0,0,0,35.1,36.68571428571428,-1.5857142857142819,2,3,0,0,1,0,6.648207045774128,1,0,0,0,0,1,0,0,0,1
0,0,0,0,37,1,1,0,1,1,0,1,1,1,101.9,95.82027027027027,6.079729729729735,4,7,1,0,1,1,8.173674184527034,0,1,0,1,0,0,1,0,0,0
1,0,0,0,2,1,0,0,0,0,0,0,0,1,45.0,48.225,-3.2250000000000014,0,2,0,1,1,0,4.57933942595357,1,0,0,1,0,0,0,0,0,1
1,0,1,1,67,1,1,1,1,0,1,0,0,0,89.55,90.12761194029851,-0.5776119402985103,3,6,0,0,0,0,8.706084784842092,0,1,0,0,1,0,0,0,1,0
0,0,0,0,16,1,0,0,1,1,0,0,1,1,93.2,98.35625,-5.15625,3,5,1,0,1,1,7.361820056926364,0,1,0,1,0,0,0,1,0,0
0,0,0,0,31,0,0,1,1,0,1,0,1,1,49.85,49.03548387096774,0.8145161290322633,4,5,1,0,1,0,7.327189036317697,1,0,0,0,0,1,1,0,0,0
0,0,0,1,1,1,0,0,0,0,0,1,1,1,89.35,89.35,0.0,2,4,0,1,0,1,4.503691017038237,0,1,0,1,0,0,0,0,1,0
1,0,1,1,35,1,0,0,0,0,0,0,0,0,19.9,19.02857142857143,0.8714285714285701,0,1,0,0,0,0,6.502790045915623,0,0,1,0,1,0,0,0,1,0
0,0,0,0,34,1,0,1,0,1,1,1,1,1,79.95,80.21470588235294,-0.264705882352942,5,7,1,0,1,0,7.911433983591508,1,0,0,0,1,0,1,0,0,0
1,0,0,0,30,1,0,1,1,0,1,1,0,0,70.4,68.15833333333333,2.2416666666666742,4,6,0,0,1,0,7.623519749407491,1,0,0,0,1,0,0,0,1,0
1,0,1,0,72,1,1,0,0,0,0,0,0,0,25.75,25.891666666666666,-0.14166666666666572,0,2,1,0,0,0,7.531123564934166,0,0,1,0,0,1,0,1,0,0
0,0,0,0,1,0,0,0,0,0,0,0,0,0,24.4,24.4,0.0,0,1,0,1,1,0,3.2347491740244907,1,0,0,1,0,0,0,0,0,1
1,0,0,0,10,1,0,0,1,0,0,1,0,1,59.65,63.895,-4.2450000000000045,2,4,0,0,1,0,6.4613900483018005,1,0,0,1,0,0,0,0,0,1
1,0,0,0,2,1,0,0,0,0,0,0,0,0,20.25,18.4,1.8500000000000014,0,1,0,1,1,0,3.632309102625542,0,0,1,1,0,0,0,0,0,1
0,0,0,0,1,1,0,0,1,0,0,0,0,0,50.55,50.55,0.0,1,3,0,1,1,0,3.942552210462969,1,0,0,1,0,0,0,0,1,0
1,0,0,0,2,1,0,0,0,1,0,1,1,1,95.85,98.85,-3.0,3,5,0,1,1,1,5.291796149557771,0,1,0,1,0,0,0,0,1,0
1,1,0,0,39,1,1,0,1,0,0,0,1,0,90.7,87.51923076923077,3.1807692307692292,2,5,0,0,1,1,8.135713128558534,0,1,0,1,0,0,0,0,1,0
0,0,0,0,2,1,0,1,0,0,0,0,0,0,50.95,61.525,-10.574999999999996,1,3,0,1,1,0,4.82068471013781,1,0,0,1,0,0,0,0,0,1
0,0,1,0,23,1,1,0,0,0,1,1,1,1,73.65,71.42391304347827,2.2260869565217405,3,6,1,0,0,0,7.404735495926075,1,0,0,1,0,0,0,1,0,0
1,0,0,0,1,1,0,0,0,0,0,0,0,0,20.65,20.65,0.0,0,1,0,1,1,0,3.075005454448499,0,0,1,1,0,0,0,0,1,0
1,0,0,0,16,1,1,0,1,0,0,0,0,1,80.55,78.05625,2.4937499999999915,1,4,0,0,1,1,7.130818827096176,0,1,0,1,0,0,0,0,0,1
0,1,1,0,58,1,0,1,1,0,1,1,1,1,105.5,106.99137931034483,-1.4913793103448256,5,7,1,0,0,0,8.733352408956003,0,1,0,0,1,0,0,1,0,0
1,0,0,0,1,1,0,0,0,0,0,0,0,0,20.2,20.2,0.0,0,1,0,1,1,0,3.054001181677967,0,0,1,1,0,0,0,0,0,1
0,0,1,1,14,1,0,0,1,0,1,0,1,1,89.65,86.31071428571428,3.3392857142857224,3,5,1,0,0,0,7.097838304169856,0,1,0,1,0,0,0,1,0,0
1,0,0,0,51,1,0,1,0,0,0,1,0,0,86.35,83.66960784313724,2.6803921568627516,2,4,0,0,1,0,8.358935757071167,0,1,0,0,1,0,0,0,0,1
0,1,1,0,65,1,0,0,1,1,1,1,1,1,105.85,103.46923076923076,2.380769230769232,5,7,1,0,0,0,8.813810227925597,0,1,0,0,0,1,0,1,0,0
1,1,1,0,72,1,1,0,1,1,1,1,1,1,109.75,110.17361111111111,-0.42361111111111427,5,8,1,0,0,0,8.978849579174144,0,1,0,0,0,1,1,0,0,0
0,0,0,1,13,1,1,1,1,1,1,1,1,0,88.95,89.36538461538461,-0.41538461538461036,6,9,1,0,0,0,7.058543168104206,1,0,0,0,0,1,0,1,0,0
1,0,0,0,22,0,0,0,0,1,1,1,1,0,56.75,59.31136363636363,-2.5613636363636303,4,5,1,0,1,0,7.17460944872248,1,0,0,0,0,1,1,0,0,0
0,1,0,0,9,1,1,0,0,0,0,0,0,1,74.55,69.21111111111111,5.338888888888889,0,3,0,0,1,1,6.435990099116741,0,1,0,1,0,0,0,0,1,0
1,0,0,0,1,1,1,0,0,0,0,0,0,1,75.45,75.45,0.0,0,3,0,1,1,1,4.336636932375072,0,1,0,1,0,0,0,0,1,0
1,0,1,0,70,1,1,1,1,1,0,1,0,1,99.35,99.20714285714286,0.1428571428571388,4,7,1,0,0,0,8.845849246837444,0,1,0,0,0,1,0,1,0,0
1,0,1,1,25,1,0,0,0,0,0,0,0,0,19.9,20.218,-0.3180000000000014,0,1,0,0,0,0,6.227425602132806,0,0,1,0,1,0,0,0,1,0
1,0,1,1,23,1,1,0,1,0,1,0,0,0,59.7,61.48695652173913,-1.7869565217391283,2,5,0,0,0,0,7.255026142845575,1,0,0,0,0,1,0,0,0,1
0,0,1,0,70,1,1,0,0,1,0,1,1,1,97.65,99.75,-2.0999999999999943,3,6,0,0,0,1,8.851305502745825,0,1,0,0,1,0,0,0,1,0
1,1,1,0,72,0,0,1,1,1,1,1,1,1,64.95,63.138888888888886,1.8111111111111171,6,7,1,0,0,0,8.42222295382501,1,0,0,0,0,1,0,1,0,0
1,1,0,0,12,0,0,0,0,1,1,0,1,1,43.65,43.9125,-0.26250000000000284,3,4,0,0,1,0,6.269001582252524,1,0,0,1,0,0,0,0,1,0
0,0,1,1,46,1,1,1,0,1,1,0,1,0,99.65,100.65652173913043,-1.0065217391304202,4,7,0,0,0,0,8.440571292764794,0,1,0,0,0,1,0,0,0,1
0,0,0,0,29,1,0,0,0,0,0,1,0,1,78.9,82.21206896551725,-3.3120689655172413,1,3,0,0,1,1,7.777017294426516,0,1,0,1,0,0,0,0,1,0
1,0,0,0,9,1,0,1,0,1,1,0,1,1,68.25,64.10555555555555,4.144444444444446,4,6,1,0,1,0,6.359487359740276,1,0,0,1,0,0,1,0,0,0
1,0,1,1,72,1,0,0,0,0,0,0,0,0,20.35,18.811111111111114,1.5388888888888879,0,1,0,0,0,0,7.211851892702013,0,0,1,0,0,1,0,0,1,0
1,0,1,1,25,1,1,0,0,0,1,0,0,1,55.1,58.644,-3.543999999999997,1,4,0,0,0,0,7.291042942145598,1,0,0,0,1,0,0,0,0,1
0,0,0,0,30,1,1,1,0,1,0,1,1,1,79.3,80.90333333333334,-1.6033333333333388,4,7,1,0,1,0,7.794864337492712,1,0,0,0,1,0,0,1,0,0
1,0,1,1,72,0,0,1,1,1,1,1,1,1,65.1,66.03194444444445,-0.9319444444444542,6,7,1,0,0,0,8.467015064471957,1,0,0,0,0,1,0,1,0,0
1,0,0,1,2,1,0,0,0,0,0,0,0,0,20.4,21.45,-1.0500000000000007,0,1,0,1,0,0,3.7819143200811256,0,0,1,1,0,0,0,0,0,1
0,0,1,0,56,1,1,0,1,1,1,0,0,0,90.55,91.36785714285715,-0.8178571428571502,3,6,0,0,0,0,8.540440858135929,0,1,0,1,0,0,0,0,1,0
1,0,0,0,67,1,1,1,1,1,1,1,1,0,116.2,115.70597014925373,0.4940298507462728,6,9,1,0,1,0,8.955873838169165,0,1,0,0,0,1,0,1,0,0
1,0,1,1,70,1,0,0,1,1,1,1,1,1,106.15,106.78714285714287,-0.6371428571428623,5,7,0,0,0,0,8.919466544622965,0,1,0,0,1,0,0,0,1,0
0,0,0,0,7,1,0,0,0,0,0,0,0,0,20.35,21.514285714285712,-1.164285714285711,0,1,0,0,1,0,5.021245473208271,0,0,1,1,0,0,0,0,0,1
1,1,0,0,8,1,1,0,0,1,0,1,1,1,100.6,102.425,-1.8250000000000028,3,6,0,0,1,1,6.709792026198225,0,1,0,1,0,0,0,0,1,0
0,0,1,0,2,1,0,0,0,0,0,0,0,1,70.7,70.725,-0.024999999999991473,0,2,0,1,0,1,4.958991060943918,0,1,0,1,0,0,0,0,1,0
0,0,0,0,2,1,0,0,0,0,0,0,0,0,19.5,15.775,3.7249999999999996,0,1,0,1,1,0,3.4827773686545784,0,0,1,1,0,0,0,0,0,1
1,0,0,1,1,1,0,0,0,0,0,0,0,0,44.0,44.0,0.0,0,2,0,1,0,0,3.8066624897703196,1,0,0,1,0,0,0,0,1,0
0,0,0,0,13,1,0,0,1,1,0,0,0,1,79.25,85.51153846153846,-6.261538461538464,2,4,0,0,1,1,7.014499836412125,0,1,0,1,0,0,0,0,1,0
0,0,1,0,42,1,1,1,0,1,1,1,1,0,84.35,85.03809523809524,-0.6880952380952436,5,8,1,0,0,0,8.181048901014783,1,0,0,0,0,1,0,1,0,0
0,0,1,1,63,1,0,1,0,0,0,0,0,1,50.65,51.13095238095238,-0.480952380952381,1,3,1,0,0,0,8.077835152284889,1,0,0,0,0,1,1,0,0,0
0,0,1,0,58,0,0,1,1,0,0,1,0,1,45.35,43.79482758620689,1.5551724137931089,3,4,0,0,0,0,7.840352337130602,1,0,0,0,1,0,0,0,1,0
1,0,1,0,29,1,1,0,1,1,0,0,0,1,85.8,84.14655172413794,1.6534482758620612,2,5,0,0,0,1,7.8002654821908886,0,1,0,1,0,0,0,0,1,0
0,0,0,0,44,1,1,0,1,1,0,0,0,1,84.8,87.78522727272728,-2.985227272727286,2,5,1,0,1,1,8.25934172892313,0,1,0,1,0,0,1,0,0,0
1,0,0,0,72,1,1,0,1,1,0,1,1,1,103.65,106.03888888888889,-2.3888888888888857,4,7,0,0,1,1,8.940602992779214,0,1,0,0,0,1,0,0,1,0
1,0,1,1,47,1,1,1,1,1,1,1,1,1,113.45,113.14468085106384,0.30531914893616374,6,9,1,0,0,0,8.57900299298255,0,1,0,0,1,0,1,0,0,0
1,0,0,0,33,1,0,0,1,1,0,0,0,1,79.0,78.0848484848485,0.9151515151515071,2,4,1,0,1,1,7.854691600970679,0,1,0,1,0,0,0,1,0,0
1,0,1,0,17,1,1,1,1,1,0,0,0,0,90.2,85.53823529411765,4.661764705882348,3,6,1,0,0,0,7.282864267075403,0,1,0,1,0,0,0,1,0,0
1,0,1,0,5,0,0,0,0,0,0,0,0,1,24.95,20.080000000000002,4.869999999999997,0,1,0,1,0,0,4.619073091157083,1,0,0,1,0,0,0,0,1,0
1,1,0,0,20,1,1,0,0,1,0,1,1,1,98.55,92.14,6.409999999999997,3,6,0,0,1,1,7.519583938364494,0,1,0,1,0,0,0,0,1,0
1,0,0,1,50,0,0,1,1,0,0,1,0,1,43.05,44.161,-1.1110000000000042,3,4,1,0,0,0,7.700317837840281,1,0,0,0,1,0,1,0,0,0
0,0,1,0,27,1,1,0,0,0,0,1,1,0,95.0,91.20555555555556,3.794444444444437,2,5,1,0,0,1,7.809358678104415,0,1,0,1,0,0,0,1,0,0
0,0,1,1,14,1,1,0,1,0,1,1,1,0,80.45,81.21785714285714,-0.7678571428571388,4,7,1,0,0,0,7.037071550452193,1,0,0,1,0,0,0,1,0,0
1,0,0,0,71,1,1,1,1,1,1,1,1,1,116.3,117.03591549295774,-0.7359154929577443,6,9,1,0,1,0,9.025281070978235,0,1,0,0,1,0,1,0,0,0
0,0,0,0,7,1,0,0,0,0,0,0,0,0,20.65,22.271428571428572,-1.6214285714285737,0,1,0,0,1,0,5.055608659738987,0,0,1,1,0,0,0,0,0,1
1,0,1,1,2,1,0,0,0,0,0,1,1,1,89.55,92.775,-3.2250000000000085,2,4,1,1,0,1,5.228699299667167,0,1,0,1,0,0,1,0,0,0
1,1,0,0,47,1,1,0,0,0,0,1,0,1,86.05,82.2468085106383,3.8031914893616943,1,4,1,0,1,1,8.260130846898402,0,1,0,1,0,0,0,1,0,0
1,0,0,0,1,1,0,0,0,0,0,0,0,0,20.45,20.45,0.0,0,1,0,1,1,0,3.065724645374026,0,0,1,1,0,0,0,0,0,1
0,0,1,1,67,1,0,0,0,0,0,0,0,1,19.25,20.491044776119406,-1.2410447761194057,0,1,1,0,0,0,7.225408689929902,0,0,1,0,0,1,1,0,0,0
1,0,1,1,60,1,0,1,1,1,0,0,0,0,60.5,61.57416666666666,-1.0741666666666632,3,5,1,0,0,0,8.21485761216453,1,0,0,0,0,1,1,0,0,0
1,0,0,0,16,1,0,0,0,0,0,0,0,0,20.25,20.465625,-0.2156249999999993,0,1,1,0,1,0,5.794384619338482,0,0,1,1,0,0,1,0,0,0
0,0,0,0,18,1,1,0,0,0,1,1,0,1,88.35,91.07222222222222,-2.7222222222222285,2,5,0,0,1,0,7.40263443091844,0,1,0,1,0,0,0,0,1,0
0,0,0,0,2,1,0,0,0,0,0,0,0,0,19.9,28.7,-8.8,0,1,0,1,1,0,4.067315889834181,0,0,1,1,0,0,0,0,1,0
1,0,1,1,53,1,0,0,1,0,1,1,0,1,92.55,90.17830188679245,2.371698113207543,3,5,0,0,0,0,8.472289963313811,0,1,0,1,0,0,0,0,1,0
0,1,0,0,71,1,1,0,1,1,0,1,1,1,105.9,105.94295774647887,-0.04295774647886219,4,7,0,0,1,1,8.925713627253408,0,1,0,0,1,0,0,0,1,0
1,0,1,1,2,1,0,1,0,0,0,1,1,0,97.1,92.075,5.0249999999999915,3,5,0,1,0,0,5.2211663073596215,0,1,0,1,0,0,0,0,1,0
1,0,0,1,7,1,0,0,0,0,0,0,0,0,19.45,19.535714285714285,-0.08571428571428541,0,1,0,0,0,0,4.925440448033024,0,0,1,0,1,0,0,0,0,1
0,0,0,0,42,1,0,0,0,1,1,0,1,0,66.5,65.7797619047619,0.720238095238102,3,5,1,0,1,0,7.924343732171656,1,0,0,0,0,1,0,1,0,0
1,0,0,0,2,1,0,0,0,0,0,0,0,0,20.0,16.35,3.6499999999999986,0,1,0,1,1,0,3.517497837358316,0,0,1,1,0,0,0,0,0,1
0,0,1,0,64,1,1,1,0,1,0,1,0,1,94.6,92.9484375,1.6515624999999972,3,6,1,0,0,0,8.691096077100468,0,1,0,0,0,1,0,1,0,0
1,0,1,1,23,1,0,0,0,0,0,0,0,0,19.6,18.55,1.0500000000000007,0,1,1,0,0,0,6.058305104026791,0,0,1,0,0,1,0,1,0,0
0,1,0,0,5,1,0,0,1,0,0,1,0,1,84.7,78.5,6.200000000000003,2,4,0,1,1,1,5.975081067857458,0,1,0,1,0,0,0,0,1,0
0,0,0,0,18,1,1,0,0,0,1,1,1,1,99.85,98.71944444444445,1.1305555555555458,3,6,1,0,1,0,7.483216294193619,0,1,0,1,0,0,1,0,0,0
1,0,0,1,3,1,0,0,0,0,0,0,0,0,20.85,20.216666666666665,0.6333333333333364,0,1,0,1,0,0,4.121473229610353,0,0,1,1,0,0,0,0,0,1
1,0,0,0,1,1,0,0,0,0,0,0,0,1,44.05,44.05,0.0,0,2,1,1,1,0,3.807772984054347,1,0,0,1,0,0,1,0,0,0
0,0,1,0,2,1,0,0,0,0,0,0,0,1,45.0,44.875,0.125,0,2,0,1,0,0,4.5081084731449605,1,0,0,1,0,0,0,0,1,0
1,0,1,0,11,1,0,0,0,0,0,1,0,1,55.05,55.28636363636363,-0.23636363636363455,1,3,1,0,0,0,6.412064542800416,1,0,0,1,0,0,1,0,0,0
1,0,1,1,24,1,0,1,0,1,0,0,0,1,56.25,60.59375,-4.34375,2,4,1,0,0,0,7.282932986151845,1,0,0,0,1,0,0,1,0,0
0,0,0,0,32,1,0,0,0,0,0,0,0,0,19.9,18.7984375,1.1015625,0,1,1,0,1,0,6.401170649473401,0,0,1,1,0,0,1,0,0,0
1,0,0,0,3,1,1,0,0,0,0,0,0,1,74.4,76.51666666666667,-2.11666666666666,0,3,0,1,1,1,5.440467758652715,0,1,0,1,0,0,0,0,1,0
0,0,0,0,9,1,0,0,0,0,0,0,0,0,45.15,46.27222222222222,-1.12222222222222,0,2,0,0,1,0,6.03416477664001,1,0,0,1,0,0,0,0,1,0
1,0,1,0,38,1,1,1,0,1,1,1,1,1,110.7,116.54210526315791,-5.8421052631579045,5,8,0,0,0,0,8.396064565508757,0,1,0,0,1,0,0,0,1,0
0,0,0,0,14,1,1,0,0,1,0,0,0,1,80.45,76.57142857142857,3.8785714285714334,1,4,0,0,1,1,6.9782137426306985,0,1,0,1,0,0,0,0,1,0
0,0,1,0,71,0,0,1,1,1,1,0,0,1,47.6,47.57464788732395,0.025352112676053196,4,5,1,0,0,0,8.125275895853342,1,0,0,0,0,1,1,0,0,0
1,0,1,1,72,1,1,0,0,1,0,0,1,1,90.8,90.44166666666666,0.3583333333333343,2,5,1,0,0,1,8.781524750259768,0,1,0,0,0,1,0,1,0,0
0,1,0,0,5,0,0,0,0,0,0,1,1,0,45.7,39.6,6.100000000000001,2,3,0,1,1,0,5.293304824724492,1,0,0,1,0,0,0,0,1,0
0,0,0,0,66,1,1,1,1,1,1,0,1,1,103.1,99.92424242424242,3.1757575757575722,5,8,1,0,1,0,8.794218683679489,0,1,0,1,0,0,1,0,0,0
0,1,0,0,7,1,0,0,1,1,0,1,0,1,64.95,70.52142857142857,-5.571428571428569,3,5,0,0,1,0,6.203850441769232,1,0,0,1,0,0,0,0,1,0
1,0,1,1,13,1,0,0,0,0,0,0,0,0,20.0,16.81153846153846,3.1884615384615387,0,1,0,0,0,0,5.391579997007726,0,0,1,0,1,0,0,0,0,1
0,0,0,0,4,1,1,0,0,0,0,1,0,1,85.65,80.4125,5.237500000000011,1,4,0,1,1,1,5.776568144381849,0,1,0,1,0,0,0,0,1,0
1,0,0,0,10,1,0,0,0,0,0,0,1,1,56.75,50.325,6.424999999999997,1,3,1,0,1,0,6.223072176834322,1,0,0,1,0,0,1,0,0,0
1,0,0,0,11,1,0,0,1,0,0,1,0,1,61.25,66.35909090909091,-5.109090909090909,2,4,0,0,1,0,6.594345057957625,1,0,0,0,1,0,0,0,1,0
1,0,0,0,2,1,0,0,0,0,0,0,0,0,19.85,25.8,-5.949999999999999,0,1,0,1,1,0,3.9627161197436642,0,0,1,1,0,0,0,0,0,1
0,0,1,1,24,1,0,0,0,0,0,0,0,1,21.1,20.443749999999998,0.6562500000000036,0,1,1,0,0,0,6.197767081226165,0,0,1,0,0,1,0,1,0,0
0,0,1,1,71,1,0,0,0,0,0,0,0,0,20.5,21.140140845070423,-0.6401408450704231,0,1,1,0,0,0,7.314519542821921,0,0,1,0,0,1,1,0,0,0
1,0,0,0,15,1,0,0,0,0,0,0,0,1,19.8,20.626666666666665,-0.8266666666666644,0,1,0,0,1,0,5.737861788309064,0,0,1,1,0,0,0,0,0,1
1,0,0,0,57,1,0,0,0,0,0,0,0,0,18.8,19.19912280701754,-0.399122807017541,0,1,1,0,1,0,6.998829225881509,0,0,1,0,0,1,0,1,0,0
0,0,0,0,20,0,0,0,0,0,0,0,0,0,24.9,25.2975,-0.39750000000000085,0,1,1,0,1,0,6.228412379398589,1,0,0,1,0,0,0,1,0,0
1,0,1,1,62,1,1,0,0,0,0,0,0,0,24.8,23.81048387096774,0.9895161290322605,0,2,1,0,0,0,7.297937530225784,0,0,1,0,1,0,1,0,0,0
0,0,0,0,9,1,0,0,1,1,0,0,0,0,80.55,72.65555555555555,7.894444444444446,2,4,0,0,1,1,6.484482552224008,0,1,0,1,0,0,0,0,1,0
0,0,0,0,2,1,0,0,0,0,0,0,1,0,80.75,79.725,1.0250000000000057,1,3,0,1,1,1,5.077982367555866,0,1,0,1,0,0,0,0,1,0
0,0,1,0,57,0,0,1,1,1,0,1,1,1,58.75,60.30614035087719,-1.5561403508771932,5,6,1,0,0,0,8.142776067429795,1,0,0,1,0,0,1,0,0,0
1,0,0,0,61,1,1,1,0,1,0,1,1,1,106.45,103.2811475409836,3.1688524590164064,4,7,0,0,1,0,8.748487435403822,0,1,0,1,0,0,0,0,1,0
1,1,0,0,39,1,1,0,0,0,0,1,1,1,95.65,96.38589743589743,-0.735897435897428,2,5,1,0,1,1,8.232187534167865,0,1,0,1,0,0,1,0,0,0
0,0,0,0,2,1,0,0,0,0,0,0,0,0,20.3,20.6,-0.3000000000000007,0,1,0,1,1,0,3.742420221041966,0,0,1,1,0,0,0,0,0,1
1,0,1,0,70,1,1,1,0,0,1,1,1,1,76.95,75.56857142857143,1.3814285714285717,4,7,1,0,0,0,8.573724742151892,1,0,0,0,0,1,0,1,0,0
0,0,1,1,32,0,0,1,1,0,0,0,0,1,35.15,32.8453125,2.3046875,2,3,0,0,0,0,6.958495920685321,1,0,0,1,0,0,0,0,1,0
1,0,1,1,42,1,0,1,1,0,0,0,0,0,54.5,54.78928571428572,-0.28928571428571814,2,4,0,0,0,0,7.7415987478887605,1,0,0,1,0,0,0,0,0,1
1,0,1,1,4,1,0,0,0,0,0,0,0,0,19.9,19.1625,0.7374999999999972,0,1,0,1,0,0,4.3522115495946965,0,0,1,0,0,1,0,0,0,1
0,0,0,0,3,1,0,1,1,0,0,0,0,0,55.35,55.06666666666666,0.28333333333333854,2,4,0,1,1,0,5.113191882421348,1,0,0,1,0,0,0,0,1,0
1,1,1,0,46,1,0,0,0,0,0,0,1,1,80.4,78.37391304347825,2.026086956521752,1,3,0,0,0,1,8.190409865342268,0,1,0,1,0,0,0,0,1,0
1,1,1,0,34,1,1,0,0,0,0,0,0,1,75.55,71.33529411764707,4.214705882352931,0,3,0,0,0,1,7.794163956374371,0,1,0,1,0,0,0,0,1,0
0,0,1,0,26,1,0,0,1,1,0,1,1,1,73.5,73.29615384615384,0.20384615384615756,4,6,1,0,0,0,7.553129278070399,1,0,0,0,0,1,0,1,0,0
1,1,1,0,51,0,0,0,1,0,0,0,0,1,29.45,28.61470588235294,0.8352941176470594,1,2,1,0,0,0,7.286431412000087,1,0,0,1,0,0,0,1,0,0
1,0,1,0,4,0,0,0,1,0,0,1,1,1,48.55,50.25,-1.7000000000000028,3,4,0,1,0,0,5.308267697401205,1,0,0,1,0,0,0,0,1,0
1,0,0,0,58,1,1,0,0,1,1,1,1,1,104.65,107.2344827586207,-2.5844827586206947,4,7,0,0,1,0,8.735621644103475,0,1,0,0,1,0,0,0,1,0
1,0,0,0,3,1,0,0,0,1,0,0,0,1,73.6,77.5,-3.9000000000000057,1,3,1,1,1,1,5.453182077108952,0,1,0,1,0,0,0,1,0,0
0,0,1,0,48,1,0,0,1,1,0,1,1,1,97.05,97.76979166666666,-0.7197916666666657,4,6,0,0,0,1,8.454029724458199,0,1,0,0,1,0,0,0,1,0
0,0,1,1,67,1,1,0,0,1,1,1,1,1,105.65,100.26716417910447,5.3828358208955365,4,7,1,0,0,0,8.812679729642257,0,1,0,0,0,1,1,0,0,0
1,0,1,1,17,1,1,0,0,0,0,0,0,1,25.15,24.27058823529412,0.8794117647058783,0,2,0,0,0,0,6.024899323194219,0,0,1,0,0,1,0,0,0,1
1,0,1,1,5,1,0,0,0,0,0,0,0,0,20.55,19.89,0.6600000000000001,0,1,0,1,0,0,4.609660091260944,0,0,1,0,1,0,0,0,1,0
1,1,1,0,58,1,1,0,1,0,0,1,1,1,98.9,99.66724137931034,-0.7672413793103345,3,6,0,0,0,1,8.662453036069365,0,1,0,1,0,0,0,0,1,0
1,0,1,1,68,1,1,1,1,1,0,1,1,1,110.2,109.81617647058823,0.3838235294117709,5,8,0,0,0,0,8.918449454750347,0,1,0,0,0,1,0,0,1,0
0,0,1,1,60,0,0,1,0,1,1,1,1,0,59.85,59.836666666666666,0.013333333333335418,5,6,1,0,0,0,8.186241687467723,1,0,0,0,0,1,0,1,0,0
1,0,0,0,43,0,0,1,0,1,0,0,0,1,35.2,34.03953488372093,1.1604651162790702,2,3,1,0,1,0,7.289405722324261,1,0,0,0,1,0,0,1,0,0
1,0,0,1,1,0,0,0,1,0,0,0,0,1,31.35,31.35,0.0,1,2,0,1,0,0,3.4766140209469096,1,0,0,1,0,0,0,0,0,1
1,0,1,0,49,1,1,0,1,0,0,1,1,1,99.05,99.0561224489796,-0.006122448979596129,3,6,1,0,0,1,8.48771288609373,0,1,0,1,0,0,1,0,0,0
1,0,1,0,40,1,1,0,1,0,1,1,0,0,70.75,73.04375,-2.293750000000003,3,6,1,0,0,0,7.980280232886928,1,0,0,0,1,0,0,1,0,0
1,0,1,1,19,1,1,0,0,0,0,0,0,0,50.1,47.91842105263158,2.181578947368422,0,3,1,0,0,0,6.8150367379789305,1,0,0,1,0,0,0,1,0,0
0,0,1,1,2,0,0,0,0,0,0,0,0,1,24.4,18.275,6.125,0,1,0,1,0,0,3.6256733782101436,1,0,0,1,0,0,0,0,0,1
0,0,1,1,8,1,0,0,0,0,0,0,0,1,45.45,51.46875,-6.018749999999997,0,2,0,0,0,0,6.022842082800238,1,0,0,1,0,0,0,0,1,0
1,0,0,0,68,1,1,1,1,1,0,1,0,0,101.35,104.56985294117646,-3.2198529411764696,4,7,1,0,1,0,8.869503624719881,0,1,0,0,1,0,1,0,0,0
0,1,1,0,1,1,1,0,0,1,0,1,1,1,100.8,100.8,0.0,3,6,0,1,0,1,4.623010104116422,0,1,0,1,0,0,0,0,1,0
1,0,0,0,60,1,1,1,1,1,1,1,1,1,116.6,117.49166666666666,-0.8916666666666657,6,9,1,0,1,0,8.860853815277284,0,1,0,0,1,0,0,1,0,0
0,0,1,1,72,1,0,1,1,1,0,0,1,0,68.75,67.89166666666667,0.8583333333333343,4,6,1,0,0,0,8.494783969903107,1,0,0,0,0,1,0,1,0,0
1,1,0,0,55,0,0,1,1,0,0,1,0,1,44.85,45.07363636363637,-0.2236363636363663,3,4,0,0,1,0,7.816034000246114,1,0,0,1,0,0,0,0,1,0
1,0,0,0,56,1,1,0,1,0,0,1,1,0,98.6,99.66160714285715,-1.0616071428571558,3,6,0,0,1,1,8.627311371419102,0,1,0,1,0,0,0,0,1,0
1,1,0,0,1,0,0,0,1,1,0,0,1,1,43.3,43.3,0.0,3,4,0,1,1,0,3.7909846770510898,1,0,0,1,0,0,0,0,1,0
1,0,1,1,27,1,0,1,1,0,0,0,0,1,54.75,55.93703703703704,-1.1870370370370367,2,4,1,0,0,0,7.320725486576075,1,0,0,1,0,0,0,1,0,0
0,0,0,0,12,0,0,1,0,1,1,0,1,0,49.85,46.00833333333333,3.8416666666666686,4,5,0,0,1,0,6.315538817000633,1,0,0,0,0,1,0,0,0,1
0,0,0,0,65,1,1,0,1,1,0,1,0,1,95.5,94.6746153846154,0.825384615384607,3,6,0,0,1,1,8.724995667891045,0,1,0,0,1,0,0,0,1,0
1,0,0,0,8,1,1,0,0,0,0,0,1,1,86.55,81.20625,5.34375,1,4,0,0,1,1,6.477971863222766,0,1,0,1,0,0,0,0,1,0
1,0,1,0,57,1,1,1,1,1,1,1,0,1,103.05,103.96052631578948,-0.9105263157894825,5,8,0,0,0,0,8.687231281043342,0,1,0,1,0,0,0,0,1,0
0,0,1,1,69,1,0,0,0,0,0,0,0,0,20.15,19.384057971014492,0.7659420289855063,0,1,1,0,0,0,7.199304862960407,0,0,1,0,0,1,1,0,0,0
1,0,0,0,69,1,0,0,1,1,1,1,1,1,104.05,105.2463768115942,-1.196376811594206,5,7,1,0,1,0,8.890548245606167,0,1,0,0,1,0,1,0,0,0
1,0,0,0,1,1,0,0,0,0,0,0,0,1,19.85,19.85,0.0,0,1,0,1,1,0,3.0373539482448106,0,0,1,1,0,0,0,0,1,0
1,0,1,0,7,0,0,1,1,0,0,0,0,0,34.2,36.65714285714286,-2.4571428571428555,2,3,0,0,0,0,5.551407994230199,1,0,0,1,0,0,0,0,0,1
1,1,0,0,12,1,1,0,0,0,0,0,0,1,73.3,69.00416666666666,4.295833333333334,0,3,1,0,1,1,6.720280466947382,0,1,0,1,0,0,0,1,0,0
1,0,0,0,22,1,1,1,0,0,0,1,1,1,100.75,95.22727272727273,5.522727272727266,3,6,0,0,1,0,7.647786045440933,0,1,0,1,0,0,0,0,1,0
1,0,0,1,27,1,0,0,0,0,0,0,0,0,19.15,19.901851851851852,-0.7518518518518533,0,1,0,0,0,0,6.288508906261726,0,0,1,1,0,0,0,0,0,1
0,0,0,0,11,1,0,0,0,1,1,0,0,0,53.8,59.23181818181818,-5.43181818181818,2,4,1,0,1,0,6.480887764613537,1,0,0,0,1,0,1,0,0,0
1,0,0,0,2,1,0,0,0,0,0,0,1,1,80.2,90.55,-10.349999999999994,1,3,0,1,1,1,5.2045559867335625,0,1,0,1,0,0,0,0,1,0
1,0,0,0,18,1,0,0,0,0,0,0,0,0,19.25,18.408333333333335,0.841666666666665,0,1,0,0,1,0,5.806188630487591,0,0,1,1,0,0,0,0,0,1
0,0,1,1,4,1,0,0,0,0,0,0,1,0,80.85,75.6875,5.162499999999994,1,3,0,1,0,1,5.716204994654758,0,1,0,1,0,0,0,0,1,0
1,1,1,0,57,0,0,0,0,0,0,1,1,1,44.85,45.13947368421052,-0.28947368421052033,2,3,0,0,0,0,7.853196962947979,1,0,0,1,0,0,0,0,1,0
0,0,1,0,11,1,1,0,1,0,0,1,1,1,102.0,104.12272727272726,-2.1227272727272606,3,6,0,0,0,1,7.044338260768671,0,1,0,1,0,0,0,0,1,0
0,1,1,1,4,1,0,0,0,0,0,0,0,0,46.0,45.4,0.6000000000000014,0,2,0,1,0,0,5.207297968160868,1,0,0,1,0,0,0,0,1,0
0,0,0,0,1,1,1,0,0,0,0,0,0,1,50.1,50.1,0.0,0,3,0,1,1,0,3.933784497209659,1,0,0,1,0,0,0,0,0,1
0,0,1,1,69,1,1,0,1,1,0,1,1,1,103.95,107.92608695652173,-3.9760869565217263,4,7,0,0,0,1,8.915687392443568,0,1,0,1,0,0,0,0,1,0
1,1,1,0,64,1,1,0,0,0,0,0,0,0,25.65,27.2,-1.5500000000000007,0,2,1,0,0,0,7.462674340258639,0,0,1,0,0,1,0,1,0,0
1,0,0,1,0,1,1,1,1,0,1,0,0,1,61.9,61.9,0.0,3,6,1,1,0,0,0.0,1,0,0,0,0,1,1,0,0,0
1,0,1,1,30,1,1,1,0,0,0,0,0,1,54.45,52.95666666666667,1.4933333333333323,1,4,1,0,0,0,7.371300598166826,1,0,0,1,0,0,1,0,0,0
0,0,0,0,34,1,0,0,1,1,1,1,1,1,105.1,106.90588235294118,-1.8058823529411825,5,7,0,0,1,0,8.198584448283961,0,1,0,1,0,0,0,0,1,0
1,0,0,1,23,1,0,0,0,0,0,0,0,0,19.8,20.23695652173913,-0.43695652173913047,0,1,0,0,0,0,6.14515083340697,0,0,1,0,1,0,0,0,0,1
0,0,0,1,17,1,1,0,0,1,0,0,0,1,55.85,55.14705882352941,0.7029411764705884,1,4,0,0,0,0,6.844282856026563,1,0,0,0,1,0,0,0,0,1
1,0,0,0,9,1,0,0,0,0,0,0,0,0,44.95,47.888888888888886,-2.938888888888883,0,2,0,0,1,0,6.068425588244111,1,0,0,1,0,0,0,0,0,1
1,0,0,0,40,0,0,0,1,0,1,0,0,0,36.0,34.572500000000005,1.4274999999999949,2,3,1,0,1,0,7.232660879231885,1,0,0,0,1,0,0,1,0,0
0,0,1,1,59,1,0,0,1,0,1,1,1,1,75.95,76.98898305084747,-1.0389830508474631,4,6,1,0,0,0,8.421419904394316,1,0,0,0,0,1,0,1,0,0
0,0,1,0,71,1,1,1,1,1,1,1,1,0,93.2,91.63591549295774,1.564084507042267,6,9,1,0,0,0,8.780656851327029,1,0,0,0,0,1,0,1,0,0
1,0,1,0,37,1,1,1,0,0,0,0,0,1,55.05,54.88513513513514,0.1648648648648603,1,4,0,0,0,0,7.616652769633315,1,0,0,1,0,0,0,0,0,1
0,0,1,1,40,1,1,0,0,0,0,0,0,1,24.8,25.6175,-0.817499999999999,0,2,0,0,0,0,6.933130585313365,0,0,1,0,0,1,0,0,0,1
0,0,1,0,50,1,1,0,0,1,0,1,1,0,75.7,77.524,-1.823999999999998,3,6,1,0,0,0,8.262868522618453,1,0,0,0,1,0,1,0,0,0
0,0,1,1,60,1,1,1,1,0,0,1,0,0,94.15,96.86333333333333,-2.713333333333324,3,6,1,0,0,0,8.667817661466938,0,1,0,0,1,0,1,0,0,0
0,1,0,0,64,0,0,0,1,0,1,1,0,1,43.85,42.984375,0.8656250000000014,3,4,0,0,1,0,7.920083199053234,1,0,0,1,0,0,0,0,1,0
0,0,0,0,5,1,0,0,0,0,0,0,0,0,20.15,23.59,-3.4400000000000013,0,1,0,1,1,0,4.778703236748966,0,0,1,1,0,0,0,0,0,1
0,1,0,0,66,1,1,0,1,0,0,0,0,1,80.45,79.15681818181818,1.2931818181818215,1,4,1,0,1,1,8.561277060235506,0,1,0,1,0,0,0,1,0,0
0,0,0,0,36,1,1,0,1,0,1,0,1,1,70.7,69.77638888888889,0.9236111111111143,3,6,0,0,1,0,7.829212640807651,1,0,0,0,1,0,0,0,0,1
1,0,1,0,52,1,0,1,1,0,0,1,1,1,75.4,74.33557692307691,1.0644230769230916,4,6,0,0,0,0,8.260092052373597,1,0,0,0,1,0,0,0,0,1
0,1,1,0,5,1,1,0,0,0,0,0,0,1,74.35,66.96000000000001,7.389999999999986,0,3,0,1,0,1,5.81651574464344,0,1,0,1,0,0,0,0,1,0
1,0,1,1,72,0,0,1,1,1,1,1,1,1,65.65,64.78472222222223,0.8652777777777771,6,7,1,0,0,0,8.447950288674077,1,0,0,0,0,1,1,0,0,0
1,0,0,0,19,1,1,0,0,1,1,0,0,0,59.55,60.24210526315789,-0.6921052631578917,2,5,0,0,1,0,7.043683796206381,1,0,0,1,0,0,0,0,1,0
0,0,1,0,15,1,0,0,0,0,0,0,0,0,20.45,22.053333333333335,-1.6033333333333353,0,1,1,0,0,0,5.8045323777563445,0,0,1,1,0,0,0,1,0,0
0,1,1,0,65,1,1,0,1,1,0,1,1,1,108.8,108.96076923076923,-0.16076923076923322,4,7,1,0,0,1,8.86551635613705,0,1,0,1,0,0,1,0,0,0
0,0,1,0,33,1,0,1,0,1,1,1,1,1,103.75,101.85000000000001,1.8999999999999915,5,7,0,0,0,0,8.120306185957913,0,1,0,0,1,0,0,0,1,0
1,0,0,0,3,1,0,0,0,0,0,1,0,0,55.15,53.050000000000004,2.0999999999999943,1,3,0,1,1,0,5.076110876055167,1,0,0,1,0,0,0,0,0,1
0,0,0,0,1,1,0,0,0,0,0,0,0,0,19.4,19.4,0.0,0,1,1,1,1,0,3.0155349008501706,0,0,1,1,0,0,0,1,0,0
0,0,0,0,18,1,1,0,0,1,1,0,1,1,95.05,93.30000000000001,1.7499999999999858,3,6,1,0,1,0,7.426787139295227,0,1,0,1,0,0,1,0,0,0
0,0,0,0,1,1,0,0,0,0,0,0,0,0,68.65,68.65,0.0,0,2,0,1,1,1,4.243482700225814,0,1,0,1,0,0,0,0,1,0
1,0,0,0,27,1,0,1,1,0,0,0,0,0,55.45,54.72777777777778,0.7222222222222214,2,4,1,0,1,0,7.298884788322935,1,0,0,0,1,0,1,0,0,0
0,0,0,0,6,1,0,0,0,0,0,0,0,0,20.0,18.2,1.8000000000000007,0,1,0,1,1,0,4.702296896718814,0,0,1,1,0,0,0,0,0,1
1,0,1,0,10,1,0,0,0,0,0,0,0,1,70.3,73.82000000000001,-3.5200000000000102,0,2,0,0,0,1,6.605568520327474,0,1,0,1,0,0,0,0,1,0
1,0,0,0,40,1,0,0,1,0,1,0,1,1,89.6,87.20375,2.396249999999995,3,5,1,0,1,0,8.157413432524026,0,1,0,0,1,0,0,1,0,0
0,0,1,0,26,1,0,0,1,1,1,1,1,0,81.9,79.94423076923077,1.955769230769235,5,7,1,0,0,0,7.639906803135313,1,0,0,1,0,0,1,0,0,0
1,1,0,0,51,1,1,0,1,0,0,0,0,1,79.6,77.93529411764706,1.6647058823529335,1,4,1,0,1,1,8.287956112213468,0,1,0,0,1,0,1,0,0,0
0,0,0,0,31,1,1,1,1,0,0,1,1,0,104.35,103.40645161290323,0.9435483870967687,4,7,0,0,1,0,8.072966464754737,0,1,0,1,0,0,0,0,1,0
1,0,1,1,70,1,1,0,0,0,0,0,0,0,25.15,25.57357142857143,-0.4235714285714316,0,2,1,0,0,0,7.490613150647503,0,0,1,0,0,1,0,1,0,0
0,0,1,1,6,0,0,0,1,1,1,0,0,0,40.55,36.25,4.299999999999997,3,4,0,1,0,0,5.3867860145356445,1,0,0,0,0,1,0,0,0,1
0,0,0,0,3,1,0,0,0,0,0,0,0,0,19.75,19.616666666666667,0.13333333333333286,0,1,0,1,1,0,4.091841432003982,0,0,1,1,0,0,0,0,1,0
0,0,0,0,65,1,1,1,1,1,0,1,1,1,111.05,109.33846153846154,1.7115384615384528,5,8,1,0,1,0,8.868976189274543,0,1,0,1,0,0,0,1,0,0
1,0,0,0,62,1,0,1,1,0,0,1,1,1,74.3,75.775,-1.4750000000000085,4,6,1,0,1,0,8.455115639608026,1,0,0,0,1,0,0,1,0,0
0,0,0,1,49,1,0,0,0,0,0,0,0,0,20.45,20.91122448979592,-0.4612244897959208,0,1,1,0,0,0,6.933081836928146,0,0,1,0,0,1,0,1,0,0
1,0,0,0,1,1,1,0,1,0,1,0,0,0,60.1,60.1,0.0,2,5,0,1,1,0,4.11251186617755,1,0,0,1,0,0,0,0,0,1
1,0,0,0,10,1,0,0,0,0,0,0,0,1,20.0,19.86,0.14000000000000057,0,1,1,0,1,0,5.296315363877364,0,0,1,1,0,0,0,1,0,0
1,0,0,0,32,1,0,0,0,0,0,0,0,1,20.05,19.2015625,0.8484374999999993,0,1,1,0,1,0,6.422353707556304,0,0,1,0,0,1,1,0,0,0
0,0,0,1,25,1,0,0,0,0,0,0,0,0,20.05,18.868,1.1820000000000022,0,1,1,0,0,0,6.158460937799191,0,0,1,1,0,0,0,1,0,0
1,1,0,0,20,1,0,0,0,0,0,0,0,0,71.3,69.46000000000001,1.8399999999999892,0,2,1,0,1,1,7.237202900666386,0,1,0,1,0,0,0,1,0,0
0,0,1,1,15,1,1,0,1,1,0,1,1,1,105.35,103.95,1.3999999999999915,4,7,1,0,0,1,7.352601343814152,0,1,0,1,0,0,1,0,0,0
0,0,0,0,1,1,0,0,0,0,0,0,0,0,19.85,19.85,0.0,0,1,0,1,1,0,3.0373539482448106,0,0,1,1,0,0,0,0,0,1
1,1,0,0,20,1,0,1,0,0,1,0,0,0,54.0,52.795,1.2049999999999983,2,4,0,0,1,0,6.963095374015301,1,0,0,0,1,0,0,0,0,1
1,1,0,0,37,0,0,0,1,1,0,0,0,0,36.65,35.54054054054054,1.1094594594594582,2,3,0,0,1,0,7.182352111885263,1,0,0,1,0,0,0,0,1,0
0,0,1,1,21,1,0,0,1,1,1,1,1,1,102.8,100.48333333333333,2.316666666666663,5,7,0,0,0,0,7.6549881016953245,0,1,0,1,0,0,0,0,1,0
0,1,0,0,72,1,1,1,1,1,1,1,1,1,117.35,117.17013888888889,0.17986111111110858,6,9,1,0,1,0,9.04041170511219,0,1,0,0,0,1,0,1,0,0
1,0,1,1,68,1,1,0,0,0,0,0,0,0,25.75,24.796323529411765,0.9536764705882348,0,2,0,0,0,0,7.430795993827386,0,0,1,0,0,1,0,0,0,1
0,0,0,0,4,1,1,0,0,0,0,0,0,0,50.7,53.6375,-2.9375,0,3,0,1,1,0,5.373192901193144,1,0,0,1,0,0,0,0,1,0
0,0,1,0,59,1,1,0,1,0,0,1,1,0,101.1,102.37118644067796,-1.2711864406779654,3,6,0,0,0,1,8.706308286450993,0,1,0,1,0,0,0,0,1,0
0,0,1,0,47,1,0,0,0,0,0,0,0,0,19.65,19.607446808510637,0.0425531914893611,0,1,1,0,0,0,6.827141574987891,0,0,1,0,0,1,1,0,0,0
0,1,1,1,66,1,1,1,1,0,1,1,1,1,110.6,109.25530303030304,1.3446969696969546,5,8,1,0,0,0,8.883480785438028,0,1,0,0,1,0,0,1,0,0
1,0,0,0,18,1,1,0,1,0,0,0,0,1,80.65,80.66111111111111,-0.011111111111105743,1,4,0,0,1,1,7.281316838077293,0,1,0,1,0,0,0,0,1,0
1,0,0,0,5,1,0,0,0,0,0,0,0,0,20.25,21.96,-1.7100000000000009,0,1,0,1,1,0,4.707726774313183,0,0,1,1,0,0,0,0,0,1
0,0,1,1,6,1,0,1,1,0,0,0,0,0,55.9,60.89166666666667,-4.991666666666674,2,4,1,1,0,0,5.903589160605973,1,0,0,1,0,0,0,1,0,0
1,0,1,1,6,1,0,0,0,0,0,0,0,0,19.85,23.141666666666666,-3.2916666666666643,0,1,1,1,0,0,4.940570419647969,0,0,1,1,0,0,0,1,0,0
0,0,1,0,32,1,0,0,0,0,0,0,0,0,19.3,18.5375,0.7624999999999993,0,1,0,0,0,0,6.387215963028507,0,0,1,0,1,0,0,0,0,1
1,0,0,0,12,1,1,0,0,0,1,1,1,1,99.95,94.39583333333333,5.554166666666674,3,6,0,0,1,0,7.033286001429347,0,1,0,1,0,0,0,0,0,1
0,0,1,1,70,1,1,1,0,0,1,1,1,1,80.6,78.00285714285714,2.597142857142856,4,7,1,0,0,0,8.605423824810597,1,0,0,0,0,1,1,0,0,0
0,0,0,0,3,1,1,0,0,0,0,0,0,1,75.8,82.10000000000001,-6.300000000000011,0,3,0,1,1,1,5.510602174527371,0,1,0,1,0,0,0,0,1,0
0,0,0,0,1,1,0,0,0,0,0,0,0,0,43.95,43.95,0.0,0,2,0,1,1,0,3.8055507609176296,1,0,0,1,0,0,0,0,0,1
1,0,1,0,17,1,0,0,0,0,0,0,0,1,70.4,71.41470588235293,-1.0147058823529278,0,2,1,0,0,1,7.102540507191292,0,1,0,1,0,0,1,0,0,0
1,0,1,1,47,1,0,1,0,1,0,0,1,0,90.05,88.02553191489362,2.0244680851063777,3,5,0,0,0,0,8.3280161896653,0,1,0,1,0,0,0,0,1,0
0,0,1,0,62,1,1,0,0,1,0,1,1,1,101.35,99.43064516129031,1.9193548387096797,3,6,0,0,0,1,8.726756953353926,0,1,0,1,0,0,0,0,1,0
0,0,0,0,45,1,1,0,1,0,0,1,0,1,89.3,89.26333333333334,0.03666666666666174,2,5,1,0,1,1,8.29850221267205,0,1,0,1,0,0,0,1,0,0
0,0,1,0,19,1,0,1,0,0,0,0,0,1,73.2,75.84736842105262,-2.6473684210526187,1,3,0,0,0,0,7.273855663568025,0,1,0,1,0,0,0,0,1,0
0,0,0,0,11,1,0,1,0,0,1,0,0,1,54.6,56.16818181818182,-1.5681818181818201,2,4,0,0,1,0,6.427862916986031,1,0,0,0,1,0,0,0,0,1
1,0,1,1,57,1,0,0,1,1,0,1,1,1,97.55,98.21052631578948,-0.6605263157894825,4,6,1,0,0,1,8.630343289348893,0,1,0,0,1,0,0,1,0,0
1,0,1,1,8,1,0,0,0,0,0,0,0,0,19.65,21.21875,-1.5687500000000014,0,1,1,0,0,0,5.140200498450899,0,0,1,1,0,0,0,1,0,0
0,0,0,0,36,1,0,1,1,1,1,1,1,0,85.85,83.43194444444445,2.41805555555554,6,8,1,0,1,0,8.007883085339621,1,0,0,0,1,0,1,0,0,0
0,0,0,0,3,1,0,0,0,0,0,0,0,0,20.4,21.05,-0.6500000000000021,0,1,0,1,1,0,4.161224091061645,0,0,1,1,0,0,0,0,0,1
0,0,1,1,65,1,1,1,0,1,1,1,1,0,109.3,112.88538461538462,-3.5853846153846263,5,8,0,0,0,0,8.900896554409524,0,1,0,0,0,1,0,0,1,0
0,0,1,0,57,1,1,0,1,1,1,1,0,0,74.6,76.64824561403509,-2.048245614035096,4,7,1,0,0,0,8.382506846376582,1,0,0,0,1,0,1,0,0,0
0,0,1,1,58,1,0,0,0,0,0,0,0,1,19.85,19.980172413793102,-0.13017241379310107,0,1,0,0,0,0,7.056045965394279,0,0,1,0,0,1,0,0,0,1
0,0,1,1,24,1,1,1,1,1,0,0,0,0,64.35,64.94375000000001,-0.5937500000000142,3,6,0,0,0,0,7.352216716096984,1,0,0,0,0,1,0,0,1,0
1,0,1,1,61,1,0,0,1,1,1,1,1,0,103.9,105.72377049180328,-1.8237704918032733,5,7,1,0,0,0,8.77185866533336,0,1,0,0,1,0,0,1,0,0
1,0,0,1,54,1,1,0,1,0,0,0,0,1,55.0,57.2712962962963,-2.271296296296299,1,4,1,0,0,0,8.03710690256227,1,0,0,1,0,0,0,1,0,0
0,1,0,0,10,0,0,0,0,0,1,0,0,1,29.65,29.139999999999997,0.5100000000000016,1,2,0,0,1,0,5.678122727875623,1,0,0,1,0,0,0,0,1,0
1,0,0,0,6,1,0,0,0,0,0,0,0,1,69.1,72.5,-3.4000000000000057,0,2,0,1,1,1,6.077642243349034,0,1,0,1,0,0,0,0,1,0
0,0,1,0,23,1,1,0,0,1,0,0,1,0,90.15,88.9108695652174,1.2391304347826093,2,5,0,0,0,1,7.623617508285297,0,1,0,1,0,0,0,0,0,1
1,0,0,0,7,1,1,0,0,1,0,1,0,1,90.45,84.77857142857144,5.671428571428564,2,5,0,0,1,1,6.387636608304554,0,1,0,1,0,0,0,0,1,0
0,1,0,0,53,1,0,0,1,0,0,0,0,1,73.8,75.5443396226415,-1.7443396226415047,1,3,1,0,1,1,8.29526140561755,0,1,0,1,0,0,0,1,0,0
1,1,0,0,35,1,1,0,0,1,0,1,1,1,101.4,99.89428571428572,1.5057142857142907,3,6,0,0,1,1,8.15974652120194,0,1,0,1,0,0,0,0,1,0
0,0,0,0,61,1,1,1,1,1,1,1,1,1,115.1,114.64999999999999,0.45000000000000284,6,9,0,0,1,0,8.852900850107938,0,1,0,0,1,0,0,0,0,1
1,0,0,0,30,1,1,1,1,1,0,0,0,0,90.4,94.02166666666668,-3.6216666666666697,3,6,1,0,1,0,7.945077099207139,0,1,0,0,1,0,1,0,0,0
0,0,0,0,8,1,0,1,0,0,0,1,0,0,84.95,83.55,1.4000000000000057,2,4,0,0,1,0,6.506381788777226,0,1,0,1,0,0,0,0,1,0
0,0,0,0,12,1,0,0,0,1,1,0,1,1,89.4,91.30416666666667,-1.9041666666666686,3,5,0,0,1,0,7.000015357407435,0,1,0,1,0,0,0,0,1,0
1,1,1,0,6,1,1,0,0,1,0,0,0,1,80.8,76.18333333333334,4.61666666666666,1,4,0,1,0,1,6.127087500892697,0,1,0,1,0,0,0,0,1,0
1,0,1,1,72,1,1,0,1,1,0,1,1,1,103.4,102.39791666666666,1.0020833333333456,4,7,0,0,0,1,8.905668113604712,0,1,0,0,0,1,0,0,1,0
1,0,1,0,9,0,0,0,0,0,0,0,0,0,24.1,28.866666666666667,-4.766666666666666,0,1,1,0,0,0,5.563753830052498,1,0,0,0,1,0,1,0,0,0
0,0,0,0,16,1,0,0,1,0,0,0,0,0,75.1,75.803125,-0.703125,1,3,1,0,1,1,7.101552405501116,0,1,0,1,0,0,1,0,0,0
0,0,1,1,23,1,0,1,1,0,1,0,0,0,84.4,84.2108695652174,0.18913043478261216,3,5,0,0,0,0,7.56933439007442,0,1,0,1,0,0,0,0,0,1
1,0,1,0,15,1,0,0,0,0,0,0,0,1,19.45,22.723333333333336,-3.273333333333337,0,1,1,0,0,0,5.834372044359803,0,0,1,1,0,0,0,1,0,0
1,1,0,0,5,1,0,0,1,0,0,0,1,1,85.55,81.7,3.8499999999999943,2,4,0,1,1,1,6.014936903293124,0,1,0,1,0,0,0,0,1,0
0,0,0,0,14,1,0,0,0,1,0,0,0,0,75.35,73.28214285714286,2.067857142857136,1,3,0,0,1,1,6.934348523251658,0,1,0,1,0,0,0,0,1,0
1,0,0,0,11,1,0,0,1,0,0,0,0,1,75.9,78.76363636363637,-2.8636363636363598,1,3,0,0,1,1,6.7655002314012656,0,1,0,1,0,0,0,0,0,1
0,0,1,0,7,1,1,0,0,0,0,1,0,1,86.5,83.21428571428571,3.285714285714292,1,4,0,0,0,1,6.3690444517266105,0,1,0,1,0,0,0,0,1,0
1,0,0,1,26,0,0,0,1,0,0,1,0,1,39.95,39.375,0.5750000000000028,2,3,1,0,0,0,6.932203959384447,1,0,0,0,1,0,1,0,0,0
1,0,1,1,63,1,1,0,0,0,0,0,0,0,25.25,24.96904761904762,0.28095238095238173,0,2,0,0,0,0,7.361407194673576,0,0,1,0,0,1,0,0,0,1
0,0,1,0,44,1,1,0,0,0,0,1,1,1,96.1,99.18409090909091,-3.084090909090918,2,5,0,0,0,1,8.38139637751873,0,1,0,1,0,0,0,0,1,0
0,0,0,0,11,1,1,1,0,0,0,0,0,1,79.0,84.48181818181818,-5.481818181818184,1,4,1,0,1,0,6.835507114774513,0,1,0,1,0,0,1,0,0,0
1,0,0,0,26,1,0,0,1,0,0,0,0,0,75.5,77.61923076923077,-2.119230769230768,1,3,1,0,1,1,7.610407146556328,0,1,0,0,1,0,1,0,0,0
1,0,1,1,59,1,0,0,0,0,0,0,0,0,19.5,19.45508474576271,0.04491525423728859,0,1,0,0,0,0,7.046516721023712,0,0,1,0,0,1,0,0,0,1
0,0,0,0,23,0,0,0,0,0,0,1,1,1,44.95,43.34130434782609,1.608695652173914,2,3,0,0,1,0,6.905602964413994,1,0,0,1,0,0,0,0,1,0
0,0,0,0,20,1,0,0,0,0,0,0,0,0,19.5,20.1575,-0.6574999999999989,0,1,0,0,1,0,6.0017860961798535,0,0,1,0,1,0,0,0,0,1
1,1,1,0,32,1,1,0,1,1,0,1,1,0,106.35,110.0234375,-3.6734375000000057,4,7,1,0,0,1,8.166713304140416,0,1,0,1,0,0,1,0,0,0
0,1,1,0,28,1,1,0,1,1,1,1,1,1,110.85,114.44285714285715,-3.592857142857156,5,8,0,0,0,0,8.072592166559476,0,1,0,1,0,0,0,0,1,0
0,0,0,0,4,1,0,0,0,1,0,0,1,1,82.85,79.9,2.9499999999999886,2,4,1,1,1,1,5.770194240175453,0,1,0,1,0,0,0,1,0,0
0,0,1,1,45,0,0,0,1,1,1,0,1,0,51.0,50.32222222222222,0.6777777777777771,4,5,1,0,0,0,7.725550764107193,1,0,0,0,1,0,1,0,0,0
0,0,1,1,19,1,1,0,0,0,1,0,1,1,89.35,88.78157894736842,0.568421052631578,2,5,1,0,0,0,7.431210808648149,0,1,0,0,1,0,1,0,0,0
1,0,1,1,11,1,0,0,0,1,0,1,0,1,59.65,62.11363636363637,-2.4636363636363683,2,4,1,0,0,0,6.5283233479207885,1,0,0,1,0,0,1,0,0,0
1,1,1,0,7,1,1,1,1,0,0,0,1,1,94.7,96.15714285714286,-1.4571428571428555,3,6,1,0,0,0,6.513378467859393,0,1,0,1,0,0,0,1,0,0
1,1,1,0,43,1,1,0,1,0,1,1,0,1,94.3,91.93372093023255,2.366279069767444,3,6,0,0,0,0,8.282520939278072,0,1,0,1,0,0,0,0,1,0
1,0,0,0,27,1,0,0,0,0,0,0,0,1,19.4,17.046296296296298,2.353703703703701,0,1,1,0,1,0,6.133940195354737,0,0,1,1,0,0,0,1,0,0
1,0,1,0,66,1,0,1,1,1,1,1,1,1,85.9,84.77727272727273,1.1227272727272748,6,8,1,0,0,0,8.629860944069652,1,0,0,0,0,1,1,0,0,0
0,0,0,0,33,1,1,1,1,0,0,0,0,1,60.9,61.631818181818176,-0.731818181818177,2,5,0,0,1,0,7.618177385086264,1,0,0,1,0,0,0,0,0,1
1,0,1,1,26,1,0,0,0,0,0,0,0,1,20.05,19.457692307692305,0.5923076923076955,0,1,1,0,0,0,6.228313745478304,0,0,1,0,1,0,1,0,0,0
1,0,0,0,23,1,0,0,1,0,0,1,1,0,95.3,95.34347826086957,-0.04347826086957696,3,5,0,0,1,1,7.693436060945015,0,1,0,1,0,0,0,0,0,1
1,0,0,1,49,1,1,0,0,0,0,0,0,0,75.2,75.06734693877551,0.13265306122448806,0,3,1,0,0,1,8.21047779567805,0,1,0,1,0,0,0,1,0,0
0,0,0,0,1,1,1,0,0,0,0,0,1,1,85.0,85.0,0.0,1,4,0,1,1,1,4.454347296253507,0,1,0,1,0,0,0,0,1,0
0,0,0,0,70,1,1,0,0,0,0,0,0,0,26.05,26.52,-0.46999999999999886,0,2,1,0,1,0,7.526932939341908,0,0,1,0,1,0,0,1,0,0
1,0,0,0,65,1,1,0,0,0,0,0,0,0,24.8,24.63,0.1700000000000017,0,2,1,0,1,0,7.378976916154964,0,0,1,0,1,0,0,1,0,0
1,0,1,1,71,1,0,0,0,0,0,0,0,0,19.7,18.325352112676054,1.3746478873239454,0,1,1,0,0,0,7.171733624734682,0,0,1,0,0,1,0,1,0,0
1,0,0,0,12,1,1,0,0,0,0,0,0,0,24.95,23.366666666666664,1.5833333333333357,0,2,1,0,1,0,5.639777144680289,0,0,1,0,1,0,0,1,0,0
0,0,0,0,6,1,0,0,0,0,0,0,0,0,19.65,19.474999999999998,0.1750000000000007,0,1,1,1,1,0,4.76941262938214,0,0,1,0,0,1,0,1,0,0
0,0,1,1,36,1,1,1,0,1,0,1,1,1,104.5,102.35972222222222,2.140277777777783,4,7,1,0,0,0,8.21228357329783,0,1,0,1,0,0,0,1,0,0
0,0,1,0,1,1,0,0,0,0,0,0,0,1,20.3,20.3,0.0,0,1,1,1,0,0,3.0587070727153796,0,0,1,1,0,0,1,0,0,0
0,0,0,0,40,1,1,0,0,1,1,1,1,1,105.95,108.38,-2.4299999999999926,4,7,1,0,1,0,8.374753667516991,0,1,0,0,1,0,0,1,0,0
0,0,0,0,53,1,0,0,0,0,0,0,0,0,18.7,18.975471698113207,-0.2754716981132077,0,1,0,0,1,0,6.914432933735378,0,0,1,0,0,1,0,0,0,1
1,0,0,0,24,1,0,0,0,0,0,1,1,1,90.35,93.27083333333333,-2.9208333333333343,2,4,0,0,1,1,7.714007905647355,0,1,0,1,0,0,0,0,1,0
0,0,1,1,71,1,1,0,0,0,0,0,0,0,23.9,23.429577464788732,0.47042253521126653,0,2,1,0,0,0,7.41728005701508,0,0,1,0,0,1,0,1,0,0
0,0,0,0,60,1,1,0,1,1,0,1,1,1,105.9,106.6075,-0.707499999999996,4,7,0,0,1,1,8.763654752450451,0,1,0,1,0,0,0,0,1,0
1,1,0,0,25,1,1,0,1,0,0,1,0,1,88.95,91.648,-2.6979999999999933,2,5,0,0,1,1,7.737267334062599,0,1,0,1,0,0,0,0,1,0
0,0,0,0,41,1,0,0,0,0,0,0,0,1,19.85,19.76707317073171,0.08292682926829187,0,1,0,0,1,0,6.698822770761891,0,0,1,0,0,1,0,0,0,1
1,1,0,0,68,1,1,0,1,1,0,0,1,1,95.9,95.63529411764705,0.2647058823529562,3,6,0,0,1,1,8.78020340106237,0,1,0,1,0,0,0,0,1,0
0,0,0,0,1,1,0,0,0,0,0,0,1,1,54.75,54.75,0.0,1,3,0,1,1,0,4.020877410340228,1,0,0,1,0,0,0,0,0,1
1,0,1,0,63,1,1,1,0,0,1,0,0,1,84.65,85.36190476190477,-0.711904761904762,2,5,1,0,0,0,8.590220579949715,0,1,0,0,0,1,0,1,0,0
0,0,1,1,27,1,0,1,1,1,1,0,0,0,66.15,69.42407407407407,-3.274074074074065,4,6,0,0,0,0,7.536603909609118,1,0,0,0,1,0,0,0,0,1
0,0,1,1,37,1,1,0,0,0,0,0,0,0,26.45,24.63783783783784,1.81216216216216,0,2,0,0,0,0,6.816297668493302,0,0,1,1,0,0,0,0,0,1
1,0,1,1,52,1,0,0,1,1,1,1,0,1,68.75,66.97788461538461,1.7721153846153896,4,6,0,0,0,0,8.15589328308458,1,0,0,0,1,0,0,0,1,0
0,0,0,0,13,1,1,0,0,0,0,0,1,1,85.95,93.51153846153846,-7.561538461538461,1,4,0,0,1,1,7.103856459184463,0,1,0,1,0,0,0,0,1,0
0,0,0,0,2,1,0,0,0,0,0,1,0,1,79.65,76.35,3.3000000000000114,1,3,0,1,1,1,5.03500265054455,0,1,0,1,0,0,0,0,0,1
1,0,0,0,4,1,0,0,0,0,1,1,0,1,61.3,62.35,-1.0500000000000043,2,4,0,1,1,0,5.523059639225943,1,0,0,1,0,0,0,0,1,0
0,1,0,0,45,1,1,0,0,1,0,1,1,1,102.15,105.23,-3.0799999999999983,3,6,1,0,1,1,8.463022075860248,0,1,0,0,1,0,1,0,0,0
0,0,1,0,71,1,0,1,0,1,1,1,1,0,81.85,83.44225352112676,-1.5922535211267643,5,7,1,0,0,0,8.687003474273121,1,0,0,0,0,1,1,0,0,0
0,1,1,0,69,1,1,0,1,0,1,1,1,0,105.4,101.4340579710145,3.965942028985509,4,7,1,0,0,0,8.853658285154797,0,1,0,0,0,1,0,1,0,0
1,0,1,0,52,1,1,0,1,0,1,0,0,0,61.35,60.95288461538462,0.39711538461538254,2,5,1,0,0,0,8.061660353398956,1,0,0,1,0,0,1,0,0,0
0,1,0,0,18,1,1,0,1,0,1,1,1,1,103.6,100.35277777777777,3.24722222222222,4,7,1,0,1,0,7.499616963037395,0,1,0,1,0,0,0,1,0,0
0,0,1,0,51,0,0,0,1,0,0,1,1,1,49.65,50.0656862745098,-0.41568627450980244,3,4,0,0,0,0,7.845553067140723,1,0,0,1,0,0,0,0,1,0
0,0,1,1,70,1,0,0,0,0,0,0,0,0,19.8,19.696428571428573,0.10357142857142776,0,1,1,0,0,0,7.229657602319611,0,0,1,0,0,1,1,0,0,0
1,0,0,1,5,1,0,0,0,0,0,0,0,0,20.35,24.4,-4.049999999999997,0,1,1,1,0,0,4.812184355372417,0,0,1,1,0,0,0,1,0,0
0,0,1,1,72,1,1,1,1,1,1,1,1,0,90.95,92.39513888888888,-1.4451388888888772,6,9,1,0,0,0,8.802890796113749,1,0,0,0,0,1,0,1,0,0
0,1,0,0,3,0,0,0,0,0,0,0,0,0,25.3,25.916666666666668,-0.6166666666666671,0,1,0,1,1,0,4.366278277705742,1,0,0,1,0,0,0,0,1,0
0,0,0,0,13,1,0,0,0,0,0,0,1,1,80.5,77.83076923076922,2.6692307692307793,1,3,0,0,1,1,6.9204740513899115,0,1,0,1,0,0,0,0,1,0
0,0,1,1,14,1,1,0,0,0,0,1,0,1,84.8,85.99285714285715,-1.1928571428571502,1,4,0,0,0,1,7.094151854929231,0,1,0,1,0,0,0,0,1,0
1,0,1,1,66,1,0,1,1,1,0,1,1,1,103.15,106.53484848484848,-3.384848484848476,5,7,1,0,0,0,8.858269100571052,0,1,0,0,1,0,1,0,0,0
1,0,1,0,38,1,1,0,0,1,1,0,1,0,69.0,70.2486842105263,-1.2486842105263065,3,6,1,0,0,0,7.890002276518981,1,0,0,0,1,0,0,1,0,0
1,0,0,1,6,1,0,0,0,1,0,1,1,0,94.5,95.90833333333335,-1.4083333333333456,3,5,0,1,0,1,6.356888605678963,0,1,0,1,0,0,0,0,0,1
0,0,1,1,70,1,0,1,0,0,1,1,1,0,75.35,77.68214285714286,-2.3321428571428697,4,6,1,0,0,0,8.60130453403489,1,0,0,0,0,1,0,1,0,0
1,0,1,0,27,1,1,1,0,0,1,1,1,0,80.85,81.64259259259259,-0.7925925925925981,4,7,0,0,0,0,7.698641505443378,1,0,0,0,1,0,0,0,0,1
0,0,0,0,40,1,0,1,1,0,0,1,0,0,65.1,64.65,0.44999999999998863,3,5,0,0,1,0,7.8582541821860294,1,0,0,1,0,0,0,0,0,1
0,0,1,0,43,1,0,1,0,1,1,1,1,1,78.8,80.47209302325582,-1.672093023255826,5,7,0,0,0,0,8.149399520029084,1,0,0,0,0,1,0,0,1,0
1,0,1,1,28,1,1,0,0,0,0,1,1,0,92.2,91.71964285714286,0.4803571428571445,2,5,1,0,0,1,7.85133038388335,0,1,0,0,1,0,1,0,0,0
1,0,1,1,17,1,0,1,0,1,0,1,0,1,89.4,90.55588235294118,-1.1558823529411768,3,5,0,0,0,0,7.339829860515501,0,1,0,1,0,0,0,0,1,0
1,0,0,0,1,1,0,0,1,0,0,0,0,0,50.65,50.65,0.0,1,3,0,1,1,0,3.9444901955656477,1,0,0,1,0,0,0,0,0,1
0,0,0,0,12,1,1,0,0,0,1,1,1,1,75.85,71.20416666666667,4.645833333333329,3,6,0,0,1,0,6.7516276462706575,1,0,0,0,1,0,0,0,0,1
1,0,0,0,21,1,1,0,1,0,0,0,0,1,82.35,88.23095238095237,-5.88095238095238,1,4,0,0,1,1,7.525019836703854,0,1,0,1,0,0,0,0,1,0
1,1,0,0,1,1,0,0,0,0,0,0,0,0,45.25,45.25,0.0,0,2,1,1,1,0,3.834061463958434,1,0,0,1,0,0,1,0,0,0
1,0,0,0,7,0,0,1,0,1,0,0,0,0,35.3,37.82857142857143,-2.528571428571432,2,3,0,0,1,0,5.582744146279145,1,0,0,0,1,0,0,0,0,1
0,0,1,0,8,1,0,0,0,0,0,0,0,0,20.15,19.53125,0.6187499999999986,0,1,1,0,0,0,5.05783689558055,0,0,1,1,0,0,1,0,0,0
1,0,0,0,12,0,0,0,1,0,1,0,0,0,34.0,36.87083333333333,-2.87083333333333,2,3,0,0,1,0,6.094585055822462,1,0,0,1,0,0,0,0,0,1
1,0,1,0,70,1,0,0,0,0,0,0,0,0,19.85,20.482857142857142,-0.6328571428571408,0,1,1,0,0,0,7.268780745658128,0,0,1,0,0,1,0,1,0,0
0,1,1,0,54,1,0,0,0,0,0,0,0,1,18.95,19.09444444444444,-0.14444444444444215,0,1,0,0,0,0,6.939350840571888,0,0,1,0,0,1,0,0,0,1
1,0,1,0,51,1,1,0,0,0,1,1,1,1,75.2,76.49509803921569,-1.295098039215688,3,6,1,0,0,0,8.269308588838523,1,0,0,0,0,1,1,0,0,0
0,0,1,0,25,1,1,0,1,0,0,0,0,0,54.1,54.92,-0.8200000000000003,1,4,0,0,0,0,7.2254814727822945,1,0,0,1,0,0,0,0,1,0
0,0,1,0,72,1,1,1,1,0,1,1,1,1,86.4,84.15208333333334,2.2479166666666686,5,8,1,0,0,0,8.709456828204239,1,0,0,0,0,1,1,0,0,0
0,0,1,1,11,1,0,0,0,0,0,0,0,0,20.9,18.39090909090909,2.509090909090908,0,1,1,0,0,0,5.314682720634301,0,0,1,0,0,1,0,1,0,0
0,0,1,1,72,1,1,0,0,0,0,0,0,0,25.2,24.824305555555554,0.375694444444445,0,2,1,0,0,0,7.489048686017753,0,0,1,0,0,1,1,0,0,0
0,1,1,0,70,1,1,1,1,1,1,1,1,1,113.65,110.20928571428571,3.440714285714293,6,9,0,0,0,0,8.951006012706504,0,1,0,0,0,1,0,0,1,0
0,1,0,0,23,1,1,0,0,1,0,0,0,1,79.35,79.79565217391304,-0.44565217391304657,1,4,0,0,1,1,7.515507956525134,0,1,0,1,0,0,0,0,0,1
1,0,0,0,9,1,1,1,0,0,0,0,0,1,81.15,87.16111111111111,-6.011111111111106,1,4,0,0,1,0,6.6662568019459485,0,1,0,1,0,0,0,0,1,0
0,0,1,1,14,1,0,0,0,0,0,0,1,1,80.9,82.34285714285714,-1.442857142857136,1,3,1,0,0,1,7.050816121822789,0,1,0,1,0,0,1,0,0,0
0,0,0,0,68,1,0,1,1,1,1,1,1,1,82.45,83.03823529411765,-0.5882352941176521,6,8,1,0,1,0,8.63898595513537,1,0,0,0,0,1,0,1,0,0
1,0,0,0,3,1,0,0,0,0,0,0,0,1,43.3,41.21666666666667,2.0833333333333286,0,2,0,1,1,0,4.825509809969567,1,0,0,1,0,0,0,0,1,0
0,0,0,0,54,1,1,0,1,0,0,1,1,1,97.2,94.9898148148148,2.210185185185196,3,6,1,0,1,1,8.542948653615948,0,1,0,0,0,1,1,0,0,0
1,1,0,0,1,0,0,0,0,1,0,0,1,1,39.65,39.65,0.0,2,3,0,1,1,0,3.7049988359938197,1,0,0,1,0,0,0,0,1,0
1,0,0,0,72,1,0,0,0,0,0,0,0,0,19.3,19.65,-0.34999999999999787,0,1,1,0,1,0,7.2554500213400885,0,0,1,0,0,1,1,0,0,0
0,0,1,1,33,1,0,0,0,0,0,0,0,0,20.1,20.313636363636363,-0.21363636363636118,0,1,0,0,0,0,6.509290610518717,0,0,1,0,0,1,0,0,0,1
0,0,1,0,59,1,0,0,0,0,0,0,0,0,18.4,17.92966101694915,0.47033898305084776,0,1,1,0,0,0,6.964938692509591,0,0,1,0,0,1,1,0,0,0
0,0,0,1,72,1,0,0,0,0,0,0,0,1,19.75,21.76388888888889,-2.0138888888888893,0,1,0,0,0,0,7.357556200910353,0,0,1,0,0,1,0,0,0,1
1,0,0,0,50,0,0,1,0,0,1,0,0,1,35.4,34.978,0.42199999999999704,2,3,0,0,1,0,7.467313922427702,1,0,0,0,1,0,0,0,0,1
1,1,0,0,57,1,0,0,0,1,1,0,0,1,53.5,53.25964912280702,0.24035087719298076,2,4,0,0,1,0,8.01855960841561,1,0,0,0,1,0,0,0,1,0
0,0,0,0,13,1,0,0,1,1,0,0,0,1,81.15,73.25384615384615,7.896153846153851,2,4,0,0,1,1,6.8599296494995325,0,1,0,1,0,0,0,0,1,0
1,0,0,1,38,1,1,0,0,1,0,1,1,1,99.25,99.39868421052631,-0.1486842105263122,3,6,1,0,0,1,8.23698975082014,0,1,0,1,0,0,1,0,0,0
1,0,0,0,41,1,0,0,1,0,1,1,0,1,89.55,90.96951219512195,-1.4195121951219534,3,5,0,0,1,0,8.224364564811577,0,1,0,0,1,0,0,0,1,0
0,0,1,0,60,0,0,1,1,1,0,0,1,0,50.05,48.525,1.5249999999999986,4,5,0,0,0,0,7.976767097873956,1,0,0,0,1,0,0,0,1,0
0,0,0,0,2,1,0,1,1,0,1,0,0,1,86.25,90.825,-4.575000000000003,3,5,0,1,1,0,5.207571753241291,0,1,0,1,0,0,0,0,1,0
0,0,0,1,19,1,1,1,1,0,1,1,0,1,75.9,72.39999999999999,3.500000000000014,4,7,0,0,0,0,7.227371969964263,1,0,0,1,0,0,0,0,0,1
0,0,1,1,66,1,1,0,1,1,0,1,1,1,102.45,100.22954545454544,2.220454545454558,4,7,1,0,0,1,8.797268908756067,0,1,0,0,1,0,0,1,0,0
1,0,0,0,1,1,0,0,0,0,0,0,0,1,69.9,69.9,0.0,0,2,0,1,1,1,4.2612704335380815,0,1,0,1,0,0,0,0,1,0
0,0,1,1,16,1,0,0,0,0,0,0,0,0,20.4,20.0875,0.3125,0,1,0,0,0,0,5.775793010632473,0,0,1,1,0,0,0,0,1,0
1,1,0,0,32,1,1,0,0,1,0,0,0,1,81.1,81.8515625,-0.7515625000000057,1,4,1,0,1,1,7.8710250120502865,0,1,0,1,0,0,0,1,0,0
0,0,0,0,1,1,0,0,0,0,0,0,0,1,19.1,19.1,0.0,0,1,0,1,1,0,3.0007198150650303,0,0,1,1,0,0,0,0,0,1
1,0,0,0,1,1,1,0,0,0,0,1,0,0,84.5,84.5,0.0,1,4,0,1,1,1,4.448516375942715,0,1,0,1,0,0,0,0,1,0
1,1,0,0,18,1,1,0,0,1,1,1,0,0,93.9,96.88333333333334,-2.9833333333333343,3,6,1,0,1,0,7.464452526404185,0,1,0,1,0,0,1,0,0,0
1,0,1,1,0,1,0,0,0,0,0,0,0,0,19.85,19.85,0.0,0,1,0,1,0,0,0.0,0,0,1,0,0,1,0,0,0,1
0,0,0,0,9,0,0,0,1,0,0,0,1,0,40.75,39.93333333333333,0.81666666666667,2,3,0,0,1,0,5.887214525734183,1,0,0,1,0,0,0,0,1,0
0,1,0,0,14,1,1,0,0,1,0,0,0,1,80.35,75.57857142857142,4.771428571428572,1,4,1,0,1,1,6.965174769849623,0,1,0,1,0,0,1,0,0,0
0,0,0,0,10,1,1,0,0,0,0,0,0,1,75.75,77.72999999999999,-1.9799999999999898,0,3,0,0,1,1,6.657112053965342,0,1,0,1,0,0,0,0,0,1
0,1,0,0,22,1,0,1,1,0,0,0,0,0,81.7,82.76818181818182,-1.068181818181813,2,4,0,0,1,0,7.507635191571639,0,1,0,1,0,0,0,0,1,0
1,0,1,0,71,0,0,0,1,0,0,1,1,0,49.35,49.51056338028169,-0.16056338028168682,3,4,0,0,0,0,8.165150359804066,1,0,0,0,0,1,0,0,1,0
0,0,1,0,68,1,1,1,1,1,1,0,0,0,70.9,72.22573529411765,-1.3257352941176492,4,7,1,0,0,0,8.499507721360189,1,0,0,0,0,1,0,1,0,0
1,0,1,1,69,1,0,0,0,0,1,1,1,1,95.2,96.69130434782609,-1.4913043478260875,3,5,1,0,0,0,8.805779854602424,0,1,0,0,0,1,0,1,0,0
1,0,0,0,25,1,0,0,0,0,0,0,0,1,20.15,21.454,-1.304000000000002,0,1,0,0,1,0,6.286649651287163,0,0,1,1,0,0,0,0,0,1
1,1,1,0,27,0,0,0,0,0,0,0,1,0,36.5,38.22222222222222,-1.7222222222222214,1,2,1,0,0,0,6.940222469119639,1,0,0,1,0,0,1,0,0,0
0,0,0,0,13,1,0,1,1,0,1,0,1,0,67.8,64.78846153846153,3.011538461538464,4,6,1,0,1,0,6.73726347394176,1,0,0,1,0,0,1,0,0,0
1,0,0,0,70,1,1,1,0,0,1,1,1,1,104.0,103.57357142857143,0.4264285714285734,4,7,1,0,1,0,8.888915355959444,0,1,0,0,0,1,0,1,0,0
1,0,1,0,71,1,0,1,0,0,1,0,0,0,54.5,53.21408450704225,1.2859154929577485,2,4,1,0,0,0,8.237267626003042,1,0,0,0,0,1,1,0,0,0
0,0,1,1,30,1,0,0,1,1,1,1,1,0,80.8,78.97666666666667,1.8233333333333235,5,7,1,0,0,0,7.770771808396797,1,0,0,0,0,1,1,0,0,0
0,0,0,1,17,1,1,0,1,1,1,0,0,1,92.7,91.57941176470588,1.1205882352941217,3,6,1,0,0,0,7.351061944517177,0,1,0,1,0,0,0,1,0,0
1,0,0,0,72,0,0,1,1,1,1,1,1,1,63.7,62.01111111111111,1.68888888888889,6,7,1,0,1,0,8.40420364859392,1,0,0,0,0,1,1,0,0,0
1,0,0,0,39,1,1,0,0,0,0,0,0,1,73.15,70.02179487179487,3.1282051282051384,0,3,1,0,1,1,7.91273431435173,0,1,0,1,0,0,0,1,0,0
1,0,0,0,43,0,0,0,0,1,1,0,1,0,44.15,44.913953488372094,-0.7639534883720955,3,4,0,0,1,0,7.566466282220954,1,0,0,0,1,0,0,0,1,0
1,0,1,0,63,1,1,0,1,1,0,1,1,1,102.4,102.28650793650795,0.11349206349206042,4,7,0,0,0,1,8.771067673295097,0,1,0,1,0,0,0,0,1,0
0,0,0,0,45,1,1,1,1,1,1,1,1,1,115.65,113.9,1.75,6,9,0,0,1,0,8.542178444110146,0,1,0,1,0,0,0,0,1,0
0,0,0,0,7,1,1,0,0,0,0,0,0,1,75.1,78.99285714285715,-3.892857142857153,0,3,1,0,1,1,6.317074429966682,0,1,0,1,0,0,1,0,0,0
1,0,0,0,1,1,0,0,0,0,0,0,0,0,70.6,70.6,0.0,0,2,0,1,1,1,4.2710950739666,0,1,0,1,0,0,0,0,0,1
1,0,0,0,9,1,0,1,0,0,0,0,0,0,75.6,73.50555555555555,2.0944444444444485,1,3,0,0,1,0,6.496096026710645,0,1,0,1,0,0,0,0,1,0
1,0,1,1,1,1,0,0,0,0,0,1,1,1,90.1,90.1,0.0,2,4,0,1,0,1,4.511957804265912,0,1,0,1,0,0,0,0,1,0
1,0,0,0,1,1,0,0,0,0,0,0,0,1,45.55,45.55,0.0,0,2,0,1,1,0,3.840527003723076,1,0,0,1,0,0,0,0,0,1
1,1,1,0,54,0,0,0,0,0,0,0,0,1,24.95,25.27314814814815,-0.3231481481481495,0,1,1,0,0,0,7.219459007275827,1,0,0,1,0,0,1,0,0,0
1,0,1,1,59,1,0,0,1,1,1,1,1,0,76.75,76.98135593220339,-0.23135593220338535,5,7,1,0,0,0,8.42132085363072,1,0,0,0,1,0,0,1,0,0
1,0,1,1,69,1,0,1,1,1,0,0,0,1,59.75,58.984057971014494,0.7659420289855063,3,5,1,0,0,0,8.311619384212086,1,0,0,0,0,1,1,0,0,0
0,0,1,0,72,1,1,0,0,0,0,0,0,0,24.55,24.31527777777778,0.23472222222222072,0,2,0,0,0,0,7.468342023957602,0,0,1,0,0,1,0,0,1,0
1,0,0,1,1,0,0,0,0,0,0,0,0,0,24.2,24.2,0.0,0,1,0,1,0,0,3.2268439945173775,1,0,0,1,0,0,0,0,0,1
0,0,0,0,62,1,0,0,0,0,0,0,0,1,19.2,18.123387096774195,1.0766129032258043,0,1,1,0,1,0,7.025227155122308,0,0,1,0,0,1,0,1,0,0
